[{"id": "1099340073248550913", "url": "https://twitter.com/101forst/status/1099340073248550913", "username": "", "text": "#TheGreatMenAcademy คนอุ้มตุ๊กตาน่ารักกกฝากบอกหน่อยยยยยชอบ55555( ˘ ³˘) pic.twitter.com/TlSqDPJN4G", "date": "23-02-2019 23:07", "retweet": 0, "like": 0}, {"id": "1099269590910087169", "url": "https://twitter.com/101forst/status/1099269590910087169", "username": "", "text": "#TheGreatMenAcademy น้องติ๋มๆของพี่ pic.twitter.com/howhBSrd4p", "date": "23-02-2019 18:27", "retweet": 2, "like": 3}, {"id": "1099268404194635776", "url": "https://twitter.com/101forst/status/1099268404194635776", "username": "", "text": "#TheGreatMenAcademy ชอบเรื่องนี้ตรงทุกคนเหมือนเป็นพระเอกอ่ะ เจเจคือพระเอกในนิยายที่อ่านเจอได้บ่อยๆ ชอบไปเเกล้งนางเอกเเล้วดันชอบเขาซะงั้น ส่วนน้องเม่นกูเนี้ยลุคพระเอกเฉิ่มในจินตนาการกูเลย55ดู ติ๋มๆอ๊องๆ เเต่น่ารักนะเว้ยใสๆ คือจบเรื่องนี้วอนทำเเนวๆนี้ออกมาอีกนะชอบ อยากฟิลกูดด ≧ω≦ pic.twitter.com/vm0vvjmARD", "date": "23-02-2019 18:23", "retweet": 20, "like": 5}, {"id": "1099262469837488128", "url": "https://twitter.com/101forst/status/1099262469837488128", "username": "", "text": "#TheGreatMenAcademy เห็นเนี๊ยบๆเเต่พอเขินทีโคตรน่ารักเลยยยย pic.twitter.com/SVyWDoTGQ1", "date": "23-02-2019 17:59", "retweet": 1, "like": 0}, {"id": "1099219030609616897", "url": "https://twitter.com/101forst/status/1099219030609616897", "username": "", "text": "อ่านหนังสือธรรมมะ กับไปหอสมุดเเห่งชาติ เคยอยากไปเที่ยวเเต่ตอนนี้เรียนอยู่บวกกับไม่มีเงิน5555 เลยท่องโลกหนังสือเเทนเพลินดีนะ หนังสือบางเล่มอ่านละเขินคนเเต่งเลยก็มี555555", "date": "23-02-2019 15:06", "retweet": 0, "like": 0}, {"id": "1099161322447462401", "url": "https://twitter.com/101forst/status/1099161322447462401", "username": "", "text": "#คิดถึง ดูmv ละ อยากดูหนังเเนวภาพยังงี้จัง ทีมทำ mv สนใจทำหนังไหม บอกไปเพื่อทีมทำ mvรู้ จะได้บอกว่าชอบบบ pic.twitter.com/DorcDFWxez", "date": "23-02-2019 11:17", "retweet": 0, "like": 0}, {"id": "1099156711175155712", "url": "https://twitter.com/101forst/status/1099156711175155712", "username": "", "text": "เรื่องนี้เจเจเล่นละโคตรอินนนน https:// twitter.com/youthfulltime/ status/1098396684134961152 …", "date": "23-02-2019 10:59", "retweet": 0, "like": 1}, {"id": "1099120893630898176", "url": "https://twitter.com/101forst/status/1099120893630898176", "username": "", "text": "ค่ากาแฟเดือนละพัน", "date": "23-02-2019 08:36", "retweet": 0, "like": 0}, {"id": "1098959735800262656", "url": "https://twitter.com/101forst/status/1098959735800262656", "username": "", "text": "กงยู คือเมนซีรี่ย์ที่ทำให้เราชอบกางเกงสีขาว5555555", "date": "22-02-2019 21:56", "retweet": 0, "like": 0}, {"id": "1098951663149211648", "url": "https://twitter.com/101forst/status/1098951663149211648", "username": "", "text": "พี่ติ๊กตลก เป็นคุณพ่อที่พูดเพราะมากกก #เจ้าป่าเข้าเมือง pic.twitter.com/oFMyR6JNlQ", "date": "22-02-2019 21:24", "retweet": 4, "like": 4}, {"id": "1098942780687044608", "url": "https://twitter.com/101forst/status/1098942780687044608", "username": "", "text": "ชอบรายการเกาหลีเพราะเงี้ยเลี่ยน อีกรายการที่เเนะนำคือ ilivealone เราดูเเล้วรู้สึกสงบมากกกชอบคีอันเป็นคนที่ปรุงเเค่งในชีวิตน้อยมากกกกกก https:// twitter.com/monocuromu/sta tus/1098778479363948544 …", "date": "22-02-2019 20:49", "retweet": 0, "like": 0}, {"id": "1098942160148156417", "url": "https://twitter.com/101forst/status/1098942160148156417", "username": "", "text": "เบอร์4นะ https:// twitter.com/ownwaii/status /1098909593269264385 …", "date": "22-02-2019 20:46", "retweet": 0, "like": 0}, {"id": "1098217911565447168", "url": "https://twitter.com/101forst/status/1098217911565447168", "username": "", "text": "#พูดไม่ออก ได้เเต่อุทานว่าสวย ช่อง3 ควรให้พี่เค้าเล่นบทสวยๆบ้าง เพราะเค้าสวยยดึงดูดมากจริงๆ pic.twitter.com/ebgGbqxQsg", "date": "20-02-2019 20:48", "retweet": 3, "like": 3}, {"id": "1098198020800147456", "url": "https://twitter.com/101forst/status/1098198020800147456", "username": "", "text": "เอามือเช็ดเหงือเเล้วคิ้วหลุดพอเข้าห้องน้ำถึงรู้ มิหน้าคนมอง555555 https:// twitter.com/bLOLLY/status/ 1097505226372698112 …", "date": "20-02-2019 19:29", "retweet": 0, "like": 0}, {"id": "1097851939901952001", "url": "https://twitter.com/101forst/status/1097851939901952001", "username": "", "text": "ดูไม่เดือดร้อนเรื่องเงินอ่ะ555555 https:// twitter.com/peepakz/status /1094530384073613312 …", "date": "19-02-2019 20:34", "retweet": 0, "like": 0}, {"id": "1097697356483444736", "url": "https://twitter.com/101forst/status/1097697356483444736", "username": "", "text": "กินกาเเฟปวดกินสงสัยเเคลเซียมเสื่อม55555", "date": "19-02-2019 10:20", "retweet": 0, "like": 0}, {"id": "1097521260978855936", "url": "https://twitter.com/101forst/status/1097521260978855936", "username": "", "text": "ยายยยยยมาจริงไม่ติ่งนั้งงงว https:// twitter.com/xxxkhxnmxmKG/s tatus/1097054972015865856 …", "date": "18-02-2019 22:40", "retweet": 0, "like": 0}, {"id": "1097505552651804672", "url": "https://twitter.com/101forst/status/1097505552651804672", "username": "", "text": "ใจนายหล่อมากกก https:// twitter.com/SaraUpdate/sta tus/1097414274639572992 …", "date": "18-02-2019 21:38", "retweet": 0, "like": 0}, {"id": "1097505100682031104", "url": "https://twitter.com/101forst/status/1097505100682031104", "username": "", "text": "อนาคตใหม่ต้องก้าวข้ามสิ่งเรานี้ให้ได้（＾ω＾） https:// twitter.com/taopiphop/stat us/1097307185388765184 …", "date": "18-02-2019 21:36", "retweet": 0, "like": 0}, {"id": "1097439830596759552", "url": "https://twitter.com/101forst/status/1097439830596759552", "username": "", "text": "ละครไม่ฟิลกูดเลยยยย55555 ตบกันกระจาย นึกว่าเเรงเงา555 https:// twitter.com/goodfeelingtv3 /status/1095989259951980546 …", "date": "18-02-2019 17:16", "retweet": 0, "like": 0}]