[{"id": "1099117152932573184", "url": "https://twitter.com/19byunlie92/status/1099117152932573184", "username": "", "text": "เธอคือเพื่อนที่ดีที่สุดคนหนึ่งในชีวิตฉัน #7yearswithCHANYEOL pic.twitter.com/8VYelurTXI", "date": "23-02-2019 08:22", "retweet": 0, "like": 0}, {"id": "1098156819275427842", "url": "https://twitter.com/19byunlie92/status/1098156819275427842", "username": "", "text": "kizaki ..", "date": "20-02-2019 16:46", "retweet": 0, "like": 1}, {"id": "1098011510041804800", "url": "https://twitter.com/19byunlie92/status/1098011510041804800", "username": "", "text": "หลีกหน่อย พ่อจะเดิน กรี้ดดดด #SUHO_BVLGARI pic.twitter.com/5waFjHFQHC", "date": "20-02-2019 07:08", "retweet": 1, "like": 2}, {"id": "1097822329290186752", "url": "https://twitter.com/19byunlie92/status/1097822329290186752", "username": "", "text": "I miss u jessy", "date": "19-02-2019 18:36", "retweet": 0, "like": 1}, {"id": "1097408858182475776", "url": "https://twitter.com/19byunlie92/status/1097408858182475776", "username": "", "text": "เอาตัวเองให้รอดก่อนเถอะไอ้ตือป่วยไก้ พูดออกมาแต่ละอย่าง เฮงซวยยย #หนักแผ่นดิน #เลือกตั้ง62 https:// twitter.com/PPTVHD36/statu s/1097406758287400960 …", "date": "18-02-2019 15:13", "retweet": 0, "like": 0}, {"id": "1097407358148345856", "url": "https://twitter.com/19byunlie92/status/1097407358148345856", "username": "", "text": "พวก #หนักแผ่นดิน อย่างอภิรัตช์นี่แหละ ทำปากดีไป ทหารที่โต้ตอบแบบนี้กับพรรคการเมืองไร้ซึ่งความเป็นกลาง สุดท้ายแล้วก็เลือกข้าง สังเกตการให้สัมภาษณ์มาหลายครั้งล่ะ แต่ละเรื่องตอบแบบโง่ๆ", "date": "18-02-2019 15:07", "retweet": 0, "like": 0}, {"id": "1097376390100312069", "url": "https://twitter.com/19byunlie92/status/1097376390100312069", "username": "", "text": "ฝากไปถึงบิ๊กป้อมเหอะ ทำตัวหนักแผ่นดิน เพราะนาฬิกายังยืมเพื่อน อยากใส่ของแพงๆ แต่ไม่หาซื้อเอง ขออ้างและคำแก้ตัวโง่ๆ #หนักแผ่นดิน", "date": "18-02-2019 13:04", "retweet": 0, "like": 1}]