[{"id": "1099365604392202240", "url": "https://twitter.com/20DLB/status/1099365604392202240", "username": "", "text": "ไม่รู้จักปลา ไม่รู้จักโบว์ #ป๊อบปองกูล", "date": "24-02-2019 00:49", "retweet": 1, "like": 2}, {"id": "1099231780932964352", "url": "https://twitter.com/20DLB/status/1099231780932964352", "username": "", "text": "แมนๆครับ ชายชาติทหาร กล้าด่า แต่ไม่กล้ารับ ถถถถถ", "date": "23-02-2019 15:57", "retweet": 0, "like": 0}, {"id": "1099178206198784000", "url": "https://twitter.com/20DLB/status/1099178206198784000", "username": "", "text": "อย่างน้อยก็คงรู้ตัวว่าโง่นะ ถึงมาดีเบตกับพรรคอื่นเค้าไม่ได้ #ไทยรัฐดีเบต", "date": "23-02-2019 12:24", "retweet": 1, "like": 2}, {"id": "1098889677971410944", "url": "https://twitter.com/20DLB/status/1098889677971410944", "username": "", "text": "When you play the Game of throne , You will or You Die", "date": "22-02-2019 17:18", "retweet": 0, "like": 0}, {"id": "1098867192001511425", "url": "https://twitter.com/20DLB/status/1098867192001511425", "username": "", "text": "เครื่องบิน C130 พังจะซื้อใหม่ทำไมอ่ะลุง เรือเหาะที่ซื้อมาเยอะแยะ ก็เอามาใช้ดิ #หนักเเผ่นดิน #savethanaton", "date": "22-02-2019 15:48", "retweet": 4, "like": 2}, {"id": "1098864655227805696", "url": "https://twitter.com/20DLB/status/1098864655227805696", "username": "", "text": "พูดถึงความฟิต ท่านยังห่างกับทหารนะครับ ถถถ https:// twitter.com/kanphak_mcot/s tatus/1098855296976355328 …", "date": "22-02-2019 15:38", "retweet": 0, "like": 0}, {"id": "1098770586145177600", "url": "https://twitter.com/20DLB/status/1098770586145177600", "username": "", "text": "คนตอบนี่แกร่งมากครับ ส่วนคนถามนี่เหี้ยมาก", "date": "22-02-2019 09:24", "retweet": 1, "like": 2}, {"id": "1098590296173170688", "url": "https://twitter.com/20DLB/status/1098590296173170688", "username": "", "text": "คุณลุง 107 ผ่านการทดสอบมั้ยครับ ไหวนะ https:// twitter.com/WassanaNanuam/ status/1098586898820345856 …", "date": "21-02-2019 21:28", "retweet": 0, "like": 1}, {"id": "1098205962152734720", "url": "https://twitter.com/20DLB/status/1098205962152734720", "username": "", "text": "พิธีกรตอนนี้ย้ายมาช่อง one ละครับ อยู่เนชั่นก็จะเป็นแบบพี่กนก 3 นิ้ว", "date": "20-02-2019 20:01", "retweet": 2, "like": 6}, {"id": "1098041314526998528", "url": "https://twitter.com/20DLB/status/1098041314526998528", "username": "", "text": "เปิดเอง ฟังกันเองในค่ายนั่นแหละ 555555 #หนักแผ่นดิน https:// twitter.com/WassanaNanuam/ status/1098027214996525057 …", "date": "20-02-2019 09:07", "retweet": 0, "like": 0}, {"id": "1097721953605935106", "url": "https://twitter.com/20DLB/status/1097721953605935106", "username": "", "text": "เป็นเด็กดีแบบนี้ ทหารรักตายเลย #หนักแผ่นดิน https:// twitter.com/nationweekend/ status/1097721422028320768 …", "date": "19-02-2019 11:58", "retweet": 0, "like": 0}, {"id": "1097709434589986816", "url": "https://twitter.com/20DLB/status/1097709434589986816", "username": "", "text": "มีวันนี้ เพราะสี่พันล้าน #หนักแผ่นดิน", "date": "19-02-2019 11:08", "retweet": 0, "like": 0}, {"id": "1097670198763507712", "url": "https://twitter.com/20DLB/status/1097670198763507712", "username": "", "text": "ผบ คนนี้แรกๆก็วางตัวดีนะครับ พอได้พูดที 2 ทีเท่านั้นแหละ ถถถถถถถ", "date": "19-02-2019 08:32", "retweet": 0, "like": 2}, {"id": "1097510361073209344", "url": "https://twitter.com/20DLB/status/1097510361073209344", "username": "", "text": "บิ๊กตู่ = พ่อขายที่ดินตาบอดให้นายทุนแพงโคตรๆ ปัจจุบันที่ดินยังไม่ได้ทำไรเหมือนเดิม บิ๊กป้อม = นาฬิกาเพื่อน บิ๊กป๊อก = อุทธยานราชภักดิ์ บิ๊กแดง = พ่อมีมรดก 4 พันล้าน จากการรับราชการทั้งชีวิต #ประเทศกูมี #หนักแผ่นดิน", "date": "18-02-2019 21:57", "retweet": 822, "like": 237}, {"id": "1097454825594179584", "url": "https://twitter.com/20DLB/status/1097454825594179584", "username": "", "text": "อ้าว เมีย ผบ.ทบ.เป็นกก.อิสระใน ไทยเบฟด้วย กลุ่มทุนใหญ่ด้วย ว้าวววว #หนักแผ่นดิน", "date": "18-02-2019 18:16", "retweet": 0, "like": 0}, {"id": "1097454110712856578", "url": "https://twitter.com/20DLB/status/1097454110712856578", "username": "", "text": "คนเลยรู้หมดเลย ว่าพ่อมีมรดกตั้ง 4 พันล้าน จากการรับราชการทหาร ถถถถถ #หนักแผ่นดิน", "date": "18-02-2019 18:13", "retweet": 3, "like": 5}, {"id": "1097367638634749952", "url": "https://twitter.com/20DLB/status/1097367638634749952", "username": "", "text": "ตัดฉับมาที่ ผบ.ทบ.พูดเมื่อเช้า ถถถถ #หนักแผ่นดิน https:// twitter.com/DiamondPhet171 /status/1096685564995096577 …", "date": "18-02-2019 12:30", "retweet": 0, "like": 0}, {"id": "1097349699915329536", "url": "https://twitter.com/20DLB/status/1097349699915329536", "username": "", "text": "ไม่น่ามีเมียเป็นครูบาอาจารย์เล้ยยย ไม่สั่งสอนผัวเลยอ่ะ #หนักแผ่นดิน", "date": "18-02-2019 11:18", "retweet": 0, "like": 1}, {"id": "1097334408661557248", "url": "https://twitter.com/20DLB/status/1097334408661557248", "username": "", "text": "พวกสลิ่มกำลังเจอ \"ปีศาจ\" ในหนังสือของเสนีย์ เสาวพงศ์ หลอกหลอน #อนาคตใหม่ #ฟ้ารักพ่อ", "date": "18-02-2019 10:18", "retweet": 2, "like": 7}, {"id": "1097333917101711361", "url": "https://twitter.com/20DLB/status/1097333917101711361", "username": "", "text": "ดีแล้วครับที่หลายคนเกิดมาไม่ทันยุคที่ดี้แต่งเพลง โจนูโว ตั้มสมประสงค์และอีกหลายคน", "date": "18-02-2019 10:16", "retweet": 0, "like": 0}, {"id": "1097333522119852032", "url": "https://twitter.com/20DLB/status/1097333522119852032", "username": "", "text": "นอกจากท่านเป็น ผบ.ทบ. แล้ว ท่านยังดำรงตำแหน่งที่สำคัญมากอีกตำแหน่งนะ ก็นึกว่าจะสุขุมนุ่มลึกกว่านี้ ถถถถถถ", "date": "18-02-2019 10:14", "retweet": 2, "like": 1}, {"id": "1097332694961147904", "url": "https://twitter.com/20DLB/status/1097332694961147904", "username": "", "text": "หัวร้อนเบย อิอิ https:// twitter.com/WassanaNanuam/ status/1097306313271328768 …", "date": "18-02-2019 10:11", "retweet": 0, "like": 0}]