[{"id": "1097753257642840064", "url": "https://twitter.com/25_delivery/status/1097753257642840064", "username": "", "text": "หนังสือที่สอนให้คุณรวยรายวัน สนใจคลิ๊กดู ไม่เสียเงิน #ดวง #ถ้าเราใสจะได้ใจใครบ้าง #เป๊กผลิตโชค #เต๋อใหม่ #เตนิว #เตโป๊ะแตก #ไส้กรอกซีพีxใส่ใจxแบมแบม #ใครๆก็ดูช่อง8 #ใต้เตียงดารา #แผนลวงรักฉบับพี่ชาย #ดาราเดลี่ #ไทยรัฐดีเบต #ไทยรัฐทีวี http://www. wealthaff.com/#a_aid=5c1d033 c714a2&a_bid=faf3f23a …", "date": "19-02-2019 14:02", "retweet": 0, "like": 0}]