[{"id": "1097857055317123074", "url": "https://twitter.com/29Delivery/status/1097857055317123074", "username": "", "text": "ขอสลัดลุกส์เดิมๆ มะนาว วิวาห์ล่ม สวยแซ่บขยี้ใจ เห็นแล้วแทบจำไม่ได้ #magusMG #มะนาวภาคิน #ภาคินรมณ #ภาคีวีก็อตSurvivalSS2 #ภาคินหลุด #มะนาวงุย #ดาราแลนด์ #ดาราเดลี่ #ดาราไทย #ไทยรัฐ #ไทยรัฐทีวี #เดลินิวส์ #สปริงนิวส์ #ข่าววันนี้ http://www. socialhot24.com/news87675.html ?d=19022019&f=57438 …", "date": "19-02-2019 20:54", "retweet": 0, "like": 0}, {"id": "1097753875044429824", "url": "https://twitter.com/29Delivery/status/1097753875044429824", "username": "", "text": "หนังสือที่สอนให้คุณรวยรายวัน สนใจคลิ๊กดู ไม่เสียเงิน #OurPieceOfPeace #ถ้าเราใสจะได้ใจใครบ้าง #เป๊กผลิตโชค #เต๋อใหม่ #เตนิว #เตโป๊ะแตก #ไส้กรอกซีพีxใส่ใจxแบมแบม #ใครๆก็ดูช่อง8 #ใต้เตียงดารา #แผนลวงรักฉบับพี่ชาย #WelcomePrinceMBS http://www. wealthaff.com/#a_aid=5c1d033 c714a2&a_bid=faf3f23a …", "date": "19-02-2019 14:04", "retweet": 0, "like": 0}]