[{"id": "1099335372381728768", "url": "https://twitter.com/2N_93qz/status/1099335372381728768", "username": "", "text": "ใช่ๆเราเคยทำลงรูปคู่กับแฟนแต่ไม่อยากให้ที่บ้านเห็นก็จะตั้งค่าแบบนี้แหละ ยกเว้นเพื่อนอะ", "date": "23-02-2019 22:49", "retweet": 0, "like": 0}, {"id": "1099332443780214784", "url": "https://twitter.com/2N_93qz/status/1099332443780214784", "username": "", "text": "คือยังไงอ่าไม่เข้าใจ", "date": "23-02-2019 22:37", "retweet": 0, "like": 0}, {"id": "1099324120079032320", "url": "https://twitter.com/2N_93qz/status/1099324120079032320", "username": "", "text": "ใช่ม้ะออกข่าวด้วยแล้วอีกคนจะไม่รู้ได้ไง โอ้ยยอิหยังหนิ อีกอย่างผช.ก็เปิดร้านก๋วยเตี๋ยวกะคุณโบว์ด้วยนะคุณปลาไม่รู้หรอ ผช.ก็ลงรูปตอนวาเลนไทน์ลงรูปHBDคุณโบว์", "date": "23-02-2019 22:04", "retweet": 0, "like": 0}, {"id": "1099321748988674049", "url": "https://twitter.com/2N_93qz/status/1099321748988674049", "username": "", "text": "นี่อะคะ pic.twitter.com/zF3f9VVB6e", "date": "23-02-2019 21:55", "retweet": 0, "like": 0}, {"id": "1099319930460098563", "url": "https://twitter.com/2N_93qz/status/1099319930460098563", "username": "", "text": "ตอนโจรขึ้นบ้านผญ.ทีอยู่บ้านคือคุณปลาหนิ #ป๊อบปองกูล", "date": "23-02-2019 21:47", "retweet": 3, "like": 1}, {"id": "1098496714481139717", "url": "https://twitter.com/2N_93qz/status/1098496714481139717", "username": "", "text": "สมุทรปราการ-แพร่ ไม่เคยเจอกันเลยหลายเดือนกว่าจะได้เจอพอย้ายมากรุงเทพได้เจอเดือนละ1-2ครั้ง แถมตอนนี้ดันมาติดทหารอีก กว่าจะได้ลา กว่าจะปลดต้องรอเก่งขนาด", "date": "21-02-2019 15:16", "retweet": 0, "like": 0}, {"id": "1098495794028601344", "url": "https://twitter.com/2N_93qz/status/1098495794028601344", "username": "", "text": "เป็นความสัมพันธ์ที่คอลกันแต่ไม่ได้คุยกัน ต่างคนต่างทำกิจกรรมของตัวเองพอมีเรื่องอะไรจะคุยก็หยุดทุกอย่างแล้วมาคุยกัน วันนึงคุยกันแทบไม่กี่คำ กินข้าวยัง ทำไรอยู่ รักนะ คิดถึง อยากเจอ แล้วก็ทำหน้าที่ของตัวเองต่อ หลายคนอาจจะเบื่อแต่กับเราเราโอเคเราไม่เบื่อแค่เข้าใจกันก็พอ", "date": "21-02-2019 15:13", "retweet": 0, "like": 0}, {"id": "1098440493204103169", "url": "https://twitter.com/2N_93qz/status/1098440493204103169", "username": "", "text": "Angel Snow https:// twitter.com/yodoj/status/1 097681428798529536 …", "date": "21-02-2019 11:33", "retweet": 0, "like": 0}, {"id": "1098258439535357953", "url": "https://twitter.com/2N_93qz/status/1098258439535357953", "username": "", "text": "อย่าลบนะคะ ดูโง่ดีชอบ แล้วคนอื่นก็ไม่ต้องลาก มบบพ.มาเกี่ยวนะคะแยกแยะออกโน้ะ https:// twitter.com/VanisJetpack/s tatus/1097892952741838848 …", "date": "20-02-2019 23:29", "retweet": 0, "like": 0}, {"id": "1098085468606877696", "url": "https://twitter.com/2N_93qz/status/1098085468606877696", "username": "", "text": "คนเราก็แปลกกล้าที่จะตำหนิเค้าแต่พอเค้าถูกกับไม่กล้าขอโทษ เด๋อจริงๆ", "date": "20-02-2019 12:02", "retweet": 1, "like": 0}, {"id": "1097310362972545024", "url": "https://twitter.com/2N_93qz/status/1097310362972545024", "username": "", "text": "เพิ่งรู้ กรุงศรี วิไล อยู่พรรคประชารัฐ เห็นแถวบ้านหาเสียงกันอยู่", "date": "18-02-2019 08:42", "retweet": 0, "like": 0}]