[{"id": "1099192308581294081", "url": "https://twitter.com/4Highway/status/1099192308581294081", "username": "", "text": "ใครก็ได้...ที่ไม่ใช่ พท./ปชป. เดี๋ยวก็มีม๊อปอีก https:// twitter.com/weeranan/statu s/1099161838908989446 …", "date": "23-02-2019 13:20", "retweet": 0, "like": 0}, {"id": "1099191537483673600", "url": "https://twitter.com/4Highway/status/1099191537483673600", "username": "", "text": "ใช่เหรอ... https:// twitter.com/Watch_LFC/stat us/1099043308360355840 …", "date": "23-02-2019 13:17", "retweet": 0, "like": 0}, {"id": "1098574359097073664", "url": "https://twitter.com/4Highway/status/1098574359097073664", "username": "", "text": "อ๋าว https:// twitter.com/drballban/stat us/1097879893373681670 …", "date": "21-02-2019 20:25", "retweet": 0, "like": 0}, {"id": "1098570847277658113", "url": "https://twitter.com/4Highway/status/1098570847277658113", "username": "", "text": "1TB https:// twitter.com/ceemeagain/sta tus/1098568776813957120 …", "date": "21-02-2019 20:11", "retweet": 0, "like": 0}, {"id": "1097333604210814976", "url": "https://twitter.com/4Highway/status/1097333604210814976", "username": "", "text": "https:// youtu.be/RnyArFRirgY", "date": "18-02-2019 10:14", "retweet": 0, "like": 0}, {"id": "1097330279490842624", "url": "https://twitter.com/4Highway/status/1097330279490842624", "username": "", "text": "สรุป วลี #ฟ้ารักพ่อ ไม่ได้แปลว่า เรยารักผัว เหรอ? ไอ้สัด ความคิดเห็นไม่ตรง มึงคือผิดหมดว่างั้น...เอดอก https:// twitter.com/Leeporter1967/ status/1096435069021868034 …", "date": "18-02-2019 10:01", "retweet": 0, "like": 0}, {"id": "1097329233150435328", "url": "https://twitter.com/4Highway/status/1097329233150435328", "username": "", "text": "นางแมว : หิน เหล็ก ไฟ", "date": "18-02-2019 09:57", "retweet": 0, "like": 0}, {"id": "1097328869105782784", "url": "https://twitter.com/4Highway/status/1097328869105782784", "username": "", "text": "ครับ https:// twitter.com/Mono29News/sta tus/1096319895631872001 …", "date": "18-02-2019 09:56", "retweet": 0, "like": 0}]