[{"id": "1099383282033029120", "url": "https://twitter.com/5thaugust/status/1099383282033029120", "username": "", "text": "เราคือฝ่ายประชาติ๊ปปะตัย แต่เราไม่เอาผลโหวตนี้ค่าาา อะไรไม่ถูกใจเรา เราไม่เอาค่าาา มันเป็นเผด็จการทุกอย่างค่าาา #ฟ้ารักพ่อ #หนักเเผ่นดิน", "date": "24-02-2019 01:59", "retweet": 0, "like": 2}, {"id": "1099382602987794432", "url": "https://twitter.com/5thaugust/status/1099382602987794432", "username": "", "text": "จากการสำรวจจริงๆ กลุ่มที่ปั่นๆตัวเองว่า #ฟ้ารักพ่อ ก็ไม่ได้มีจำนวนที่เยอะมาก และหลายๆคนก็เริ่มรู้เท่าทัน จนถอยออกมาแล้ว รวมไปถึงมีส่วนนึงเลิกสนับสนุนจากกรณีโพสเหยียดคนอีสาน ของแกนนำพรรค และเมื่อหม่อมโจ้ ออกมาแสดงความเห็นเรื่องนี้ ทำให้เด็กๆหลายคน ตาสว่าง", "date": "24-02-2019 01:56", "retweet": 25, "like": 40}, {"id": "1099364445657026565", "url": "https://twitter.com/5thaugust/status/1099364445657026565", "username": "", "text": "รถใหม่กำลังทะยอยมา 1,500 คัน อ่านข่าวที่ https://www. posttoday.com/social/general /573957 …", "date": "24-02-2019 00:44", "retweet": 0, "like": 2}, {"id": "1098854911213735937", "url": "https://twitter.com/5thaugust/status/1098854911213735937", "username": "", "text": "ประเทศไม่ได้อยู่ในจุดที่จะให้มือใหม่มาทดลองงาน ประเทศเรายังไม่ใช่ช่วงที่ #ให้เขาลองดูก่อน จังหวะนี้จะเลือกใคร ก็ต้องพิจารณาเรื่องความรู้ ความสามารถ ความมืออาชีพ สังเกตง่ายๆแค่ตั้งสติ แล้วหาข้อมูลเอาเลยว่า ไอ้ที่เค้าพูดๆ มันทำได้จริงมั๊ย", "date": "22-02-2019 15:00", "retweet": 72, "like": 75}, {"id": "1098663093951811585", "url": "https://twitter.com/5thaugust/status/1098663093951811585", "username": "", "text": "เซฟอะไรกันวะ เป็นฮาดดิสอ่อ #SaveThanathorn", "date": "22-02-2019 02:17", "retweet": 0, "like": 3}, {"id": "1098661368775946240", "url": "https://twitter.com/5thaugust/status/1098661368775946240", "username": "", "text": "การใส่ข้อมูลส่วนตัวปลอม แล้วค้างคาไว้ถึง 5 เดือนแบบหน้าระรื่น มันไม่ใช่เรื่องปกติหรอก", "date": "22-02-2019 02:10", "retweet": 21, "like": 26}, {"id": "1098587848985305088", "url": "https://twitter.com/5thaugust/status/1098587848985305088", "username": "", "text": "พ่ออีฟ้า โคตรตอแหล ใส่ข้อมูลเท็จทำเป็นเท่ห์อยู่ 5 เดือน อีฟ้าโดนหลอก ว๊ายยยย", "date": "21-02-2019 21:18", "retweet": 19, "like": 43}, {"id": "1098587468461273089", "url": "https://twitter.com/5thaugust/status/1098587468461273089", "username": "", "text": "ควยให้พ่อมึงนะครับ", "date": "21-02-2019 21:17", "retweet": 0, "like": 0}, {"id": "1097902446444142592", "url": "https://twitter.com/5thaugust/status/1097902446444142592", "username": "", "text": "พูดเป็นการ์ตูนเลยนะนุ้งบอลลี่ ดูเซล่ามูนมากหรอครับ", "date": "19-02-2019 23:55", "retweet": 0, "like": 13}]