[{"id": "1099329976258650112", "url": "https://twitter.com/7Mia9/status/1099329976258650112", "username": "", "text": "55555", "date": "23-02-2019 22:27", "retweet": 0, "like": 0}, {"id": "1099329763196293122", "url": "https://twitter.com/7Mia9/status/1099329763196293122", "username": "", "text": "โอ้ยยย", "date": "23-02-2019 22:26", "retweet": 0, "like": 1}, {"id": "1099329515044519937", "url": "https://twitter.com/7Mia9/status/1099329515044519937", "username": "", "text": "วงวารรรพ่อ 555", "date": "23-02-2019 22:25", "retweet": 0, "like": 0}, {"id": "1099326900600659969", "url": "https://twitter.com/7Mia9/status/1099326900600659969", "username": "", "text": "ใช่ค่ะ เพราะเราเคยโง่ ครั้งนี้เราจึงเรียนรู้บทเรียนและเลือกด้วยความคิดตัวเองค่ะ และเราคิดว่าผลการเลือกตั้งครั้งนี้ก็น่าเป็นตัวตัดสินที่แท้จริง ว่าคนต้องการเลือกฝ่ายรักษารัฐธรรมนูญ หรือฝ่ายต้องการแก้ไขมากกว่ากัน ขอบคุณที่สุภาพค่ะ", "date": "23-02-2019 22:15", "retweet": 0, "like": 0}, {"id": "1099311855699296258", "url": "https://twitter.com/7Mia9/status/1099311855699296258", "username": "", "text": "ปั่นจริง คนจริงเด้อ", "date": "23-02-2019 21:15", "retweet": 0, "like": 1}, {"id": "1099269317185593344", "url": "https://twitter.com/7Mia9/status/1099269317185593344", "username": "", "text": "อยากไปต่อคิวถ่ายรูปบ้างง", "date": "23-02-2019 18:26", "retweet": 0, "like": 0}, {"id": "1099266916936441857", "url": "https://twitter.com/7Mia9/status/1099266916936441857", "username": "", "text": "เราเป็นคนนึงที่ไปโหวตรับตอนนั้นนะ จะบอกว่าเรา”โง่”เองก็ได้ ที่เชื่อที่เค้าบอกว่า ให้รับ!! บ้านเมืองจะไปต่อได้ จะได้รีบเลือกตั้ง เชื่อวาทกรรมของบางคน จนส่งผลมาถึงทุกวันนี้ คนรอบตัวเราหลายคนก็หลงเชื่อ....เค้าคงพูดเก่งจริงๆนั่นแหละ", "date": "23-02-2019 18:17", "retweet": 1, "like": 0}, {"id": "1099228089760899072", "url": "https://twitter.com/7Mia9/status/1099228089760899072", "username": "", "text": "ไม่เคยได้ยินเรื่องนี้เหมือนกันค่ะ", "date": "23-02-2019 15:42", "retweet": 0, "like": 0}, {"id": "1099212154698293249", "url": "https://twitter.com/7Mia9/status/1099212154698293249", "username": "", "text": "5 ล้านใบ???", "date": "23-02-2019 14:39", "retweet": 0, "like": 2}, {"id": "1099186358667497472", "url": "https://twitter.com/7Mia9/status/1099186358667497472", "username": "", "text": "ก็ดีนะคะแบบนี้ แฟร์ดีจะได้รู้ว่าใครกล้ามา หรือไม่กล้ามา", "date": "23-02-2019 12:57", "retweet": 7, "like": 1}, {"id": "1098999010147192833", "url": "https://twitter.com/7Mia9/status/1098999010147192833", "username": "", "text": "555 อันนี้จริง คนสมัคร สส ยังต้องไปแปะป้าย เลื่อยไม้ต่อเติมรถเองอยู่เลย", "date": "23-02-2019 00:32", "retweet": 0, "like": 1}, {"id": "1098998527756197888", "url": "https://twitter.com/7Mia9/status/1098998527756197888", "username": "", "text": "โอ้ย บ้าบอ อยู่ๆก็กลายเป็น IO ไม่รู้ตัว 55555 ตื่นๆๆๆค่ะลุง", "date": "23-02-2019 00:30", "retweet": 0, "like": 3}, {"id": "1098996191553933313", "url": "https://twitter.com/7Mia9/status/1098996191553933313", "username": "", "text": "อ่าว ไม กกต. ตอบงั้นอ่ะ แล้วลุงจะหาขออ้างที่ไหนมาเบี้ยวล่ะงี้ อยู่ไม่เป็นเลย...", "date": "23-02-2019 00:21", "retweet": 0, "like": 3}, {"id": "1098956109434413056", "url": "https://twitter.com/7Mia9/status/1098956109434413056", "username": "", "text": "ชอบเสียงพี่จอม ค่ะ ตอนจบ ค่ะแบบเบาบาง", "date": "22-02-2019 21:42", "retweet": 0, "like": 1}, {"id": "1098939894179581952", "url": "https://twitter.com/7Mia9/status/1098939894179581952", "username": "", "text": "แซะเก่ง 555", "date": "22-02-2019 20:37", "retweet": 0, "like": 2}, {"id": "1098922526195965952", "url": "https://twitter.com/7Mia9/status/1098922526195965952", "username": "", "text": "5555 ร้องขู่หมอไว้ก่อน", "date": "22-02-2019 19:28", "retweet": 0, "like": 1}, {"id": "1098922326861611009", "url": "https://twitter.com/7Mia9/status/1098922326861611009", "username": "", "text": "น้องงง น่ารักมากค่า", "date": "22-02-2019 19:27", "retweet": 0, "like": 0}, {"id": "1098922121357492230", "url": "https://twitter.com/7Mia9/status/1098922121357492230", "username": "", "text": "เฮ้อ...จิบน้ำดีกว่า", "date": "22-02-2019 19:27", "retweet": 0, "like": 1}, {"id": "1098921596666798081", "url": "https://twitter.com/7Mia9/status/1098921596666798081", "username": "", "text": "อ่อนแอเหลือเกิน ทำไมไม่เก่งเหมือนตอนกล่าวหาคนอื่นน้าา", "date": "22-02-2019 19:25", "retweet": 0, "like": 0}, {"id": "1098883235386290176", "url": "https://twitter.com/7Mia9/status/1098883235386290176", "username": "", "text": "ลุงมาดีเบตไม่ได้ เพราะว่าเป็นเจ้าหน้าที่รัฐอยู่ ผิด กม. แต่ลุงเอาบัตรประชารัฐของรัฐบาลไปหาเสียงให้พรรคได้ เอ๊ะ! แบบนี้เค้าเรียกว่าอะไรน้าา?? #savethanathorn #savethanaton #พลังประชารัฐ pic.twitter.com/l4ndFE04Bw", "date": "22-02-2019 16:52", "retweet": 84, "like": 23}, {"id": "1098882045760069632", "url": "https://twitter.com/7Mia9/status/1098882045760069632", "username": "", "text": "น้ำตาจะไหล สู้ๆนะค้าาา", "date": "22-02-2019 16:47", "retweet": 0, "like": 0}, {"id": "1098876544490004482", "url": "https://twitter.com/7Mia9/status/1098876544490004482", "username": "", "text": "คร่ะ", "date": "22-02-2019 16:25", "retweet": 0, "like": 0}, {"id": "1098843188209438721", "url": "https://twitter.com/7Mia9/status/1098843188209438721", "username": "", "text": "เราจำได้ ตอนเรา ป. 1 ที่ รร. มีชิปแทนเงินสด เราเข้าไปวันแรก ถามแม่ค้าว่าชิปสีนี้กี่บาทเพราะไม่รู้ แม่ค้าบ่นเรากลับมา เรายังด่าแม่ค้าในใจเลยว่าพูดดีๆไม่เป็นหรอ คือ เด็กเค้ารู้เรื่องจริงๆค่ะ", "date": "22-02-2019 14:13", "retweet": 0, "like": 0}, {"id": "1098838401225084928", "url": "https://twitter.com/7Mia9/status/1098838401225084928", "username": "", "text": "โอ้ยเหมือน 555", "date": "22-02-2019 13:54", "retweet": 0, "like": 1}, {"id": "1098837949460799488", "url": "https://twitter.com/7Mia9/status/1098837949460799488", "username": "", "text": "ลุงล่ะ ไม่รักเมืองไทยบ้างหรอ pic.twitter.com/Xx8vMGykrv", "date": "22-02-2019 13:52", "retweet": 0, "like": 0}, {"id": "1098836794244624385", "url": "https://twitter.com/7Mia9/status/1098836794244624385", "username": "", "text": "พ่อบอก อิหยังวะ 55", "date": "22-02-2019 13:48", "retweet": 0, "like": 0}, {"id": "1098836522260811777", "url": "https://twitter.com/7Mia9/status/1098836522260811777", "username": "", "text": "เก้วกราดจัง น่ากลัววววว เหล่าพลพรรคลุงเค้าน่ากลัวจังเนาะ", "date": "22-02-2019 13:46", "retweet": 0, "like": 0}, {"id": "1098835499727220736", "url": "https://twitter.com/7Mia9/status/1098835499727220736", "username": "", "text": "เราเคยตกใจเหมือนกัน เหมือนมีใครมายืนแอบมองข้างหลัง 555", "date": "22-02-2019 13:42", "retweet": 0, "like": 0}, {"id": "1098834909337022465", "url": "https://twitter.com/7Mia9/status/1098834909337022465", "username": "", "text": "เออ เราแอบคิดเหมือนกันนะ แต่ตอนนี้เชียร์พ่อก่อน", "date": "22-02-2019 13:40", "retweet": 0, "like": 0}, {"id": "1098834637067931648", "url": "https://twitter.com/7Mia9/status/1098834637067931648", "username": "", "text": "พรรคของคนอื่นนี่ดำเนินการเร็วมากค่ะ ไม่สนับสนุนการแซงคิวค่ะ ไม่อยากให้ลุงรอนาน กลัวลุงเมื่อย", "date": "22-02-2019 13:39", "retweet": 0, "like": 0}, {"id": "1098834252320272384", "url": "https://twitter.com/7Mia9/status/1098834252320272384", "username": "", "text": "เอาจริงในมือถือไม่เคยมีภาพโควตการเมืองขนาดนี้มาก่อนเลย นี่เจออะไรก็เซฟ จะได้มีไปแปะให้พ่อ 555 #อนาคตใหม่ #ธนาธร #savethanathorn #savethanaton", "date": "22-02-2019 13:37", "retweet": 9, "like": 4}, {"id": "1098831110379790336", "url": "https://twitter.com/7Mia9/status/1098831110379790336", "username": "", "text": "คนอะไรใส่วิกสวยขนาดนี้", "date": "22-02-2019 13:25", "retweet": 1, "like": 2}, {"id": "1098820364128288768", "url": "https://twitter.com/7Mia9/status/1098820364128288768", "username": "", "text": "เราก็เบื่อเหมือนกันนะ แต่มาครั้งนี้แหละ ที่รู้สึกถ้าไม่ลุกขึ้นมา ไทยต้องเป็นเวเน แน่ๆ เพราะผู้นำประเทศห่วยแตก แย่ยาวไปอีก 8 ปี เราไม่ทนอ่ะ", "date": "22-02-2019 12:42", "retweet": 0, "like": 1}, {"id": "1098819593018040322", "url": "https://twitter.com/7Mia9/status/1098819593018040322", "username": "", "text": "ต่อให้คนรุ่นไหนเค้าก็มีสิทธิเลือกประเทศตัวเองในแบบที่ชอบป่ะ เพราะเค้ารักประเทศเค้าเลยอยากให้ประเทศมันดีขึ้นในมุมมองเค้า คิดสิคิด!!!", "date": "22-02-2019 12:39", "retweet": 0, "like": 0}, {"id": "1098813830975475712", "url": "https://twitter.com/7Mia9/status/1098813830975475712", "username": "", "text": "อย่าเพิ่งว่าลุงเค้าเยอะ เด่วเค้าน้อยใจ ออกมายุบพรรคคนอื่นอีก", "date": "22-02-2019 12:16", "retweet": 96, "like": 60}, {"id": "1098812134748708864", "url": "https://twitter.com/7Mia9/status/1098812134748708864", "username": "", "text": "ทำไมลุงเค้าไม่คิดน้าา pic.twitter.com/awvSjtoxY3", "date": "22-02-2019 12:10", "retweet": 0, "like": 0}, {"id": "1098811949087830018", "url": "https://twitter.com/7Mia9/status/1098811949087830018", "username": "", "text": "อ่ะๆเผื่อยังไม่รู้ pic.twitter.com/Wb9dMNIOgc", "date": "22-02-2019 12:09", "retweet": 0, "like": 0}, {"id": "1098811283237818368", "url": "https://twitter.com/7Mia9/status/1098811283237818368", "username": "", "text": "อ่าว แรมโบ้ที่เผาบ้านเผาเมืองก็อยู่พรรคลุงตู่นิ อุ๊ปส์", "date": "22-02-2019 12:06", "retweet": 0, "like": 0}, {"id": "1098811083563790336", "url": "https://twitter.com/7Mia9/status/1098811083563790336", "username": "", "text": "pic.twitter.com/ZEuVsqFcxM", "date": "22-02-2019 12:05", "retweet": 0, "like": 2}, {"id": "1098810068823289856", "url": "https://twitter.com/7Mia9/status/1098810068823289856", "username": "", "text": "เพราะถ้าเค้ามา คือชนะจากการเลือกของประชาชน นโยบายของเค้าก็คือนโยบายที่ประชาชนเลือก เรามองว่าต่างกันนะคะ และชนชั้นปกครองที่เค้าพูดถึงคือ พวกอิลิทค่ะ ซึ่งมันมีจริงๆ", "date": "22-02-2019 12:01", "retweet": 0, "like": 0}, {"id": "1098808209404395521", "url": "https://twitter.com/7Mia9/status/1098808209404395521", "username": "", "text": "ลุงชนะครั้งนี้ อยู่ต่อได้อีก 8 ปีนะจ๊ะ เลยทำทุกทางไง 8 ปีจะได้ตังค์อีกเท่าไหร่น้า #savethanathorn #savethanaton https:// twitter.com/the_islander32 /status/1098674438361378817 …", "date": "22-02-2019 11:54", "retweet": 3, "like": 2}, {"id": "1098806976782299137", "url": "https://twitter.com/7Mia9/status/1098806976782299137", "username": "", "text": "ลุงเค้าอยากได้ โพสท่าเผลอๆ 555", "date": "22-02-2019 11:49", "retweet": 0, "like": 0}, {"id": "1098805897646600194", "url": "https://twitter.com/7Mia9/status/1098805897646600194", "username": "", "text": "ลุงอินกับแคตนิสไปหน่อยนะ", "date": "22-02-2019 11:45", "retweet": 0, "like": 0}, {"id": "1098793245989982208", "url": "https://twitter.com/7Mia9/status/1098793245989982208", "username": "", "text": "คราวนี้ อย่าลืมมาด่าพลังประชารัฐ ว่ามีพวกเผาบ้านเผาเมืองด้วยล่ะ", "date": "22-02-2019 10:54", "retweet": 0, "like": 0}, {"id": "1098792631226646528", "url": "https://twitter.com/7Mia9/status/1098792631226646528", "username": "", "text": "ทำไม เลว ได้ขนาดนี้เนี่ย", "date": "22-02-2019 10:52", "retweet": 0, "like": 1}, {"id": "1098791422092705800", "url": "https://twitter.com/7Mia9/status/1098791422092705800", "username": "", "text": "อันนี้เห็นภาพ 555", "date": "22-02-2019 10:47", "retweet": 0, "like": 0}, {"id": "1098791213983887360", "url": "https://twitter.com/7Mia9/status/1098791213983887360", "username": "", "text": "หรือบางทีฟ้าก็ต้องรุกบ้างน้า", "date": "22-02-2019 10:46", "retweet": 0, "like": 0}, {"id": "1098790792548634625", "url": "https://twitter.com/7Mia9/status/1098790792548634625", "username": "", "text": "ถ้าพ่อโดนยุบพรรค เราจะเลือกพรรคไหนก็ได้ที่ชูนโยบายตัดงบพวกทหาร ลดบทบาทอำนาจทหาร เราว่าตอนนี้ยิ่งแสดงให้เห็นแล้วว่าอำนาจทหารมันแย่แค่ไหน #savethanathorn #savethanaton", "date": "22-02-2019 10:45", "retweet": 15, "like": 6}, {"id": "1098788890641485825", "url": "https://twitter.com/7Mia9/status/1098788890641485825", "username": "", "text": "พ่อฟ้าให้เกียรติด้วยการก้มหน้าขำ 555", "date": "22-02-2019 10:37", "retweet": 36, "like": 13}, {"id": "1098772821344284672", "url": "https://twitter.com/7Mia9/status/1098772821344284672", "username": "", "text": "อ่านเยอะๆนะลุง #savethanaton pic.twitter.com/JYTs6QYsKF", "date": "22-02-2019 09:33", "retweet": 24, "like": 9}, {"id": "1098772522013667330", "url": "https://twitter.com/7Mia9/status/1098772522013667330", "username": "", "text": "กะสายมาละ ชื่อพ่อเปลี่ยนไปเรื่อยๆจริงๆ", "date": "22-02-2019 09:32", "retweet": 0, "like": 1}, {"id": "1098772329381810176", "url": "https://twitter.com/7Mia9/status/1098772329381810176", "username": "", "text": "อ้าว ตื่นมาแท็กพ่อเปลี่ยนไปอีกแล้วว", "date": "22-02-2019 09:31", "retweet": 0, "like": 0}, {"id": "1098769917963231232", "url": "https://twitter.com/7Mia9/status/1098769917963231232", "username": "", "text": "บางเขตก็มีคนสมัครเต็มเลยนะคะ จนจับใบแค่นิดเดียว", "date": "22-02-2019 09:22", "retweet": 0, "like": 1}, {"id": "1098530723198251011", "url": "https://twitter.com/7Mia9/status/1098530723198251011", "username": "", "text": "ใช่ค่ะ pic.twitter.com/8LSK6Dptgq", "date": "21-02-2019 17:31", "retweet": 0, "like": 0}, {"id": "1098528583994138624", "url": "https://twitter.com/7Mia9/status/1098528583994138624", "username": "", "text": "pic.twitter.com/GkXumzPr96", "date": "21-02-2019 17:23", "retweet": 0, "like": 0}, {"id": "1098527436856209408", "url": "https://twitter.com/7Mia9/status/1098527436856209408", "username": "", "text": "อันนั้นคนละ ธร เข้าใจค่ะ แต่ว่า ธรแบบเก่ามันหายไป โดนซ่อน เค้าเลยปั่นอันใหม่ขึ้นมาค่ะ ในความเห็นเราว่าเป็นไปได้ตามกรณีที่คนมาเมนท์ตามภาพค่ะ pic.twitter.com/3phA3WBRZW", "date": "21-02-2019 17:18", "retweet": 1, "like": 2}, {"id": "1098527064024465409", "url": "https://twitter.com/7Mia9/status/1098527064024465409", "username": "", "text": "เราว่าน่าจะกรณีนี้มากกว่าค่ะ pic.twitter.com/cK9Oj4piFU", "date": "21-02-2019 17:17", "retweet": 2, "like": 0}, {"id": "1098524456610197504", "url": "https://twitter.com/7Mia9/status/1098524456610197504", "username": "", "text": "ยอดก่อนหายค่ะ pic.twitter.com/kmvSfT7u9z", "date": "21-02-2019 17:06", "retweet": 0, "like": 0}, {"id": "1098523264089915392", "url": "https://twitter.com/7Mia9/status/1098523264089915392", "username": "", "text": "ใช่ๆ pic.twitter.com/3HT6aW5USP", "date": "21-02-2019 17:02", "retweet": 1, "like": 0}, {"id": "1098523051971436546", "url": "https://twitter.com/7Mia9/status/1098523051971436546", "username": "", "text": "pic.twitter.com/ZhnZI5ijJt", "date": "21-02-2019 17:01", "retweet": 1, "like": 1}, {"id": "1098522841228619776", "url": "https://twitter.com/7Mia9/status/1098522841228619776", "username": "", "text": "แต่ว่าคนทวิตตลอดนะ แฮชแท็กนี้ แล้วยอดทวีตตอนแรกก็สูงด้วย อยู่ๆหายไปไม่ทันข้ามวันเลย", "date": "21-02-2019 17:00", "retweet": 13, "like": 4}, {"id": "1098522042402451456", "url": "https://twitter.com/7Mia9/status/1098522042402451456", "username": "", "text": "ยอมใจความปั่น ด้อมนี้สามัคคีแรงมว้าก ไม่ถึง 10 นาที สู้ต่อไปทาเคชิ!! #savethanathon #Savethanathorn #Savethanatorn pic.twitter.com/K20OGkT4NR", "date": "21-02-2019 16:57", "retweet": 9, "like": 0}, {"id": "1098520562207358976", "url": "https://twitter.com/7Mia9/status/1098520562207358976", "username": "", "text": "ชักไม่มั่นใจในการลงคะแนนเสียงละ จะมีหีบปลอมออกมานับคะแนนไหมเนี่ย #savethanathon #Savethanathorn #Savethanatorn #อนาคตใหม่ #ธนาธร", "date": "21-02-2019 16:51", "retweet": 5, "like": 1}, {"id": "1098514319581491200", "url": "https://twitter.com/7Mia9/status/1098514319581491200", "username": "", "text": "ชื่อแท็กไม่เหมือนกันค่ะ ตรงกับว่า thon กับ torn", "date": "21-02-2019 16:26", "retweet": 0, "like": 1}, {"id": "1098513181234814976", "url": "https://twitter.com/7Mia9/status/1098513181234814976", "username": "", "text": "สรุปแฮชแท็กโดน “ลบ” จริงจ้าา ยังไม่ทันข้ามวัน กลัวสินะ กลัวมากๆเลยสินะ #savethanathon #อนาคตใหม่ #ฟ้ารักพ่อ", "date": "21-02-2019 16:22", "retweet": 8, "like": 3}, {"id": "1098510489460518912", "url": "https://twitter.com/7Mia9/status/1098510489460518912", "username": "", "text": "แงง พ่อดุ๊กดิ๊กงี้ ทำน้องใจบาง", "date": "21-02-2019 16:11", "retweet": 0, "like": 1}, {"id": "1098444028633174017", "url": "https://twitter.com/7Mia9/status/1098444028633174017", "username": "", "text": "อยากพรี บง", "date": "21-02-2019 11:47", "retweet": 0, "like": 0}, {"id": "1098270518753427456", "url": "https://twitter.com/7Mia9/status/1098270518753427456", "username": "", "text": "เด่วเจอคาถาแยกเงาพันร่างของพ่อ", "date": "21-02-2019 00:17", "retweet": 0, "like": 0}, {"id": "1098269719289720832", "url": "https://twitter.com/7Mia9/status/1098269719289720832", "username": "", "text": "โห มารยาท", "date": "21-02-2019 00:14", "retweet": 0, "like": 0}]