[{"id": "1099447343810658304", "url": "https://twitter.com/8g6S0F81plithl5/status/1099447343810658304", "username": "", "text": "ฮือฮา! “โอ๊ค พานทองแท้” ขอใบสมัครเข้าพรรคอนาคตใหม่จาก “ธนาธร” #ธนาธร #อนาคตใหม่ นโยบาย #ธนาธรจึงรุ่งเรืองกิจ #อนาคตใหม่ #สมัครงานแจโด #พรรคพลังประชารัฐ #พรรคอนาคตใหม่ นโยบาย #พรรคประชาธิปัตย์ #พรรคเถอะกูเขาไม่รัก http://www. topicza.com/news71468.html ?d=23022019&f=72959 …", "date": "24-02-2019 06:14", "retweet": 4, "like": 5}, {"id": "1099313969964015617", "url": "https://twitter.com/8g6S0F81plithl5/status/1099313969964015617", "username": "", "text": "เมนูแปลก!!ที่น่าขนลุก #อาหารเสริม #อาหาร #อาหารคลีน #อาหารเกาหลี #ขนมไทย #ขนมปังเนยโสด #ขนมผิงกะไอติมตัด #น่ารัก #ของดีบอกต่อ #ของมันต้องมี #ของดีเกาหลี http://www. you-health.net/news519.html?d =23022019&f=72959 …", "date": "23-02-2019 21:24", "retweet": 2, "like": 2}, {"id": "1099308240104374272", "url": "https://twitter.com/8g6S0F81plithl5/status/1099308240104374272", "username": "", "text": "สนับสนุนเต็มที่! “ไพบูลย์”ย้ำหนุนบิ๊กตู่นั่งนายกฯคุยส่งผู้สมัครสส.335เขต #พรรคอนาคตใหม่ #พรรคเพื่อไทย #พรรคนี้มาไทยทําไมไม่บอก #พรรคไทยรักษาชาติ #ไทยรัฐดีเบต #พรรคพลังประชารัฐ #ไทยรัฐเลือกตั้ง62 #พรรคอนาคตใหม่ นโยบาย #พรรคภูมิใจไทย http://www. topicza.com/news86909.html ?d=23022019&f=72959 …", "date": "23-02-2019 21:01", "retweet": 4, "like": 4}, {"id": "1099294506363449344", "url": "https://twitter.com/8g6S0F81plithl5/status/1099294506363449344", "username": "", "text": "\"ปล่อยวาง\" ไม่ใช่ \"ความพ่ายแพ้\" #ปล่อยของFestival #ปล่อย #ปล่อยวาง #ปล่อยของสะสมgot7 #แพ้แฟนเก่า #แพ้ #ไม่รู้ทําไม #ไม่ไหวบอกไหว http://www. topicza.com/news7915.html? d=23022019&f=72959 …", "date": "23-02-2019 20:06", "retweet": 4, "like": 4}, {"id": "1099253840187015168", "url": "https://twitter.com/8g6S0F81plithl5/status/1099253840187015168", "username": "", "text": "ปฏิบัติธรรมชิคๆ...ไม่ไปวัดจะปฏิบัติธรรมได้อย่างไร? #ธรรมกาย #ธรรมะ #วัดหวังต้าเซียน #วัดพระธรรมกาย #วัดแชกงหมิว #จิตวิทยา http://www. topicza.com/news7699.html? d=23022019&f=72959 …", "date": "23-02-2019 17:25", "retweet": 4, "like": 4}, {"id": "1099219246037360640", "url": "https://twitter.com/8g6S0F81plithl5/status/1099219246037360640", "username": "", "text": "ฮือฮา! “โอ๊ค พานทองแท้” ขอใบสมัครเข้าพรรคอนาคตใหม่จาก “ธนาธร” #ธนาธร #อนาคตใหม่ นโยบาย #ธนาธรจึงรุ่งเรืองกิจ #อนาคตใหม่ #สมัครงานแจโด #พรรคพลังประชารัฐ #พรรคอนาคตใหม่ นโยบาย #พรรคประชาธิปัตย์ #พรรคเถอะกูเขาไม่รัก http://www. topicza.com/news71468.html ?d=23022019&f=72959 …", "date": "23-02-2019 15:07", "retweet": 2, "like": 2}, {"id": "1099215562998071296", "url": "https://twitter.com/8g6S0F81plithl5/status/1099215562998071296", "username": "", "text": "เรื่องเซ็กซ์...อยากรู้ แต่ไม่อยากถาม #เซ็กโฟน #เซ็กทอย #เซ็กส์ #เซ็กซี่ #เซ็กซี่น่าเย็ด #เซ็กโฟน #ผู้ชายสุดฟิน #ผู้ชายขายน้ํา #ผู้หญิง http://www. tricksex.net/news1829.html? d=23022019&f=72959 …", "date": "23-02-2019 14:53", "retweet": 3, "like": 4}, {"id": "1099198250148540416", "url": "https://twitter.com/8g6S0F81plithl5/status/1099198250148540416", "username": "", "text": "แท้จริงแล้ว \"ผู้ชาย\" ต้องการอะไร ลองอ่านดูแล้วจะเข้าใจ “เขา” ได้ไม่ยากสักนิด!!! #ผู้ชายสุดฟิน #ผู้ชายขายตัว #ผู้ชายใส่แว่น #ผู้หญิง #ผู้เสพโมเมนต์ #เซ็กโฟน #เซ็กทอย #เซ็กซี่ #เซ็กส์ทอย #เซ็กส์หมู่ #เซ็กโฟน http://www. tricksex.net/news781.html?d =23022019&f=72959 …", "date": "23-02-2019 13:44", "retweet": 1, "like": 2}, {"id": "1099112292673716224", "url": "https://twitter.com/8g6S0F81plithl5/status/1099112292673716224", "username": "", "text": "9 วิธีจัดห้องนอนเสริมโชคให้ตัวเอง #นอนนอกบ้าน #นอรีเทิร์น #เสริมจมูก #ใช้ดีบอกต่อ #ดวง #โชคชะตาของลาเต้ #นอนนอกบ้าน #ใช้ดีบอกต่อ #นอนซบอกกันไม่แปลกเพราะแควนกัน http://www. topicza.com/news411.html?d =23022019&f=72959 …", "date": "23-02-2019 08:02", "retweet": 1, "like": 3}, {"id": "1099085724819701760", "url": "https://twitter.com/8g6S0F81plithl5/status/1099085724819701760", "username": "", "text": "ใครไม่อยากแก่เร็ว!!! อ่านด่วน... #แคปชั่นเด็ด #แคปชั่นกวนตีน #แคปชั่นอ่อย #แอพดีบอกต่อ #แคปชั่น2019 #แคปชั่นเศร้า #แคปชั่นโสด #แคปชั่นโดนๆ http://www. you-health.net/news326.html?d =23022019&f=72959 …", "date": "23-02-2019 06:17", "retweet": 1, "like": 4}, {"id": "1099081050381201408", "url": "https://twitter.com/8g6S0F81plithl5/status/1099081050381201408", "username": "", "text": "เห็นแล้วหิว ไมค์ หุ่นทรมานใจเว่อร์ #เหงา #เห็นใจกันพอประมาณ #ไมค์กัน #หุ่นดี #ใจแตก #ใจบาง #ใต้เตียงดารา #ใหม่ดาวิกา http://www. darachilli.com/article/detail /87792?f=72959 …", "date": "23-02-2019 05:58", "retweet": 1, "like": 5}, {"id": "1098868187137888256", "url": "https://twitter.com/8g6S0F81plithl5/status/1098868187137888256", "username": "", "text": "ความรัก...กับ...ผู้หญิง... #ความรู้สึก #ความรัก #ความรู้สึกล้วนๆ #ความรู้สึกของวันนี้ #ความลับของนางฟ้า #ผู้หญิงของเฮียฟ้า #ผู้ชายคนที่101 #ผู้เสพโมเมนต์ http://www. you-health.net/news29.html?d= 22022019&f=72959 …", "date": "22-02-2019 15:52", "retweet": 2, "like": 5}, {"id": "1098807040821026816", "url": "https://twitter.com/8g6S0F81plithl5/status/1098807040821026816", "username": "", "text": "อ่านเลย!!! อย่าชะล่าใจ...เรื่องจริงที่ผู้ชายต้องรู้ #อ่านหนังสือ #ออฟกัน #เรื่องเล่าเช้านี้ #เรื่องมันช่างน่าอาย #จนค #ผู้เสพโมเมนต์ #ผู้ชายใส่แว่น #ผู้หญิง #ผู้ชายคนที่101 #ผู้โชคดี http://www. tricksex.net/news272.html?d =22022019&f=72959 …", "date": "22-02-2019 11:49", "retweet": 1, "like": 3}, {"id": "1098785033588899840", "url": "https://twitter.com/8g6S0F81plithl5/status/1098785033588899840", "username": "", "text": "5 กฎเหล็กของความสัมพันธ์แบบ ‘One Night Stand’ #ความรู้สึก #ความรู้สึกของวันนี้ #ความทรงจํา #ความรัก #ความลับของนางฟ้า #กฎข้อนึงของความสัมพันธ์ #OneDayLeader7 http://www. tricksex.net/news87796.html ?d=22022019&f=72959 …", "date": "22-02-2019 10:22", "retweet": 1, "like": 1}, {"id": "1098516829218123778", "url": "https://twitter.com/8g6S0F81plithl5/status/1098516829218123778", "username": "", "text": "นักร้องสาวศัยกรรมอกสุดซ้ำ! เจอ“ซิลิโคนระเบิดจากหน้าอก”บนเครื่องบิน #ซิลิโคลชักว่าว #ศัลยกรรม #ศัลยกรรมเกาหลี #อกหัก #อกเกือบหักแอบรักคุณสามี #อกหักมันเจ็บ #นักร้องที่น้องรัก #นักศึกษารับงาน #นักศึกษา http://www. topicza.com/news82386.html ?d=21022019&f=72959 …", "date": "21-02-2019 16:36", "retweet": 3, "like": 5}, {"id": "1098460119644295168", "url": "https://twitter.com/8g6S0F81plithl5/status/1098460119644295168", "username": "", "text": "รัฐธรรมนูญใหม่..คนไทยหรือใครที่ต้องเสีย #ข้อคิดดีๆ #หนักแผ่นดิน #พรรคนี้มาไทยทําไมไม่บอก #ข้อคิด #คนของเเปลน #ในปกครอง #เสียใจ #เสียความรู้สึก http://www. topicza.com/news858.html?d =21022019&f=72959 …", "date": "21-02-2019 12:51", "retweet": 3, "like": 5}, {"id": "1098454523683586048", "url": "https://twitter.com/8g6S0F81plithl5/status/1098454523683586048", "username": "", "text": "ผลไม้อะไร แพงและคนไทยไม่ได้กิน!!! #ผลิตทำได้ #ผลบอล #อะไรอะไรก็ตี๋ #ไทยรัฐ #กินกันกับเตนิว #กินกับกัง #กินไรดีมอบู #กลิ่นกาสะลอง #กังกร http://www. food-trick.com/news1185.html? d=21022019&f=72959 …", "date": "21-02-2019 12:29", "retweet": 2, "like": 5}, {"id": "1098452452414607360", "url": "https://twitter.com/8g6S0F81plithl5/status/1098452452414607360", "username": "", "text": "สูตรไอศกรีมโฮมเมด 5 รส ทำได้ง่ายๆไม่ต้องใช้เครื่องทำไอติม (เปิดร้านได้เลย) #สู้ๆ #ไอศกรีมบลิซซาร์ดนมเย็น #โฮะแฟมิลี่ #ไอติมแห่งปี2019 #ไอติม #เปิดร้านรับทรัพย์ #เปิดวิกบิ๊ก3ติดมันส์ #เปิดกล้อง #เปิดวิกบิ๊ก3 http://www. food-trick.com/news596.html?d =21022019&f=72959 …", "date": "21-02-2019 12:20", "retweet": 3, "like": 5}, {"id": "1098119026855661568", "url": "https://twitter.com/8g6S0F81plithl5/status/1098119026855661568", "username": "", "text": "สะเทือนโลกออนไลท์!! แชร์สนั่นพริตตี้ โคโยตี้ นัวเนียนักบอลสุดสยิว! #โลกของอันอัน #โลกสีเทา #ออฟจุมพลทนไหวหรอ #แชรยอง #พริตตี้ #โคโยตี้ #นัดเย็ด #นางร้าย #นอนบ้านเพื่อน #นิยายวายมือสอง #นัดเย็ดเชียงใหม่ #น้องวีจ๋า #นักศึกษา http://www. socialhot24.com/news65943.html ?d=20022019&f=72959 …", "date": "20-02-2019 14:15", "retweet": 0, "like": 1}, {"id": "1098114529337139200", "url": "https://twitter.com/8g6S0F81plithl5/status/1098114529337139200", "username": "", "text": "20 คำถามเซ็กซ์ ที่ผู้หญิงอยากรู้แต่กลับไม่ถาม? #เมียน้อย #เลสเบี้ยน #เย็ด #เซ็กทอย #เซ็กซี่ #ผู้ชายขายตัว #ผู้ชาย #ผู้หญิง #ผู้ชายขายน้ำ #อมควย #อ http://www. tricksex.net/news87031.html ?d=20022019&f=72959 …", "date": "20-02-2019 13:58", "retweet": 0, "like": 1}, {"id": "1098062648074092549", "url": "https://twitter.com/8g6S0F81plithl5/status/1098062648074092549", "username": "", "text": "สื่อนอกเกาะติดการลงประชามติรับร่างรธน.ไทย #ประชาธิปัตย์ #ประชาธิปไตย #ประยุทธ์ #รัฐประหารซ้อน #มติชนในประเทศ #มติชนในประเทศ #มติชนออนไลน์ #เพื่อไทย #อนาคตใหม่ #ฟ้ารักพ่อ http://www. topicza.com/news11158.html ?d=20022019&f=72959 …", "date": "20-02-2019 10:31", "retweet": 0, "like": 1}, {"id": "1098049753760227328", "url": "https://twitter.com/8g6S0F81plithl5/status/1098049753760227328", "username": "", "text": "เลขเด็ด หวยกุหลาบขาว ชุดบน-ล่าง งวด 1/3/62 ผลงานเข้าล่าง 56 #หวย #เลขเด็ด #หวยเด็ด #หวยออก #หวยลาว #หวย #เลขเด็ด #หวยเด็ด #หวย #หวยออก #หวยลาว http://www. lekded369.com/news87700.html ?d=20022019&f=72959 …", "date": "20-02-2019 09:40", "retweet": 1, "like": 5}, {"id": "1098042328168558592", "url": "https://twitter.com/8g6S0F81plithl5/status/1098042328168558592", "username": "", "text": "ชวนส่อง!! ไอเดียเเฟชั่นชุดทำงานสวยดี มีสไตล์ #ชุดตุ๊กตา #ตุ๊กตาwannaone #ตลาดนัดnuest #ตลาดนัดWANNAONE️ #ตลาดนัดnuest #ถูกและดี #เครื่องสําอาง #ทำงาน http://www. you-health.net/news79305.html ?d=20022019&f=72959 …", "date": "20-02-2019 09:11", "retweet": 0, "like": 3}, {"id": "1097853765552459779", "url": "https://twitter.com/8g6S0F81plithl5/status/1097853765552459779", "username": "", "text": "เร่งกดดัน! อนาคตใหม่แถลงจี้นายกฯลาออก #อนาคตใหม่ #ออฟกัน #อาทิตย์ก้องภพ #อรตาหวาน #อนาคตใหม่ ลําปาง #นายในฝัน #นายกรัฐมนตรี #นายกรัฐมนตรี http://www. topicza.com/news87199.html ?d=19022019&f=72959 …", "date": "19-02-2019 20:41", "retweet": 1, "like": 5}]