[{"id": "1099232551544119296", "url": "https://twitter.com/_dbteen/status/1099232551544119296", "username": "", "text": "ยังดีนะที่ยังนึกออกว่ากูเป็นใครอิเวงงง", "date": "23-02-2019 16:00", "retweet": 0, "like": 0}, {"id": "1099229986215550976", "url": "https://twitter.com/_dbteen/status/1099229986215550976", "username": "", "text": "มึงก็กลับบ้านเขากับเขาดิ ดูกูสินางกลับบ้านตอนไหนกูก็กลับบ้านนางด้วย5555 แต่ต้องดูด้วยนะว่าทางบ้านโอเคมั้ย5555", "date": "23-02-2019 15:50", "retweet": 0, "like": 0}, {"id": "1098576890493726721", "url": "https://twitter.com/_dbteen/status/1098576890493726721", "username": "", "text": "ก็ให้ลุงลาออกสิจะได้มาช่วยหาเสียงได้ โอ้ยยยยอิโง่ #เสียงพี่แพท https:// twitter.com/qVia2DE29s9HPa J/status/1098548528370991104 …", "date": "21-02-2019 20:35", "retweet": 0, "like": 0}, {"id": "1098218975110909969", "url": "https://twitter.com/_dbteen/status/1098218975110909969", "username": "", "text": "ประเทศจะน่าอยู่มากขึ้นเลยค่ะถ้ามีคนที่อยากจะพัฒนาประเทศเยอะๆ", "date": "20-02-2019 20:53", "retweet": 0, "like": 0}, {"id": "1098213965832740864", "url": "https://twitter.com/_dbteen/status/1098213965832740864", "username": "", "text": "นี้ยิ่งเป็นเหตุผลที่ว่าทำไมเลือกตั้งครั้งนี้กูจะไม่เลือกฝ่ายลุงตู่เด้ดขาด และพร้อมจะอยู่ข้างธนาธร #Savethanathorn แล้วถ้าไทยยังเป็นแบบนี้อยู่มีนายกแบบลุงอยู่ ขอสาบานกับตัวเองเลยว่าถ้ากูทำงานมีเงินจะขอย้ายออกจากไทยไปอยู่ประเทศอื่น ขอไปเป็นคนประเทศอื่นดีกว่าา", "date": "20-02-2019 20:33", "retweet": 9, "like": 7}, {"id": "1097558891938729984", "url": "https://twitter.com/_dbteen/status/1097558891938729984", "username": "", "text": "ค่ะ เราก็คิดแบบนั้นแหละค่ะ เลยต้องรีบห่างออกมาเพราะถ้าอยู่นานกว่านั้นคงจะรู้สึกขัดใจมากจนอาจจะมีสงครามเกิดแน่นอน555 คือเข้าใจว่าทุกคนมีเสรีภาพแต่บางครั้งสิ่งนั้นขัดใจเราเหลือเกินนนสิ่งที่ต้องทำคือถอยห่างมาก่อน555 บางครั้งก็ย้อนแย้งในตัวเอง555นต้องดึงสติตัวเองหลายๆรอบ", "date": "19-02-2019 01:10", "retweet": 0, "like": 0}, {"id": "1097397074646118400", "url": "https://twitter.com/_dbteen/status/1097397074646118400", "username": "", "text": "https://www. khaosod.co.th/entertainment/ news_2222837 … แปะ", "date": "18-02-2019 14:27", "retweet": 0, "like": 0}, {"id": "1097393165877702656", "url": "https://twitter.com/_dbteen/status/1097393165877702656", "username": "", "text": "สำหรับเราถ้าไม่โดนเหยียดก่อนคงไม่ตอกกลับแบบนี้ค่ะ เหยียดมาเหยียดกลับไม่โกง", "date": "18-02-2019 14:11", "retweet": 398, "like": 103}, {"id": "1097391274074636288", "url": "https://twitter.com/_dbteen/status/1097391274074636288", "username": "", "text": "เติ้ลเคยเจอแบบนี้แหละ แต่พอบอกว่าจะไม่ให้ดูแนวทางเขียนโปรเจคแม่งถึงเริ่มพากันตอบ555", "date": "18-02-2019 14:04", "retweet": 0, "like": 0}, {"id": "1097365293452546049", "url": "https://twitter.com/_dbteen/status/1097365293452546049", "username": "", "text": "มีสิ่ง1ที่อยากให้สังคมไทยปรับเปลี่ยนค่ะ ฝากพรรค #อนาคตใหม่ รับพิจารณาได้มั้ยถ้าได้มงไป อยากให้สังคมไทยเปิดรับคนมีรอยสักมากขึ้น มีรอยสัก ≠ คนไม่ดี อยากให้เปิดกว้างเหมือนต่างชาติ ไม่อยากให้บางคนเสียโอกาสเพียงเพราะมีรอยสัก @Thanathorn_FWP", "date": "18-02-2019 12:20", "retweet": 2, "like": 1}, {"id": "1097363993977511936", "url": "https://twitter.com/_dbteen/status/1097363993977511936", "username": "", "text": "บางทีก็สงสัยว่าที่ประเทศไม่เจริญนี้เพราะใครกันแน่5555 แต่จะว่าไปก็นึกถึงเลือกตั้งรอบก่อน หมุ่บ้านเรานี้มีหัวคิวมาแจกเงินเลยค่ะ พรรคละ300-500 ถามว่าแม่เราไปเอามั้ย นางไปเอานะคะ แต่นางเข้าแนวที่ว่า รับเงินหมากาเบอร์ที่อยู่ในใจ5555", "date": "18-02-2019 12:15", "retweet": 0, "like": 0}, {"id": "1097363017782550529", "url": "https://twitter.com/_dbteen/status/1097363017782550529", "username": "", "text": "5 เป็นอะไรที่แบบว่า....................คนแก่ก้ยังเป็นแก่ในวันยังค่ำอยู่ดี", "date": "18-02-2019 12:11", "retweet": 0, "like": 0}, {"id": "1097362869379686400", "url": "https://twitter.com/_dbteen/status/1097362869379686400", "username": "", "text": "4 อ่ะเดี๋ยวจะหาว่าทำไมเราไม่อธิบายให้ยายแกฟังล่ะ เราอธิบายถึงนโยบายอนาคตใหม่ละนะ อธิบายด้วยว่าทำไมเราถึงเชียร์พี่เอก แต่สิ่งที่ได้กลับมาคือ \"//ขออนุญาติเอามาแบบออริจินัลนะคะ โอ้ยยยมันจะไปบริหารประเทศได้ยังไง ในเมื่อมันเพอ่งลงปีนี้ปีแรก ผลงานรึก็ไม่เคยมี\"", "date": "18-02-2019 12:11", "retweet": 0, "like": 0}, {"id": "1097362302678949888", "url": "https://twitter.com/_dbteen/status/1097362302678949888", "username": "", "text": "3 แบคือตอนนั้นเป็นอารมณ์ที่แบบทั้งกูและแฟนควันขึ้นหัวมาก ถ้าไม่ติดว่าแกเป็นคนใจดีกับเราสองคนมากๆนะคงจะวางมวยกันตรงนั้น แต่สิ่งที่กูทำคือพยายามลากแฟนออกมาจากตรงนั้น555 เข้าใจอารมณ์ที่แบบว่าไม่อยากให้การเมืองทำให้คสพที่ดีๆแย่ลงป่ะ นั้นแหละเลยทำได้แค่นี้จีจี", "date": "18-02-2019 12:08", "retweet": 0, "like": 0}, {"id": "1097361855356428290", "url": "https://twitter.com/_dbteen/status/1097361855356428290", "username": "", "text": "ต่อ2 กูนี้แบบ....วอทททททท อยากจะบอกว่าอนาคตใหม่ดียังไงลุงตู่ไม่ดียังไงก็ไม่สามารถพูดได้เพราะแกดูจะคิดถูกในอุดมการณ์แกมาก แกบอกว่าพี่เอกอ่ะไม่ดี ตระกูลพี่เอกก้ขี้โกง กูนี้แบบวอททททททททท ยายไปรู้มาแต่ไสคะ ยายเสพข่าวสารครบรึป่าว", "date": "18-02-2019 12:07", "retweet": 0, "like": 0}, {"id": "1097361435007475714", "url": "https://twitter.com/_dbteen/status/1097361435007475714", "username": "", "text": "มียายที่รู้จักคนนึงแกบอกว่าแกไม่ชอบ #อนาคตใหม่ ไม่อยู่ในหัวสมองที่จะเลือกด้วย แต่แกจะเลือกลุงตู่ เหตุผลแกให้มาว่าทุกรัฐบาลมันก็โกงหมดแหละ แต่เขาโกงเขาก็ไม่ได้ให้ประชาชนแบบเราเหมือนรบ.นี้ อย่างรบที่แล้วเป็นไงล่ะหอบเงินที่โกงไปใส่สบายที่ตปท ไม่เหมือนรบนี้ที่เขายังคืนให้ปชช", "date": "18-02-2019 12:05", "retweet": 2, "like": 4}]