[{"id": "1098619434028040194", "url": "https://twitter.com/_iiauumm/status/1098619434028040194", "username": "", "text": "สวสารแม่", "date": "21-02-2019 23:24", "retweet": 0, "like": 0}, {"id": "1098216333324431360", "url": "https://twitter.com/_iiauumm/status/1098216333324431360", "username": "", "text": "ไหนคำว่าประชาธิปไตย #Savethanathorn", "date": "20-02-2019 20:42", "retweet": 1, "like": 0}, {"id": "1097944033471520769", "url": "https://twitter.com/_iiauumm/status/1097944033471520769", "username": "", "text": "คือมหาลัยอยากเจอคนที่ไม่ล่อสี้อะ", "date": "20-02-2019 02:40", "retweet": 0, "like": 0}, {"id": "1097921153568391168", "url": "https://twitter.com/_iiauumm/status/1097921153568391168", "username": "", "text": "กูเบื่อพวกยุคไดโนอีเหี้ย มึงเปิดรับสิ่งใหม่ๆบ้างดิ ชีวิตมึงจะจมปักแต่กับสิ่งเดิมๆที่ประเทศชาติไม่พัฒนาหรอ 4-5 ปีมา กูไม่เห็นจะมีเหี้ยไรเกิดขึ้น นอกจากมีรถถัง", "date": "20-02-2019 01:09", "retweet": 0, "like": 0}, {"id": "1097764529847451650", "url": "https://twitter.com/_iiauumm/status/1097764529847451650", "username": "", "text": "ยึดอำนาจเพื่อตัวเองทั้งนั้น #เลือกตั้งประเทศไทย2562 #ฮีโร่มาแล้ว pic.twitter.com/XGSFGbgRYf", "date": "19-02-2019 14:47", "retweet": 0, "like": 0}, {"id": "1097492698016055297", "url": "https://twitter.com/_iiauumm/status/1097492698016055297", "username": "", "text": "เรียกร้องให้เป็นประชาธิปไตย ไม่ใช่คอมมิวนิส นักศึกษาเขาเรียกร้องสิทธิ เสรีภาพ ที่ทุกคนควรจะมี #6ตุลา pic.twitter.com/Eb8nE0D8sJ", "date": "18-02-2019 20:47", "retweet": 13, "like": 4}, {"id": "1097468121701441537", "url": "https://twitter.com/_iiauumm/status/1097468121701441537", "username": "", "text": "พ่อมึงหรือป่าวที่หนักแผ่นดิน เกิดไม่ทันแต่รู้ว่าพ่อมึงหนักแผ่นดิน #หนักแผ่นดิน", "date": "18-02-2019 19:09", "retweet": 1, "like": 2}]