[{"id": "1097773824790024192", "url": "https://twitter.com/_urmyfav/status/1097773824790024192", "username": "", "text": "ขอบคุณสำหรับความรู้ค่ะ แต่เราคิดว่าการใช้โรงเรียนซึ่งเป็นสถานที่ราชการเพื่อกิจการทางการเมืองน่าจะไม่สมควรเท่าไร การประชาสัมพันธ์นโยบายน่าจะทำในสถานที่อื่นได้ หรือหากต้องการส่งเสริมประชาธิปไตยในโรงเรียนจริง ก็ควรเป็นทุกพรรคที่สามารถเข้ามา debate ได้น่ะค่ะ", "date": "19-02-2019 15:24", "retweet": 0, "like": 1}, {"id": "1097701397804400640", "url": "https://twitter.com/_urmyfav/status/1097701397804400640", "username": "", "text": "จริงเลยค่ะ ถ้าเป็นการดีเบตจากทุกพรรค นักเรียนก็น่าจะได้ประโยชน์มากกว่า", "date": "19-02-2019 10:36", "retweet": 0, "like": 0}, {"id": "1097674208006463488", "url": "https://twitter.com/_urmyfav/status/1097674208006463488", "username": "", "text": "พรรคการเมือง สามารถเข้ามาหาเสียงใน \"สถานศึกษา\" ที่ควรมีความเป็นกลางได้ด้วย? #เลือกตั้ง62 #เลือกตั้งปี62 #เลือกตั้ง2562 #ประชาธิปัตย์ pic.twitter.com/NbvN7dWbS9", "date": "19-02-2019 08:48", "retweet": 43, "like": 10}]