[{"id": "1099333790982258690", "url": "https://twitter.com/_vvaawann/status/1099333790982258690", "username": "", "text": "ใครใจดีก็เติมตังให้กูได้น้ะควย", "date": "23-02-2019 22:42", "retweet": 0, "like": 0}, {"id": "1099333672971382784", "url": "https://twitter.com/_vvaawann/status/1099333672971382784", "username": "", "text": "ประสาท", "date": "23-02-2019 22:42", "retweet": 0, "like": 0}, {"id": "1099317207757017088", "url": "https://twitter.com/_vvaawann/status/1099317207757017088", "username": "", "text": "อยากไปภกก", "date": "23-02-2019 21:37", "retweet": 0, "like": 0}, {"id": "1099224122620428288", "url": "https://twitter.com/_vvaawann/status/1099224122620428288", "username": "", "text": "คือรำคาญเก่งมากอ่ะะะ", "date": "23-02-2019 15:27", "retweet": 0, "like": 0}, {"id": "1099224080086003714", "url": "https://twitter.com/_vvaawann/status/1099224080086003714", "username": "", "text": "รำคาญอีเหี้ยยย", "date": "23-02-2019 15:26", "retweet": 0, "like": 0}, {"id": "1098961061678436352", "url": "https://twitter.com/_vvaawann/status/1098961061678436352", "username": "", "text": "อีกนิดกูจะขายสตกไลน์ ธีมไลน์ ละไอสัส", "date": "22-02-2019 22:01", "retweet": 0, "like": 0}, {"id": "1098942703188897797", "url": "https://twitter.com/_vvaawann/status/1098942703188897797", "username": "", "text": "ประวัติ", "date": "22-02-2019 20:48", "retweet": 0, "like": 0}, {"id": "1098942619806138370", "url": "https://twitter.com/_vvaawann/status/1098942619806138370", "username": "", "text": "หวยลงที่กูไง", "date": "22-02-2019 20:48", "retweet": 0, "like": 0}, {"id": "1098930887222153222", "url": "https://twitter.com/_vvaawann/status/1098930887222153222", "username": "", "text": "บางทีก็ไม่รู้อ่ะว่าควรอยู่ตรงไหน", "date": "22-02-2019 20:01", "retweet": 0, "like": 0}, {"id": "1098902980139479040", "url": "https://twitter.com/_vvaawann/status/1098902980139479040", "username": "", "text": "เป็นแบบนี้อีกแล้วคือเสียความรู้สึกชิบหาย", "date": "22-02-2019 18:11", "retweet": 0, "like": 0}, {"id": "1098902879329411072", "url": "https://twitter.com/_vvaawann/status/1098902879329411072", "username": "", "text": "บอกกูทำไมอ่ะ ไอเหี้ยคืองง", "date": "22-02-2019 18:10", "retweet": 0, "like": 0}, {"id": "1098902781115621377", "url": "https://twitter.com/_vvaawann/status/1098902781115621377", "username": "", "text": "แล้วกูจะกลับมาทำไมอ่ะ เอ้าไอเหี้ยโคตรไม่เข้าใจอ่ะสัส ทุกทีเลย", "date": "22-02-2019 18:10", "retweet": 0, "like": 0}, {"id": "1098894673911865344", "url": "https://twitter.com/_vvaawann/status/1098894673911865344", "username": "", "text": "...", "date": "22-02-2019 17:38", "retweet": 0, "like": 0}, {"id": "1098815240127401984", "url": "https://twitter.com/_vvaawann/status/1098815240127401984", "username": "", "text": "พูดไม่ค่อยเก่ง", "date": "22-02-2019 12:22", "retweet": 0, "like": 0}, {"id": "1098814910773944320", "url": "https://twitter.com/_vvaawann/status/1098814910773944320", "username": "", "text": "83 @Donotwannacry", "date": "22-02-2019 12:21", "retweet": 0, "like": 0}, {"id": "1098813240321044480", "url": "https://twitter.com/_vvaawann/status/1098813240321044480", "username": "", "text": "19กลางภาคคือๆม่ช่วยเหี้ยไรเลย", "date": "22-02-2019 12:14", "retweet": 0, "like": 0}, {"id": "1098813191633625088", "url": "https://twitter.com/_vvaawann/status/1098813191633625088", "username": "", "text": "คนิตคือยากชิบหาย ลืมความได้ท๊อปของกูไปเลยอ่ะ", "date": "22-02-2019 12:14", "retweet": 0, "like": 0}, {"id": "1098744709978050560", "url": "https://twitter.com/_vvaawann/status/1098744709978050560", "username": "", "text": "เริ่มต้นก็ไม่ดีแล้วอ่ะ", "date": "22-02-2019 07:42", "retweet": 0, "like": 0}, {"id": "1098744658757279744", "url": "https://twitter.com/_vvaawann/status/1098744658757279744", "username": "", "text": "รำคาญ", "date": "22-02-2019 07:41", "retweet": 0, "like": 0}, {"id": "1098744640482598914", "url": "https://twitter.com/_vvaawann/status/1098744640482598914", "username": "", "text": "ไปรรสายเพราะมึงอ่ะสัสควย", "date": "22-02-2019 07:41", "retweet": 0, "like": 1}, {"id": "1098737616801824768", "url": "https://twitter.com/_vvaawann/status/1098737616801824768", "username": "", "text": "สื่อทุเรศสัส มึงปิดช่องเหอะ ไม่อายหรอ อีดอกตอแหลมาก ฟ้ารักพ่อบ้านป้ามึงฟ้าเดียวกัน https:// twitter.com/ekokugah/statu s/1098630532378685440 …", "date": "22-02-2019 07:13", "retweet": 0, "like": 0}, {"id": "1098734500555542528", "url": "https://twitter.com/_vvaawann/status/1098734500555542528", "username": "", "text": "โมโหเหนื่อยเหมือนกัน", "date": "22-02-2019 07:01", "retweet": 0, "like": 0}, {"id": "1098734018474913792", "url": "https://twitter.com/_vvaawann/status/1098734018474913792", "username": "", "text": "ขาดแค่บทที่4 กับกิตติกรรมประกาศ ไม่ส่งแม่งทั้ง2 ควย", "date": "22-02-2019 06:59", "retweet": 0, "like": 0}, {"id": "1098733796562587648", "url": "https://twitter.com/_vvaawann/status/1098733796562587648", "username": "", "text": "ไมอ่นไม่ตอบ งานก็แม่งส่งไปลวกละกันทวงแล้วทวงอีกเบื่อ", "date": "22-02-2019 06:58", "retweet": 0, "like": 0}, {"id": "1098596618205577216", "url": "https://twitter.com/_vvaawann/status/1098596618205577216", "username": "", "text": "จะด่าเค้าแตะโป๊ะความโง่มาแล้วใครโง่กว่าดูเอาเองนะคะไม่พูดเยอะ", "date": "21-02-2019 21:53", "retweet": 0, "like": 1}, {"id": "1098579368777895936", "url": "https://twitter.com/_vvaawann/status/1098579368777895936", "username": "", "text": "มีงานพระราชพิธีรึเปล่า", "date": "21-02-2019 20:45", "retweet": 0, "like": 0}, {"id": "1098563856366858240", "url": "https://twitter.com/_vvaawann/status/1098563856366858240", "username": "", "text": "อุบาท https:// twitter.com/Vavvvavvva/sta tus/1098255327663779840 …", "date": "21-02-2019 19:43", "retweet": 0, "like": 0}, {"id": "1098562915483828225", "url": "https://twitter.com/_vvaawann/status/1098562915483828225", "username": "", "text": "เมินเก่งมากอ่ะ", "date": "21-02-2019 19:39", "retweet": 0, "like": 0}, {"id": "1098523131340181504", "url": "https://twitter.com/_vvaawann/status/1098523131340181504", "username": "", "text": "ชอบที่คนเอามาเปรียบเทียบกับแฮร์รี่พอตเตอร์อ่ะ แม่งโคตรงจริง กลัวอะไรนักหนา #savethanathon", "date": "21-02-2019 17:01", "retweet": 3, "like": 0}, {"id": "1098489543328550912", "url": "https://twitter.com/_vvaawann/status/1098489543328550912", "username": "", "text": "อังกฤษคือไม่ไหวจริงอ่ะ", "date": "21-02-2019 14:48", "retweet": 0, "like": 0}, {"id": "1098475457819815936", "url": "https://twitter.com/_vvaawann/status/1098475457819815936", "username": "", "text": "ประชดให้ตายแล้วได้ไรขึ้นมาป่ะ thinkหน่อย!", "date": "21-02-2019 13:52", "retweet": 0, "like": 0}, {"id": "1098458591986470919", "url": "https://twitter.com/_vvaawann/status/1098458591986470919", "username": "", "text": "ให้เวลากับEng1 hr ถ้าไม่มีใครให้ลอกกูจะไปอ่านวิทย์แล้ว", "date": "21-02-2019 12:45", "retweet": 0, "like": 0}, {"id": "1098440406843289600", "url": "https://twitter.com/_vvaawann/status/1098440406843289600", "username": "", "text": "จะเรียนอุ๊ หรือเบรน หรือว่าon ดี หาเพื่อน ไม่เอาเอ็นแล้วสัสติด0แม่ด่าอยู่", "date": "21-02-2019 11:32", "retweet": 0, "like": 0}, {"id": "1098235052402475008", "url": "https://twitter.com/_vvaawann/status/1098235052402475008", "username": "", "text": "กูต้องทำงานให้อีกจะตายแล้วยกหนี้ให้ด้วย", "date": "20-02-2019 21:56", "retweet": 0, "like": 0}, {"id": "1098232159008022529", "url": "https://twitter.com/_vvaawann/status/1098232159008022529", "username": "", "text": "อันที่สอบวันศุกร์ยังไม่แตะ แต่วิทย์ที่สอบวันสุดท้ายนู่น สรุปเสร็จแล้วเอาไงกับกูอีวรรณ", "date": "20-02-2019 21:45", "retweet": 0, "like": 0}, {"id": "1098231210499657733", "url": "https://twitter.com/_vvaawann/status/1098231210499657733", "username": "", "text": "คือบับอากาศเปลี่ยนอ่ะ เมื่อคืนหนาวมาก จนวันนี้เป็นไข้", "date": "20-02-2019 21:41", "retweet": 0, "like": 0}, {"id": "1098228196766445568", "url": "https://twitter.com/_vvaawann/status/1098228196766445568", "username": "", "text": "กางหนังสือทุกอย่างพร้อม แล้วมาอ่านนิยายเป็นควยไรเนี่ย", "date": "20-02-2019 21:29", "retweet": 0, "like": 0}, {"id": "1098226629963177985", "url": "https://twitter.com/_vvaawann/status/1098226629963177985", "username": "", "text": "Engก็อ่านเองไม่ได้ สุขก็เยอะเกิ๊นอ่านไม่ทัน กูทำไรได้บ้างอ่ะ", "date": "20-02-2019 21:23", "retweet": 1, "like": 0}, {"id": "1098220336284196864", "url": "https://twitter.com/_vvaawann/status/1098220336284196864", "username": "", "text": "อีโง่", "date": "20-02-2019 20:58", "retweet": 0, "like": 0}, {"id": "1098217996936392706", "url": "https://twitter.com/_vvaawann/status/1098217996936392706", "username": "", "text": "คนไทยต้องตายอีกกี่ล้านคน ถึงจะมีประชาธิปไตยที่เป็นของประชาชนจริงๆ", "date": "20-02-2019 20:49", "retweet": 0, "like": 0}, {"id": "1098207347149660161", "url": "https://twitter.com/_vvaawann/status/1098207347149660161", "username": "", "text": "@Donotwannacry เอาแล้วเฟม https:// twitter.com/jggbfk38kpsfvk k/status/1098127610440167424 …", "date": "20-02-2019 20:06", "retweet": 0, "like": 0}, {"id": "1098167113267609600", "url": "https://twitter.com/_vvaawann/status/1098167113267609600", "username": "", "text": "สื่ออะไรวะ เป็นกลางมากกกก https:// twitter.com/fahsairmd/stat us/1098136459440119808 …", "date": "20-02-2019 17:26", "retweet": 1, "like": 0}, {"id": "1098166781175259136", "url": "https://twitter.com/_vvaawann/status/1098166781175259136", "username": "", "text": "มึงให้mapอะไรกูไอสัส มีแค่ชื่อถนน ไม่มีถนน", "date": "20-02-2019 17:25", "retweet": 1, "like": 2}, {"id": "1098166679555600386", "url": "https://twitter.com/_vvaawann/status/1098166679555600386", "username": "", "text": "กูเกลียดแจ๊คเลยอ่ะ", "date": "20-02-2019 17:25", "retweet": 0, "like": 0}, {"id": "1098090658894557184", "url": "https://twitter.com/_vvaawann/status/1098090658894557184", "username": "", "text": "", "date": "20-02-2019 12:23", "retweet": 0, "like": 0}, {"id": "1098089616811249664", "url": "https://twitter.com/_vvaawann/status/1098089616811249664", "username": "", "text": "สมองมันแพ้หัวใจเสมอ", "date": "20-02-2019 12:19", "retweet": 0, "like": 0}, {"id": "1098087518606512128", "url": "https://twitter.com/_vvaawann/status/1098087518606512128", "username": "", "text": "ยางลบหายอีกละกูเพิ่งเจอเมื่อเช้า", "date": "20-02-2019 12:10", "retweet": 0, "like": 0}, {"id": "1098087135872135169", "url": "https://twitter.com/_vvaawann/status/1098087135872135169", "username": "", "text": "@laxnixx ต้อฃซื้อล่ะป่ะ https:// twitter.com/kumaeiei/statu s/1097855180710731779 …", "date": "20-02-2019 12:09", "retweet": 0, "like": 0}, {"id": "1098074154157322240", "url": "https://twitter.com/_vvaawann/status/1098074154157322240", "username": "", "text": "ปวดหัวสัส", "date": "20-02-2019 11:17", "retweet": 0, "like": 0}, {"id": "1098073092570505216", "url": "https://twitter.com/_vvaawann/status/1098073092570505216", "username": "", "text": "นั่งซืดน้ำมูกกับลีน่าสองคน", "date": "20-02-2019 11:13", "retweet": 0, "like": 0}, {"id": "1098073010907447301", "url": "https://twitter.com/_vvaawann/status/1098073010907447301", "username": "", "text": "ชอบดนตรีที่สุดละไอเวร", "date": "20-02-2019 11:13", "retweet": 0, "like": 0}, {"id": "1098072868666003456", "url": "https://twitter.com/_vvaawann/status/1098072868666003456", "username": "", "text": "คนิต คิดทุกข้อ ไอห่า", "date": "20-02-2019 11:12", "retweet": 0, "like": 0}, {"id": "1098072812818882560", "url": "https://twitter.com/_vvaawann/status/1098072812818882560", "username": "", "text": "ตั้งใจกับคนิตมาก แต่กูต้องรีบออก น้ำมูกย้อยแล้วสัส", "date": "20-02-2019 11:12", "retweet": 0, "like": 0}, {"id": "1098013496413904896", "url": "https://twitter.com/_vvaawann/status/1098013496413904896", "username": "", "text": "จุดประทัดบ้างพ่อง ตอน7โมง", "date": "20-02-2019 07:16", "retweet": 0, "like": 0}, {"id": "1098002857809199104", "url": "https://twitter.com/_vvaawann/status/1098002857809199104", "username": "", "text": "อย่ามาวันนี้ได้มั้ยยย", "date": "20-02-2019 06:34", "retweet": 0, "like": 0}, {"id": "1097901722406551552", "url": "https://twitter.com/_vvaawann/status/1097901722406551552", "username": "", "text": "ยังหายางลบไม่เจอ", "date": "19-02-2019 23:52", "retweet": 0, "like": 0}, {"id": "1097894096314585088", "url": "https://twitter.com/_vvaawann/status/1097894096314585088", "username": "", "text": "ยางลบอยู่ไหน", "date": "19-02-2019 23:22", "retweet": 0, "like": 0}, {"id": "1097893916018278400", "url": "https://twitter.com/_vvaawann/status/1097893916018278400", "username": "", "text": "Maiyarap เท่ห์มาก", "date": "19-02-2019 23:21", "retweet": 0, "like": 0}, {"id": "1097893207176732673", "url": "https://twitter.com/_vvaawann/status/1097893207176732673", "username": "", "text": "วิทตี่ขอคะแนนพิษสวาททีเถอะ", "date": "19-02-2019 23:18", "retweet": 0, "like": 0}, {"id": "1097889537445945344", "url": "https://twitter.com/_vvaawann/status/1097889537445945344", "username": "", "text": "ไม่เคยกลัวคนิตเท่านี้เลย", "date": "19-02-2019 23:03", "retweet": 1, "like": 0}, {"id": "1097889484278923264", "url": "https://twitter.com/_vvaawann/status/1097889484278923264", "username": "", "text": "ผ่านมาแล้วก็ผ่านไป", "date": "19-02-2019 23:03", "retweet": 0, "like": 0}, {"id": "1097889444806352896", "url": "https://twitter.com/_vvaawann/status/1097889444806352896", "username": "", "text": "ผ่านเชิญครับ แก้เลยลูก", "date": "19-02-2019 23:03", "retweet": 0, "like": 0}, {"id": "1097887998195068929", "url": "https://twitter.com/_vvaawann/status/1097887998195068929", "username": "", "text": "Friend zone", "date": "19-02-2019 22:57", "retweet": 0, "like": 0}, {"id": "1097887917626650625", "url": "https://twitter.com/_vvaawann/status/1097887917626650625", "username": "", "text": "@laxnixx เชื่อใจมึง pic.twitter.com/5gvI8G3j6O", "date": "19-02-2019 22:57", "retweet": 0, "like": 0}, {"id": "1097887770297589762", "url": "https://twitter.com/_vvaawann/status/1097887770297589762", "username": "", "text": "คนิตคืนเดียว ที่อ่านยังไงก็ไม่เข้าหัวซะที", "date": "19-02-2019 22:56", "retweet": 0, "like": 0}, {"id": "1097873768532201472", "url": "https://twitter.com/_vvaawann/status/1097873768532201472", "username": "", "text": "ความเวิ้งว้างอันไกลโพ้นนนนน", "date": "19-02-2019 22:01", "retweet": 0, "like": 0}, {"id": "1097873695270330368", "url": "https://twitter.com/_vvaawann/status/1097873695270330368", "username": "", "text": "คนิตคือสมองโล่งมากโล่งจริง", "date": "19-02-2019 22:01", "retweet": 1, "like": 0}, {"id": "1097864766700376072", "url": "https://twitter.com/_vvaawann/status/1097864766700376072", "username": "", "text": "เอ๋อจริง555 pic.twitter.com/5r3xyGhWXz", "date": "19-02-2019 21:25", "retweet": 0, "like": 0}, {"id": "1097859993297014785", "url": "https://twitter.com/_vvaawann/status/1097859993297014785", "username": "", "text": "ชอบก็บอกกลัวไรอ่ะมากสุดก็นก", "date": "19-02-2019 21:06", "retweet": 0, "like": 0}, {"id": "1097859950380933120", "url": "https://twitter.com/_vvaawann/status/1097859950380933120", "username": "", "text": "อยากคุยกับเขาต่อมึงก็พูดดิวะ อวยพรให้กับคนใหม่นานๆน้ะ พอเค้าบอกไม่มี มึงก็ยิ้มม สัส", "date": "19-02-2019 21:06", "retweet": 0, "like": 0}, {"id": "1097859396946747392", "url": "https://twitter.com/_vvaawann/status/1097859396946747392", "username": "", "text": "กลัวคนิตมากอ่ะ อ่สนก่อนนอนแล้วก็ก่อนสอบละกัน", "date": "19-02-2019 21:04", "retweet": 0, "like": 0}, {"id": "1097825297859104768", "url": "https://twitter.com/_vvaawann/status/1097825297859104768", "username": "", "text": "@2108Wtp เกลียดมิเกลร่านไม่ไหวละสัส!!!", "date": "19-02-2019 18:48", "retweet": 1, "like": 0}, {"id": "1097750994430046208", "url": "https://twitter.com/_vvaawann/status/1097750994430046208", "username": "", "text": "@P_bbbbp มึงอยู่ไหนนน", "date": "19-02-2019 13:53", "retweet": 0, "like": 0}, {"id": "1097750918139768832", "url": "https://twitter.com/_vvaawann/status/1097750918139768832", "username": "", "text": "เบื่อ", "date": "19-02-2019 13:53", "retweet": 0, "like": 0}, {"id": "1097747284534558720", "url": "https://twitter.com/_vvaawann/status/1097747284534558720", "username": "", "text": "ไม่ไปละแม่งรำคาญ", "date": "19-02-2019 13:38", "retweet": 0, "like": 0}, {"id": "1097740790007193601", "url": "https://twitter.com/_vvaawann/status/1097740790007193601", "username": "", "text": "ติวเองก็ไม่รู้เรื่อง ไปเรียนก็ไม่รู้เรื่อง", "date": "19-02-2019 13:12", "retweet": 1, "like": 0}, {"id": "1097737429866373120", "url": "https://twitter.com/_vvaawann/status/1097737429866373120", "username": "", "text": "รำคาญมากๆ", "date": "19-02-2019 12:59", "retweet": 0, "like": 0}, {"id": "1097732313662672896", "url": "https://twitter.com/_vvaawann/status/1097732313662672896", "username": "", "text": "", "date": "19-02-2019 12:39", "retweet": 0, "like": 0}, {"id": "1097731433647431680", "url": "https://twitter.com/_vvaawann/status/1097731433647431680", "username": "", "text": "เพื่อนเบลตอบแชทกูด้วย", "date": "19-02-2019 12:35", "retweet": 1, "like": 0}, {"id": "1097691843762900993", "url": "https://twitter.com/_vvaawann/status/1097691843762900993", "username": "", "text": "นี่ข้อสอบรอบจักรวาลป่ะไอสัส", "date": "19-02-2019 09:58", "retweet": 0, "like": 0}, {"id": "1097689459552702464", "url": "https://twitter.com/_vvaawann/status/1097689459552702464", "username": "", "text": "จะเห่อเหมือนแหวนแล้ววว", "date": "19-02-2019 09:48", "retweet": 0, "like": 0}, {"id": "1097522733724794880", "url": "https://twitter.com/_vvaawann/status/1097522733724794880", "username": "", "text": "เป็นคนไม่ชอบบังคับใคร อยากทำไรก็ทำ แค่คิดให้ดีละกัน", "date": "18-02-2019 22:46", "retweet": 0, "like": 0}, {"id": "1097522543982915584", "url": "https://twitter.com/_vvaawann/status/1097522543982915584", "username": "", "text": "โป๊ะมาก", "date": "18-02-2019 22:45", "retweet": 0, "like": 0}, {"id": "1097521643549687808", "url": "https://twitter.com/_vvaawann/status/1097521643549687808", "username": "", "text": "ฮืออออ", "date": "18-02-2019 22:42", "retweet": 0, "like": 0}, {"id": "1097520841271562241", "url": "https://twitter.com/_vvaawann/status/1097520841271562241", "username": "", "text": "อย่ามาแท็กกู ในรูปคือใครรร", "date": "18-02-2019 22:38", "retweet": 0, "like": 0}, {"id": "1097520784732385283", "url": "https://twitter.com/_vvaawann/status/1097520784732385283", "username": "", "text": "กูจะฟังเพลง", "date": "18-02-2019 22:38", "retweet": 0, "like": 0}, {"id": "1097520189258620928", "url": "https://twitter.com/_vvaawann/status/1097520189258620928", "username": "", "text": "ก็คิดว่าบับสวยไรงี้ อีดอก รูปทำมีมได้เลยอ่ะ", "date": "18-02-2019 22:36", "retweet": 0, "like": 0}, {"id": "1097518781453152256", "url": "https://twitter.com/_vvaawann/status/1097518781453152256", "username": "", "text": "หัวโจกยืนบน555 pic.twitter.com/QmLdWK3nCs", "date": "18-02-2019 22:30", "retweet": 0, "like": 0}, {"id": "1097518712909774848", "url": "https://twitter.com/_vvaawann/status/1097518712909774848", "username": "", "text": "@laxnixx หน้าเราสองคนอุบาทมากสัส", "date": "18-02-2019 22:30", "retweet": 0, "like": 0}, {"id": "1097517201366499330", "url": "https://twitter.com/_vvaawann/status/1097517201366499330", "username": "", "text": "pic.twitter.com/8DPK01ICmj", "date": "18-02-2019 22:24", "retweet": 0, "like": 0}, {"id": "1097513310876921856", "url": "https://twitter.com/_vvaawann/status/1097513310876921856", "username": "", "text": "Polycat peacemekar Blue shade Maiyarap คือชอบมากตอนนี้อ่ะ", "date": "18-02-2019 22:08", "retweet": 0, "like": 0}, {"id": "1097495974447001602", "url": "https://twitter.com/_vvaawann/status/1097495974447001602", "username": "", "text": "แชท", "date": "18-02-2019 21:00", "retweet": 0, "like": 0}, {"id": "1097495366654615553", "url": "https://twitter.com/_vvaawann/status/1097495366654615553", "username": "", "text": "หาคนติวEng", "date": "18-02-2019 20:57", "retweet": 0, "like": 1}, {"id": "1097495287394750465", "url": "https://twitter.com/_vvaawann/status/1097495287394750465", "username": "", "text": "คือวิทย์สอบวันสุดท้ายงี้ละสรุปจะเสร็จแล้วจ้า", "date": "18-02-2019 20:57", "retweet": 0, "like": 0}, {"id": "1097494771315048448", "url": "https://twitter.com/_vvaawann/status/1097494771315048448", "username": "", "text": "เบื่อแล้วรู้มั้ย", "date": "18-02-2019 20:55", "retweet": 0, "like": 0}, {"id": "1097486883322359808", "url": "https://twitter.com/_vvaawann/status/1097486883322359808", "username": "", "text": "เดี๋ยว!!", "date": "18-02-2019 20:23", "retweet": 0, "like": 1}]