[{"id": "1099344707111477249", "url": "https://twitter.com/A_Kawin/status/1099344707111477249", "username": "", "text": "5555555", "date": "23-02-2019 23:26", "retweet": 0, "like": 0}, {"id": "1099334509491761152", "url": "https://twitter.com/A_Kawin/status/1099334509491761152", "username": "", "text": "ขอบคุณค่ะ", "date": "23-02-2019 22:45", "retweet": 0, "like": 0}, {"id": "1099326726675386369", "url": "https://twitter.com/A_Kawin/status/1099326726675386369", "username": "", "text": "มี IG มั้ยคะ", "date": "23-02-2019 22:14", "retweet": 0, "like": 2}, {"id": "1099324299955953665", "url": "https://twitter.com/A_Kawin/status/1099324299955953665", "username": "", "text": "กุเข้าใจเลย", "date": "23-02-2019 22:05", "retweet": 0, "like": 0}, {"id": "1099323889694343168", "url": "https://twitter.com/A_Kawin/status/1099323889694343168", "username": "", "text": "เยอะและสวยมากค่ะ จากที่ไหนน้องเบลลลล", "date": "23-02-2019 22:03", "retweet": 0, "like": 0}, {"id": "1099308534573916160", "url": "https://twitter.com/A_Kawin/status/1099308534573916160", "username": "", "text": "\"ทหาร\"ช่วยชาวไร่ตัดอ้อย ลดค่าใช้จ่าย-ลดเผา http://www. komkhaotuathai.com/content/10086? qx= …", "date": "23-02-2019 21:02", "retweet": 1, "like": 2}, {"id": "1099229383045275648", "url": "https://twitter.com/A_Kawin/status/1099229383045275648", "username": "", "text": "ร้อน pic.twitter.com/vVswRQ0FTz", "date": "23-02-2019 15:48", "retweet": 9, "like": 12}, {"id": "1099220754627846144", "url": "https://twitter.com/A_Kawin/status/1099220754627846144", "username": "", "text": "คุณกรณ์สูงมากกกก https:// twitter.com/nochph/status/ 1099218983205523457 …", "date": "23-02-2019 15:13", "retweet": 3, "like": 2}, {"id": "1099219913858736128", "url": "https://twitter.com/A_Kawin/status/1099219913858736128", "username": "", "text": "ช่อง 3 รายได้วูบ ขาดทุนเป็นครั้งแรก 330 ล้าน https:// positioningmag.com/1215996", "date": "23-02-2019 15:10", "retweet": 1, "like": 0}, {"id": "1099211157288566784", "url": "https://twitter.com/A_Kawin/status/1099211157288566784", "username": "", "text": "อากาศร้อนมาก วันนี้ขอเป็นพนักงานออฟฟิศ pic.twitter.com/tHHxT08Kje", "date": "23-02-2019 14:35", "retweet": 4, "like": 11}, {"id": "1099190640921833473", "url": "https://twitter.com/A_Kawin/status/1099190640921833473", "username": "", "text": "ซื้อกางเกงขาสั้นไว้วิ่งมา 2 ตัว แค่วางไว้ในตู้ผ่านมา 2 วัน กางเกงยีนต์ หลวมลงอีกกกกกกก #ไม่เชื่ออย่าลบหลู่", "date": "23-02-2019 13:14", "retweet": 0, "like": 1}, {"id": "1099188362668171264", "url": "https://twitter.com/A_Kawin/status/1099188362668171264", "username": "", "text": "สูงถึงกลางเดือนมีนา !!!!!", "date": "23-02-2019 13:05", "retweet": 0, "like": 1}, {"id": "1099188018777210880", "url": "https://twitter.com/A_Kawin/status/1099188018777210880", "username": "", "text": "nPerf ออกรายงาน AIS ได้คะแนนมากที่สุดในกลุ่มผู้ให้บริการ fixed broadband ปี 2018 | Blognone https://www. blognone.com/node/108253", "date": "23-02-2019 13:03", "retweet": 0, "like": 0}, {"id": "1099185651767857153", "url": "https://twitter.com/A_Kawin/status/1099185651767857153", "username": "", "text": "ช่วงนี้รู้สึก บารมีสูง รับไหว้แทบไม่ทัน #เลือกตั้งปี62", "date": "23-02-2019 12:54", "retweet": 6, "like": 5}, {"id": "1099154296854085632", "url": "https://twitter.com/A_Kawin/status/1099154296854085632", "username": "", "text": "เขาจะเลิกอะไรก็สิทธิ์ของเขา เหตุผลอะไรก็ของเขา เหยียดทำไม", "date": "23-02-2019 10:49", "retweet": 0, "like": 0}, {"id": "1099151655700840454", "url": "https://twitter.com/A_Kawin/status/1099151655700840454", "username": "", "text": "เน้นดราม่า pic.twitter.com/PEHRwiSHVd", "date": "23-02-2019 10:39", "retweet": 18, "like": 19}, {"id": "1099143729108025345", "url": "https://twitter.com/A_Kawin/status/1099143729108025345", "username": "", "text": "\"ร.10\" มีพระราชกระแสชมเชย สาวจิตอาสาใจกุศล ตระเวนอาบน้ำให้สุนัขในวัด https://www. thairath.co.th/content/1502945", "date": "23-02-2019 10:07", "retweet": 22, "like": 17}, {"id": "1098966940570116097", "url": "https://twitter.com/A_Kawin/status/1098966940570116097", "username": "", "text": "พร้อมนอนแล้ว ปิดไฟให้ก็ได้ pic.twitter.com/6FcDsFtocj", "date": "22-02-2019 22:25", "retweet": 5, "like": 7}, {"id": "1098962046945701888", "url": "https://twitter.com/A_Kawin/status/1098962046945701888", "username": "", "text": "สั่งจากเยาวราช ก๋วยจั๊บนายเอ็กซ์ เกาเหลาเลือดหมู เป็ดพะโล้ ซี่โครงหมูอบ ต้มจับฉ่าย กุนเชียงทอด อยากกินทุกอย่างในเค้าขาย pic.twitter.com/wlfn1MxH0M", "date": "22-02-2019 22:05", "retweet": 0, "like": 2}, {"id": "1098909815055704069", "url": "https://twitter.com/A_Kawin/status/1098909815055704069", "username": "", "text": "ขอบพระคุณมากค่ะ", "date": "22-02-2019 18:38", "retweet": 0, "like": 0}, {"id": "1098903648350814211", "url": "https://twitter.com/A_Kawin/status/1098903648350814211", "username": "", "text": "แถวร้านยุงโคตรดุเลย เกาะกัดสะบัดยังไม่หลุด สงสัยอยากโดนตบตาย", "date": "22-02-2019 18:13", "retweet": 0, "like": 2}, {"id": "1098897757647949826", "url": "https://twitter.com/A_Kawin/status/1098897757647949826", "username": "", "text": "'พลอยไพลิน' เปิดตัว 'พลังท้องถิ่นไท' ขอผลักดันอาชีพพริตตี้ให้สังคมยอมรับ https://www. voicetv.co.th/read/HbbwXjJIz", "date": "22-02-2019 17:50", "retweet": 1, "like": 0}, {"id": "1098893471610372097", "url": "https://twitter.com/A_Kawin/status/1098893471610372097", "username": "", "text": "ฟ้ารักพ่องงง", "date": "22-02-2019 17:33", "retweet": 0, "like": 0}, {"id": "1098893315888447488", "url": "https://twitter.com/A_Kawin/status/1098893315888447488", "username": "", "text": "อธิบายได้ชัดเจน pic.twitter.com/IL1m8rm1iu", "date": "22-02-2019 17:32", "retweet": 34, "like": 12}, {"id": "1098890330462535680", "url": "https://twitter.com/A_Kawin/status/1098890330462535680", "username": "", "text": "รองเท้าดำแล้วดำอีก ขอเหยียบขอแตะนิดหน่อย pic.twitter.com/hzKnpIxJ8M", "date": "22-02-2019 17:20", "retweet": 1, "like": 3}, {"id": "1098889642454052864", "url": "https://twitter.com/A_Kawin/status/1098889642454052864", "username": "", "text": "ตำมังคุดน่าทานมากค่ะ เดี๋ยวต้องสั่งบ้างค่ะ เพราะอยู่ไม่ไกลจากบ้านค่ะ", "date": "22-02-2019 17:18", "retweet": 0, "like": 1}, {"id": "1098889171983200256", "url": "https://twitter.com/A_Kawin/status/1098889171983200256", "username": "", "text": "ขังตัวอยู่ในห้องแอร์ pic.twitter.com/5mCpT4hPp9", "date": "22-02-2019 17:16", "retweet": 6, "like": 2}, {"id": "1098887693843410950", "url": "https://twitter.com/A_Kawin/status/1098887693843410950", "username": "", "text": "ช่อต้องไปศึกษามาใหม่นะคะ", "date": "22-02-2019 17:10", "retweet": 0, "like": 0}, {"id": "1098887622871592960", "url": "https://twitter.com/A_Kawin/status/1098887622871592960", "username": "", "text": "ช่อไม่เนียน", "date": "22-02-2019 17:10", "retweet": 1, "like": 0}, {"id": "1098878514332192768", "url": "https://twitter.com/A_Kawin/status/1098878514332192768", "username": "", "text": "น้องช่ออยู่พรรคอนาคตไหม้นี่เอง วันก่อนฟังน้องแป๊บเดียว รีบเปลี่ยนช่องเลย", "date": "22-02-2019 16:33", "retweet": 0, "like": 1}, {"id": "1098878406798635008", "url": "https://twitter.com/A_Kawin/status/1098878406798635008", "username": "", "text": "\"ช่อ\"ยันลงประวัติเก๊“ธนาธร”ไร้เจตนาหลอกหลวง โวยถ้าโดนยุบพรรคไม่ต่างคดี“สมัคร”ทำกับข้าว https:// mgronline.com/politics/detai l/9620000018699 …", "date": "22-02-2019 16:33", "retweet": 7, "like": 1}, {"id": "1098877009009102849", "url": "https://twitter.com/A_Kawin/status/1098877009009102849", "username": "", "text": "ปีนี้ นโยบายเข้าตาหลายอัน #เลือกตั้งปี2562 #ประชาธิปัตย์", "date": "22-02-2019 16:27", "retweet": 1, "like": 3}, {"id": "1098876683543666688", "url": "https://twitter.com/A_Kawin/status/1098876683543666688", "username": "", "text": "เดี๋ยวนี้เลิกฮิต หน้ากากกันฝุ่นแล้วหรือ คนใส่น้อยมาก", "date": "22-02-2019 16:26", "retweet": 0, "like": 0}, {"id": "1098864602568257536", "url": "https://twitter.com/A_Kawin/status/1098864602568257536", "username": "", "text": "สงสัย = โง่", "date": "22-02-2019 15:38", "retweet": 1, "like": 0}, {"id": "1098864477317951488", "url": "https://twitter.com/A_Kawin/status/1098864477317951488", "username": "", "text": "ตอบได้เก้วกาดมาก", "date": "22-02-2019 15:38", "retweet": 0, "like": 0}, {"id": "1098856581775540231", "url": "https://twitter.com/A_Kawin/status/1098856581775540231", "username": "", "text": "นานๆกินทีได้ กินบ่อยๆเลี่ยนมาก กินอย่างมาก ไก่ 2-3 ชิ้นอิ่มแล้ว", "date": "22-02-2019 15:06", "retweet": 0, "like": 0}, {"id": "1098856050059501568", "url": "https://twitter.com/A_Kawin/status/1098856050059501568", "username": "", "text": "อ้อนมาก pic.twitter.com/EVpCRo4EHp", "date": "22-02-2019 15:04", "retweet": 11, "like": 9}, {"id": "1098853498706309120", "url": "https://twitter.com/A_Kawin/status/1098853498706309120", "username": "", "text": "พี่ก็ว่าแพงนะคะ ไปสี่คน สั่ง 80% เป็นไก่ โดนไป เกือบพันเก้า", "date": "22-02-2019 14:54", "retweet": 1, "like": 0}, {"id": "1098849415630999552", "url": "https://twitter.com/A_Kawin/status/1098849415630999552", "username": "", "text": "เอี้ยยยยย", "date": "22-02-2019 14:38", "retweet": 0, "like": 1}, {"id": "1098849361205682176", "url": "https://twitter.com/A_Kawin/status/1098849361205682176", "username": "", "text": "นั่นไง!'ธนาธร'ประกาศลั่นจะทำภารกิจของคณะราษฎร2475ให้สำเร็จ https://www. thaipost.net/main/detail/29 631?fbclid=IwAR1EVhIlRlyh9VUNRrRxWW-4ZnxZKsZ6SuXktr9VIvvWjkTHMXoAw1TGOXo …", "date": "22-02-2019 14:37", "retweet": 2, "like": 1}, {"id": "1098845830872674304", "url": "https://twitter.com/A_Kawin/status/1098845830872674304", "username": "", "text": "แวะมาแมวที่อุปถัมภ์ไว้ตรงลานปลา นางน่ารักไม่ดื้อ มาคราวนี้มีคนคนเอาข้าวสาลีกล่องใหญ่ ขนมแมวเลีย กับ สร้อยคอมาให้นาง pic.twitter.com/UApLtZ0Isp", "date": "22-02-2019 14:23", "retweet": 10, "like": 14}, {"id": "1098807275869761536", "url": "https://twitter.com/A_Kawin/status/1098807275869761536", "username": "", "text": "อยู่กับแมวหายเครียดไปเยอะเลย แต่ปวดประสาทแทน pic.twitter.com/Kcfys1ADWQ", "date": "22-02-2019 11:50", "retweet": 78, "like": 63}, {"id": "1098798583677997056", "url": "https://twitter.com/A_Kawin/status/1098798583677997056", "username": "", "text": "ร้านนี้เมื่อก่อนกินบ่อยอร่อยนะ #รีล่า", "date": "22-02-2019 11:16", "retweet": 0, "like": 0}, {"id": "1098798229645185024", "url": "https://twitter.com/A_Kawin/status/1098798229645185024", "username": "", "text": "พี่มานั่งข้างหลังมั้ย หนูขับแท็กซี่ให้ หนูแต่งต้วถูกระเบียบเหมือนพี่เลย pic.twitter.com/0OI3hZTgjV", "date": "22-02-2019 11:14", "retweet": 4, "like": 13}, {"id": "1098794413726158849", "url": "https://twitter.com/A_Kawin/status/1098794413726158849", "username": "", "text": "เค้าบอกสีฟ้าของน้ำทะเล บำบัดความเครียดได้ดี เทวาศ pic.twitter.com/BSNXUneczZ", "date": "22-02-2019 10:59", "retweet": 4, "like": 9}, {"id": "1098789265037680640", "url": "https://twitter.com/A_Kawin/status/1098789265037680640", "username": "", "text": "ตั้งแต่เครียดมา พร้อมหอบหืดกำเริบ นน. ลงไป 8 กิโล ภายใน 2-3 เดือน จนความเครียดจูงมือกรดไหลย้อนมาเป็นเพื่อน ทรมานแทบตาย ปรับการกินใหม่ ตอนนี้ขึ้นมา 2 กิโล พอแล้วนะ ไม่ต้องดีดขึ้นอีกแล้ว", "date": "22-02-2019 10:39", "retweet": 0, "like": 2}, {"id": "1098624673347059712", "url": "https://twitter.com/A_Kawin/status/1098624673347059712", "username": "", "text": "มีความจริงจังในการงอน เรียกมานอนห้องเดียวกันก็ไม่มา จัดไปค่ะ คนละห้องแอร์คนละตัว ตอนเช้าอย่าเข้ามาปลุกให้เทข้นะ pic.twitter.com/wNgzeL4rmS", "date": "21-02-2019 23:45", "retweet": 7, "like": 17}, {"id": "1098585226207346688", "url": "https://twitter.com/A_Kawin/status/1098585226207346688", "username": "", "text": "เสร็จกุ้ง pic.twitter.com/h944fBVHs9", "date": "21-02-2019 21:08", "retweet": 13, "like": 20}, {"id": "1098570608609132544", "url": "https://twitter.com/A_Kawin/status/1098570608609132544", "username": "", "text": "อยากกินหมูทอดดดดดด", "date": "21-02-2019 20:10", "retweet": 2, "like": 0}, {"id": "1098570391943958529", "url": "https://twitter.com/A_Kawin/status/1098570391943958529", "username": "", "text": "ให้กินเยอะไม่ได้ค่ะ มะลิกินเสร็จแล้วไปต่อที่อาหารเม็ดค่ะ", "date": "21-02-2019 20:09", "retweet": 0, "like": 0}, {"id": "1098566995186921472", "url": "https://twitter.com/A_Kawin/status/1098566995186921472", "username": "", "text": "เมื่อเช้าโดนตี นางงอนไม่ออกมาส่งไปทำงาน กลับมาเลยต้องง้อด้วยกุ้ง กินเสร็จเตรียมตัวนอนเลย pic.twitter.com/tkZuxkOyQC", "date": "21-02-2019 19:55", "retweet": 21, "like": 21}, {"id": "1098522100065681408", "url": "https://twitter.com/A_Kawin/status/1098522100065681408", "username": "", "text": "หนังท้องตึง หนังตาหย่อน pic.twitter.com/Lvh7CK2cVQ", "date": "21-02-2019 16:57", "retweet": 6, "like": 8}, {"id": "1098521714185650177", "url": "https://twitter.com/A_Kawin/status/1098521714185650177", "username": "", "text": "วันนี้ร้อนมาก เมษาคงเดือด", "date": "21-02-2019 16:56", "retweet": 0, "like": 2}, {"id": "1098510801181102080", "url": "https://twitter.com/A_Kawin/status/1098510801181102080", "username": "", "text": "เป็นแมวจะนอนตรงไหนก็ได้ pic.twitter.com/rkjb8K3UtH", "date": "21-02-2019 16:12", "retweet": 1, "like": 7}, {"id": "1098509046280159238", "url": "https://twitter.com/A_Kawin/status/1098509046280159238", "username": "", "text": "เวลามีอุบัติเหตุ เมาแล้วขับ ส่วนใหญ่ไม่เสียชีวิต แต่ทำคนอื่นเสียชีวิต", "date": "21-02-2019 16:05", "retweet": 9, "like": 2}, {"id": "1098505679130714112", "url": "https://twitter.com/A_Kawin/status/1098505679130714112", "username": "", "text": "เมื่อคืนรื้อบรา ตู้ใส่ปิดไม่ลงแล้ว วันนี้เลยส่งไปบริจาคที่มูลนิธิบ้านกึ่งวิถีหญิง มีแต่ตัวใหม่ๆ และเกือบสิบตัวที่ยังไม่ได้ใช้ คร่าวๆเกือบ 40 ตัว #บราเป็นของจำเป็นที่ฟุ่มเฟือย", "date": "21-02-2019 15:52", "retweet": 0, "like": 0}, {"id": "1098503479046205441", "url": "https://twitter.com/A_Kawin/status/1098503479046205441", "username": "", "text": "ได้หยกมาเส้นนึงกับปี่เซี๊ยะ น่ารักดี pic.twitter.com/eASgUVyc8H", "date": "21-02-2019 15:43", "retweet": 0, "like": 4}, {"id": "1098427911911047168", "url": "https://twitter.com/A_Kawin/status/1098427911911047168", "username": "", "text": "ตีมือเลย 55555", "date": "21-02-2019 10:43", "retweet": 0, "like": 0}, {"id": "1098424662072057856", "url": "https://twitter.com/A_Kawin/status/1098424662072057856", "username": "", "text": "ผ้าปูของแม่ ผืนนึงไม่ใช่ถูกๆนะลูก ที่ลับเล็บอันไม่กี่ร้อยข่วนไปเถอะ แต่ผ้าปู", "date": "21-02-2019 10:30", "retweet": 0, "like": 0}, {"id": "1098424038148386816", "url": "https://twitter.com/A_Kawin/status/1098424038148386816", "username": "", "text": "โดนตีไปทีนึงตอนหกโมงเช้า คือมาปลุกแต่ไม่ปลุกธรรมดา เดี๋ยวนี้ข่วนลับเล็บกับผ้าปูที่นอน มุมขาดเกือบทุกทีผ้าปู pasaya ด้วย งอนหนักมาก สิบโมงกว่ายังงอนอยู่ #ต้องหาอะไรมาง้อละ pic.twitter.com/UQA7BZRMJr", "date": "21-02-2019 10:27", "retweet": 5, "like": 6}, {"id": "1098259550656851969", "url": "https://twitter.com/A_Kawin/status/1098259550656851969", "username": "", "text": "ลูบหลังกล่อมแมวนอนแล้ว เราก็นอนได้", "date": "20-02-2019 23:34", "retweet": 0, "like": 0}, {"id": "1098259381823561728", "url": "https://twitter.com/A_Kawin/status/1098259381823561728", "username": "", "text": "อยู่ดีวันนี้อยากกิน บัวลอยเผือกกับเป๊ปซี่", "date": "20-02-2019 23:33", "retweet": 0, "like": 0}, {"id": "1098234225520607232", "url": "https://twitter.com/A_Kawin/status/1098234225520607232", "username": "", "text": "เสียงรำเพย เหมือนฟังจากวิทยุ เอเอ็ม #ทองเอกหมอยาท่าโฉลง", "date": "20-02-2019 21:53", "retweet": 1, "like": 0}, {"id": "1098222213134602241", "url": "https://twitter.com/A_Kawin/status/1098222213134602241", "username": "", "text": "แชร์บอกบุญ!! รับบริจาคสิ่งของ เสื้อผ้าที่ไม่ใช้แล้ว เช็คเลย!! https://www. postsod.com/donate-object", "date": "20-02-2019 21:05", "retweet": 1, "like": 1}, {"id": "1098221954845237251", "url": "https://twitter.com/A_Kawin/status/1098221954845237251", "username": "", "text": "รื้อบราออกจากลิ้นชักเพราะมันล้น ใหม่ๆมากๆ ว่าจะเอาไปบริจาค มีเกือบ 50 ตัวเลย คนบ้าซื้อ", "date": "20-02-2019 21:04", "retweet": 0, "like": 0}, {"id": "1098220836366897153", "url": "https://twitter.com/A_Kawin/status/1098220836366897153", "username": "", "text": "ไม่ยอมให้เปลี่ยนผ้าปู pic.twitter.com/HPrY7Ojap5", "date": "20-02-2019 21:00", "retweet": 14, "like": 21}, {"id": "1098196560108638208", "url": "https://twitter.com/A_Kawin/status/1098196560108638208", "username": "", "text": "ระวังน้องฟ้านะคะ", "date": "20-02-2019 19:23", "retweet": 0, "like": 0}, {"id": "1098180275199045632", "url": "https://twitter.com/A_Kawin/status/1098180275199045632", "username": "", "text": "นี่ก็อีกตัว เปิดร้านก็เดินเป๋เอียงๆ ไปร้านขายปลา หกโมงปุ๊บก็เดินกลับมาร้านเอง #ค่าจ้างเป็นปลาทู pic.twitter.com/uZivlk1u6f", "date": "20-02-2019 18:19", "retweet": 8, "like": 14}, {"id": "1098178483220504576", "url": "https://twitter.com/A_Kawin/status/1098178483220504576", "username": "", "text": "5555555", "date": "20-02-2019 18:12", "retweet": 0, "like": 0}, {"id": "1098174735148507136", "url": "https://twitter.com/A_Kawin/status/1098174735148507136", "username": "", "text": "หลังจากไปรับจ๊อบร้านป้าขายปลา พอป้าปิดร้านก็มาเฝ้าร้านต่อ #ค่าจ้างเป็นปลาทู pic.twitter.com/47BfiBk0Sp", "date": "20-02-2019 17:57", "retweet": 20, "like": 24}, {"id": "1098170439946383360", "url": "https://twitter.com/A_Kawin/status/1098170439946383360", "username": "", "text": "555555 รู้แต่คนอาบให้เคยโดนกัดค่ะ", "date": "20-02-2019 17:40", "retweet": 0, "like": 1}, {"id": "1098164453491671042", "url": "https://twitter.com/A_Kawin/status/1098164453491671042", "username": "", "text": "ได้ทุกปี ไม่ได้ใช้ทุกปี pic.twitter.com/d0zocmfJCL", "date": "20-02-2019 17:16", "retweet": 0, "like": 0}, {"id": "1098142622017740800", "url": "https://twitter.com/A_Kawin/status/1098142622017740800", "username": "", "text": "อนาคตไหม้ pic.twitter.com/R3N6qAiHoC", "date": "20-02-2019 15:49", "retweet": 1, "like": 3}, {"id": "1098142297483431936", "url": "https://twitter.com/A_Kawin/status/1098142297483431936", "username": "", "text": "แท็กซี่เท คัดสรรผู้โดยสาร อยู่ที่สันดาน ไม่ได้อยู่ที่ระบบ", "date": "20-02-2019 15:48", "retweet": 1, "like": 2}, {"id": "1098142104474144769", "url": "https://twitter.com/A_Kawin/status/1098142104474144769", "username": "", "text": "‘สมาร์ทแท็กซี่’ขอโอกาสพัฒนาปมไม่รับลูกค้าทำเจอใบสั่ง เรียกคนขับรายงานตัวกรมขนส่ง https://www. matichon.co.th/news-monitor/n ews_1371297 … via @มติชนออนไลน์", "date": "20-02-2019 15:47", "retweet": 0, "like": 0}, {"id": "1098106332291330048", "url": "https://twitter.com/A_Kawin/status/1098106332291330048", "username": "", "text": "ข้าวหมูแดงหมูกรอบร้านธานี pic.twitter.com/sxqxbnOa12", "date": "20-02-2019 13:25", "retweet": 3, "like": 3}, {"id": "1098096932939911169", "url": "https://twitter.com/A_Kawin/status/1098096932939911169", "username": "", "text": "‘กรณ์’ ชี้ แม้งบทหารเพิ่มขึ้นจริง แต่หากวัดตามสัดส่วน GDP ถือว่าไม่ได้ผิดปกติ https://www. matichon.co.th/politics/news_ 1371391 … via @มติชนออนไลน์", "date": "20-02-2019 12:48", "retweet": 2, "like": 2}, {"id": "1098078479248121857", "url": "https://twitter.com/A_Kawin/status/1098078479248121857", "username": "", "text": "ใครบอก... เคยเป็น ประธานสภาอุตสาหกรรม แห่งประเทศไทยคร๊ะ pic.twitter.com/pfWwQIB8oe", "date": "20-02-2019 11:34", "retweet": 18, "like": 26}, {"id": "1097879826164150272", "url": "https://twitter.com/A_Kawin/status/1097879826164150272", "username": "", "text": "ได้กลิ่นปิ้งย่าง pic.twitter.com/Hce0hPQrhz", "date": "19-02-2019 22:25", "retweet": 11, "like": 11}, {"id": "1097841282217463808", "url": "https://twitter.com/A_Kawin/status/1097841282217463808", "username": "", "text": "เปลี่ยนหนีเลยค่ะ", "date": "19-02-2019 19:52", "retweet": 0, "like": 0}, {"id": "1097835840875593728", "url": "https://twitter.com/A_Kawin/status/1097835840875593728", "username": "", "text": "นั่งดูรายการของจอมขวัญ คุณช่อ อยู่พรรคไหนเนี่ยยยยยยย", "date": "19-02-2019 19:30", "retweet": 0, "like": 0}, {"id": "1097788671011434496", "url": "https://twitter.com/A_Kawin/status/1097788671011434496", "username": "", "text": "เลอะ pic.twitter.com/clXphAUYW4", "date": "19-02-2019 16:23", "retweet": 0, "like": 3}, {"id": "1097770489051660290", "url": "https://twitter.com/A_Kawin/status/1097770489051660290", "username": "", "text": "ติดตักกว่ามะลิอีก pic.twitter.com/m9FVO46H2y", "date": "19-02-2019 15:10", "retweet": 1, "like": 6}, {"id": "1097770219810902016", "url": "https://twitter.com/A_Kawin/status/1097770219810902016", "username": "", "text": "เคสนี้คือเหี้ยมมาก สงสารเจ้าของ อาคาร 40 ล้าน สินค้า 40 ล้าน เป็นเราคงอยากบีบคอคนขับ", "date": "19-02-2019 15:09", "retweet": 171, "like": 16}, {"id": "1097767152377970688", "url": "https://twitter.com/A_Kawin/status/1097767152377970688", "username": "", "text": "เปิดประตูกระจกหนีจากร้านตัวเองวิ่งมาหา pic.twitter.com/zcdaQHo1ZM", "date": "19-02-2019 14:57", "retweet": 4, "like": 10}, {"id": "1097765540167266304", "url": "https://twitter.com/A_Kawin/status/1097765540167266304", "username": "", "text": "pic.twitter.com/RYOgRTHFRq", "date": "19-02-2019 14:51", "retweet": 1, "like": 0}, {"id": "1097764374733762561", "url": "https://twitter.com/A_Kawin/status/1097764374733762561", "username": "", "text": "ขอบคุณ", "date": "19-02-2019 14:46", "retweet": 0, "like": 0}, {"id": "1097761777356496896", "url": "https://twitter.com/A_Kawin/status/1097761777356496896", "username": "", "text": "เพื่อนให้ข้าวไรซ์เบอรี่ มา 3 ปีแล้ว ยังไม่ได้กินเลย", "date": "19-02-2019 14:36", "retweet": 0, "like": 0}, {"id": "1097761583491571712", "url": "https://twitter.com/A_Kawin/status/1097761583491571712", "username": "", "text": "ว่าแต่ ใครจะหุงข้าวให้เรากิน", "date": "19-02-2019 14:35", "retweet": 0, "like": 0}, {"id": "1097761470283018240", "url": "https://twitter.com/A_Kawin/status/1097761470283018240", "username": "", "text": "สายอวดมาแล้ว ใบจริงสวยกว่าในรูปมากกกกกก โครงการการเกษตรเข้มแข็ง ข้าวกล้องปลอดสารพิษจากมหาสารคาม “ อิ่ม “ ข้าวหอมมะลิแดง 100% ขอบพระคุณคุณเจ Vorakorn Chatikavanij ส่งให้ถึงร้านค่ะ pic.twitter.com/qXLaL15w9R", "date": "19-02-2019 14:35", "retweet": 4, "like": 6}, {"id": "1097729085000757248", "url": "https://twitter.com/A_Kawin/status/1097729085000757248", "username": "", "text": "พูดถึงความรวยของบิ๊กจ๊อด pic.twitter.com/R7QZToatDI", "date": "19-02-2019 12:26", "retweet": 17, "like": 3}, {"id": "1097727800188923904", "url": "https://twitter.com/A_Kawin/status/1097727800188923904", "username": "", "text": "อยากกินหมูสะเต๊ะ", "date": "19-02-2019 12:21", "retweet": 0, "like": 0}, {"id": "1097726454261927936", "url": "https://twitter.com/A_Kawin/status/1097726454261927936", "username": "", "text": "ข้าวหมูแดงธานี อยู่ใกล้ร้านสระผมประจำ กับ รพสที่พามะลิไปอาบน้ำ ถือว่ากินบ่อย แต่น้ำราดหวานมาก ช่วงหลังเลยกิน เกี้ยมอี๋หมูสับธรรมดาแทน", "date": "19-02-2019 12:15", "retweet": 0, "like": 0}, {"id": "1097725872319033344", "url": "https://twitter.com/A_Kawin/status/1097725872319033344", "username": "", "text": "พี่เจอจนยื่นบิลเปล่าให้ไม่ปั๊มหัว เอาไปเขียนเอง เจอตั้งแต่บวก 10 บาทยัน เป็นพัน", "date": "19-02-2019 12:13", "retweet": 0, "like": 0}, {"id": "1097725637865791488", "url": "https://twitter.com/A_Kawin/status/1097725637865791488", "username": "", "text": "เกี่ยวแหวนนนนนน ดีที่ยังปราณีไม่งับจนนิ้วขาด pic.twitter.com/Jc9OxDFl7p", "date": "19-02-2019 12:12", "retweet": 2, "like": 7}, {"id": "1097718881064443905", "url": "https://twitter.com/A_Kawin/status/1097718881064443905", "username": "", "text": "‘ทองสร้อย’ จากแมวจรสู่ ‘แมวนั่งดริ๊งก์’ ที่ยอมพลีกายเพื่อแลกกับการเผือกเรื่องชาวบ้าน https://www. catdumb.com/tongsoi-ride-d rink-777/ … ผ่าน @catdumbnews", "date": "19-02-2019 11:45", "retweet": 10, "like": 11}, {"id": "1097552940317913093", "url": "https://twitter.com/A_Kawin/status/1097552940317913093", "username": "", "text": "สวยอาบน้ำมา แต่หน้าตาหงิกเท่าเดิม pic.twitter.com/m32fAzad3w", "date": "19-02-2019 00:46", "retweet": 5, "like": 11}, {"id": "1097544388832456708", "url": "https://twitter.com/A_Kawin/status/1097544388832456708", "username": "", "text": "เสนอนโยบายสวยๆไปเถอะ อย่าเอาแต่แขวะคนอื่น", "date": "19-02-2019 00:12", "retweet": 3, "like": 3}, {"id": "1097538753906667525", "url": "https://twitter.com/A_Kawin/status/1097538753906667525", "username": "", "text": "ดูเฉลิมปราศรัย ลุงตู่นี่ยังเทียบไม่ติดฝุ่น", "date": "18-02-2019 23:50", "retweet": 0, "like": 0}, {"id": "1097537477907144704", "url": "https://twitter.com/A_Kawin/status/1097537477907144704", "username": "", "text": "ตอนมายืม กับตอนคืน คนละคนชัดๆ", "date": "18-02-2019 23:45", "retweet": 1, "like": 0}, {"id": "1097536570297470981", "url": "https://twitter.com/A_Kawin/status/1097536570297470981", "username": "", "text": "เป็นเจ้าหนี้นอกจากซวย เจอลูกหนี้เบี้ยวเงินอีก คือ ซวยซับซวยซ้อน มิน่า บางรายเงินไม่เอาก็ได้วะ ถึงรุมกระทืบ", "date": "18-02-2019 23:41", "retweet": 1, "like": 0}, {"id": "1097536185549778951", "url": "https://twitter.com/A_Kawin/status/1097536185549778951", "username": "", "text": "เจ้าหนี้คือซวยแท้", "date": "18-02-2019 23:39", "retweet": 0, "like": 0}, {"id": "1097535799694831621", "url": "https://twitter.com/A_Kawin/status/1097535799694831621", "username": "", "text": "วัดความยาวของมะลิ กลัวโดนกัด ใช้app ช่วย วัดจากหัวถึงตูด 43 cm ส่วนน้ำหนักเมื่อตอนเที่ยงหมอจับชั่ง 5.35 กิโล", "date": "18-02-2019 23:38", "retweet": 1, "like": 2}, {"id": "1097535189239001091", "url": "https://twitter.com/A_Kawin/status/1097535189239001091", "username": "", "text": "พ่อดูจ๋อยนะฟ้า หรือ เลือกรูปผิด", "date": "18-02-2019 23:35", "retweet": 0, "like": 0}, {"id": "1097533077092323329", "url": "https://twitter.com/A_Kawin/status/1097533077092323329", "username": "", "text": "ทำหนังสือสัญญาจับเซ็น ผิดนัด แจ้งความ จับติดคุก", "date": "18-02-2019 23:27", "retweet": 0, "like": 0}, {"id": "1097483355308797952", "url": "https://twitter.com/A_Kawin/status/1097483355308797952", "username": "", "text": "แตกตื่นกันหลายคน", "date": "18-02-2019 20:09", "retweet": 0, "like": 0}, {"id": "1097428117344313346", "url": "https://twitter.com/A_Kawin/status/1097428117344313346", "username": "", "text": "ได้ข่าวว่า แม่รีดผ้าไม่เรียบ ไม่ก็ เรียบจนไหม้ มาค่ะ ลิจะสอนให้ pic.twitter.com/Nm7Rvi2lHg", "date": "18-02-2019 16:30", "retweet": 4, "like": 15}, {"id": "1097425570059542528", "url": "https://twitter.com/A_Kawin/status/1097425570059542528", "username": "", "text": "แมนๆ พ่อของ #ฟ้าเดียวกันพ่องงงง", "date": "18-02-2019 16:20", "retweet": 1, "like": 0}, {"id": "1097418288248713217", "url": "https://twitter.com/A_Kawin/status/1097418288248713217", "username": "", "text": "เก่งกว่าแม่ลูกกกกก https:// twitter.com/pdchina/status /1097360057207906307 …", "date": "18-02-2019 15:51", "retweet": 1, "like": 2}, {"id": "1097417952410783745", "url": "https://twitter.com/A_Kawin/status/1097417952410783745", "username": "", "text": "5555555 เปิดๆ เราชอบฟัง เพลงหนักแผ่นดิน", "date": "18-02-2019 15:50", "retweet": 1, "like": 0}, {"id": "1097403466769670144", "url": "https://twitter.com/A_Kawin/status/1097403466769670144", "username": "", "text": "ยุคนี้บ้านเมืองสงบไม่สงบกุไม่รู้ แต่ดีกว่ากว่า ม๊อบสี ยุยง เผาบ้านเผาเมือง ยิง M79 ปาระเบิดกันเป็นว่าเล่น", "date": "18-02-2019 14:52", "retweet": 26, "like": 35}, {"id": "1097403052380762112", "url": "https://twitter.com/A_Kawin/status/1097403052380762112", "username": "", "text": "“ธนกร” วอน เลิกดราม่า ‘บิ๊กตู่’ ลงพื้นที่หาเสียง โว ยุคนี้บ้านเมืองสงบ ไม่เหมือนในอดีต https://www. khaosod.co.th/election-2019/ news_2223387 … via @ข่าวสด", "date": "18-02-2019 14:50", "retweet": 1, "like": 0}, {"id": "1097396554346856448", "url": "https://twitter.com/A_Kawin/status/1097396554346856448", "username": "", "text": "หนุ่มสงขลาซิ่งเก๋งชนร้านเฟอร์นิเจอร์ ไฟท่วมวอดทั้งหลัง เสียหายกว่า 80 ล้าน | Workpoint News >> เมาแล้วขับ https:// workpointnews.com/2019/02/18/%e0 %b8%ab%e0%b8%99%e0%b8%b8%e0%b9%88%e0%b8%a1%e0%b8%aa%e0%b8%87%e0%b8%82%e0%b8%a5%e0%b8%b2%e0%b8%8b%e0%b8%b4%e0%b9%88%e0%b8%87%e0%b9%80%e0%b8%81%e0%b9%8b%e0%b8%87%e0%b8%8a%e0%b8%9901/ …", "date": "18-02-2019 14:25", "retweet": 7, "like": 0}, {"id": "1097395565040611329", "url": "https://twitter.com/A_Kawin/status/1097395565040611329", "username": "", "text": "เวลามีปัญหาค่อยสั่งทาง ลาซาดาก็ได้ค่ะ", "date": "18-02-2019 14:21", "retweet": 0, "like": 0}, {"id": "1097395461994930176", "url": "https://twitter.com/A_Kawin/status/1097395461994930176", "username": "", "text": "จ๊ะ pic.twitter.com/XtYxI2K342", "date": "18-02-2019 14:20", "retweet": 2, "like": 0}, {"id": "1097393619000995841", "url": "https://twitter.com/A_Kawin/status/1097393619000995841", "username": "", "text": "ตอนหอบหืดกำเริบ นอน รพ สองอาทิตย์ ปากแห้ง รอมฝีปากแตก ในลำคอมีกลิ่นเลยค่ะ", "date": "18-02-2019 14:13", "retweet": 0, "like": 0}, {"id": "1097393303975153664", "url": "https://twitter.com/A_Kawin/status/1097393303975153664", "username": "", "text": "สงสัยฟังเพลงหนักแผ่นดินแล้วของขึ้นอีกคน", "date": "18-02-2019 14:12", "retweet": 1, "like": 3}, {"id": "1097393129504690176", "url": "https://twitter.com/A_Kawin/status/1097393129504690176", "username": "", "text": "การเมือง - ‘เสรีพิศุทธ์’เฉ่ง‘บิ๊กแดง’เด็กวานซืน เหวี่ยง‘บิ๊กป้อม’ตายแล้วสงครามโลกก็ไม่มี https://www. naewna.com/politic/396207", "date": "18-02-2019 14:11", "retweet": 1, "like": 0}, {"id": "1097381474741903363", "url": "https://twitter.com/A_Kawin/status/1097381474741903363", "username": "", "text": "เราควรย้ายไปอยู่บางซื่อ", "date": "18-02-2019 13:25", "retweet": 0, "like": 1}, {"id": "1097381077939679232", "url": "https://twitter.com/A_Kawin/status/1097381077939679232", "username": "", "text": "ซักผ้าแล้วมีความสุข pic.twitter.com/PrhuiQU10r", "date": "18-02-2019 13:23", "retweet": 21, "like": 18}, {"id": "1097375488811577344", "url": "https://twitter.com/A_Kawin/status/1097375488811577344", "username": "", "text": "ลูกแมวหมูหนัก 5.35 กิโล กำลังกินเลย", "date": "18-02-2019 13:01", "retweet": 0, "like": 1}, {"id": "1097375126222385152", "url": "https://twitter.com/A_Kawin/status/1097375126222385152", "username": "", "text": "ส่งมะลิไปอาบน้ำตอน เกือบ 10 โมง ระหว่างนั้น ถูบ้าน ล้างอุปกรณ์แมว อาบน้ำ เที่ยงมะลิอาบน้ำเสร็จ เที่ยงครึ่งไปรับกินเกี๊ยวน้ำร้านธานีข้าวหมูแดง ตบท้ายด้วยกาแฟ สตาร์บัคฟรี ตอนบ่ายๆ จะไปอยุธยาไหว้พระ เยียวยาด้วยกุ้งเผาในวันหยุด #พรุ่งนี้ขอหยุดอีกวันได้มั้ย", "date": "18-02-2019 12:59", "retweet": 0, "like": 5}, {"id": "1097369348040097792", "url": "https://twitter.com/A_Kawin/status/1097369348040097792", "username": "", "text": "ยังไม่รู้อยู่ภพไหนเลย https:// twitter.com/actions34/stat us/1097364587723206656 …", "date": "18-02-2019 12:36", "retweet": 0, "like": 0}, {"id": "1097346461015011329", "url": "https://twitter.com/A_Kawin/status/1097346461015011329", "username": "", "text": "ต่อให้ถือกระเป๋าใบละล้าน สวมรองเท้าคู่ละแสน ทำไมกูต้องให้เงินมึง #ตรรกะบัดซบจริงๆ", "date": "18-02-2019 11:05", "retweet": 10, "like": 2}, {"id": "1097342748506480645", "url": "https://twitter.com/A_Kawin/status/1097342748506480645", "username": "", "text": "ทันกับเค้ามา 1 ใบค่ะ pic.twitter.com/f0yho4fpEH", "date": "18-02-2019 10:51", "retweet": 0, "like": 0}, {"id": "1097342595053703169", "url": "https://twitter.com/A_Kawin/status/1097342595053703169", "username": "", "text": "เห็นผ้าใบกระสอบออกมาน่ารัก หมดไวมากค่ะ", "date": "18-02-2019 10:50", "retweet": 0, "like": 0}, {"id": "1097342067708022784", "url": "https://twitter.com/A_Kawin/status/1097342067708022784", "username": "", "text": "ไม่แพงค่ะ มีข้าวอิ่มสีแดงให้ 2 กิโล แต่ละใบราคาไม่เท่ากัน", "date": "18-02-2019 10:48", "retweet": 2, "like": 0}, {"id": "1097340583218040832", "url": "https://twitter.com/A_Kawin/status/1097340583218040832", "username": "", "text": "โครงการข้าวอิ่ม เอาซังตอข้าวมาสานเป็นกระเป๋าโดยคุณยาย แล้วเอามาสร้างมูลเพิ่ม แต่ละใบจะมีเอกลักษณ์เฉพาะตัว ลวดลายไม่เหมือนกัน สนใจเชิญชมและเลือกซื้อในแบบที่ตัวเองชอบนะคะ cr คุณ เจ วรกร จาติกวณิช pic.twitter.com/PPHbjUXzlY", "date": "18-02-2019 10:42", "retweet": 112, "like": 70}, {"id": "1097334696982147072", "url": "https://twitter.com/A_Kawin/status/1097334696982147072", "username": "", "text": "อาหารเช้าบ้านๆ คือหาได้เท่านี้ ทั้งบ้าน pic.twitter.com/6juHA4SN8d", "date": "18-02-2019 10:19", "retweet": 0, "like": 0}, {"id": "1097333309808332801", "url": "https://twitter.com/A_Kawin/status/1097333309808332801", "username": "", "text": "บิ๊กแดง ไล่ หญิงหน่อย ไปฟังเพลง หนักแผ่นดิน - Nation TV http://www. nationtv.tv/main/content/3 78691002/ …", "date": "18-02-2019 10:13", "retweet": 0, "like": 0}, {"id": "1097331745454620674", "url": "https://twitter.com/A_Kawin/status/1097331745454620674", "username": "", "text": "ดูนั่นสิลูก แล้วมันจะผ่านไป pic.twitter.com/CUiyDM09XN", "date": "18-02-2019 10:07", "retweet": 4, "like": 9}, {"id": "1097330898637185026", "url": "https://twitter.com/A_Kawin/status/1097330898637185026", "username": "", "text": "มิน่า ต้องมีที่ไปไหนฝนตกแน่ๆ เพราะอากาศไม่ร้อนตามปกติ เดี๋ยวบ่ายโมงต้องไปรับแมวอาบน้ำ นอนต่อดีกว่า วันนี้หยุดงาน", "date": "18-02-2019 10:04", "retweet": 0, "like": 0}, {"id": "1097326235837841408", "url": "https://twitter.com/A_Kawin/status/1097326235837841408", "username": "", "text": "เกี่ยวอิหยัง", "date": "18-02-2019 09:45", "retweet": 0, "like": 0}, {"id": "1097325740754792448", "url": "https://twitter.com/A_Kawin/status/1097325740754792448", "username": "", "text": "รอราชรถมารับไปอาบน้ำ ก่อนเที่ยงจะได้เสร็จ pic.twitter.com/LKRvVtwJaA", "date": "18-02-2019 09:43", "retweet": 0, "like": 0}]