[{"id": "1099454626749833216", "url": "https://twitter.com/Abhisit_DP/status/1099454626749833216", "username": "", "text": "อรุณสวัสดิ์ครับ เช้านี้เดินหน้าหาเสียง ด้วยการเดินถอยหลังทักทายพี่น้องที่สวนหลวงร.9 ครับ #เลือกตั้ง62 #ประชาธิปัตย์ #แก้จนสร้างคนสร้างชาติ ผลิตโดย นายอภิสิทธิ์ เวชชาชีวะ จำนวน 1 ชุด ตามวันเวลาที่ปรากฏ ที่ส่งมาในครั้งนี้ pic.twitter.com/OvJCcca4hu – bei สวนหลวง ร.9 (Suanluang Rama IX)", "date": "24-02-2019 06:43", "retweet": 58, "like": 252}, {"id": "1099294184299585536", "url": "https://twitter.com/Abhisit_DP/status/1099294184299585536", "username": "", "text": "พบกันในรายการ ทอล์ก-กะ-เทย ONE NIGHT @thePompam คืนนี้ 22.30 น. ทางช่อง ONE31 ครับ #talkwithtoey #GMMTV #อภิสิทธิ์ #เลือกตั้ง62 #ประชาธิปัตย์ ผลิตโดย รายการ ทอล์ก-กะ-เทย ONE NIGHT เผยแพร่ซ้ำโดย @Abhisit_DP พรรคประชาธิปัตย์ จำนวน 1 ชุด ตามวันเวลาที่ส่งมาในครั้งนี้ pic.twitter.com/bAmQ6vgx3p", "date": "23-02-2019 20:05", "retweet": 153, "like": 216}, {"id": "1099254938712985600", "url": "https://twitter.com/Abhisit_DP/status/1099254938712985600", "username": "", "text": "จะเป็นที่ไหนไปไม่ได้นอกจากลพบุรีครับ #ลพบุรี #เลือกตั้ง62 #ประชาธิปัตย์ #แก้จนสร้างคนสร้างชาติ ผลิตโดย นายอภิสิทธิ์ เวชชาชีวะ จำนวน 1 ชุด ตามวันเวลาที่ปรากฏ ที่ส่งมาในครั้งนี้ pic.twitter.com/hvOMimowaj", "date": "23-02-2019 17:29", "retweet": 66, "like": 228}, {"id": "1099187127915409408", "url": "https://twitter.com/Abhisit_DP/status/1099187127915409408", "username": "", "text": "#เซลฟี่ฉันท์พี่น้อง บนรถแห่ที่สุโขทัยเมื่อวานนี้ครับ #เลือกตั้ง62 #ประชาธิปัตย์ #แก้จนสร้างคนสร้างชาติ ผลิตโดย นายอภิสิทธิ์ เวชชาชีวะ จำนวน 1 ชุด ตามวันเวลาที่ปรากฏ ที่ส่งมาในครั้งนี้ pic.twitter.com/NIm4LyyWjg", "date": "23-02-2019 13:00", "retweet": 58, "like": 190}, {"id": "1099094048915124224", "url": "https://twitter.com/Abhisit_DP/status/1099094048915124224", "username": "", "text": "ช่อนี้ใหญ่ที่สุดตั้งแต่หาเสียงมาเลยครับ ขอบคุณครับ #เลือกตั้ง62 #ประชาธิปัตย์ #แก้จนสร้างคนสร้างชาติ ผลิตโดย นายอภิสิทธิ์ เวชชาชีวะ จำนวน 1 ชุด ตามวันเวลาที่ปรากฏ ที่ส่งมาในครั้งนี้ pic.twitter.com/MBVK1korN9 – bei สวนสุขภาพ สมาคมแต้จิ๋ว", "date": "23-02-2019 06:50", "retweet": 62, "like": 242}, {"id": "1098935622473900032", "url": "https://twitter.com/Abhisit_DP/status/1098935622473900032", "username": "", "text": "มาแล้วครับ ผลการดวลแข้งกับคุณ @Woodytalk งานนี้เล่นเอาหอบเหมือนกัน ผลเป็นอย่างไรไปชมกันครับ @paritw92 #อภิสิทธิ์ #ประชาธิปัตย์ #เลือกตั้ง62 #woodyChallenge http:// bit.ly/2BNtY3T เผยแพร่ซ้ำโดย @Abhisit_DP พรรคประชาธิปัตย์จำนวน 1 ชุด ตามวันเวลาที่ส่งมาในครั้งนี้", "date": "22-02-2019 20:20", "retweet": 44, "like": 81}, {"id": "1098907981112963072", "url": "https://twitter.com/Abhisit_DP/status/1098907981112963072", "username": "", "text": "LIVE ปราศรัยใหญ่ภาคเหนือจาก แยกกระชงค์ อ.เมือง จ.สุโขทัย #เลือกตั้ง2562 #ประชาธิปัตย์ #แก้จนสร้างคนสร้างชาติ https:// m.facebook.com/story.php?stor y_fbid=576968372822022&id=296508406790 … ผลิตโดย พรรคประชาธิปัตย์ จำนวน 1 ชุด ตามวันเวลาที่ปรากฏ ที่ส่งมาในครั้งนี้", "date": "22-02-2019 18:30", "retweet": 13, "like": 47}, {"id": "1098845137960984576", "url": "https://twitter.com/Abhisit_DP/status/1098845137960984576", "username": "", "text": "เหงื่อออกเช็ดก็แห้ง เหนื่อยพักก็หาย แต่กำลังใจที่ได้ประทับใจนาน ขอบคุณครับ #สุโขทัย #เลือกตั้ง62 #ประชาธิปัตย์ #แก้จนสร้างคนสร้างชาติ ผลิตโดย นายอภิสิทธิ์ เวชชาชีวะ จำนวน 1 ชุด ตามวันเวลาที่ปรากฏ ที่ส่งมาในครั้งนี้ pic.twitter.com/w5TipfaoFW", "date": "22-02-2019 14:21", "retweet": 64, "like": 251}, {"id": "1098831370019717120", "url": "https://twitter.com/Abhisit_DP/status/1098831370019717120", "username": "", "text": "เวทีเฉพาะกิจ ที่ อ.สวรรคโลก ครับ #สุโขทัย #เลือกตั้ง62 #ประชาธิปัตย์ #แก้จนสร้างคนสร้างชาติ ผลิตโดย นายอภิสิทธิ์ เวชชาชีวะ จำนวน 1 ชุด ตามวันเวลาที่ปรากฏ ที่ส่งมาในครั้งนี้ pic.twitter.com/sU7yNVs1EN – bei @สวรรคโลก", "date": "22-02-2019 13:26", "retweet": 29, "like": 72}, {"id": "1098820212751663104", "url": "https://twitter.com/Abhisit_DP/status/1098820212751663104", "username": "", "text": "รับคำท้า!! งานนี้ไม่ยอมแน่ @Woodytalk ชวนเตะบอลแข่งทั้งทีต้องจัดเต็ม ใครจะชนะมาโหวตกัน!! #อภิสิทธิ์ #ประชาธิปัตย์ #เลือกตั้ง62 #woodyChallenge http:// bit.ly/2E0z3q7 เผยแพร่ซ้ำโดย @Abhisit_DP พรรคประชาธิปัตย์ จำนวน 1 ชุด ตามวันเวลาที่ส่งมาในครั้งนี้", "date": "22-02-2019 12:42", "retweet": 28, "like": 65}, {"id": "1098805136434987008", "url": "https://twitter.com/Abhisit_DP/status/1098805136434987008", "username": "", "text": "จุดแรกวันนี้มาขอคะแนนให้ นายโด่ง แสวงลาภ เบอร์ 11 ผู้สมัคร ส.ส. สุโขทัย อ.ศรีสัชนาลัย อ.ศรีนคร อ.สวรรคโลก #สุโขทัย #เลือกตั้ง62 #ประชาธิปัตย์ #แก้จนสร้างคนสร้างชาติ ผลิตโดย นายอภิสิทธิ์ เวชชาชีวะ พรรคประชาธิปัตย์ จำนวน 1 ชุด ตามวันเวลาที่ปรากฏ ที่ส่งมาในครั้งนี้ pic.twitter.com/RmCMxpSiom", "date": "22-02-2019 11:42", "retweet": 27, "like": 76}, {"id": "1098731151823319040", "url": "https://twitter.com/Abhisit_DP/status/1098731151823319040", "username": "", "text": "อีกเช้ากับพระจันทร์ แล้วพบกันที่สุโขทัยครับ #สุโขทัย #เลือกตั้ง62 #ประชาธิปัตย์ #แก้จนสร้างคนสร้างชาติ ผลิตโดย นายอภิสิทธิ์ เวชชาชีวะ จำนวน 1 ชุด ตามวันเวลาที่ปรากฏ ที่ส่งมาในครั้งนี้ pic.twitter.com/JiomGfAPcf", "date": "22-02-2019 06:48", "retweet": 51, "like": 196}, {"id": "1098500401211498496", "url": "https://twitter.com/Abhisit_DP/status/1098500401211498496", "username": "", "text": "บ่ายนี้มากับผู้สมัคร ส.ส. นครปฐม อ.สามพราน นายสุรชัย อนุตธโต เบอร์ 2 ครับ #สามพราน #นครปฐม #ประชาธิปัตย์ #เลือกตั้ง62 #แก้จนสร้างคนสร้างชาติ ผลิตโดย นายอภิสิทธิ์ เวชชาชีวะ จำนวน 1 ชุด ตามวันเวลาที่ปรากฏ ที่ส่งมาในครั้งนี้ pic.twitter.com/H8s0pSvUYe", "date": "21-02-2019 15:31", "retweet": 30, "like": 112}, {"id": "1098381619759480832", "url": "https://twitter.com/Abhisit_DP/status/1098381619759480832", "username": "", "text": "ออกมาทักทายพี่น้องประชาชนผู้รักสุขภาพที่สวนธนบุรีรมย์ตั้งแต่พระอาทิตย์ยังไม่ขึ้นครับ Early bird, early Mark #เลือกตั้ง62 #ประชาธิปัตย์ #แก้จนสร้างคนสร้างชาติ ผลิตโดย นายอภิสิทธิ์ เวชชาชีวะ พรรคประชาธิปัตย์ จำนวน 1 ชุด ตามวันเวลาที่ปรากฏ ที่ส่งมาในครั้งนี้ pic.twitter.com/rzQtgLry6N – bei Thonburirom Park (สวนธนบุรีรมย์)", "date": "21-02-2019 07:39", "retweet": 50, "like": 171}, {"id": "1098258661896376321", "url": "https://twitter.com/Abhisit_DP/status/1098258661896376321", "username": "", "text": "หลายคนชอบถ่าย Selfies แต่สำหรับผมมีตั้งแต่ Selfies, Youfies, Wefies วันนี้สนุกสนานและประทับใจมากครับ #เลือกตั้ง62 #ประชาธิปัตย์ #แก้จนสร้างคนสร้างชาติ ผลิตโดย นายอภิสิทธิ์ เวชชาชีวะ พรรคประชาธิปัตย์ จำนวน 1 ชุด ตามวันเวลาที่ปรากฏ ที่ส่งมาในครั้งนี้ pic.twitter.com/NkfsoRqgMR", "date": "20-02-2019 23:30", "retweet": 107, "like": 268}, {"id": "1098173179699257344", "url": "https://twitter.com/Abhisit_DP/status/1098173179699257344", "username": "", "text": "ระหว่างรอรถติดอยู่แยกประชานุกูล ก็เปิดกระจกมาทักทายถ่ายเซลฟี่ด้วยกันได้นะครับ @eggkanawat เขตบางซื่อ-ดุสิต เบอร์ 15 ครับ #เลือกตั้ง62 #ประชาธิปัตย์ #แก้จนสร้างคนสร้างชาติ ผลิตโดย นายอภิสิทธิ์ เวชชาชีวะ pic.twitter.com/kLPYh7p738 – bei แยกประชานุกูล (Prachanukun Intersection)", "date": "20-02-2019 17:51", "retweet": 60, "like": 137}, {"id": "1098150542000349184", "url": "https://twitter.com/Abhisit_DP/status/1098150542000349184", "username": "", "text": "เย็นนี้ \"หล่อใหญ่ ปะทะ หล่อใหม่\" ครับ #เลือกตั้ง62 #ประชาธิปัตย์ #แก้จนสร้างคนสร้างชาติ ผลิตโดย นายอภิสิทธิ์ เวชชาชีวะ pic.twitter.com/VdRDUTUGSj", "date": "20-02-2019 16:21", "retweet": 59, "like": 150}, {"id": "1098114656520962048", "url": "https://twitter.com/Abhisit_DP/status/1098114656520962048", "username": "", "text": "เที่ยงนี้มาหาพี่น้องที่กำลังทานอาหารกลางวันแถวสาทรครับ #เอ็มไพร์ทาวเวอร์ #สาทร #เลือกตั้ง62 #ประชาธิปัตย์ #แก้จนสร้างคนสร้างชาติ ผลิตโดย นายอภิสิทธิ์ เวชชาชีวะ พรรคประชาธิปัตย์ จำนวน 1 ชุด ตามวันเวลาที่ปรากฏ ที่ส่งมาในครั้งนี้ pic.twitter.com/KeAGJqG3gx", "date": "20-02-2019 13:58", "retweet": 21, "like": 128}, {"id": "1098011996266491904", "url": "https://twitter.com/Abhisit_DP/status/1098011996266491904", "username": "", "text": "วันนี้มาขอคะแนนจากพี่น้องที่มาจ่ายตลาดยามเช้าใน #ตลาดวงศกร #สายไหม #เลือกตั้ง62 #ประชาธิปัตย์ #แก้จนสร้างคนสร้างชาติ ผลิตโดย นายอภิสิทธิ์ เวชชาชีวะ พรรคประชาธิปัตย์ จำนวน 1 ชุด ตามวันเวลาที่ปรากฏ ที่ส่งมาในครั้งนี้ pic.twitter.com/2ge6bSz3yy – bei ตลาดวงศกร", "date": "20-02-2019 07:10", "retweet": 44, "like": 183}, {"id": "1097655572063694848", "url": "https://twitter.com/Abhisit_DP/status/1097655572063694848", "username": "", "text": "ทำความดี ละเว้นความชั่ว ทำจิตใจให้ผ่องใส วันมาฆบูชาครับ pic.twitter.com/VIk9Ez6vru", "date": "19-02-2019 07:34", "retweet": 71, "like": 339}, {"id": "1097291815563124736", "url": "https://twitter.com/Abhisit_DP/status/1097291815563124736", "username": "", "text": "ขอบคุณที่ทักทายกันครับ #แยกวังหิน @SansernDemocrat ผู้สมัครเขตลาดพร้าว-วังทองหลาง เบอร์ 16 #เลือกตั้ง62 #ประชาธิปัตย์ #แก้จนสร้างคนสร้างชาติ ผลิตโดย นายอภิสิทธิ์ เวชชาชีวะ pic.twitter.com/p3t5B23PtQ – bei แยกวังหิน (Wang Hin Intersection)", "date": "18-02-2019 07:28", "retweet": 49, "like": 138}]