[{"id": "1099320494006755329", "url": "https://twitter.com/Adoery/status/1099320494006755329", "username": "", "text": "ใจจริง อยากแจกเฉพาะคนที่ฟอลโล่วเราด้วยซ้ำอุแง 5555", "date": "23-02-2019 21:50", "retweet": 0, "like": 0}, {"id": "1099320321960595456", "url": "https://twitter.com/Adoery/status/1099320321960595456", "username": "", "text": "รับทราบทุกคอมเม้นท์แล้ว คงไล่ตอบหมดไม่ไหว แต่ก็ขอบคุณที่สนใจมากๆค่าา อาจจะปริ้นท์ไปได้ไม่เยอะพอให้ทุกคน ยังไงก็จะมาอัพเดทอีกทีเนอะ", "date": "23-02-2019 21:49", "retweet": 0, "like": 0}, {"id": "1099166622290333697", "url": "https://twitter.com/Adoery/status/1099166622290333697", "username": "", "text": "เย้ๆ ได้เบบย กลับมาดูอีกทีก็คือยอดรีไปเยอะแล้ว 5555555", "date": "23-02-2019 11:38", "retweet": 0, "like": 1}, {"id": "1099135694369255424", "url": "https://twitter.com/Adoery/status/1099135694369255424", "username": "", "text": "RT อะ iKON กำลังจะมา พี่ก็จะกลับมาเฉพาะกิจ วันจันทร์พี่จะไปแจกการ์ดปีใหม่ที่เซนทรัลเวิลด์​ ขอมือคนที่อยากได้หน่อยค่ะ จะได้ปริ้นท์ไปเพียงพอ และใครอยากแลกหรือเอาของมาให้เรา เดมเลยงับ #iKON #10isComingXiKON pic.twitter.com/qfPaALfDbi", "date": "23-02-2019 09:35", "retweet": 607, "like": 226}, {"id": "1098570113698037760", "url": "https://twitter.com/Adoery/status/1098570113698037760", "username": "", "text": "มันเซ็งในตัวเองอะที่ทำตามเป้าที่วางไว้ไม่ได้ งั้นพักเลิกเล่นทวิตก่อนละกัน งานถมตัวมากๆและน่าจะอีกนาน ไว้พร้อมเมื่อไหร่จะกลับมาพร้อมแฟนอาร์ตไอค่อน 555555555 คิดถึงก็เดมหาได้ สบ๊าย", "date": "21-02-2019 20:08", "retweet": 0, "like": 0}, {"id": "1098568432939757568", "url": "https://twitter.com/Adoery/status/1098568432939757568", "username": "", "text": "อยากเล่นเกม แต่เหนื่อยเกินกว่าจะเล่นเอง เปิดตาเอกดูแทน", "date": "21-02-2019 20:01", "retweet": 0, "like": 1}, {"id": "1098556622018818048", "url": "https://twitter.com/Adoery/status/1098556622018818048", "username": "", "text": "สามหมื่นห้าเลยนะ", "date": "21-02-2019 19:14", "retweet": 0, "like": 0}, {"id": "1098553545010249728", "url": "https://twitter.com/Adoery/status/1098553545010249728", "username": "", "text": "จาบอกว่าคาแรกเตอร์​ที่fortnite​เต้นน้องเลิฟคือไลน์เต้นจุนเน่มากๆ", "date": "21-02-2019 19:02", "retweet": 0, "like": 1}, {"id": "1098551115698692096", "url": "https://twitter.com/Adoery/status/1098551115698692096", "username": "", "text": "เหนื่อยจนไม่พร้อมดูไอค่อนมากๆ พี่ขอพัก", "date": "21-02-2019 18:52", "retweet": 0, "like": 0}, {"id": "1098546819313717248", "url": "https://twitter.com/Adoery/status/1098546819313717248", "username": "", "text": "อยากจะตะโกนคำด่าที่หยาบที่สุดเท่าที่จะหยาบได้ เหนื่อยจนหงุดหงิดจนอยากร้องไห้", "date": "21-02-2019 18:35", "retweet": 0, "like": 2}, {"id": "1098546281130016768", "url": "https://twitter.com/Adoery/status/1098546281130016768", "username": "", "text": "ไมตอนhtcทำ ไม่บูมอะ 555555", "date": "21-02-2019 18:33", "retweet": 0, "like": 0}, {"id": "1098529410011942912", "url": "https://twitter.com/Adoery/status/1098529410011942912", "username": "", "text": "180404 울산 Show Champion - BOOMERANG kang daniel.ver https:// youtu.be/SKPI-UOKGxg via @YouTube", "date": "21-02-2019 17:26", "retweet": 0, "like": 0}, {"id": "1098527561619894272", "url": "https://twitter.com/Adoery/status/1098527561619894272", "username": "", "text": "180404 강다니엘 Kang Daniel 워너원 Wanna One '부메랑 BOOMERANG' @울산 쇼챔피언 4K 60P 직캠... https:// youtu.be/Kr8IIjIuJ2k via @YouTube", "date": "21-02-2019 17:19", "retweet": 0, "like": 0}, {"id": "1098456716134428672", "url": "https://twitter.com/Adoery/status/1098456716134428672", "username": "", "text": "MONSTA X 몬스타엑스 'Alligator' MV https:// youtu.be/3C3hIJg4rHo via @YouTube", "date": "21-02-2019 12:37", "retweet": 0, "like": 0}, {"id": "1098456195247923200", "url": "https://twitter.com/Adoery/status/1098456195247923200", "username": "", "text": "ง่วงมากตัวฉัน", "date": "21-02-2019 12:35", "retweet": 0, "like": 0}, {"id": "1098448814904492032", "url": "https://twitter.com/Adoery/status/1098448814904492032", "username": "", "text": "งานชุก ท้อ", "date": "21-02-2019 12:06", "retweet": 0, "like": 0}, {"id": "1098419841088843776", "url": "https://twitter.com/Adoery/status/1098419841088843776", "username": "", "text": "아이콘 (iKON) Full Ver. ( 사랑을했다 + 이별길 + 리듬타 + 벌떼 + 덤앤더머+ 앵콜곡) 4K 60P 직캠 190219 https:// youtu.be/gU0eBfWoVX8 via @YouTube", "date": "21-02-2019 10:11", "retweet": 0, "like": 1}, {"id": "1098384762165575680", "url": "https://twitter.com/Adoery/status/1098384762165575680", "username": "", "text": "ถามจีงงง ซื้อน้าาา", "date": "21-02-2019 07:51", "retweet": 0, "like": 0}, {"id": "1098384585333735425", "url": "https://twitter.com/Adoery/status/1098384585333735425", "username": "", "text": "ไมค้อนไม่เป็นคอนแบทล่ะ--- pic.twitter.com/3sAouzPjMX", "date": "21-02-2019 07:51", "retweet": 0, "like": 0}, {"id": "1098384262607167488", "url": "https://twitter.com/Adoery/status/1098384262607167488", "username": "", "text": "งี้คือพิเศษเฉพาะคนซื้อs10+รึปะ หรือเปิดขายแยกด้วย ถ้าขายแยกในสวิตช์มีพี่จะเล่น", "date": "21-02-2019 07:49", "retweet": 0, "like": 0}, {"id": "1098383895265927168", "url": "https://twitter.com/Adoery/status/1098383895265927168", "username": "", "text": "ไอคอนิกและไคโตะชอบแน่มากเว่อ เพราะฉันชอบ pic.twitter.com/DcuJsH6t5S", "date": "21-02-2019 07:48", "retweet": 0, "like": 0}, {"id": "1098265577775198209", "url": "https://twitter.com/Adoery/status/1098265577775198209", "username": "", "text": "อิหยังวะ ในหัวรัวมาก ทำไมได้เรเวนคลอ 55555555555555555", "date": "20-02-2019 23:58", "retweet": 0, "like": 1}, {"id": "1098265204519886848", "url": "https://twitter.com/Adoery/status/1098265204519886848", "username": "", "text": "อิหยังว่ะ ผิดโพลที่ผ่านมาหมดเลย 55555555 pic.twitter.com/cWEDAe7UYj", "date": "20-02-2019 23:56", "retweet": 0, "like": 1}, {"id": "1098259689433817090", "url": "https://twitter.com/Adoery/status/1098259689433817090", "username": "", "text": "เพิ่งรู้เรื่องดราม่ากล้าไกด์ อะไรวะเนี่ยยย", "date": "20-02-2019 23:34", "retweet": 0, "like": 0}, {"id": "1098250485880913920", "url": "https://twitter.com/Adoery/status/1098250485880913920", "username": "", "text": "พรุ่งนี้!!!", "date": "20-02-2019 22:58", "retweet": 0, "like": 2}, {"id": "1098250407229325319", "url": "https://twitter.com/Adoery/status/1098250407229325319", "username": "", "text": "ไฟโหมเลยอะ จุนเน่!!!!!!!! หนูมาเติมเชื้อเพลิงให้พี่โดยแท้อะ พี่อยากวาดหนูกับหนวดเลย!! ได้!!!! ถ้าพี่นี้งานไม่ชุก หนูเจอแฟนอาร์ตพี่แน่!!!!", "date": "20-02-2019 22:57", "retweet": 1, "like": 1}, {"id": "1098250075132686336", "url": "https://twitter.com/Adoery/status/1098250075132686336", "username": "", "text": "ไม่ไหวหนวดๆๆๆๆๆๆๆฟฟฟไฟฟงฟงงไงไวกวดวดสสดวดงะงะงงดงะงะ ชอบจริงๆ ไว้ยาวกว่านี้พี่ก็ชอบ เพราะพี่ชอบหนู น้องทำไรพี่ก็ชอบ!!!", "date": "20-02-2019 22:56", "retweet": 1, "like": 0}, {"id": "1098249824133046272", "url": "https://twitter.com/Adoery/status/1098249824133046272", "username": "", "text": "ไม่ไหว ชอบลุคนี้ pic.twitter.com/t5ZnPWDRsf", "date": "20-02-2019 22:55", "retweet": 7, "like": 6}, {"id": "1098249674538901504", "url": "https://twitter.com/Adoery/status/1098249674538901504", "username": "", "text": "หนวดจุนเน่ /กุเป็นลม", "date": "20-02-2019 22:55", "retweet": 0, "like": 0}, {"id": "1098249596533276673", "url": "https://twitter.com/Adoery/status/1098249596533276673", "username": "", "text": "แกงค์นี้น่ารักมากจริงๆนะ โดยเฉพาะน้องเสื้อเขียว-เหลืองคนที่สองจากซ้าย น้องมารยาทดีมากๆ แต่ทั้งแกงค์ก็คือเป็นงานมาก มารยาทดีและน่ารัก ขอชื่นชมเลย ชอบน้องเฟิร์ส นั่งๆอยู่ ดุ๊กดิ๊กมาก 555555 pic.twitter.com/Ias7wNeAZa", "date": "20-02-2019 22:54", "retweet": 2, "like": 0}, {"id": "1098245107805872129", "url": "https://twitter.com/Adoery/status/1098245107805872129", "username": "", "text": "กว่าจะถึงบ้าน เหนื่อยแท้ โหยหาเตียง", "date": "20-02-2019 22:36", "retweet": 0, "like": 0}, {"id": "1098180980458762240", "url": "https://twitter.com/Adoery/status/1098180980458762240", "username": "", "text": "ก็ว่าคุ้นหน้ามากๆ 5555555", "date": "20-02-2019 18:22", "retweet": 0, "like": 0}, {"id": "1098180417553805312", "url": "https://twitter.com/Adoery/status/1098180417553805312", "username": "", "text": "สุดดด นั่งอยู่ตรงหน้าพี่เอง555555", "date": "20-02-2019 18:19", "retweet": 0, "like": 0}, {"id": "1098179371339153409", "url": "https://twitter.com/Adoery/status/1098179371339153409", "username": "", "text": "สรุป คุ้นหน้าน้องเฟิร์สเพราะเป็นรุ่นน้องที่คณะ 555555", "date": "20-02-2019 18:15", "retweet": 0, "like": 0}, {"id": "1098176307915968513", "url": "https://twitter.com/Adoery/status/1098176307915968513", "username": "", "text": "ใช่จ้าาา ขอบคุณค่าา", "date": "20-02-2019 18:03", "retweet": 0, "like": 0}, {"id": "1098174702437036033", "url": "https://twitter.com/Adoery/status/1098174702437036033", "username": "", "text": "มีใครรู้จักน้องคนกลางบ้างมั้ยคะ ขอชื่อหน่อย 5555 pic.twitter.com/Rdw8xGL13d", "date": "20-02-2019 17:57", "retweet": 0, "like": 1}, {"id": "1098147699281473536", "url": "https://twitter.com/Adoery/status/1098147699281473536", "username": "", "text": "กรี๊ดดดด ดั้ยเรียนแน้ว", "date": "20-02-2019 16:09", "retweet": 0, "like": 0}, {"id": "1098042618187927560", "url": "https://twitter.com/Adoery/status/1098042618187927560", "username": "", "text": "เอาใกล้ๆ ย้อนไปภาคสองคือผมฮิคคัพเหมือนเปียกน้ำตลอดเวลา5555555", "date": "20-02-2019 09:12", "retweet": 0, "like": 0}, {"id": "1098039231455232000", "url": "https://twitter.com/Adoery/status/1098039231455232000", "username": "", "text": "คิววิน 555555555 ลาก่อน สายแน่", "date": "20-02-2019 08:58", "retweet": 0, "like": 0}, {"id": "1097963636725665792", "url": "https://twitter.com/Adoery/status/1097963636725665792", "username": "", "text": "ตีสี่แล้วพระเจ้า นอนมั่ยหลับบบ", "date": "20-02-2019 03:58", "retweet": 0, "like": 0}, {"id": "1097954362381324288", "url": "https://twitter.com/Adoery/status/1097954362381324288", "username": "", "text": "สะดุ้งตื่นแบบนี้ทุกวันเลย... มันกลับมาอีกแล้ว", "date": "20-02-2019 03:21", "retweet": 0, "like": 0}, {"id": "1097805702947434496", "url": "https://twitter.com/Adoery/status/1097805702947434496", "username": "", "text": "นี่ไม่ใช่เด็กแล้วสินะ 5555555", "date": "19-02-2019 17:30", "retweet": 0, "like": 0}, {"id": "1097801669193084928", "url": "https://twitter.com/Adoery/status/1097801669193084928", "username": "", "text": "น้องเห็นพี่ทำงานหนักแล้วอยากเชียร์เลยแง แต่เอาที่พี่สะดวกใจดีกว่า ถ้างานหนักแล้วคุ้มเหนื่อยน้องก็จะอยู่ แต่สู้ๆนะคะ", "date": "19-02-2019 17:14", "retweet": 0, "like": 0}, {"id": "1097800162762645505", "url": "https://twitter.com/Adoery/status/1097800162762645505", "username": "", "text": "เบอร์ร้านข้าวตอนอยู่อาตาปียังอยู่อะ 555555555 pic.twitter.com/abyVGtN19l", "date": "19-02-2019 17:08", "retweet": 0, "like": 0}, {"id": "1097799422434398209", "url": "https://twitter.com/Adoery/status/1097799422434398209", "username": "", "text": "ลองหาๆที่ใหม่รึยังพี่ยย", "date": "19-02-2019 17:05", "retweet": 0, "like": 0}, {"id": "1097796019037777920", "url": "https://twitter.com/Adoery/status/1097796019037777920", "username": "", "text": "ไม่ชอบดูซีนบู้ที่สตีฟบัคกี้รุมโทนี่เลย อิเวนเน้ย จาล้องหั้ย ไม่ชอบจริงๆ5555555", "date": "19-02-2019 16:52", "retweet": 0, "like": 0}, {"id": "1097795803676954625", "url": "https://twitter.com/Adoery/status/1097795803676954625", "username": "", "text": "เย้!!", "date": "19-02-2019 16:51", "retweet": 0, "like": 0}, {"id": "1097794891847856129", "url": "https://twitter.com/Adoery/status/1097794891847856129", "username": "", "text": "ดูซีวิลวอร์กี่ทีก็ปวดจัย", "date": "19-02-2019 16:47", "retweet": 0, "like": 0}, {"id": "1097794236894728193", "url": "https://twitter.com/Adoery/status/1097794236894728193", "username": "", "text": "ได้", "date": "19-02-2019 16:45", "retweet": 0, "like": 0}, {"id": "1097791576628113408", "url": "https://twitter.com/Adoery/status/1097791576628113408", "username": "", "text": "คิดถึงอาร์ดีน", "date": "19-02-2019 16:34", "retweet": 0, "like": 0}, {"id": "1097787313894023170", "url": "https://twitter.com/Adoery/status/1097787313894023170", "username": "", "text": "สรุปทีวีคือชัดมาก ชัดจนสงสัยว่านี่4K รึเปล่า ชัดแบบอย่างกะเปิดบลูเรย์ ชัดจนรำคาญตาที่เห็นตีนกานักแสดง555555", "date": "19-02-2019 16:17", "retweet": 0, "like": 0}, {"id": "1097781502295719936", "url": "https://twitter.com/Adoery/status/1097781502295719936", "username": "", "text": "เอ็นดูววว5555555เหงาเหรอ", "date": "19-02-2019 15:54", "retweet": 0, "like": 0}, {"id": "1097780532924997633", "url": "https://twitter.com/Adoery/status/1097780532924997633", "username": "", "text": "อิ่มปุ๊บก็ง่วงต่อ ชีวิตวันหยุดมีแค่นี้555555", "date": "19-02-2019 15:50", "retweet": 1, "like": 0}, {"id": "1097765956305051648", "url": "https://twitter.com/Adoery/status/1097765956305051648", "username": "", "text": "ชั้นก็จะดู แต่ก็กลัวตก5555555", "date": "19-02-2019 14:52", "retweet": 0, "like": 0}, {"id": "1097762754625036288", "url": "https://twitter.com/Adoery/status/1097762754625036288", "username": "", "text": "เช้ดดดด นายจะตกอีกมะ/ยื่นไมค์", "date": "19-02-2019 14:40", "retweet": 0, "like": 0}, {"id": "1097762450772975616", "url": "https://twitter.com/Adoery/status/1097762450772975616", "username": "", "text": "เมื่อไหร่ๆ555555", "date": "19-02-2019 14:38", "retweet": 0, "like": 0}, {"id": "1097761445708587008", "url": "https://twitter.com/Adoery/status/1097761445708587008", "username": "", "text": "วันหยุดอยู่หอทีไรคือ ตื่นเที่ยง กินข้าวเช้าตอนสี่โมงเย็น... ใช่นี่ยังไม่ได้กินไรเลย555555", "date": "19-02-2019 14:34", "retweet": 0, "like": 0}, {"id": "1097737169450426368", "url": "https://twitter.com/Adoery/status/1097737169450426368", "username": "", "text": "แค่เหนื่อยหรือเป็นโรควะ ที่นั่งนิ่งๆก็วูบหลับไปเลยอะ ทุกที่เลยจริงๆ 555555", "date": "19-02-2019 12:58", "retweet": 0, "like": 1}, {"id": "1097732413482889216", "url": "https://twitter.com/Adoery/status/1097732413482889216", "username": "", "text": "ลุกซักทีปนิสา วูบบ่อยขนาดนี้จะตายเหรอแงงง", "date": "19-02-2019 12:39", "retweet": 0, "like": 0}, {"id": "1097727458302803969", "url": "https://twitter.com/Adoery/status/1097727458302803969", "username": "", "text": "ก้อคือเที่ยงแล้ว นี่ยังหลับแล้วหลับอีก ไปไม่ถึงห้องน้ำซักที จะได้ออกจากห้องมั้ยวันนี้ 55555", "date": "19-02-2019 12:19", "retweet": 0, "like": 0}, {"id": "1097726992735035392", "url": "https://twitter.com/Adoery/status/1097726992735035392", "username": "", "text": "เมื่อไหร่จะเลิกสลบเหมือด​555555", "date": "19-02-2019 12:18", "retweet": 0, "like": 0}, {"id": "1097689569082757121", "url": "https://twitter.com/Adoery/status/1097689569082757121", "username": "", "text": "ซัมม่อนลิลเลยงับ หนูได้หมดดด @Lil_LiLium", "date": "19-02-2019 09:49", "retweet": 0, "like": 0}, {"id": "1097689432763715585", "url": "https://twitter.com/Adoery/status/1097689432763715585", "username": "", "text": "การเจอคนดีๆเข้ามาในชีวิตคือสิ่งที่ดี", "date": "19-02-2019 09:48", "retweet": 0, "like": 0}, {"id": "1097514906335686658", "url": "https://twitter.com/Adoery/status/1097514906335686658", "username": "", "text": "อหหห น่ารักกกกก ไดโนเสาร์เลิฟเว่ออย่างฉันก็คือกรี๊ด", "date": "18-02-2019 22:15", "retweet": 0, "like": 0}, {"id": "1097510927606272000", "url": "https://twitter.com/Adoery/status/1097510927606272000", "username": "", "text": "ทำทั้งคู่55555555", "date": "18-02-2019 21:59", "retweet": 0, "like": 0}, {"id": "1097508404187156481", "url": "https://twitter.com/Adoery/status/1097508404187156481", "username": "", "text": "แต่คือดบดลยังเซอร์ไพรส์​อยู่จริงๆ กราฟิกขนาดนั้น เล่นได้คือเครื่องจะต้องรับหนักแค่ไหนแง จะหาห้องยากมั้ยฟะ", "date": "18-02-2019 21:49", "retweet": 0, "like": 0}, {"id": "1097508144794591232", "url": "https://twitter.com/Adoery/status/1097508144794591232", "username": "", "text": "สรุป jump force ไม่ลงสวิตช์​จริงๆใช่มั้ยนะ 5555555 อยากเล่นอะ", "date": "18-02-2019 21:48", "retweet": 0, "like": 0}, {"id": "1097506791628259328", "url": "https://twitter.com/Adoery/status/1097506791628259328", "username": "", "text": "ฉันว่า ฉันต้องพึ่งพาการวาดรูปในสมุดแทนแล้ววว", "date": "18-02-2019 21:43", "retweet": 0, "like": 0}, {"id": "1097487694337236992", "url": "https://twitter.com/Adoery/status/1097487694337236992", "username": "", "text": "กลับไปเปิดแอคออริดอริ 55555", "date": "18-02-2019 20:27", "retweet": 0, "like": 0}, {"id": "1097487598413438976", "url": "https://twitter.com/Adoery/status/1097487598413438976", "username": "", "text": "ก็ยังอยากวาดทุกคนรวมกันในบ้านหมาอยู่ดี อยากแอคทีฟ อยากเห็นเด็กๆเติบโต", "date": "18-02-2019 20:26", "retweet": 0, "like": 0}, {"id": "1097487351570264065", "url": "https://twitter.com/Adoery/status/1097487351570264065", "username": "", "text": "อาเปานี่ชานยอลแท้ๆอะ แบบตอนแรกๆคือตัวแห้งๆสูงๆ เก้งก้างช้ะ ปัจจุบันคือกล้ามแน่นแต่ก็ลูกหมาเด๋อด๋าตัวใหญ่ๆอยู่ดี คีแกนนี่คือผู้ชายแสนดีเกินไป 555555", "date": "18-02-2019 20:25", "retweet": 0, "like": 0}, {"id": "1097486877584584706", "url": "https://twitter.com/Adoery/status/1097486877584584706", "username": "", "text": "ส่วนแคสเป้อคือผู้ชายที่ชอบผู่ชายในสเปคแต่เอื้อมไม่ถึง 55555555 มานึกได้ว่าเออ อารมณ์เหมือนคุณองฟีลเตอร์ตอนหยิบจับกล้องเลยว่ะ / พี่โทยะ คือพี่ชายที่แสนดีและอยากได้แบบงี้ในชีวิตจริง", "date": "18-02-2019 20:23", "retweet": 0, "like": 0}, {"id": "1097486503175843840", "url": "https://twitter.com/Adoery/status/1097486503175843840", "username": "", "text": "พูดถึงออริแล้ว ไคโตะนี่แหละคือลูกรัก รักมากๆด้วย แม้จะโรลได้ไม่นาน ส่วนแอชเปรียบสเมือนเพื่อนสนิทคนสนิทหรือน้องชายมากกว่า แต่ถ้าอยากมีแฟนก็อยากได้แบบแอชเนี่ย ทุบน่าจะสนุกมือดี", "date": "18-02-2019 20:22", "retweet": 0, "like": 0}, {"id": "1097484025483034625", "url": "https://twitter.com/Adoery/status/1097484025483034625", "username": "", "text": "แทฮยองทำอะไรก็นึกถึงไคโตะอะ คือเหมือนทุกอย่างจริงๆ555555", "date": "18-02-2019 20:12", "retweet": 0, "like": 0}, {"id": "1097483676831469568", "url": "https://twitter.com/Adoery/status/1097483676831469568", "username": "", "text": "ง่วงแต่อยากเล่นเกม", "date": "18-02-2019 20:11", "retweet": 0, "like": 0}, {"id": "1097474642317475840", "url": "https://twitter.com/Adoery/status/1097474642317475840", "username": "", "text": "พี่มิ้วฮับ เป็นศุกร์หน้า วันที่ 1 มั้ยฮับบ ไปถามลิลมาละ", "date": "18-02-2019 19:35", "retweet": 0, "like": 0}, {"id": "1097474433416015872", "url": "https://twitter.com/Adoery/status/1097474433416015872", "username": "", "text": "คิ้กค้ากก", "date": "18-02-2019 19:34", "retweet": 0, "like": 0}, {"id": "1097445370987073536", "url": "https://twitter.com/Adoery/status/1097445370987073536", "username": "", "text": "อุแง น่ารักจนอยากจะร้องห้ายยยยย pic.twitter.com/F7WcxdOBT3", "date": "18-02-2019 17:39", "retweet": 1, "like": 2}, {"id": "1097357989927763968", "url": "https://twitter.com/Adoery/status/1097357989927763968", "username": "", "text": "งั้นการ์ดปีใหม่กับการ์ดบ๊อบเราไปแจกหน้างานที่เซนทรัลเวิร์ดแทนนะ จะได้ไม่เปลืองค่าส่ง 555", "date": "18-02-2019 11:51", "retweet": 0, "like": 0}, {"id": "1097320268442136576", "url": "https://twitter.com/Adoery/status/1097320268442136576", "username": "", "text": "จะมีดวงกับไอค่อนได้บ้างมั้ย", "date": "18-02-2019 09:21", "retweet": 0, "like": 0}, {"id": "1097313184262742016", "url": "https://twitter.com/Adoery/status/1097313184262742016", "username": "", "text": "อยากกลับไปวาด illus เลย", "date": "18-02-2019 08:53", "retweet": 0, "like": 0}, {"id": "1097298603519791104", "url": "https://twitter.com/Adoery/status/1097298603519791104", "username": "", "text": "รอเก้าโมงอยู่!!!", "date": "18-02-2019 07:55", "retweet": 0, "like": 0}, {"id": "1097298246731354112", "url": "https://twitter.com/Adoery/status/1097298246731354112", "username": "", "text": "ขอทำอะไรตามใจชอบตัวเองบ้างแล้วกันนะ", "date": "18-02-2019 07:54", "retweet": 0, "like": 0}]