[{"id": "1098942860177530881", "url": "https://twitter.com/Ahgaset73911530/status/1098942860177530881", "username": "", "text": "แจน่าจะติดออมม่านะ เวลามีไรนางจะ ออมม่า ออมม่าตาหลอด https:// twitter.com/JBITME/status/ 1098747264003002369 …", "date": "22-02-2019 20:49", "retweet": 0, "like": 1}, {"id": "1098517337278300161", "url": "https://twitter.com/Ahgaset73911530/status/1098517337278300161", "username": "", "text": "เห็นด้วย พี่เจซองตลกจริงๆ https:// twitter.com/pepi_nim_/stat us/1097809048966070277 …", "date": "21-02-2019 16:38", "retweet": 0, "like": 1}, {"id": "1098000209492078597", "url": "https://twitter.com/Ahgaset73911530/status/1098000209492078597", "username": "", "text": "เฮียยยยยย เปนโคนไทยคับ", "date": "20-02-2019 06:23", "retweet": 0, "like": 0}, {"id": "1097992815605248000", "url": "https://twitter.com/Ahgaset73911530/status/1097992815605248000", "username": "", "text": "2", "date": "20-02-2019 05:54", "retweet": 0, "like": 0}]