[{"id": "1098834166731309056", "url": "https://twitter.com/Anake_smk/status/1098834166731309056", "username": "", "text": "ถ้าจากข้อมูล สถิติราคายาง เเละราคาน้ำมันตลาดโลก ก็น่าจะว่าได้ตามนั้นครับ ลิงค์สถิติราคายาง https://www. thairath.co.th/content/1124949 ลิงค์ราคาน้ำมันตลาดโลก https:// bit.ly/2Iv4sWX ลิงค์ผลผลิตยาง http://www. thainr.com/th/?detail=sta t-thai … ทั้งนี้ ผมว่าต้องดูที่ผลผลิตยางด้วยครับ ตามรูปที่สาม pic.twitter.com/WsLyTB8RuI", "date": "22-02-2019 13:37", "retweet": 1, "like": 0}, {"id": "1098826474725888000", "url": "https://twitter.com/Anake_smk/status/1098826474725888000", "username": "", "text": "ส่วนประเด็น ที่มาร์คอ้างว่า ราคาน้ำมันดีเซลในยุตตัวเอง ก็เกือบจะเท่ากับราคาน้ำมันในยุครัฐบาลนี้ประเด็นนี้ถูก เเต่สิ่งทีมาร์คไม่ได้พูดคือ มาร์คใช้เงินกองทุนน้ำมันฯไปอุดหนุน #เเต่ถ้าไปดูราคาน้ำมันตลาดโลก มันก็สูงตามที่ ดร.กอบศักดิ์ แกว่ามา https:// pbs.twimg.com/media/Dz8Ds_qX QAAQVNN.png … pic.twitter.com/4pFBtw9QEM", "date": "22-02-2019 13:07", "retweet": 13, "like": 4}, {"id": "1098818529720119296", "url": "https://twitter.com/Anake_smk/status/1098818529720119296", "username": "", "text": "ดร.กอบศักดิ์ #พลังประชารัฐ เเจง #ราคาน้ำมันโลก สูงราคายางสูง มาร์ค #ประชาธิปัตย์ โต้ #ราคาน้ำมันดีเซลที่ขายให้ปชช .ยุคตัวเอง เกือบจะเท่ากับรัฐบาลนี้ เเต่ราคายางสูงกว่าปัจจุบัน #คำถาม ทำไม มาร์ค ถึงเอาราคาน้ำมันดีเซลฯในประเทศมาโต้ เพราะ ดร.กอบศักดิ์ พูดถึงราคาน้ำมันโลก #เลือกตั้ง62 pic.twitter.com/nCzGL5OniS", "date": "22-02-2019 12:35", "retweet": 23, "like": 17}, {"id": "1098601193482403840", "url": "https://twitter.com/Anake_smk/status/1098601193482403840", "username": "", "text": "ขอแก้ไขหน่อยนะครับ เรื่องข้อมูลกองทุนน้ำมันฯ พอดีตายลายไปนิด เพราะจากในภาพเรื่องราคาน้ำมันคือ 20 พ.ค.54 ผมเลยต้องขอเอามติคกก.บริหารนโยบายพลังงาน ครั้งที่ 24/54 (ครั้งที่ 82) มาแปะ โดยฐานะกองทุนน้ำมันฯ 31พ.ค.54 มีฐานะเบื้องต้นสุทธิ 550 ล้านบาท http://www. eppo.go.th/index.php/th/p etroleum/item/7428-cepa-yingluck81 … pic.twitter.com/cQjfujtULi", "date": "21-02-2019 22:11", "retweet": 0, "like": 0}, {"id": "1098593024026775552", "url": "https://twitter.com/Anake_smk/status/1098593024026775552", "username": "", "text": "ผมฟังเเล้วร้องเฮ้ยยเลย เพราะผมเข้าใจว่า ดร.กอบศักดิ์ แกพูดในเเง่ราคาน้ำมันตลาดโลกเเพงราคายางก็เเพงตาม เเต่มาร์คเล่นเอาราคาน้ำมันในประเทศมาคุยโวว่ายุคเเกน้ำมันราคาถูกเเต่ราคายางเเพง เเถมไม่ยอมบอกว่าที่ราคาน้ำมันในประเทศถูก เพราะตนเองใช้เงินกองทุนน้ำมันไปอุดหนุน pic.twitter.com/Dpd14zI2SO", "date": "21-02-2019 21:39", "retweet": 21, "like": 9}, {"id": "1098562661233512448", "url": "https://twitter.com/Anake_smk/status/1098562661233512448", "username": "", "text": "ผมก็มาคิดๆนะครับ ธนาธร จ้างคนมาทำเว็บ เเละถ้าคนที่ธนาธรจ้างบอกว่า ผมทำเว็บเสร็จเเล้ว #ธนาธรจะไม่ตรวจสอบงานเลยหรือ ? ว่างานเรียบร้อยไหม มีความถูกต้อง ผิดพลาดตรงไหนหรือไม่ ?", "date": "21-02-2019 19:38", "retweet": 3, "like": 6}, {"id": "1098556304560275456", "url": "https://twitter.com/Anake_smk/status/1098556304560275456", "username": "", "text": "ร.ต.อ.ดร.เฉลิม อยู่บำรุง หัวหน้าทีมปราศรัยหาเสียงพรรคเพื่อไทย เปลี่ยนนามสกุลให้เลขาพปชร. จาก สนธิรัตน์ #สนธิจิรวงศ์ เป็น สนธิรัตน์ #จิราธิวัฒน์ #เลือกตั้ง62 pic.twitter.com/sGg2pvsJOb", "date": "21-02-2019 19:13", "retweet": 3, "like": 0}, {"id": "1098462486288773120", "url": "https://twitter.com/Anake_smk/status/1098462486288773120", "username": "", "text": "ก่อนที่คุณจะมาถามว่าเขาเอาเงินจากไหนมาซื้อ ผมว่าคุณควรจะตรวจสอบข่าวก่อนนะครับ เพราะนี่มันข่าวปลอมครับ เเล้วก็มีการชี้เเจงตั้งเเต่เมื่อวาน20 ก.พ. เเล้วว่า ข่าวปลอม https:// mgronline.com/onlinesection/ detail/9620000017664 … pic.twitter.com/UMvRuDTg6I", "date": "21-02-2019 13:00", "retweet": 0, "like": 0}, {"id": "1098416310956916742", "url": "https://twitter.com/Anake_smk/status/1098416310956916742", "username": "", "text": "ใช่ครับ นายสมัคร ไปทำหน้าที่พิธีกรในรายการ “ชิมไปบ่นไป” หลังจากเข้าดำรงตำแหน่งนายก โดยนายสมัคร #ยังคงได้รับค่าตอบแทนที่มีลักษณะเป็นทรัพย์สิน จากบริษัทผู้ผลิตรายการ #เป็นการกระทำอันต้องห้ามตามรัฐธรรมนูญมาตรา267", "date": "21-02-2019 09:57", "retweet": 3, "like": 5}, {"id": "1098182595647422465", "url": "https://twitter.com/Anake_smk/status/1098182595647422465", "username": "", "text": "เเละถ้าย้อนไปเมื่อ 24 มิ.ย. 55 อดิศร เพียงเกษ ปราศรัย ที่เวทีคนเสื้อเเดง 80ปี ยังไม่มีประชาธิปไตย \"อยากให้สถาบัน เป็น เพียงสัญลักษณ์ แบบ สหราชอาณาจักร ญี่ปุ่น กัมพูชา\" pic.twitter.com/SPA6Mlp8j3", "date": "20-02-2019 18:28", "retweet": 6, "like": 6}, {"id": "1098182236061368320", "url": "https://twitter.com/Anake_smk/status/1098182236061368320", "username": "", "text": "6ก.พ. คุณหญิงสุดารัตน์ ทวิต เรียกร้องเล่นการเมืองแบบสร้างสรรค์ อย่าเล่นการเมืองแบบเก่า ปลุกผีความขัดเเย้ง 15ก.พ. อดิศร เพียงเกษ จำเลยคดีก่อการร้าย53 ผู้สมัครส.ส.บัญชีรายชื่อ23 พท. ปราศรัย สมัครหลุดนายก ด่ามันเป็นประเทศกะลาเเลนด์ 18ก.พ. ผบ.ทบ.เเนะฟังเพลง #หนักเเผ่นดิน #เลือกตั้ง62 pic.twitter.com/1OR1biy4sl", "date": "20-02-2019 18:27", "retweet": 14, "like": 20}, {"id": "1098141101033086977", "url": "https://twitter.com/Anake_smk/status/1098141101033086977", "username": "", "text": "ถ้าพูดลอยๆจะเป็นเพียงวาทะกรรม ดังนั้นเราจึงต้องมีคลิปมาประกอบ https://www. youtube.com/watch?v=CbxFDS H-b1I …", "date": "20-02-2019 15:43", "retweet": 3, "like": 4}, {"id": "1098140787471077376", "url": "https://twitter.com/Anake_smk/status/1098140787471077376", "username": "", "text": "พี่น้องนั่งฟัง พี่น้องก็เผา พี่น้องก็ติดคุก ส่วนตัวพวกเราที่พูดนั้น ก็ขอไปเป็นอำมาตย์ก่อนเเล้วกัน #เผาไปเลยพี่น้องผมรับผิดชอบไปเป็นอำมาตย์เอง", "date": "20-02-2019 15:42", "retweet": 0, "like": 2}, {"id": "1097842163629490176", "url": "https://twitter.com/Anake_smk/status/1097842163629490176", "username": "", "text": "การไม่พูดถึงนโยบาย อาจจะเป็นนโยบายในการหาเสียง ในแบบฉบับของแกก็ได้ครับ 555", "date": "19-02-2019 19:55", "retweet": 0, "like": 0}, {"id": "1097833317745872896", "url": "https://twitter.com/Anake_smk/status/1097833317745872896", "username": "", "text": "ผมคิดว่าถ้าเฉลิมยังปากเก่งอยู่เเบบนี้ เราอาจจะได้เห็นกันอีกครั้งก็ได้นะครับ 555", "date": "19-02-2019 19:20", "retweet": 2, "like": 1}, {"id": "1097832634414129158", "url": "https://twitter.com/Anake_smk/status/1097832634414129158", "username": "", "text": "นโยบายหรือเปล่า ผมไม่ทราบได้นะครับ เเต่ออกมาจากปาก ประธานคณะกรรมคณะกรรมการรณรงค์หาเสียงเลือกตั้ง พรรคเพื่อไทย อย่าง ร.ต.อ.ดร.เฉลิม อยู่บำรุง ก็เลยทำให้พวกนั้นได้สงสัยเป็นเรื่องปกติครับ เราสงสัยได้ครับเเต่อย่ากล่าวหา", "date": "19-02-2019 19:17", "retweet": 0, "like": 0}, {"id": "1097826606821761024", "url": "https://twitter.com/Anake_smk/status/1097826606821761024", "username": "", "text": "ผมลืมบอก อีกหนึ่งตำเเหน่งของ ร.ต.อ.ดร.เฉลิม อยู่บำรุง ก็คือ ประธานคณะกรรมการรณรงค์หาเสียงเลือกตั้งพรรคเพื่อไทย ครับ", "date": "19-02-2019 18:53", "retweet": 0, "like": 0}, {"id": "1097810615236612096", "url": "https://twitter.com/Anake_smk/status/1097810615236612096", "username": "", "text": "“นี่ถ้าเผาป้าย ปชป.เเล้วไม่ผิด ผมจะ #เผาเเม่งให้หมดเลย ” 15 ก.พ. 62 ร.ต.อ.ดร.เฉลิม อยู่บำรุง ผู้สมัครส.ส.แบบบัญชีรายชื่อพรรคเพื่อไทยอันดับ ที่ 6 ในการเลือกตั้งปี 2562 pic.twitter.com/dCapSWZkmu", "date": "19-02-2019 17:50", "retweet": 125, "like": 30}, {"id": "1097488907438940160", "url": "https://twitter.com/Anake_smk/status/1097488907438940160", "username": "", "text": "http:// ShopAt24.com เขาเปิดพรีฯ เริ่มจัดส่งสินค้า วันที่ 6 มีนาคม 2562 ใครสนใจไปดูได้ http:// bit.ly/2S9rnqn pic.twitter.com/EYvwfc6VFT", "date": "18-02-2019 20:32", "retweet": 0, "like": 0}, {"id": "1097387323119955969", "url": "https://twitter.com/Anake_smk/status/1097387323119955969", "username": "", "text": "https:// twitter.com/Anake_smk/stat us/729317609536032768 … ชัดเจน เลิกคุย จบ !! pic.twitter.com/M3NYKYvemx", "date": "18-02-2019 13:48", "retweet": 0, "like": 0}, {"id": "1097365268899090438", "url": "https://twitter.com/Anake_smk/status/1097365268899090438", "username": "", "text": "ผมเคยบอกคุณเเล้วว่า อย่ามาเมนชั่นถึงผม ผมไม่อยากเเลกเปลี่ยนกับคนแบบคุณ เสียเวลาผม #เข้าใจภาษาไทยไหม เเละระบบก็เลือกได้ #ทำเป็นไหม เป็นคนมีมารยาทบ้างนะ ที่นิสัยแบบนี้ คนเเถวบ้านผมเขาด่าว่า #เป็นพวกกะโหลกหนาหน้าด้านบอกกล่าวอะไรก็ไม่เคยจำ เเต่ผมว่า #คุณคงจะไม่ใช่คนแบบนั้น pic.twitter.com/jzhRs4czcO", "date": "18-02-2019 12:20", "retweet": 0, "like": 0}]