[{"id": "1099172528038146048", "url": "https://twitter.com/Annna16720169/status/1099172528038146048", "username": "", "text": "ทษช.ปราศรัยใหญ่25ก.พ.ชัยนาท-ท้า”บิ๊กตู่”แข่งนโยบายเวทีพปชร. #ไทยรัฐทีวี #ไทยรักษาชาติ #การเมือง #การเมืองไทย #เลือกตั้งปี62 #เลือกตั้ง #เลือกตั้งประเทศไทย2562 #เลือกตั้งเว้ย #เลือกตั้ง62 นโยบาย #ข่าวจริง #ข่าวช่องวัน #ข่าวการเมือง #ข่าว http://www. topicza.com/news87873.html ?d=23022019&f=70177 …", "date": "23-02-2019 12:02", "retweet": 0, "like": 0}, {"id": "1099170616526008320", "url": "https://twitter.com/Annna16720169/status/1099170616526008320", "username": "", "text": "สาวแค้นเบี้ยวค่าก่อสร้าง! คลุมไอ้โม่งขึ้นสะพานติดป้ายทวง ผอ.ทำขาดทุน-ธุรกิจพัง #ข่าวจริง #ข่าวช่องวัน #ข่าว #ข่าวดัง #ข่าวช่อง8 #ข่าวสดรอบโลก #ข่าวด่วน #ข่าวกระแส #ไทยรัฐทีวี #คมชัดลึก #ช่อง7HD #ช่องวัน31 #ช่อง33 #ช่องหมายเลข3 #PBSnews http://www. topicza.com/news87862.html ?d=23022019&f=70177 …", "date": "23-02-2019 11:54", "retweet": 0, "like": 0}, {"id": "1098945307822325766", "url": "https://twitter.com/Annna16720169/status/1098945307822325766", "username": "", "text": "คืออะไรกันแน่? โลกออนไลน์แห่แชร์ มีอะไรบางอย่างเคลื่อนไหวเดินอยู่บนยอดเขาคิชฌกูฏ ตัวใหญ่มากเหมือนยักษ์ (คลิป) #คลิปไทย #คลิป #ข่าววันนี้ #ข่าวจริง #ข่าวPNC #ข่าว #ข่าวกระแส #ข่าวสดรอบโลก #ข่าวด่วน #คมชัดลึก #คมชัดลึกลึกกว่าข่าว #ช่อง8 #ช่องวัน31 http://www. socialhot24.com/news87835.html ?d=22022019&f=70177 …", "date": "22-02-2019 20:59", "retweet": 0, "like": 0}, {"id": "1098944157534478337", "url": "https://twitter.com/Annna16720169/status/1098944157534478337", "username": "", "text": "ขอหยุดบิดเบือน! คสช.ปัดกลั่นแกล้งเร่งรัดคดีพ.ร.บ.คอมฯ”ธนาธร” #คสช #อนาคตใหม่ นโยบาย #การเมือง #การเมืองไทย #ธนาธรจึงรุ่งเรืองกิจ #เลือกตั้ง2562 #เลือกตั้งเว้ย #เลือกตั้งล่วงหน้า #ข่าววันนี้ #ข่าวจริง #ข่าวPNC #ข่าวการเมือง #ช่อง8 #มติชนการเมือง http://www. topicza.com/news87817.html ?d=22022019&f=70177 …", "date": "22-02-2019 20:54", "retweet": 0, "like": 0}, {"id": "1098717183285157888", "url": "https://twitter.com/Annna16720169/status/1098717183285157888", "username": "", "text": "หวิดถูกรถบรรทุกเหยียบ! อุทาหรณ์ ขับรถไม่ล็อกประตู ผู้ใหญ่-ทารกร่วงถนน (คลิป) #ข่าววันนี้ #ข่าวจริง #ข่าว #ข่าวกระแส #ข่าวใหญ่25 #ข่าวสดรอบโลก #เดลินิวส์ออนไลน์ #ไทยรัฐทีวี #ช่องวัน31 #ช่องหมายเลข3 #PBSnewshour #PBSnews #Nation #TheNation http://www. socialhot24.com/news87804.html ?d=22022019&f=70177 …", "date": "22-02-2019 05:52", "retweet": 0, "like": 1}, {"id": "1098715933902745601", "url": "https://twitter.com/Annna16720169/status/1098715933902745601", "username": "", "text": "ปอท. ตรวจสอบแล้ว นศ.สาวคลิปหลุดเป็นผู้เสียหาย ถูกหลอกให้ถ่ายเทสต์หน้ากล้อง แลกเงินล้าน #คลิปหลุด #คลิป #ข่าววันนี้ #ข่าวจริง #ข่าว #ข่าวกระแส #ข่าวใหญ่25 #ข่าวสดรอบโลก #ช่องวัน31 #เดลินิวส์ออนไลน์ #ไทยรัฐทีวี #ช่องหมายเลข3 #Nation #PBSnewshour http://www. socialhot24.com/news87805.html ?d=22022019&f=70177 …", "date": "22-02-2019 05:47", "retweet": 0, "like": 0}, {"id": "1098713689341845504", "url": "https://twitter.com/Annna16720169/status/1098713689341845504", "username": "", "text": "อีกแล้ว! เด็กชายวัย 3 ขวบที่ศรีราชาโดนสุนัขของข้างบ้านกว่า 10 ตัว รุมขย้ำกัด เจ็บหนัก #ข่าววันนี้ #ข่าวจริง #ข่าว #ข่าวกระแส #ข่าวใหญ่25 #ข่าวสดรอบโลก #ข่าวด่วน #ข่าวช่อง8 #เดลินิวส์ออนไลน์ #ไทยรัฐทีวี #ช่องวัน31 #ช่องหมายเลข3 #Nation #PBSnewshour http://www. topicza.com/news87806.html ?d=22022019&f=70177 …", "date": "22-02-2019 05:38", "retweet": 0, "like": 0}, {"id": "1098465995016916992", "url": "https://twitter.com/Annna16720169/status/1098465995016916992", "username": "", "text": "กล้องวงจรปิดเผยคลิป วินาทีแผ่นดินไหว 4.9 แมกนิจูด ที่ จ.ลำปาง หมา-ไก่ตกใจ พากันวิ่งแตกตื่น #แผ่นดินไหว #ข่าววันนี้ #ข่าว #ข่าวกระแส #ข่าวใหญ่25 #ข่าวด่วน #ข่าวช่อง8 #ข่าวดัง #เดลินิวส์ #ไทยรัฐ #ไทยรัฐทีวี #ช่องหมายเลข3 #ช่อง3 #ช่อง7HD #ช่องวัน31 http://www. topicza.com/news87779.html ?d=21022019&f=70177 …", "date": "21-02-2019 13:14", "retweet": 1, "like": 0}, {"id": "1098357115591127040", "url": "https://twitter.com/Annna16720169/status/1098357115591127040", "username": "", "text": "กล้องหน้ารถเมล์เผยนาทีถูกเก๋งดำชน เหตุวิ่งตรงทั้งที่เลนเลี้ยวขวา (คลิป) #NationTV #thenation #TPS #Vice #ข่าววันนี้ #ข่าว #ข่าวกระแส #ข่าวใหญ่25 #ข่าวด่วน #ข่าวช่องวัน #ข่าวดัง #เดลินิวส์ #ไทยรัฐ #ไทยรัฐทีวี #ข่าวช่อง8 #คลิป http://www. socialhot24.com/news87748.html ?d=21022019&f=70177 …", "date": "21-02-2019 06:01", "retweet": 0, "like": 0}, {"id": "1098355347876503552", "url": "https://twitter.com/Annna16720169/status/1098355347876503552", "username": "", "text": "สลด! เจ้าทุยร้องไห้เป็นเลือด โดนรถชนขาหัก นอนกระอักอยู่ริมถนน #ข่าววันนี้ #ข่าว #ข่าวใหญ่25 #ข่าวกระแส #ข่าวด่วน #ข่าวดัง #ข่าวช่อง8 #มติชนออนไลน์ #ไทยรัฐ #ไทยรัฐทีวี #เดลินิวส์ #ช่องหมายเลข3 #ช่อง3 #ช่อง33 #NationTV #thenation #Thairath http://www. topicza.com/news87746.html ?d=21022019&f=70177 …", "date": "21-02-2019 05:54", "retweet": 0, "like": 1}, {"id": "1098236879529332736", "url": "https://twitter.com/Annna16720169/status/1098236879529332736", "username": "", "text": "ขว้างอย่างแม่น! มีดไม่ช่วยอะไร 2หนุ่มไฝว้เดือดกลางถนน เจอหินเข้าเต็มๆถึงสลบ (คลิป) #คลิปเด็ด #คลิปไทย #ข่าววันนี้ #ข่าวจริง #ข่าวช่อง8 #ข่าว #ข่าว7HD #ข่าวใหญ่25 #ข่าวช่องวัน #คมชัดลึกลึกกว่าข่าว #คมชัดลึก #ไทยรัฐทีวี #ช่อง3 #ช่อง33 #ช่อง21 http://www. socialhot24.com/news87719.html ?d=20022019&f=70177 …", "date": "20-02-2019 22:04", "retweet": 0, "like": 0}, {"id": "1098234983938895872", "url": "https://twitter.com/Annna16720169/status/1098234983938895872", "username": "", "text": "จำคุกตลอดชีวิต “โมนา” อดีตผู้เข้าประกวดนางงาม ฆ่าฝังดิน น้องน้ำ สาวใช้วัย 15 #ข่าววันนี้ #ข่าวจริง #ข่าวบันเทิง #ข่าวดารา #ข่าว #ข่าวใหญ่25 #ข่าวดัง #ข่าวช่องวัน #ช่องหมายเลข3 #ช่อง21 #ช่อง33 #ไทยรัฐทีวี #เดลินิวส์ #NationTV #PBS #คมชัดลึก http://www. topicza.com/news87725.html ?d=20022019&f=70177 …", "date": "20-02-2019 21:56", "retweet": 0, "like": 0}, {"id": "1097991024075431936", "url": "https://twitter.com/Annna16720169/status/1097991024075431936", "username": "", "text": "สาวสุดเซ็ง แท็กซี่ไม่ยอมรับผู้โดยสาร จัดการแบบนิ่มๆ แต่ต้องจำไปอีกนาน #ข่าววันนี้ #ข่าวจริง #ข่าวช่อง8 #ข่าว7HD #ข่าวกระแส #ข่าวใหญ่25 #ข่าวสด #ข่าวดัง #ไทยรัฐทีวี #มติชนออนไลน์ #ช่อง16 #ช่องหมายเลข3 #NationTV #ThaiPBS #new #ข่าวค่ำมิติใหม่ทั่วไทย http://www. topicza.com/news87691.html ?d=20022019&f=70177 …", "date": "20-02-2019 05:47", "retweet": 0, "like": 0}, {"id": "1097988616234487808", "url": "https://twitter.com/Annna16720169/status/1097988616234487808", "username": "", "text": "แฉดารา เจ้าของอาหารเสริมดัง ปลอม อย. เบี้ยวค่าผลิตสินค้า #ดาราเดลี่ #ดาราแลนด์ #ดาราไทย #อาหารเสริม #ข่าวบันเทิง #ข่าววันนี้ #ข่าวจริง #ข่าวดารา #ข่าวช่อง8 #ข่าวกระแส #ข่าวใหญ่25 #ข่าวสด #บันเทิงคมชัดลึก #ไทยรัฐทีวี #ช่อง16 #ช่องหมายเลข3 http://www. socialhot24.com/news87696.html ?d=20022019&f=70177 …", "date": "20-02-2019 05:37", "retweet": 0, "like": 0}, {"id": "1097986879549431809", "url": "https://twitter.com/Annna16720169/status/1097986879549431809", "username": "", "text": "เปิดคลิป! วินาทีเฉียดตาย ช้างลุยน้ำพุ่งชนพลิกแพคว่ำตกน้ำ #คลิป #คลิปไทย #ข่าววันนี้ #ข่าวจริง #ข่าวช่อง8 #ข่าวกระแส #ข่าวด่วน #ข่าวสด #ข่าวใหญ่25 #ข่าว7HD #เดลินิวส์ #ไทยรัฐทีวี #ช่องหมายเลข3 #ช่อง16 #ช่อง7HD #NationTV #ThaiPBS #ข่าวช่อง8 http://www. topicza.com/news87689.html ?d=20022019&f=70177 …", "date": "20-02-2019 05:30", "retweet": 0, "like": 0}, {"id": "1097641835269246976", "url": "https://twitter.com/Annna16720169/status/1097641835269246976", "username": "", "text": "ยันไม่เกี่ยวกัน..นายกฯเมินคนวิจารณ์ลงหาเสียงโยนศาลดูยุบพรรค! #ประยุทธ์ #การเมืองไทย #เลือกตั้ง2562 #เลือกตั้งปี62 #เลือกตั้ง62 พรรค #เลือกตั้งปี2562 #ข่าววันนี้ #ข่าวจริง #ข่าวการเมือง #ข่าวจริงเช็กแล้ว #ข่าวช่อง3 #ข่าวPNC #พรรคพลังประชารัฐ http://www. topicza.com/news87664.html ?d=19022019&f=70177 …", "date": "19-02-2019 06:39", "retweet": 0, "like": 0}, {"id": "1097485210692644864", "url": "https://twitter.com/Annna16720169/status/1097485210692644864", "username": "", "text": "ลั่น! หน.รปช.บอกไม่มีกปปส.วันนั้นไม่มีรปช.ในวันนี้ #เลือกตั้ง2562 #เลือกตั้งปี2562 #การเมืองไทย #พรรค #ข่าวจริง #ข่าววันนี้ #ข่าวPNC #ข่าว #ข่าวการเมือง #ข่าวจริงเช็กแล้ว #ข่าวด่วน #ข่าวกระแส #มติชนการเมือง #ช่อง16 #ช่อง8 #ช่อง3 #ไทยรัฐดีเบต http://www. topicza.com/news87614.html ?d=18022019&f=70177 …", "date": "18-02-2019 20:17", "retweet": 0, "like": 0}, {"id": "1097483443808522241", "url": "https://twitter.com/Annna16720169/status/1097483443808522241", "username": "", "text": "ฮือฮา ผู้สมัคร ส.ส.สาว พรรคอนาคตใหม่ วัย 50 สวยเป๊ะ ปังแรง #พรรคอนาคตใหม่ #อนาคตใหม่ นโยบาย #อนาคตใหม่ ยิ้ม #อนาคตใหม่ เขต #เลือกตั้ง62 พรรค #เลือกตั้งเว้ย #เลือกตั้ง #การเมืองไทย #เลือกตั้ง2562 #เลือกตั้งปี2562 #ข่าววันนี้ #ข่าวจริง #ข่าวการเมือง http://www. topicza.com/news87634.html ?d=18022019&f=70177 …", "date": "18-02-2019 20:10", "retweet": 0, "like": 1}]