[{"id": "1098616216820711424", "url": "https://twitter.com/Anusornnnnn/status/1098616216820711424", "username": "", "text": "งบการเสียงใช้น้อยมาก - กระด้งชาวบ้านสานกันเอง - ไม้ไผ่หาได้ตามป่า - ผ้าดิบซื้อยกโหลโคตรถูก การทำป้ายแบบนี้นอกจากจะเป็นการประหยัดแล้วยังสามารถช่วยลดโลกร้อนจากขยะพลาสติก (ไวนิล) ที่แทบจะไม่สามารถแปรรูปและต้องใชัระยะเวลานานกว่าจะย่อยสลาย #พรรคสามัญชน #เลือกตั้ง #เลือกตั้ง62 pic.twitter.com/OPqSSshQEv", "date": "21-02-2019 23:11", "retweet": 10, "like": 3}, {"id": "1098470695233761280", "url": "https://twitter.com/Anusornnnnn/status/1098470695233761280", "username": "", "text": "เป็น 1 ในพรรคที่มีการหาเสียงคูลมาก #เลือกตั้ง #เลือกตั้ง62 #สามัญชน #พรรคสามัญชน pic.twitter.com/TOGqT684l1", "date": "21-02-2019 13:33", "retweet": 17, "like": 8}, {"id": "1097729342430302209", "url": "https://twitter.com/Anusornnnnn/status/1097729342430302209", "username": "", "text": "ทำไมช่วงนี้อ่อนแอจัง น้ำตามาเอ่อที่เบ้าตาตลอด ทั้งที่แต่ก่อนร้องไห้ยากชิบหาย", "date": "19-02-2019 12:27", "retweet": 0, "like": 0}, {"id": "1097534722014474240", "url": "https://twitter.com/Anusornnnnn/status/1097534722014474240", "username": "", "text": "อันนี้คือพีค หน้าท่านช่างเข้ากับกองขยะมาก #เลือกตั้ง #หนักแผ่นดิน pic.twitter.com/HvahIWFo7s", "date": "18-02-2019 23:34", "retweet": 0, "like": 0}, {"id": "1097488255556022272", "url": "https://twitter.com/Anusornnnnn/status/1097488255556022272", "username": "", "text": "อะไรกันแน่ที่หนักแผ่นดิน #หนักแผ่นดิน pic.twitter.com/g2BvRdOpat", "date": "18-02-2019 20:29", "retweet": 0, "like": 0}, {"id": "1097470418401714178", "url": "https://twitter.com/Anusornnnnn/status/1097470418401714178", "username": "", "text": "แม่มาจร้าาาาา #เพื่อไทย #เลือกตั้ง #หนักแผ่นดิน #ทหารมีไว้ทำไม #TheStandardCo pic.twitter.com/Gz3bYJaYUM", "date": "18-02-2019 19:18", "retweet": 0, "like": 0}, {"id": "1097432115245867008", "url": "https://twitter.com/Anusornnnnn/status/1097432115245867008", "username": "", "text": "ชายไทยสามารถตอบแทนแผ่นดินที่มีประโยชน์กว่าการเกณฑ์ทหารได้ !!! #หนักแผ่นดิน #เกณฑ์ทหาร pic.twitter.com/6oO1NIkHOG", "date": "18-02-2019 16:46", "retweet": 2, "like": 1}, {"id": "1097418286663270400", "url": "https://twitter.com/Anusornnnnn/status/1097418286663270400", "username": "", "text": "งบทหารผลประโยชน์ใคร? ทำไมพวกนายพลถึงหวงนักหวงหนา? ลองคิดกันดูครับ #หนักแผ่นดิน #งบทหารมีไว้ทำไม", "date": "18-02-2019 15:51", "retweet": 4, "like": 3}]