[{"id": "1098119759898374144", "url": "https://twitter.com/any_anunya/status/1098119759898374144", "username": "", "text": "คิดอะไรอยู่หนูลูกกกกก... รู้จักรายการ #พุธทอล์คพุธโทร ไหม พี่อยากให้ฟังจังเลย pic.twitter.com/Vc6bKCRe8V", "date": "20-02-2019 14:18", "retweet": 1, "like": 0}, {"id": "1097660967620468736", "url": "https://twitter.com/any_anunya/status/1097660967620468736", "username": "", "text": "การที่ออกมาโวยวายเสียงดังเพื่อหวังให้อีกฝ่ายดูแย่ บางครั้งคนที่จะดูแย่อาจจะเป็นคุณเสียเองนะ", "date": "19-02-2019 07:55", "retweet": 0, "like": 0}, {"id": "1097537747256934400", "url": "https://twitter.com/any_anunya/status/1097537747256934400", "username": "", "text": "ก็ต้องเดือดเป็นธรรมดาเพราะถ้าทำได้จริงเงินเข้ากระเป๋าก็ต้องลดน้อยลง กินเยอะไงมันเลย #หนักแผ่นดิน เครียดหน่อยนะคะยุคนี้ข้อมูลอะไรมันหาง่ายไม่ได้ต้องวิ่งเข้าห้องสมุดเพื่อหาหนังสือประวัติศาสตร์อ่านเหมือนเมื่อก่อนแล้ว", "date": "18-02-2019 23:46", "retweet": 2, "like": 2}]