[{"id": "1098188882703572992", "url": "https://twitter.com/Anyamin_nna/status/1098188882703572992", "username": "", "text": "\"กมธ.ข้าว สนช.\" ยอมถอยร่างกฎหมายไปทบทวน #คมชัดลึก http://www. komchadluek.net/news/politic/3 63195 …", "date": "20-02-2019 18:53", "retweet": 0, "like": 0}, {"id": "1098188806929301504", "url": "https://twitter.com/Anyamin_nna/status/1098188806929301504", "username": "", "text": "กลาโหมกางข้อมูล \"งบกองทัพ\" #คมชัดลึก http://www. komchadluek.net/news/politic/3 63201 …", "date": "20-02-2019 18:53", "retweet": 0, "like": 0}, {"id": "1098188737173872640", "url": "https://twitter.com/Anyamin_nna/status/1098188737173872640", "username": "", "text": "อัยการฟ้องแล้ว \"สุริยะใส\" ร่วมกบฏ กปปส. #คมชัดลึก http://www. komchadluek.net/news/regional/ 363204 …", "date": "20-02-2019 18:52", "retweet": 12, "like": 3}, {"id": "1097430715241619456", "url": "https://twitter.com/Anyamin_nna/status/1097430715241619456", "username": "", "text": "\"หญิงหน่อย\"อ้อน ! คนอุบลขอโอกาสกลับมาเป็นรัฐบาล #เพื่อไทย #คมชัดลึก http://www. komchadluek.net/news/local/362 956 … /80", "date": "18-02-2019 16:40", "retweet": 1, "like": 1}, {"id": "1097430504121352192", "url": "https://twitter.com/Anyamin_nna/status/1097430504121352192", "username": "", "text": "\"บิ๊กตู่\" ปัดไม่รู้ใครกลุ่มทุนกำหนดทิศทาง \"พาราควอต\" #คมชัดลึก http://www. komchadluek.net/news/breaking- news/362948 …", "date": "18-02-2019 16:39", "retweet": 0, "like": 0}, {"id": "1097430312231956480", "url": "https://twitter.com/Anyamin_nna/status/1097430312231956480", "username": "", "text": "กระหึ่ม ! \"มาร์ชกองทัพบก-หนักแผ่นดิน\" ปลุกใจทหาร #คมชัดลึก http://www. komchadluek.net/news/breaking- news/362940 …", "date": "18-02-2019 16:39", "retweet": 0, "like": 0}, {"id": "1097430225451868160", "url": "https://twitter.com/Anyamin_nna/status/1097430225451868160", "username": "", "text": "\"บิ๊กตู่\" ลั่นหลัง \"เลือกตั้ง\" ไม่ได้คือจบ #คมชัดลึก http://www. komchadluek.net/news/politic/3 62938 …", "date": "18-02-2019 16:38", "retweet": 0, "like": 0}, {"id": "1097430129943339008", "url": "https://twitter.com/Anyamin_nna/status/1097430129943339008", "username": "", "text": "ป.ป.ส.ทลายเครือข่ายเฮโรอีนข้ามชาติ #คมชัดลึก http://www. komchadluek.net/news/crime/362 954 …", "date": "18-02-2019 16:38", "retweet": 0, "like": 0}, {"id": "1097357515723927552", "url": "https://twitter.com/Anyamin_nna/status/1097357515723927552", "username": "", "text": "\"แม่ราตรี ศรีวิไล\" รำกลอนสดขอให้ \"บิ๊กตู่\" สมหวัง #คมชัดลึก http://www. komchadluek.net/news/politic/3 62869 …", "date": "18-02-2019 11:49", "retweet": 0, "like": 0}, {"id": "1097357425139539968", "url": "https://twitter.com/Anyamin_nna/status/1097357425139539968", "username": "", "text": "ระทึก!! ชายคลั่งยืนเกาะระเบียงชั้น 5 ย่านหัวหมาก #คมชัดลึก http://www. komchadluek.net/news/crime/362 874 …", "date": "18-02-2019 11:49", "retweet": 1, "like": 0}]