[{"id": "1099403855429697536", "url": "https://twitter.com/aonmanutd/status/1099403855429697536", "username": "", "text": "With Ole, Juan, Diogo, Ashley, and Ander! #mufc #ggmu pic.twitter.com/7Km9LExbQe", "date": "24-02-2019 03:21", "retweet": 0, "like": 2}, {"id": "1099332857992962048", "url": "https://twitter.com/aonmanutd/status/1099332857992962048", "username": "", "text": "", "date": "23-02-2019 22:39", "retweet": 0, "like": 0}, {"id": "1099326474392236032", "url": "https://twitter.com/aonmanutd/status/1099326474392236032", "username": "", "text": "Back home again #MUFC #GGMU pic.twitter.com/z6XZZ7X63b", "date": "23-02-2019 22:13", "retweet": 6, "like": 1}, {"id": "1099296399479336962", "url": "https://twitter.com/aonmanutd/status/1099296399479336962", "username": "", "text": "ไวน์+พันช์+เนื้อผลไม้ ประมาณนี้มั้งครับ 55", "date": "23-02-2019 20:14", "retweet": 1, "like": 0}, {"id": "1099292762392784897", "url": "https://twitter.com/aonmanutd/status/1099292762392784897", "username": "", "text": "Red Wine Sangría at Tapeo & Wine (Juan Mata’s) ... จัดแซงเกรียที่ร้านมาต้า pic.twitter.com/pMA67KaJhu – bei Tapeo & Wine", "date": "23-02-2019 19:59", "retweet": 0, "like": 0}, {"id": "1099259151417409536", "url": "https://twitter.com/aonmanutd/status/1099259151417409536", "username": "", "text": "เดี๋ยว แดงแมนยูสิครับ 55555", "date": "23-02-2019 17:46", "retweet": 0, "like": 0}, {"id": "1099253977005252608", "url": "https://twitter.com/aonmanutd/status/1099253977005252608", "username": "", "text": "ถ้วยแช้มป์บอลลีคอังกฤษสมัยก่อน pic.twitter.com/yUh8w9pjBx – bei National Football Museum", "date": "23-02-2019 17:25", "retweet": 3, "like": 2}, {"id": "1099251684985827334", "url": "https://twitter.com/aonmanutd/status/1099251684985827334", "username": "", "text": "เมื่อไหร่จะกลับมาเป็นสีแดงหนอ pic.twitter.com/zJMJybaxXt – bei National Football Museum", "date": "23-02-2019 17:16", "retweet": 3, "like": 0}, {"id": "1099230925802491904", "url": "https://twitter.com/aonmanutd/status/1099230925802491904", "username": "", "text": "เย็นสบายไปถึงหนาวครับ :p", "date": "23-02-2019 15:54", "retweet": 0, "like": 0}, {"id": "1099226411267543042", "url": "https://twitter.com/aonmanutd/status/1099226411267543042", "username": "", "text": "English Style นิดนึง pic.twitter.com/DVWwYB9Lgs", "date": "23-02-2019 15:36", "retweet": 1, "like": 1}, {"id": "1099225204973162496", "url": "https://twitter.com/aonmanutd/status/1099225204973162496", "username": "", "text": "Good morning Manchester pic.twitter.com/Locl2Xvo3e", "date": "23-02-2019 15:31", "retweet": 1, "like": 1}, {"id": "1099047819841699840", "url": "https://twitter.com/aonmanutd/status/1099047819841699840", "username": "", "text": "ทำไมสมัยเรียน MBA กินได้ 8 pints วะ หรือเบียร์ออสซี่มันเบา", "date": "23-02-2019 03:46", "retweet": 0, "like": 0}, {"id": "1099047570955849728", "url": "https://twitter.com/aonmanutd/status/1099047570955849728", "username": "", "text": "เบียร์แรง 2 pints จะเหลือหรอ ข้าวเช้าไม่ต้องกินละกัน 555", "date": "23-02-2019 03:45", "retweet": 0, "like": 0}, {"id": "1099042836492705792", "url": "https://twitter.com/aonmanutd/status/1099042836492705792", "username": "", "text": "ผ่านมา 1 ปี ก็กลับมาร้านเดิม ... Jamboree ตรง Ibis Manchester ... เครื่องดื่ม อาหาร และ Local Beer ตัวใหม่ pic.twitter.com/5v4mmeYx5U", "date": "23-02-2019 03:26", "retweet": 1, "like": 0}, {"id": "1099036575730548736", "url": "https://twitter.com/aonmanutd/status/1099036575730548736", "username": "", "text": "มาอังกฤษ...แต่สอย NFL Merchandise 555 #skol pic.twitter.com/skFWggBW7t", "date": "23-02-2019 03:01", "retweet": 1, "like": 1}, {"id": "1098954179261870081", "url": "https://twitter.com/aonmanutd/status/1098954179261870081", "username": "", "text": "โอเคแหละ ห้องนี้ต้องยกให้เค้า 5 ถ้วย pic.twitter.com/kenOibvfsm – bei LFC Anfield Stadium", "date": "22-02-2019 21:34", "retweet": 1, "like": 1}, {"id": "1098952256878039042", "url": "https://twitter.com/aonmanutd/status/1098952256878039042", "username": "", "text": "โปรดระวัง...พื้นลื่น #เตะปาก pic.twitter.com/tD2Dmm0Th4", "date": "22-02-2019 21:26", "retweet": 1, "like": 0}, {"id": "1098935992671584261", "url": "https://twitter.com/aonmanutd/status/1098935992671584261", "username": "", "text": "ไม่ช๊าย 555555", "date": "22-02-2019 20:22", "retweet": 1, "like": 1}, {"id": "1098926517139124224", "url": "https://twitter.com/aonmanutd/status/1098926517139124224", "username": "", "text": "เดี๋ยวแวะทานข้าวที่ The Boot Room Sports Cafe ณ Anfield pic.twitter.com/bPoZ9rUvkH – bei LFC Anfield Stadium", "date": "22-02-2019 19:44", "retweet": 0, "like": 0}, {"id": "1098924716205568001", "url": "https://twitter.com/aonmanutd/status/1098924716205568001", "username": "", "text": "ทีมอะไรอ่ะ... pic.twitter.com/uhfsE7BL8z – bei LFC Anfield Stadium", "date": "22-02-2019 19:37", "retweet": 3, "like": 3}, {"id": "1098923289123053568", "url": "https://twitter.com/aonmanutd/status/1098923289123053568", "username": "", "text": "This is ... เล้าเป็ด from afar 555 :p pic.twitter.com/BU8IyN5W4Z – bei LFC Anfield Stadium", "date": "22-02-2019 19:31", "retweet": 1, "like": 1}, {"id": "1098912093007273985", "url": "https://twitter.com/aonmanutd/status/1098912093007273985", "username": "", "text": "กับเสื้อเด็กผีเก่า pic.twitter.com/MjBrCXUKL5 – bei Everton Football Club", "date": "22-02-2019 18:47", "retweet": 1, "like": 0}, {"id": "1098897515691225088", "url": "https://twitter.com/aonmanutd/status/1098897515691225088", "username": "", "text": "ประเดิมทริปด้วยการทัวร์สนาม Everton pic.twitter.com/eXkZdpN9a4", "date": "22-02-2019 17:49", "retweet": 1, "like": 0}, {"id": "1098873093970219008", "url": "https://twitter.com/aonmanutd/status/1098873093970219008", "username": "", "text": "China Town Manchester pic.twitter.com/4FJNX0hnNp", "date": "22-02-2019 16:12", "retweet": 1, "like": 0}, {"id": "1098860783830675456", "url": "https://twitter.com/aonmanutd/status/1098860783830675456", "username": "", "text": "หมายถึงว่ายังไงปีนี้ก็แช้มป์ ให้หิ้วกลับไปฉลองเลยมั้งต่างหากครับ 5555 :p", "date": "22-02-2019 15:23", "retweet": 0, "like": 0}, {"id": "1098859642774405120", "url": "https://twitter.com/aonmanutd/status/1098859642774405120", "username": "", "text": "ปีที่แล้วพักอันนี้ที่ Piccadilly pic.twitter.com/6xP5wZWG5E", "date": "22-02-2019 15:18", "retweet": 0, "like": 0}, {"id": "1098858749144457216", "url": "https://twitter.com/aonmanutd/status/1098858749144457216", "username": "", "text": "ต้อกแต้กๆ เดินไปโรงแรม วางของแล้วเดี๋ยวไปเที่ยวลิเวอร์พูล pic.twitter.com/cH9PjxAki8", "date": "22-02-2019 15:15", "retweet": 1, "like": 1}, {"id": "1098858136125882368", "url": "https://twitter.com/aonmanutd/status/1098858136125882368", "username": "", "text": "ฝากอ้นหิ้วถ้วยแชมป์กลับไปฝากแฟน ลิเวอร์พูลมั้ยครับ :p", "date": "22-02-2019 15:12", "retweet": 0, "like": 0}, {"id": "1098857696076296193", "url": "https://twitter.com/aonmanutd/status/1098857696076296193", "username": "", "text": "Hello Manchester pic.twitter.com/mTtLOwtfoX", "date": "22-02-2019 15:11", "retweet": 1, "like": 1}, {"id": "1098815193251950593", "url": "https://twitter.com/aonmanutd/status/1098815193251950593", "username": "", "text": "IZ*ONE บนเครื่อง Cathay กันเลยจ้า pic.twitter.com/DKKsh1av0z", "date": "22-02-2019 12:22", "retweet": 0, "like": 0}, {"id": "1098625135303483392", "url": "https://twitter.com/aonmanutd/status/1098625135303483392", "username": "", "text": "ใจเย็นๆนะโรม่า 55555 #เตะปาก https:// twitter.com/SkySportsNews/ status/1098624577914195969 …", "date": "21-02-2019 23:46", "retweet": 0, "like": 0}, {"id": "1098597278502264832", "url": "https://twitter.com/aonmanutd/status/1098597278502264832", "username": "", "text": "เล้าจ์ที่ฮ่องกงเหมือนเข้าฟรี แน่นจนอึดอัด บู่ว", "date": "21-02-2019 21:56", "retweet": 0, "like": 0}, {"id": "1098515388600541185", "url": "https://twitter.com/aonmanutd/status/1098515388600541185", "username": "", "text": "( ´ ▽ ` )", "date": "21-02-2019 16:30", "retweet": 0, "like": 0}, {"id": "1098506512622702592", "url": "https://twitter.com/aonmanutd/status/1098506512622702592", "username": "", "text": "ก่อนบินก็ต้องกินครับ... pic.twitter.com/Pt7c35vIlu", "date": "21-02-2019 15:55", "retweet": 2, "like": 1}, {"id": "1098436512578822144", "url": "https://twitter.com/aonmanutd/status/1098436512578822144", "username": "", "text": "เกือบจะเผลอเอาบัตรสโมสรปีที่แล้วไปแทนละ #mufc #ggmu pic.twitter.com/rDqmVGfpR3", "date": "21-02-2019 11:17", "retweet": 0, "like": 0}, {"id": "1097837271816929280", "url": "https://twitter.com/aonmanutd/status/1097837271816929280", "username": "", "text": "Me too", "date": "19-02-2019 19:36", "retweet": 0, "like": 0}, {"id": "1097829619615449088", "url": "https://twitter.com/aonmanutd/status/1097829619615449088", "username": "", "text": "เลือกตั้ง 2020 มันส์แน่ pic.twitter.com/X9vAKnKpEY", "date": "19-02-2019 19:05", "retweet": 6, "like": 1}, {"id": "1097828905715519490", "url": "https://twitter.com/aonmanutd/status/1097828905715519490", "username": "", "text": "ฟ้องให้ยับไปครับ 55555 pic.twitter.com/s22vUx53H6", "date": "19-02-2019 19:03", "retweet": 3, "like": 1}, {"id": "1097608484722421761", "url": "https://twitter.com/aonmanutd/status/1097608484722421761", "username": "", "text": "ตื่นมาดูแมนยูชนะแบบงงๆ 555 #mufc #ggmu", "date": "19-02-2019 04:27", "retweet": 0, "like": 0}]