[{"id": "1099359159097614336", "url": "https://twitter.com/aorwiki/status/1099359159097614336", "username": "", "text": "22 ก.พ. อยู่กับคนนึง 23 ก.พ. แต่งงานกับอีกคน บริหารเวลาได้ดีจริงๆ #ป๊อบปองกูล pic.twitter.com/o6AWDg6eSh", "date": "24-02-2019 00:23", "retweet": 9, "like": 4}, {"id": "1099357525160259589", "url": "https://twitter.com/aorwiki/status/1099357525160259589", "username": "", "text": "ผู้ชายมีสองเฟส กินข้าวกับโบว์ เที่ยวกับปลา วาเลนไทน์อยู่กับโบว์ แต่แต่งงานกับปลา ส่วนผู้หญิงไม่มีเซนส์เลยเหรอ เป็นไปได้เหรอที่ผู้หญิงจะไม่รู้ อะไรกันวะเนี่ย เสือกต่อ งานนี้หยุดเสือกไม่ได้จริงๆ #ป๊อบปองกูล", "date": "24-02-2019 00:17", "retweet": 7, "like": 3}, {"id": "1099355569587027968", "url": "https://twitter.com/aorwiki/status/1099355569587027968", "username": "", "text": "เสียเวลาชีวิตไป 10 ปี สงสารวุ้ย เป็นคนแบบไหนกันวะเนี่ย หมายถึงผู้ชายนะ #ป๊อบปองกูล pic.twitter.com/WAnGsrJB8U", "date": "24-02-2019 00:09", "retweet": 3, "like": 3}, {"id": "1099354679375364096", "url": "https://twitter.com/aorwiki/status/1099354679375364096", "username": "", "text": "วาเลนไทน์อยู่กับโบว์ แต่งงานกับปลา คนที่แต่งคบมา 14 ปี ไม่เคยเป็นข่าว คนที่เป็นข่าวเปิดตัว คบมา10 ปี ไม่ได้แต่ง มึ้งงงงงง #ป๊อบปองกูล", "date": "24-02-2019 00:05", "retweet": 0, "like": 4}, {"id": "1099353778182967296", "url": "https://twitter.com/aorwiki/status/1099353778182967296", "username": "", "text": "โบว์แฟนป๊อบ ปลาก็แฟนป๊อบ กู - งง #ป๊อบปองกูล", "date": "24-02-2019 00:02", "retweet": 1, "like": 1}, {"id": "1099350295627218944", "url": "https://twitter.com/aorwiki/status/1099350295627218944", "username": "", "text": "มาถึงจุดที่ยุให้แฟนเก่าแต่งงานซะที คนเราเลิกคบกัน หมดรักแล้ว มันก็ไม่รู้สึกอะไรเลยนะ แฟนเก่าก็เหมือนเพื่อนคนนึง จำไม่ได้ด้วยซ้ำ ว่าเคยรักแบบคนรักยังไง หมดรักแล้วก็ลืมสนิท", "date": "23-02-2019 23:48", "retweet": 3, "like": 3}, {"id": "1099287630548627456", "url": "https://twitter.com/aorwiki/status/1099287630548627456", "username": "", "text": "สวยๆๆๆ เฟบเลย", "date": "23-02-2019 19:39", "retweet": 0, "like": 2}, {"id": "1099287546805116928", "url": "https://twitter.com/aorwiki/status/1099287546805116928", "username": "", "text": "#TheLastEmpress จบแล้ว 52 ตอน จะเกลียดเพฮาก็เกลียดไม่ลง ลุ้นมเหสีรักกับนาวังชิกก็ลุ้นไม่ขึ้น เกลียดมินยูราไม่ลง นางเจอเรื่องราวเลวร้ายมาเยอะ ถึงร้ายแบบนั้นเพื่อความอยู่รอดและแก้แค้น แอบสงสารเบาๆ ร้ายสุดก็พระพันปีนั่นแหละ ร้ายไม่สำนึกจนเรื่องถูกเปิดโปง สนุกดี ดูได้เพลินๆ pic.twitter.com/iiLsm5RaNn", "date": "23-02-2019 19:39", "retweet": 1, "like": 1}, {"id": "1099286645629579265", "url": "https://twitter.com/aorwiki/status/1099286645629579265", "username": "", "text": "วันนี้ที่สวนเบญจกิตติคนเยอะสุดๆ วันนี้ #พรรคอนาคตใหม่ ปราศรัยย่อย ธนาธรเปลี่ยนประเทศคนเดียวไม่ได้ เราต้องช่วยธนาธรเปลี่ยนประเทศ #Savethanathron ภาพ Ying Tis pic.twitter.com/fJdxug7wmD", "date": "23-02-2019 19:35", "retweet": 13, "like": 6}, {"id": "1099238769847263232", "url": "https://twitter.com/aorwiki/status/1099238769847263232", "username": "", "text": "น้าหงาเองก็เป็นส่วนหนึ่งที่ปลุกปั่นความขัดแย้งนะคะ น้าลืม? pic.twitter.com/RzUOsKTA7z", "date": "23-02-2019 16:25", "retweet": 1, "like": 1}, {"id": "1099234688252633089", "url": "https://twitter.com/aorwiki/status/1099234688252633089", "username": "", "text": "อาชีพที่ควรมีค่าตอบแทนเยอะๆ สวัสดิการดีๆ pic.twitter.com/S2ZuRgWO2k", "date": "23-02-2019 16:09", "retweet": 47871, "like": 5107}, {"id": "1098990571274686464", "url": "https://twitter.com/aorwiki/status/1098990571274686464", "username": "", "text": "Will You Be There? เรื่องนี้สนุกอ่ะ ถ้ากลับไปในอดีตได้ จะแก้ไขอะไร แล้วถ้าเจอตัวเองใน 30 ปีก่อน จะเป็นยังไง pic.twitter.com/vR6F1Hd4FJ", "date": "22-02-2019 23:59", "retweet": 19, "like": 12}, {"id": "1098948879708372992", "url": "https://twitter.com/aorwiki/status/1098948879708372992", "username": "", "text": "โถ สลิ่ม pic.twitter.com/WbztM4Sg1Q", "date": "22-02-2019 21:13", "retweet": 1, "like": 0}, {"id": "1098880402129735680", "url": "https://twitter.com/aorwiki/status/1098880402129735680", "username": "", "text": "ที่ #อุบล มีคนทำลายป้ายหาเสียง #อนาคตใหม่ ด้วยล่ะ พอดีว่ากระแสมาแรงมาก เลยไม่รู้จะทำลายกันแบบไหนแล้ว pic.twitter.com/qVf0c8monn", "date": "22-02-2019 16:41", "retweet": 3, "like": 1}, {"id": "1098878877969965056", "url": "https://twitter.com/aorwiki/status/1098878877969965056", "username": "", "text": "ตอแหลจริงๆ https:// twitter.com/stop_dadjarit/ status/1098746250889850880 …", "date": "22-02-2019 16:35", "retweet": 4, "like": 0}, {"id": "1098867855649456133", "url": "https://twitter.com/aorwiki/status/1098867855649456133", "username": "", "text": "โรคราคาถูก . . . . . โรคระบาด", "date": "22-02-2019 15:51", "retweet": 1, "like": 3}, {"id": "1098824326260748288", "url": "https://twitter.com/aorwiki/status/1098824326260748288", "username": "", "text": "เปลี่ยนวิกฤตเป็นโอกาส​ เครื่องบินนายกฯบินไม่ขึ้น ก็ซื้อใหม่ #ก็มันจำเป็น pic.twitter.com/6LRh0FKqEt", "date": "22-02-2019 12:58", "retweet": 3, "like": 1}, {"id": "1098820369819914246", "url": "https://twitter.com/aorwiki/status/1098820369819914246", "username": "", "text": "ฐานของ #พรรคสามัญชน ส่วนหนึ่งบอก ถ้าพท ของเค้าไม่ส่งผู้สมัคร เขาก็จะเลือก #พรรคอนาคตใหม่", "date": "22-02-2019 12:42", "retweet": 0, "like": 0}, {"id": "1098819946027470848", "url": "https://twitter.com/aorwiki/status/1098819946027470848", "username": "", "text": "วันก่อนประสิทธิ์ชัยถามว่ามีพรรคการเมืองไหนมีนโยบายรื้อโครงสร้างทุนในไทยบ้าง หลายเม้นท์ก็ออกทะเล รุมด่าทักษิณบ้าง เราก็ตอบไป #พรรคอนาคตใหม่ ไง", "date": "22-02-2019 12:41", "retweet": 0, "like": 3}, {"id": "1098819517340278784", "url": "https://twitter.com/aorwiki/status/1098819517340278784", "username": "", "text": "ประสิทธิ์ชัย หนูนวลพูดถึง #พรรคอนาคตใหม่ ทำไมถึงถูกรุม “พรรคใดที่เสนอการเรื้อโครงสร้าง จึงเป็นเป้าหมายของการทำลายอย่างแน่นอน พรรคแบบนี้จะอยู่รอดหรือไม่ก็ขึ้นอยู่กับการตื่นรู้ของประชาชนว่าเพียงพอต่อการเปลี่ยนแปลงเช่นนี้หรือเปล่า“ #savethanathon @Thanathorn_FWP pic.twitter.com/4QNuUUG20E", "date": "22-02-2019 12:39", "retweet": 4, "like": 2}, {"id": "1098609373679632384", "url": "https://twitter.com/aorwiki/status/1098609373679632384", "username": "", "text": "แหม ไม่รู้ตัว #ทีมลุงตู่ pic.twitter.com/j3uNb9yLyP", "date": "21-02-2019 22:44", "retweet": 5, "like": 5}, {"id": "1098608623973027842", "url": "https://twitter.com/aorwiki/status/1098608623973027842", "username": "", "text": "“เพื่อความสุขนิรันดร์ของชาวภูฏาน พวกเราจำเป็นต้องผลักดันระบอบประชาธิปไตย…” พระราชดำรัส สมเด็จพระราชาธิบดีจิกมี ซิงเย วังชุก อดีตกษัตริย์ #ภูฏาน . . อิจฉาคนในประเทศเค้าเนอะ พูดไปก็จะโดนด่าว่าชังชาติ เอ้า ตอแหลต่อไป เพื่อความอยู่รอด #อยู่เป็นก็เย็นใจ pic.twitter.com/yrih6rfEXM", "date": "21-02-2019 22:41", "retweet": 4, "like": 3}, {"id": "1098517315333705728", "url": "https://twitter.com/aorwiki/status/1098517315333705728", "username": "", "text": "ขอบคุณค่า พี่ก็ได้ความรู้ไปด้วย ถ้าเป็นพี่ขุดเจอ ไม่กล้าเก็บไว้แน่ๆ กลัวผีจ้า", "date": "21-02-2019 16:38", "retweet": 0, "like": 0}, {"id": "1098517080746291200", "url": "https://twitter.com/aorwiki/status/1098517080746291200", "username": "", "text": "พูดมาได้ขอโทษลูกค้าทั้งสองฝ่าย เฮงซวย จะไปขอโทษอีรถหรูที่จอดที่คนพิการทำไม จิตสำนึกไม่มี ดีแต่เบียดเบียดคนพิการ คนปกติที่จอดรถที่คนพิการได้นี่ มันเห็นแก่ตัวขั้นสุดจริง ห้างพลาดแรงที่ขอโทษรถหรูด้วย โดนด่าเละ ซึ่งก็สมควร pic.twitter.com/PZKIIWC4UP", "date": "21-02-2019 16:37", "retweet": 114, "like": 6}, {"id": "1098513230853431296", "url": "https://twitter.com/aorwiki/status/1098513230853431296", "username": "", "text": "งานรีบก็มา เดือนเดียวผ่านกฏหมาย 66 ฉบับ รีบ โค้งสุดท้ายแล้ว pic.twitter.com/CI0wwpwtb6", "date": "21-02-2019 16:22", "retweet": 2, "like": 1}, {"id": "1098510245955944448", "url": "https://twitter.com/aorwiki/status/1098510245955944448", "username": "", "text": "ชวนอ่าน 5 เหตุผลทำไมต้องคัดค้าน “ร่าง พ.ร.บ.โรงงาน” ฉบับที่กำลังจะผ่าน สนช. https://www. facebook.com/41436868196960 2/posts/2484207964985653?sfns=mo … ร่างฉบับนี้จะมีผลกระทบต่อการลดทอนมาตรการสำคัญในการกำกับดูแลการประกอบกิจการโรงงาน การป้องกัน การแก้ไขผลกระทบจากการประกอบกิจการของโรงงานต่างๆ ทั่วประเทศ #EnLaw pic.twitter.com/SJfAgMnXNL", "date": "21-02-2019 16:10", "retweet": 20, "like": 2}, {"id": "1098507323184603136", "url": "https://twitter.com/aorwiki/status/1098507323184603136", "username": "", "text": "#เส้นทางเศรษฐี งาบเงินเดือนสามทาง 3.5 แสนบาท/ปีละ 4.2 ล้าน เท่ากับเงินเดือนทหารเกณฑ์ 38 ปี คำนวณจากเงินเดือนผู้นำเหล่าทัพ 120,030 บาท, เงินเดือน คสช. 119,920 บาท เงินเดือน สนช. 113,560 ยังไม่รวมเบี้ยประชุมคณะกรรมการยุทธศาสตร์อีกครั้งละ 6,000 บาท และการเป็นปธ/กรรมการรัฐวิสาหกิจ pic.twitter.com/cPTM0V8Czb", "date": "21-02-2019 15:58", "retweet": 28, "like": 4}, {"id": "1098503391901184000", "url": "https://twitter.com/aorwiki/status/1098503391901184000", "username": "", "text": "งงกับแกจริมๆ เรียกว่า อยู่เป็น จะได้มะ pic.twitter.com/AtLa2iCP9Y", "date": "21-02-2019 15:43", "retweet": 18, "like": 5}, {"id": "1098437569748946945", "url": "https://twitter.com/aorwiki/status/1098437569748946945", "username": "", "text": "ไม่ต้องเลี้ยงข้าวเหนียวมะม่วงหรอก ดูแลหมาจรจัดเถอะ กัดนักท่องเที่ยวแล้ว pic.twitter.com/UiNIi9HhtM", "date": "21-02-2019 11:21", "retweet": 7, "like": 0}, {"id": "1098431704161611781", "url": "https://twitter.com/aorwiki/status/1098431704161611781", "username": "", "text": "สงสัยจะ …. หนัก pic.twitter.com/0h5k72FO9S", "date": "21-02-2019 10:58", "retweet": 4, "like": 1}, {"id": "1098428520823382021", "url": "https://twitter.com/aorwiki/status/1098428520823382021", "username": "", "text": "เจอแบบนี้มา จะแจ้งได้กับใครดี แล้วถ้าอ้างว่าของปลอม คดีจะพลิกมั้ย (โพสต์นี้ต้นทางลบไปแล้ว) pic.twitter.com/G4gSBAWx4B", "date": "21-02-2019 10:45", "retweet": 0, "like": 0}, {"id": "1098417844931289088", "url": "https://twitter.com/aorwiki/status/1098417844931289088", "username": "", "text": "เรื่องราวการเดินทางของผ้าคาดเอวจากเปอร์เซียสู่สยามของนักสะสมผ้าขาวม้าที่เอาไว้ใช้ไม่ได้เอาไว้โชว์ https:// readthecloud.co/pakaoma/", "date": "21-02-2019 10:03", "retweet": 1, "like": 1}, {"id": "1098417077906358272", "url": "https://twitter.com/aorwiki/status/1098417077906358272", "username": "", "text": "ป่านนั้นมนุษย์บางจำพวกยังจะเลือกพวกนี้อีก ไม่ว่าโง่ จะให้ว่าอะไร ไอลอว์ เผยผู้นำเหล่าทัพ อู้ฟู่หลังรัฐประหาร ควบตำแหน่งแต่งตั้ง รับเดือนละหลายแสน! https://www. sentangsedtee.com/today-news/art icle_104285 … ข้อมูลจาก @เส้นทางเศรษฐี", "date": "21-02-2019 10:00", "retweet": 0, "like": 1}, {"id": "1098413911408140288", "url": "https://twitter.com/aorwiki/status/1098413911408140288", "username": "", "text": "ปั่นแทค #savethanatorn ด้วย ไปให้กำลังใจพ่อด้วยก็ดีนะเด็กๆ ของพ่อ วันนี้ 21 ก.พ. 62 พบกับธนาธร จึงรุ่งเรืองกิจ หัวหน้า #พรรคอนาคตใหม่ ตั้งแต่ เวลา 12.30 เป็นต้นไป ณ เขตดุสิต (สี่แยกซังฮี้) จุดนัดพบ หน้าม. สวนดุสิต #เลือกตั้งปี62 pic.twitter.com/BBUUOLMG8L", "date": "21-02-2019 09:47", "retweet": 8, "like": 2}, {"id": "1098412503891988481", "url": "https://twitter.com/aorwiki/status/1098412503891988481", "username": "", "text": "ช่วงนี้ไม่มีเพื่อนเลย 5555", "date": "21-02-2019 09:42", "retweet": 0, "like": 0}, {"id": "1098412333938790400", "url": "https://twitter.com/aorwiki/status/1098412333938790400", "username": "", "text": "ธนาธรและกรรมการบริหารพรรค 2 คน ถูกตัวแทน คสช. ได้แจ้งข้อหาความผิดตาม พ.ร.บ.คอมพิวเตอร์ฯ อัยการจะพิจารณาคดีในวันที่ 27 กุมภาพันธ์นี้ “พรรคอนาคตใหม่จะยังคงเดินหน้าทำในทุกๆ สิ่งที่เราได้ให้คำสัญญากับพี่น้องประชาชนเอาไว้อย่างถึงที่สุด” #พรรคอนาคตใหม่ #เลือกตั้ง62 #savethanathorn pic.twitter.com/Ygp3hXOZsy", "date": "21-02-2019 09:41", "retweet": 0, "like": 0}, {"id": "1098409987787747330", "url": "https://twitter.com/aorwiki/status/1098409987787747330", "username": "", "text": "การเมืองคือเรื่องสกปรก แต่ทหารสกปรกยิ่งกว่า สกปรกตั้งแต่วางแผนใช้ความขัดแย้งประชาชนเพื่อยึดอำนาจ ลุแก่อำนาจ โกง ตรวจสอบไม่ได้ จนกลายเป็นหมาจนตรอก จับคนที่กระแสมาแรง #savethanatorn", "date": "21-02-2019 09:32", "retweet": 6, "like": 2}, {"id": "1098404748305133568", "url": "https://twitter.com/aorwiki/status/1098404748305133568", "username": "", "text": "ยิ่งใกล้เลือกตั้ง ยิ่งแสดงความขลาดด้วยวิธีกากๆ #savethanatorn", "date": "21-02-2019 09:11", "retweet": 7, "like": 3}, {"id": "1097767194019020803", "url": "https://twitter.com/aorwiki/status/1097767194019020803", "username": "", "text": "อะเครร ดีลลล รอเด้อ", "date": "19-02-2019 14:57", "retweet": 0, "like": 0}, {"id": "1097766816686854149", "url": "https://twitter.com/aorwiki/status/1097766816686854149", "username": "", "text": "ว้าาาา เอื้อยกะเพิ่งตื่นเนี่ย แหะๆๆ", "date": "19-02-2019 14:56", "retweet": 0, "like": 0}, {"id": "1097765802000797697", "url": "https://twitter.com/aorwiki/status/1097765802000797697", "username": "", "text": "ฮือๆๆๆ คื้อไกลแท่ะ มะได๋สิเข้าเมือง มาๆ ในเมียงดีก่าา", "date": "19-02-2019 14:52", "retweet": 0, "like": 0}, {"id": "1097764925546483713", "url": "https://twitter.com/aorwiki/status/1097764925546483713", "username": "", "text": "แค่พูดว่าจะไม่โหวตโนเพราะสำหรับเราคือการสูญเปล่า พวกโหวตโนก็ด่าเรา ไม่พอใจ พอบอกเลือกฝั่งประชาธิปไตย พวกเลือกเผด็จการก็เกลียดเรา ความเป็นเพื่อนก็ถูกแบน กูว่า คนในประเทศนี้มีปัญหาการเคารพสิทธิ์คนอื่นจริงๆ /เปิดshoppeเลือกลิปสติกต่อ", "date": "19-02-2019 14:48", "retweet": 19, "like": 16}, {"id": "1097764323651272704", "url": "https://twitter.com/aorwiki/status/1097764323651272704", "username": "", "text": "อยู่ๆ", "date": "19-02-2019 14:46", "retweet": 0, "like": 0}, {"id": "1097536130788945928", "url": "https://twitter.com/aorwiki/status/1097536130788945928", "username": "", "text": "เม้นท์นี้พูดถึงตอบแทนบุญคุณแผ่นดินได้ครบถ้วน ดีเยี่ยมแล้ว ตามนี้แหละ “นอนอยู่บ้านเฉยๆ แผ่นดินมันผุดข้าว ผุดน้ำให้มึงกินไหม ทุกคนก็ทำเอาเอง หาเอาเองทั้งนั้น” pic.twitter.com/A8MoPrEpqK", "date": "18-02-2019 23:39", "retweet": 327, "like": 65}, {"id": "1097534298347859968", "url": "https://twitter.com/aorwiki/status/1097534298347859968", "username": "", "text": "เอาไปได้ยังไง เอาเด็กจ้างงานวิจัยตัวเองเป็นผัว วิจัยหนุกๆ เอากันมันๆ งี้เหรอ", "date": "18-02-2019 23:32", "retweet": 0, "like": 0}, {"id": "1097534040058384385", "url": "https://twitter.com/aorwiki/status/1097534040058384385", "username": "", "text": "คนเรามันต้องทำมาหากิน หาแดกกับเผด็จการบ้าง หาแดกกับความเดือดร้อนชาวบ้านบ้าง #ประเทศกูมี แบบนี้แหละ", "date": "18-02-2019 23:31", "retweet": 0, "like": 0}, {"id": "1097533491569291267", "url": "https://twitter.com/aorwiki/status/1097533491569291267", "username": "", "text": "ทั้งชีวิตคนๆ นี้ก็รับจ้างเขียนรัฐธรรมนูญให้เผด็จการมาตลอดสินะ อ่านเต็ม https://www. facebook.com/500530474/post s/10161586924610475?sfns=mo … pic.twitter.com/CwysAitMe5", "date": "18-02-2019 23:29", "retweet": 0, "like": 1}, {"id": "1097532419001872384", "url": "https://twitter.com/aorwiki/status/1097532419001872384", "username": "", "text": "กองทัพควรตระหนัก ใช้สติ และยอมรับความจริงได้แล้วว่าประชาชนส่วนใหญ่ไม่โอเคกับบทบาทของกองทัพที่จะมายุ่งกับการเมือง ดูจากกระแสตอบรับที่มีต่อ ผบ.ทบ. วันนี้กับคำว่า #หนักแผ่นดิน ก็ได้", "date": "18-02-2019 23:24", "retweet": 1, "like": 3}, {"id": "1097531941484556288", "url": "https://twitter.com/aorwiki/status/1097531941484556288", "username": "", "text": "คำพูดของลูกชายเพียงคำเดียว ทำให้เรื่องราวในอดีตของผู้เป็นพ่อถูกขุดมาเล่า ทำให้ขาวเน็ตโหมอวยพรสรรเสริญผู้เป็นพ่อในทางลบทั่วบ้านทั่วเมือง บทเรียนวันนี้ “คิด ก่อนพูด” สำคัญจริงๆ อ่านเต็ม https://www. facebook.com/500530474/post s/10161586924610475?sfns=mo … #หนักแผ่นดิน pic.twitter.com/T35vP4ASFY", "date": "18-02-2019 23:23", "retweet": 15, "like": 6}, {"id": "1097512905887510528", "url": "https://twitter.com/aorwiki/status/1097512905887510528", "username": "", "text": "ใครช่วยแต่งเนื้อเพลง “หนักหัวพ่อมึง” ให้ดี้ นิติพงษ์ หน่อย กูรำคาญมากจังแล้ว มึงคิดว่าคนรุ่นพวกกูไม่มีสมองรึไงวะ กูโตพอที่จะคิดและเลือกอนาคตตัวเองได้แล้ว #มิตรสหายท่านหนึ่ง", "date": "18-02-2019 22:07", "retweet": 0, "like": 1}, {"id": "1097511120393256960", "url": "https://twitter.com/aorwiki/status/1097511120393256960", "username": "", "text": "ไม่รู้จะขอแอดเฟสกูมาทำไม ปกติก็เปิดสาธารณะอยู่แล้ว จะส่องหาหอกอะไร แล้วเจอหอกมั๊ย เสือก สาระแน", "date": "18-02-2019 22:00", "retweet": 1, "like": 0}, {"id": "1097503799197880320", "url": "https://twitter.com/aorwiki/status/1097503799197880320", "username": "", "text": "ภาพครอบครัวนายพลตรีมจ.ทองทีฆายุ ทองใหญ่ ที่บ้านพักหัวหิน(พ.ศ.2464) แถวหน้ามรว.สิงคธา ทองใหญ่ หม่อมลุดมิล่า ทองใหญ่ ณ อยุธยา(ชาวรัสเซีย) มจ.ทองทีฆายุ ทองใหญ่ มรว.จักรทอง ทองใหญ่ แถวหลังมรว.พักตร์พริ้ง ทองใหญ่ มรว.ผ่องลักษณ์ ทองใหญ่ ภาพ หนังสืองานพระราชทานเพลิงศพมรว.จักรทอง ทองใหญ่ pic.twitter.com/b9hxeyZW4g", "date": "18-02-2019 21:31", "retweet": 1, "like": 2}, {"id": "1097491078654046208", "url": "https://twitter.com/aorwiki/status/1097491078654046208", "username": "", "text": "เจ้าพ่อแห่งวอร์ ดึกๆ ป๋าก็ขยี้พี่แดงต่อ “ผบ.ทบ. ไม่มีสิทธิ์โอหังว่าประชาชน ผมจะจองตำแหน่งรัฐมนตรีกลาโหม” #เสรีพิศุทธ์ pic.twitter.com/GJjxY3ZiwZ", "date": "18-02-2019 20:40", "retweet": 65, "like": 18}, {"id": "1097478234092888064", "url": "https://twitter.com/aorwiki/status/1097478234092888064", "username": "", "text": "ก่อนหน้านี้ คนเค้าอุตส่าห์ ให้เกียรติคนตาย ทำเป็นลืมๆ ไม่ขุด อดีตหัวหน้าคณะ รสช. ขึ้นมาด่า เจอลูกกตัญญูปล่อยมุก “หนักแผ่นดิน” ตอนนี้คนเลยขุดหลุมพ่อ แช่งชักหักกระดูกกันทั้งเมือง #มิตรสหายท่านหนึ่ง", "date": "18-02-2019 19:49", "retweet": 10, "like": 9}, {"id": "1097477331742945281", "url": "https://twitter.com/aorwiki/status/1097477331742945281", "username": "", "text": "ศึกสายเลือดฟ้องบันลือโลก รวมคดีชิงอภิมหึมา 'มรดก' https://www. thairath.co.th/content/528488", "date": "18-02-2019 19:46", "retweet": 0, "like": 2}, {"id": "1097470232556228609", "url": "https://twitter.com/aorwiki/status/1097470232556228609", "username": "", "text": "ชวนทาสมาร้องเพลงหนักแผ่นดิน pic.twitter.com/asTVtupZoC", "date": "18-02-2019 19:17", "retweet": 6, "like": 4}, {"id": "1097446451246841856", "url": "https://twitter.com/aorwiki/status/1097446451246841856", "username": "", "text": "งงกับคนรุ่นเก่าที่ด่าคนรุ่นใหม่ จะไปว่าคนรุ่นใหม่ทำไม ในเมื่อปัญหาที่มีตอนนี้ เกิดจากคนรุ่นเก่าก่อไว้ทั้งนั้น", "date": "18-02-2019 17:43", "retweet": 5, "like": 3}, {"id": "1097439986394181632", "url": "https://twitter.com/aorwiki/status/1097439986394181632", "username": "", "text": "ไปช่วยหมอหาเสียงต่อดีก่าาา #อนาคตใหม่ #อุบล", "date": "18-02-2019 17:17", "retweet": 0, "like": 1}, {"id": "1097439853891842050", "url": "https://twitter.com/aorwiki/status/1097439853891842050", "username": "", "text": "ป๋าก็ขยี้ซ้ำ วันนี้ป๋าท๊อปฟอร์มตั้งแต่ยื่นคำร้องยุบ #พลังประชารัฐ แล้ว วันนี้พี่แดงแต้มบุนหมด ควรสงบปากและไปพักผ่อน #อย่าล้ำเส้น #หนักแผ่นดิน pic.twitter.com/cQbIUYAO1w", "date": "18-02-2019 17:17", "retweet": 8, "like": 2}, {"id": "1097435330553106432", "url": "https://twitter.com/aorwiki/status/1097435330553106432", "username": "", "text": "หนักแผ่นดิน (ต้นฉบับ) - ส.อ.อุบล คงสิน , ศิริจันทร์ อิศรางกูร ณ อยุธยา น... https:// youtu.be/j1keG6_NLI8 ตามไปฟังเพราะพี่แดง", "date": "18-02-2019 16:59", "retweet": 0, "like": 0}, {"id": "1097433764018319360", "url": "https://twitter.com/aorwiki/status/1097433764018319360", "username": "", "text": "ทูลกระหม่อมฯ ทรงเลี้ยงอาหารปลา ที่หนองสมบุญ อุทยานสวรรค์ https://www. matichonweekly.com/hot-news/artic le_171384 … #ทรงพระสเลนเดอร์ #รัก", "date": "18-02-2019 16:52", "retweet": 1, "like": 0}, {"id": "1097432359937335296", "url": "https://twitter.com/aorwiki/status/1097432359937335296", "username": "", "text": "\"น้ำท่วม ก็มีแต่ทหารมาช่วย\" ใครจะรู้ว่างปที่ทหารผลาญไปอาจจะไปอุดรูน้ำท่วมก็เป็นได้ #มิตรสหายท่านหนึ่ง", "date": "18-02-2019 16:47", "retweet": 1, "like": 1}, {"id": "1097431935368888320", "url": "https://twitter.com/aorwiki/status/1097431935368888320", "username": "", "text": "กองทัพต้องการเอาลูกชาวบ้าน หลานชาวนาไปเป็นคนรับใช้ เป็นแรงงานสร้างความนิยมให้กองทัพ เรื่องระบบทหาร การรองมือรองตีน เจ็บตายในค่ายทหารที่เกิดทุกปี คนพวกนี้ไม่สนหรอกเพราะเขามองว่าลูกหลานเขาไม่โดนแน่เพราะเขาเส้นใหญ่ เขาไม่ได้ห่วงลูกชาวบ้าน หลานชาวนาชาวไร่ แบบลูกหลานตัวเอง #มิตร", "date": "18-02-2019 16:45", "retweet": 0, "like": 2}, {"id": "1097431547106324482", "url": "https://twitter.com/aorwiki/status/1097431547106324482", "username": "", "text": "หมวดเจี๊ยบถามบิ๊กแดง เงียบกริบข่าวทหารเกณฑ์ตาย แต่โวยวายข่าวปฏิรูปเกณฑ์ทหาร https://www. matichon.co.th/politics/news_ 1368609 … วันนี้พี่แดงก็จะงานเข้าหน่อยๆ", "date": "18-02-2019 16:44", "retweet": 0, "like": 0}, {"id": "1097429567332003840", "url": "https://twitter.com/aorwiki/status/1097429567332003840", "username": "", "text": "#หนักแผ่นดิน เพลงประจำตระกูลครอบครัวรัฐประหาร สืบต่อมาตั้งแต่รุ่นพ่อสู่รุ่นลูก", "date": "18-02-2019 16:36", "retweet": 2, "like": 2}, {"id": "1097428202178306054", "url": "https://twitter.com/aorwiki/status/1097428202178306054", "username": "", "text": "พอไม่สนใจการเมืองก็บอกว่าคนรุ่นใหม่แม่งเอาแต่เที่ยวเล่นไม่สนใจบ้านเมือง พอสนใจการเมืองแต่ไม่ใช่กับฝั่งที่มึงชอบก็บอกว่าคนรุ่นใหม่แม่งถูกล้างสมอง ขอโทษนะครับ พวกพี่เป็นเหี้ยอาราย #มิตรสหายท่านหนึ่ง", "date": "18-02-2019 16:30", "retweet": 2, "like": 1}, {"id": "1097413814503464960", "url": "https://twitter.com/aorwiki/status/1097413814503464960", "username": "", "text": "ป่านนี้ปู่จ๊อดสะดุ้งเฮือกๆ “ลูกกูไม่น่าเลย” - ปู่ไม่ได้กล่าว #หนักแผ่นดิน", "date": "18-02-2019 15:33", "retweet": 0, "like": 1}, {"id": "1097412158634131456", "url": "https://twitter.com/aorwiki/status/1097412158634131456", "username": "", "text": "เหยียดมา เหยียดกลับ โดย ตั๊กแตน ชลดา นี่มันเรื่องอะไรกันคร๊าาา pic.twitter.com/60vyXBuI43", "date": "18-02-2019 15:27", "retweet": 6, "like": 2}, {"id": "1097409331497029632", "url": "https://twitter.com/aorwiki/status/1097409331497029632", "username": "", "text": "งานโหน งานแถก็มา https:// twitter.com/springnews_tv/ status/1097408723792801793 …", "date": "18-02-2019 15:15", "retweet": 0, "like": 0}, {"id": "1097405141286711296", "url": "https://twitter.com/aorwiki/status/1097405141286711296", "username": "", "text": "นี่คำแนะนำจากทันตแพทย์เลยนะ หมออออ ขำอ่ะ", "date": "18-02-2019 14:59", "retweet": 2, "like": 1}, {"id": "1097404944200527875", "url": "https://twitter.com/aorwiki/status/1097404944200527875", "username": "", "text": "เราทำดีที่สุดแล้ว ผลออกมาเป็นไงต้องยอมรับและปล่อยวางหากไม่ตรงใจนะคะ การเมืองไทยอีกไกล คนรุ่นหนูนี่แหละที่จะช่วยเปลี่ยน แต่ต้องใช้เวลา คนรุ่นป้าๆ พี่ๆ มีคนรุ่นหนูนี่แหละที่เป็นความหวังนะ", "date": "18-02-2019 14:58", "retweet": 1, "like": 0}, {"id": "1097404558366597121", "url": "https://twitter.com/aorwiki/status/1097404558366597121", "username": "", "text": "#หนักแผ่นดิน pic.twitter.com/NcPtrXgeop", "date": "18-02-2019 14:56", "retweet": 1, "like": 1}, {"id": "1097403697682771968", "url": "https://twitter.com/aorwiki/status/1097403697682771968", "username": "", "text": "ความคิดเด็กรุ่นใหม่นี่น่าฟังจริงๆ เด็กมันรู้อ่ะว่าอะไรเป็นอะไร แต่ผู้ใหญ่รุ่นดึกดำบรรพ์นี่แหละที่พยายามครอบความคิดเด็ก พอทำไม่ได้ก็ยัดวาทกรรมเด็กรุ่นใหม่ชังชาติ ทำลายชาติ พร้อมห้อยโหนสถาบัน #หนักแผ่นดิน", "date": "18-02-2019 14:53", "retweet": 11, "like": 3}, {"id": "1097403036136132610", "url": "https://twitter.com/aorwiki/status/1097403036136132610", "username": "", "text": "เลือกตั้ง 2562 : นักวิชาการด้านการเมืองชี้ เพลงหนักแผ่นดิน คือบทเพลงสร้างวาทกรรมแห่งความแตกแยก https://www. bbc.com/thai/thailand- 47275253 …", "date": "18-02-2019 14:50", "retweet": 0, "like": 0}, {"id": "1097402349671264256", "url": "https://twitter.com/aorwiki/status/1097402349671264256", "username": "", "text": "ออกไปเลือกตั้งก่อนน๊า ปล่อยไดโนเสาร์ดึกดำบรรพ์จำพวกนี้ไป ประเทศเราต้องการคนรุ่นใหม่ ไม่ใช่พวกดักดาน", "date": "18-02-2019 14:48", "retweet": 1, "like": 0}, {"id": "1097396876423229441", "url": "https://twitter.com/aorwiki/status/1097396876423229441", "username": "", "text": "คนที่ใช้อำนาจทหารยึดอำนาจจากประชาชนเพื่อปกครองเอง บุคคลเข่นนี้เป็นคน #หนักแผ่นดิน", "date": "18-02-2019 14:26", "retweet": 0, "like": 1}, {"id": "1097394815212281856", "url": "https://twitter.com/aorwiki/status/1097394815212281856", "username": "", "text": "อันนี้ได้ https:// twitter.com/ebichu_69/stat us/1097392828500434944 …", "date": "18-02-2019 14:18", "retweet": 0, "like": 1}, {"id": "1097394058211733506", "url": "https://twitter.com/aorwiki/status/1097394058211733506", "username": "", "text": "555555555 ลุงงง https:// twitter.com/tanatpong_/sta tus/1097366023504683008 …", "date": "18-02-2019 14:15", "retweet": 0, "like": 0}, {"id": "1097393079630221312", "url": "https://twitter.com/aorwiki/status/1097393079630221312", "username": "", "text": "ตัดงบทหารแล้วกูจะหาแดกยังง๊ายยยย #หนักแผ่นดิน", "date": "18-02-2019 14:11", "retweet": 1, "like": 0}, {"id": "1097391529948176384", "url": "https://twitter.com/aorwiki/status/1097391529948176384", "username": "", "text": "#เลือกตั้ง62 ปีนี้คึกคักจริงๆ pic.twitter.com/tJ2fSOFeUq", "date": "18-02-2019 14:05", "retweet": 9, "like": 0}, {"id": "1097390383699349504", "url": "https://twitter.com/aorwiki/status/1097390383699349504", "username": "", "text": "ตกข่าว ไฮโซโอบอุ้มแต่งงานแล้ว เพิ่งคลอดลูก นี่พี่ไปอยู่ไหนมา", "date": "18-02-2019 14:00", "retweet": 0, "like": 0}, {"id": "1097384079220039680", "url": "https://twitter.com/aorwiki/status/1097384079220039680", "username": "", "text": "โหๆๆ", "date": "18-02-2019 13:35", "retweet": 0, "like": 0}, {"id": "1097384029882507264", "url": "https://twitter.com/aorwiki/status/1097384029882507264", "username": "", "text": "พี่อ้อยังไม่ถึงห้าสิบบบบบ แงๆๆ", "date": "18-02-2019 13:35", "retweet": 0, "like": 0}, {"id": "1097383882104557568", "url": "https://twitter.com/aorwiki/status/1097383882104557568", "username": "", "text": "โหนเก่งสุดๆ", "date": "18-02-2019 13:34", "retweet": 0, "like": 0}, {"id": "1097383699044167680", "url": "https://twitter.com/aorwiki/status/1097383699044167680", "username": "", "text": "ตอนที่คุยเรื่องนโยบาย #พรรคอนาคตใหม่ แล้วลุงคนนี้ก็โผล่มาด่า ธนธ ว่าจะล้มล้างราชวงศ์ฮ่องเต้ กูเหนื่อยกับคนแบบนี้ pic.twitter.com/RyYTcOkQ6W", "date": "18-02-2019 13:33", "retweet": 0, "like": 0}]