[{"id": "1098529306077057024", "url": "https://twitter.com/aoywishyousmile/status/1098529306077057024", "username": "", "text": "ลุกแมวผอมเลอ สงสัยเหม็นกลิ่นสีไม่อยากกินอาหาร", "date": "21-02-2019 17:26", "retweet": 0, "like": 0}, {"id": "1098529068721545218", "url": "https://twitter.com/aoywishyousmile/status/1098529068721545218", "username": "", "text": "แพ้สีทาบ้านจ้า แสบจมูกแสบตา น้ำมูกไหลหยด", "date": "21-02-2019 17:25", "retweet": 0, "like": 0}, {"id": "1098029930753867776", "url": "https://twitter.com/aoywishyousmile/status/1098029930753867776", "username": "", "text": "ทำนน.ได้ดีเยี่ยมเลยช้าน", "date": "20-02-2019 08:21", "retweet": 0, "like": 0}, {"id": "1097868265404035072", "url": "https://twitter.com/aoywishyousmile/status/1097868265404035072", "username": "", "text": "ความฝันของชีวิต บางทีก็สิ้นเปลืองไง เรายังไม่พร้อมจะทำ", "date": "19-02-2019 21:39", "retweet": 0, "like": 0}, {"id": "1097662363229016066", "url": "https://twitter.com/aoywishyousmile/status/1097662363229016066", "username": "", "text": "คุณแม่สวยมากค่ะ", "date": "19-02-2019 08:01", "retweet": 0, "like": 0}, {"id": "1097662206986997761", "url": "https://twitter.com/aoywishyousmile/status/1097662206986997761", "username": "", "text": "มาถึงจุดที่ส่องกระจกแล้วพึมพำกะตัวเองว่า...ขี้เหร่แท้5555", "date": "19-02-2019 08:00", "retweet": 0, "like": 0}, {"id": "1097661954762502144", "url": "https://twitter.com/aoywishyousmile/status/1097661954762502144", "username": "", "text": "เฮลโล๋ว อยู่เวนในรอบครึ่งเดือน5555 งงเงิงทำตัวไม่ถืกกกก", "date": "19-02-2019 07:59", "retweet": 0, "like": 0}, {"id": "1097420062057586690", "url": "https://twitter.com/aoywishyousmile/status/1097420062057586690", "username": "", "text": "แลกเวรยังไง ช้านมาเช้าทู้กกกกวัน ง่าาาาา ลูกหมาง่วงนอน", "date": "18-02-2019 15:58", "retweet": 0, "like": 0}]