[{"id": "1099294653537345536", "url": "https://twitter.com/Aun_SVIP_GDM/status/1099294653537345536", "username": "", "text": "ขอตัวไปอ๊วกก่อนนะคะ 555", "date": "23-02-2019 20:07", "retweet": 0, "like": 1}, {"id": "1099223029232545792", "url": "https://twitter.com/Aun_SVIP_GDM/status/1099223029232545792", "username": "", "text": "เหมือนเอดส์ กับ มะเร็ง อ่ะ 55 https:// twitter.com/Stone_nayouung /status/1098523000901488640 …", "date": "23-02-2019 15:22", "retweet": 1, "like": 14}, {"id": "1099219357379452928", "url": "https://twitter.com/Aun_SVIP_GDM/status/1099219357379452928", "username": "", "text": "ชาเขียว จะเยียวยาทุกสิ่ง การยอมรับความจริง จะเยียวยาทุกอย่าง #มีความ #คำคม #แคปชั่นเสี่ยว pic.twitter.com/B7r3b0zjDv", "date": "23-02-2019 15:08", "retweet": 10, "like": 166}, {"id": "1099126379365294081", "url": "https://twitter.com/Aun_SVIP_GDM/status/1099126379365294081", "username": "", "text": "เดี๋ยวก็ตายหรอกค่ะ.. ท้าชก กอลิล่า ถ้าลิงโกรธจริง มันไม่แค่ชกนะคะ มันกัดเด้อ", "date": "23-02-2019 08:58", "retweet": 0, "like": 1}, {"id": "1099123892470206465", "url": "https://twitter.com/Aun_SVIP_GDM/status/1099123892470206465", "username": "", "text": "สู้ๆกันนะคะ ขอให้สอบผ่านกันทุกคน อ่านหนังสือมาก็เพื่อวันนี้...สอบเสร็จก็โล่งแล้ว เครียดอีกทีตอนรู้ผล 555 #dek62", "date": "23-02-2019 08:48", "retweet": 3, "like": 47}, {"id": "1098901435402473478", "url": "https://twitter.com/Aun_SVIP_GDM/status/1098901435402473478", "username": "", "text": "ขอบคุณค่ะ", "date": "22-02-2019 18:04", "retweet": 0, "like": 0}, {"id": "1098875767734251520", "url": "https://twitter.com/Aun_SVIP_GDM/status/1098875767734251520", "username": "", "text": "วันนี้ไปขายของถนนคนเดิน อยากสวย อยากหล่อ มาอุนหนุดสินค้าเราได้นะคะ #ถนนคนเดินบึงกาฬ #สินค้าพร้อมส่ง pic.twitter.com/XxtLpXmIwQ", "date": "22-02-2019 16:22", "retweet": 3, "like": 83}, {"id": "1098834136565932037", "url": "https://twitter.com/Aun_SVIP_GDM/status/1098834136565932037", "username": "", "text": "#CanNayika #ทรูปของแคน สองแท็กนี้ คือ..? อยากรู้ค่ะ...เดี๋ยวคุยกับใครไม่รู้เรื่อง... . อันนี้ไม่รู้จริงๆ", "date": "22-02-2019 13:37", "retweet": 5, "like": 44}, {"id": "1098822239514910720", "url": "https://twitter.com/Aun_SVIP_GDM/status/1098822239514910720", "username": "", "text": "ขอบคุณทุกกำลังใจ..การส่งกำลังใจให้กันคือสิ่งดีงาม", "date": "22-02-2019 12:50", "retweet": 1, "like": 21}, {"id": "1098784520961028096", "url": "https://twitter.com/Aun_SVIP_GDM/status/1098784520961028096", "username": "", "text": "จากใจเลยนะ #ง่วง อยากกลับไปนอน pic.twitter.com/XHptWWw6l1", "date": "22-02-2019 10:20", "retweet": 9, "like": 280}, {"id": "1098778721677262848", "url": "https://twitter.com/Aun_SVIP_GDM/status/1098778721677262848", "username": "", "text": "อยากให้นักการเมือง มานั่งดู พยาบาล รพ.รัฐทำงาน จะได้รู้ว่ามันหนักและเหนื่อยมากแค่ไหน ค่าตอบแทนก็น้อย ถ้าเทียบกับภาระงานที่เราทำ อยากนั่งสบายๆ แล้วมีรายได้เดือนละแสนเหมือนพวกท่าน #พรรคนี้กรูไม่ค่อยได้นอนเลย #พลังประชารัฐ #savethanaton #เลือกตั้ง2562 #พรรคเพื่อไทย #อนาคตใหม่", "date": "22-02-2019 09:57", "retweet": 6, "like": 29}, {"id": "1098775415009640453", "url": "https://twitter.com/Aun_SVIP_GDM/status/1098775415009640453", "username": "", "text": "โห...แท็กนี้น่าจะเป็น แท็กที่ฮอตสุด ในการเมืองไทย ปี 2019 ติดเทรนความนิยม มา 3 วันแล้ว #savethanaton", "date": "22-02-2019 09:44", "retweet": 5, "like": 32}, {"id": "1098498376478351360", "url": "https://twitter.com/Aun_SVIP_GDM/status/1098498376478351360", "username": "", "text": "เสียดายเงินจัง 55", "date": "21-02-2019 15:23", "retweet": 0, "like": 0}, {"id": "1098494703106834433", "url": "https://twitter.com/Aun_SVIP_GDM/status/1098494703106834433", "username": "", "text": "พยาบาล : เป็นอะไรมาคะ คนไข้ : ปวดหัว ตัวร้อนครับ พยาบาล : ตอนนี้ยังปวดหัว ตัวร้อนอยู่มั้ย คนไข้ : ลองมาวัดดิ พยาบาล : อ้าวว..ก็มาดิสัส 55", "date": "21-02-2019 15:08", "retweet": 9, "like": 25}, {"id": "1098490391144259584", "url": "https://twitter.com/Aun_SVIP_GDM/status/1098490391144259584", "username": "", "text": "เข้าไปอ่านคอมเม้น....มีแต่คนรักท่าน #Savethanatorn #คสช #เลือกตั้งปี2562 #พลังประชารัฐ pic.twitter.com/KjwJZu2cx3", "date": "21-02-2019 14:51", "retweet": 23, "like": 26}, {"id": "1098486706641133568", "url": "https://twitter.com/Aun_SVIP_GDM/status/1098486706641133568", "username": "", "text": "เหมือนจะงบไปทำอะไรก็ได้เนอะ กินเงินภาษีประชาชน...วันๆทำอะไรบ้างอ่ะ", "date": "21-02-2019 14:36", "retweet": 0, "like": 0}, {"id": "1098468676620083201", "url": "https://twitter.com/Aun_SVIP_GDM/status/1098468676620083201", "username": "", "text": "ตั้งแต่เรียนจบมา บอกเลยว่า ไม่ได้ดูละครทางทีวีเลย เพราะทำงานเยอะ เวรอัด เวลานอนก็น้อยนิด แต่เจอกระแส #บุพเพสันนิวาส ต้องตามดู พักหลังๆ ติดมาก หลงรักพี่หมื่น ขายเวรเลยจ้า พ-พฤ ถ้ามีเวรบ่าย ขายลูกเดียว 55", "date": "21-02-2019 13:25", "retweet": 1, "like": 32}, {"id": "1098447670199242753", "url": "https://twitter.com/Aun_SVIP_GDM/status/1098447670199242753", "username": "", "text": "มองปัญหา...เป็นเรื่อง ขำๆบ้าง จะได้ไม่เครียด #คําคม #แคปชั่น", "date": "21-02-2019 12:01", "retweet": 0, "like": 23}, {"id": "1098442460160618496", "url": "https://twitter.com/Aun_SVIP_GDM/status/1098442460160618496", "username": "", "text": "#เลือกตั้ง2562 เลือก \"พรรคบ้างนะ\" เดี๋ยวตายก่อน ช/บ ต่อ ช/บ ใสๆ ไร้สติ #ชีวิตพยาบาล pic.twitter.com/7rrEzNNXrP", "date": "21-02-2019 11:41", "retweet": 3, "like": 166}, {"id": "1098424032267952131", "url": "https://twitter.com/Aun_SVIP_GDM/status/1098424032267952131", "username": "", "text": "ดูข่าวการเมือง...แล้วรู้สึก สงสารประเทศไทย คนมีอำนาจก็ใช้อำนาจไปในทางที่ไม่ถูกไม่ควร พอมีคนรุ่นใหม่ แนวคิดดี แต่คิดต่างจากตัวเอง ก็หาเรื่องจัดการเค้า ถ้ายังเป็นแบบนี้ต่อไป...ประเทศไทยเกมส์แน่ #Savethanatorn", "date": "21-02-2019 10:27", "retweet": 11, "like": 48}, {"id": "1098414474153799680", "url": "https://twitter.com/Aun_SVIP_GDM/status/1098414474153799680", "username": "", "text": "หูยยย...เห็นสเปคแล้ว กระเป๋าตังค์สั่นเลย #GalaxyS10 pic.twitter.com/WAzhUXICVT", "date": "21-02-2019 09:49", "retweet": 21, "like": 26}, {"id": "1098411771830751232", "url": "https://twitter.com/Aun_SVIP_GDM/status/1098411771830751232", "username": "", "text": "หลังจากดูละครเรื่องนี้ เราก็กลายเป็น Fc #โป๊ปเบลล่า️ #บุพเพสันนิวาส #คิดถึง pic.twitter.com/QhdRFz8th3", "date": "21-02-2019 09:39", "retweet": 5, "like": 8}, {"id": "1098408676627369985", "url": "https://twitter.com/Aun_SVIP_GDM/status/1098408676627369985", "username": "", "text": "ครบรอบ 1 ปี ละครทีวี ที่เรตติ้งดีที่สุด #บุพเพสันนิวาส ฉากนี้คือฟินจิกหมอน นึกว่าตัวเองเป็นแม่การะเกด 555 pic.twitter.com/QR6eBHWLp8", "date": "21-02-2019 09:26", "retweet": 16, "like": 20}, {"id": "1098247370993594369", "url": "https://twitter.com/Aun_SVIP_GDM/status/1098247370993594369", "username": "", "text": "มาสัมผัส...ความวุ่นวายทางการเมือง #WelcomeTWICEToThailand", "date": "20-02-2019 22:45", "retweet": 2, "like": 15}, {"id": "1098189341178748931", "url": "https://twitter.com/Aun_SVIP_GDM/status/1098189341178748931", "username": "", "text": "ถ้าจะจับธนาธร ในข้อหาวิจารย์ คสช. แบบนี้ไม่ต้องจับคนไทยกว่าครึ่งประเทศหรอ...คือแบบอยากจับใครก็จบอ่ะ ถ้าเป็นสมัยอดีต ไม่มีโซเชียล ไม่มีกระแสออนไลน์ คุณธนาธร คงลำบากแต่ตอนนี้...ยิ่งทำให้กระแสแรงมากกว่าเดิมอีกค่ะ #Savethanathorn pic.twitter.com/uOu1fFDHN6", "date": "20-02-2019 18:55", "retweet": 102, "like": 56}, {"id": "1098169274013704192", "url": "https://twitter.com/Aun_SVIP_GDM/status/1098169274013704192", "username": "", "text": "ตัวนี้เน้นเรื่องกลิ่นค่ะ...ตัวขาวกเป็นอีกตัว", "date": "20-02-2019 17:35", "retweet": 0, "like": 1}, {"id": "1098105611609239553", "url": "https://twitter.com/Aun_SVIP_GDM/status/1098105611609239553", "username": "", "text": "ผิวหอมแล้วมั่นใจ ออกไปหาลูกค้าได้ . ใครอยากลองใช้โลชั่นคาร่า สั่งซื้อได้นะคะมีบริการส่งทั่วประเทศ #howtopefect #ดีบอกต่อ #ใช้ดีบอกต่อ #คาร่า pic.twitter.com/e9GJpxQHkp", "date": "20-02-2019 13:22", "retweet": 1, "like": 29}, {"id": "1098072107466948608", "url": "https://twitter.com/Aun_SVIP_GDM/status/1098072107466948608", "username": "", "text": "มีเวลาก็มาค่ะ", "date": "20-02-2019 11:09", "retweet": 0, "like": 1}, {"id": "1098069841213153280", "url": "https://twitter.com/Aun_SVIP_GDM/status/1098069841213153280", "username": "", "text": "ผู้หญิงสวย ไม่จำเป็นต้องผอม เพราะผู้หญิงผอม ก็ใช่ว่าจะสวย 55 . มีความ #คําคม #แคปชั่นเด็ด . #เน้นแข็งแรง_เน้นสุขภาพค่ะ_ไม่เน้นผอม #ออกกําลังกาย #วันหยุด pic.twitter.com/Jmx8gVdLbQ", "date": "20-02-2019 11:00", "retweet": 10, "like": 157}, {"id": "1098053379308249090", "url": "https://twitter.com/Aun_SVIP_GDM/status/1098053379308249090", "username": "", "text": "เลือกใครดีคะ #เลือกตั้ง #เลือกตั้งประเทศไทย2562 #เลือกตั้งปี2562 #อนาคตใหม่ #เพื่อไทย #ประชาธิปัตย์ pic.twitter.com/EBCXQqkCBw", "date": "20-02-2019 09:55", "retweet": 1, "like": 32}, {"id": "1098023377187483650", "url": "https://twitter.com/Aun_SVIP_GDM/status/1098023377187483650", "username": "", "text": "ไม่ไหวก็ต้องไหว จะยอมแพ้ได้ไง \"หัวใจยังเต้นอยู่\"", "date": "20-02-2019 07:55", "retweet": 10, "like": 86}, {"id": "1097843100041457664", "url": "https://twitter.com/Aun_SVIP_GDM/status/1097843100041457664", "username": "", "text": "จะไม่ให้อ้วนได้ไง #หมูกะทะ #อร่อยไปเเดก pic.twitter.com/OZFKZp6wy1", "date": "19-02-2019 19:59", "retweet": 2, "like": 41}, {"id": "1097797399613861888", "url": "https://twitter.com/Aun_SVIP_GDM/status/1097797399613861888", "username": "", "text": "ขอบคุณค่ะ...ภาพทันหลอกตา 55", "date": "19-02-2019 16:57", "retweet": 0, "like": 1}, {"id": "1097792552118321153", "url": "https://twitter.com/Aun_SVIP_GDM/status/1097792552118321153", "username": "", "text": "ขอผ้าซับเหงื่อด้วยค่ะ ฮ่าๆ . #ออกกําลังกาย วันละนิด จิตแจ่มใส #แคปชั่นอ่อยแรง #แคปชั่นเด็ด #แคปชั่นเสี่ยว pic.twitter.com/WEBGicR6xG", "date": "19-02-2019 16:38", "retweet": 5, "like": 114}, {"id": "1097743491868717056", "url": "https://twitter.com/Aun_SVIP_GDM/status/1097743491868717056", "username": "", "text": "#เป๊กผลิตโชค ยืน1 ในทวิต...เฮียแกฮอตมากอ่ะ ทำอะไรก็ติดเทรน #KohkaeThailand #โก๋แก่ลันเตาxPeck #โก๋แก่ลันเตาxPeck", "date": "19-02-2019 13:23", "retweet": 5, "like": 14}, {"id": "1097702070012960768", "url": "https://twitter.com/Aun_SVIP_GDM/status/1097702070012960768", "username": "", "text": "ช่วยคนไข้...นี่แหละค่ะ ทำบุญ", "date": "19-02-2019 10:39", "retweet": 0, "like": 1}, {"id": "1097697565452132354", "url": "https://twitter.com/Aun_SVIP_GDM/status/1097697565452132354", "username": "", "text": "#วันมาฆบูชา หลายคนตื่นมาทำบุญตอนเช้า...แต่เราทำบุญทั้งวัน...สาธุๆ #วันนี้จะเป็นวันที่ดี #พยาบาล #นางฟ้าหมวกหนัก pic.twitter.com/nBgDepu4JC", "date": "19-02-2019 10:21", "retweet": 7, "like": 162}, {"id": "1097657078435303425", "url": "https://twitter.com/Aun_SVIP_GDM/status/1097657078435303425", "username": "", "text": "วันอะไรก็ไม่ได้หยุดอ่ะ https:// twitter.com/Aun_SVIP_GDM/s tatus/1085570480273158144 …", "date": "19-02-2019 07:40", "retweet": 3, "like": 86}, {"id": "1097525407820132353", "url": "https://twitter.com/Aun_SVIP_GDM/status/1097525407820132353", "username": "", "text": "\"เฉียบ\" #หนักแผ่นดิน pic.twitter.com/ldrlC5ZNls", "date": "18-02-2019 22:57", "retweet": 200, "like": 121}, {"id": "1097436218533396480", "url": "https://twitter.com/Aun_SVIP_GDM/status/1097436218533396480", "username": "", "text": "ดีใบเลิกงานค่ะ", "date": "18-02-2019 17:02", "retweet": 0, "like": 0}, {"id": "1097429982064762881", "url": "https://twitter.com/Aun_SVIP_GDM/status/1097429982064762881", "username": "", "text": "ลงเวรแล้ว...กลับบ้านได้ค่ะ #เหนื่อย #แต่ยังยิ้มได้ pic.twitter.com/1pUdNdhIlT", "date": "18-02-2019 16:37", "retweet": 15, "like": 251}, {"id": "1097419728769826816", "url": "https://twitter.com/Aun_SVIP_GDM/status/1097419728769826816", "username": "", "text": "จะไม่ให้เดือดได้ไงล่ะ งบ 10% ที่คุณบอกจะตัด ซื้อนาฬิกาได้เยอะเลยนะ ถ้างบกระลาโหม ซื้อเรือดำน้ำ/เครื่องบิน/รถถัง รวมๆ 8 หมื่นล้าน ถ้าตัดไป 10% ก็ 8 พันล้านเลยว่ะ #หนักแผ่นดิน", "date": "18-02-2019 15:57", "retweet": 2, "like": 21}, {"id": "1097416520869662720", "url": "https://twitter.com/Aun_SVIP_GDM/status/1097416520869662720", "username": "", "text": "มหาศาลเลยนะคะ 555", "date": "18-02-2019 15:44", "retweet": 0, "like": 1}, {"id": "1097416171131854848", "url": "https://twitter.com/Aun_SVIP_GDM/status/1097416171131854848", "username": "", "text": "บอกไปฟังเพลง #หนักแผ่นดิน ก็จริงค่ะ แต่พาดหัวขาด แบบว่า อ่านแล้วพังพินาถมาก 555", "date": "18-02-2019 15:42", "retweet": 0, "like": 0}, {"id": "1097415595073560576", "url": "https://twitter.com/Aun_SVIP_GDM/status/1097415595073560576", "username": "", "text": "\"แหวนมารดา นาฬิกายืมเพื่อน\" วลีเด็ดของป้อมยังฮิตติดกระแส ป้อมน่าจะอยู่เงียบๆ...ไม่ต้องออกแสดงความคิดเห็น #หนักแผ่นดิน pic.twitter.com/3whXWwnfwj", "date": "18-02-2019 15:40", "retweet": 24, "like": 24}, {"id": "1097404893462069248", "url": "https://twitter.com/Aun_SVIP_GDM/status/1097404893462069248", "username": "", "text": "จะสงสาร หรือ สมน้ำหน้าดีอ่ะ #พลังประชารัฐ #ให้รักดูแลชีวิต #เลือกตั้ง #เลือกตั้ง2562 pic.twitter.com/w1OzBv88XO", "date": "18-02-2019 14:58", "retweet": 1, "like": 6}, {"id": "1097404434793918464", "url": "https://twitter.com/Aun_SVIP_GDM/status/1097404434793918464", "username": "", "text": "ทาผิวค่ะ..ทาตรงไหน หอมตรงนั้น", "date": "18-02-2019 14:56", "retweet": 0, "like": 1}, {"id": "1097394853921513472", "url": "https://twitter.com/Aun_SVIP_GDM/status/1097394853921513472", "username": "", "text": "ทาแล้วหลงรัก...รักในกลิ่นหอมติดผิวทั้งวัน #ให้รักดูแลชีวิต #ใช้ดีบอกต่อ pic.twitter.com/NzbzHVH3SW", "date": "18-02-2019 14:18", "retweet": 4, "like": 56}, {"id": "1097392753988653056", "url": "https://twitter.com/Aun_SVIP_GDM/status/1097392753988653056", "username": "", "text": "ตอนลำบากนี่แหละ จัดสินได้...ทุกความสัมพันธ์จริงๆ #ให้รักดูแลชีวิต", "date": "18-02-2019 14:09", "retweet": 1, "like": 17}, {"id": "1097359466687676416", "url": "https://twitter.com/Aun_SVIP_GDM/status/1097359466687676416", "username": "", "text": "อันนี้หนักจริง หนักทั้งแผ่นดิน แผ่นฟ้าและแผ่นน้ำ หนักทั้งงบประมาณแผ่นดิน #หนักแผ่นดิน pic.twitter.com/KAvC6o0h6B", "date": "18-02-2019 11:57", "retweet": 11, "like": 20}, {"id": "1097327710378967040", "url": "https://twitter.com/Aun_SVIP_GDM/status/1097327710378967040", "username": "", "text": "พาดหัวข่าวเน้นความแตกแยกอ่ะ ผบ.ทบ ด่าแรง หญิงหน่อย หนักแผ่นดิน . ฟังในคลิป ไม่ได้ยินชื่อ หญิงหน่อย เลย ไม่ได้ยินเลยว่า ไล่ หญิงหน่อย ไปฟังเพลง #หนักแผ่นดิน", "date": "18-02-2019 09:51", "retweet": 11, "like": 22}, {"id": "1097324048172765184", "url": "https://twitter.com/Aun_SVIP_GDM/status/1097324048172765184", "username": "", "text": "ถ้าเป็นเรา จะไม่ถอนตัว เพราะเราไม่กลัวเชือกขาด 55 รอให้คนอื่นๆถอนตัวไป", "date": "18-02-2019 09:36", "retweet": 0, "like": 2}, {"id": "1097322249093140480", "url": "https://twitter.com/Aun_SVIP_GDM/status/1097322249093140480", "username": "", "text": "เกมส์การเมืองก็แบบนี้แหละค่ะ ใครชอบนโยบายใคร ก็เลือกแบบนั้นไป", "date": "18-02-2019 09:29", "retweet": 0, "like": 1}]