[{"id": "1099201254213877760", "url": "https://twitter.com/autsanee/status/1099201254213877760", "username": "", "text": "ไม่สนใจอะไรทั้งนั้น รอเป็นนายกอย่างเดียว", "date": "23-02-2019 13:56", "retweet": 0, "like": 0}, {"id": "1099201100203188225", "url": "https://twitter.com/autsanee/status/1099201100203188225", "username": "", "text": "แคนดิเดตนายกของพลังประชารัฐท่านรู้เปล่าว่าพรรคที่เสนอชื่อท่านมีนโยบายอะไรบ้าง", "date": "23-02-2019 13:55", "retweet": 0, "like": 0}, {"id": "1098927317672374272", "url": "https://twitter.com/autsanee/status/1098927317672374272", "username": "", "text": "ยุควิกฤติต้มยำกุ้ง ไทยโชคดีได้นายกฯชวนแห่งปชป.เข้ามาแก้ไขปัญหาเศรษฐกิจของชาติ ยุควิกฤติแฮมเบอร์เกอร์ไทยก็ยังโชคดีได้นายกฯอภิสิทธิ์แห่งปชป.เข้ามาแก้ปัญหาเศรษฐกิจของชาติมาถึงปัจจุบันถ้ายังโชคดีก็หวังว่านายกฯชื่ออภิสิทธิ์จะเข้ามาช่วยแก้ปัญหาเก็บกวาดสิ่งที่นายสมคิดสร้างหนี้สินไว้ pic.twitter.com/eXX56mOidE", "date": "22-02-2019 19:47", "retweet": 0, "like": 0}, {"id": "1098143861149335553", "url": "https://twitter.com/autsanee/status/1098143861149335553", "username": "", "text": "ตอนนี้ ประชาธิปัตย์ไม่ใช่คู่ขัดแย้งกับใคร แต่เป็นฝ่ายเผด็จการกับฝ่ายประชาธิปไตยที่เป็นคู่ขัดแย้งกัน ถ้าไม่อยากให้บ้านเมืองเกิดความแตกแยก..เลือกประชาธิปัตย์สิ #เลือกตั้ง62 #ประชาธิปัตย์ #แก้จนสร้างคนสร้างชาติ", "date": "20-02-2019 15:54", "retweet": 0, "like": 1}, {"id": "1098058996999569408", "url": "https://twitter.com/autsanee/status/1098058996999569408", "username": "", "text": "ปลายปี 2019 ถึงต้นปี 2020 เศรษฐกิจโลกจะเริ่มมีปัญหา (ข้อมูลจากรายการgood morning monday ของ ทักษิณ) เราจะเตรียมรับมือยังไง? เริ่มจาก.. 24 มีนาคม กาพรรคประชาธิปัตย์ เพื่อไปรับมือเรื่องเศรษฐกิจแทนเรา #เลือกตั้ง62 #ประชาธิปัตย์ #แก้จนสร้างคนสร้างชาติ", "date": "20-02-2019 10:17", "retweet": 1, "like": 1}, {"id": "1097838327867166720", "url": "https://twitter.com/autsanee/status/1097838327867166720", "username": "", "text": "อ่านรีวิวมานาน ของมันต้องมีสินะ pic.twitter.com/sckPxGmxVu", "date": "19-02-2019 19:40", "retweet": 0, "like": 0}, {"id": "1097753087383486464", "url": "https://twitter.com/autsanee/status/1097753087383486464", "username": "", "text": "จริงๆแล้ว ลำพังธนาธร ควรเจอกับ ไอติม ถึงจะเป็นมวยสูสี", "date": "19-02-2019 14:01", "retweet": 0, "like": 0}, {"id": "1097630518395301888", "url": "https://twitter.com/autsanee/status/1097630518395301888", "username": "", "text": "แต่ก่อน ปชป มี หล่อใหญ่ หล่อเล็ก หล่อจิ๋ว เดี๋ยวนี้มี หมอเอ้ก @eggkanawat ไอติม @paritw92 เรียกว่าหล่ออะไรดีคะ pic.twitter.com/iaMIRltxjh", "date": "19-02-2019 05:54", "retweet": 0, "like": 3}, {"id": "1097391342173401088", "url": "https://twitter.com/autsanee/status/1097391342173401088", "username": "", "text": "ใครกรีดรถหมอ @eggkanawat เหมือนเอามีดมากรีดใจพวกป้าๆเลยนะ", "date": "18-02-2019 14:04", "retweet": 0, "like": 0}]