[{"id": "1099332813394894850", "url": "https://twitter.com/b969/status/1099332813394894850", "username": "", "text": "น่าจะเชิญชวน #ฟ้ารักพ่อ ถ่ายรูปคู่ป้ายพรรคอนาคตใหม่ พร้อมติดแฮซแท็ก #futurista โพสต์ทวิตเตอร์ อินสตาร์แกรม และเฟสบุ๊ค https:// twitter.com/Jkunthida/stat us/1099210253780963328 …", "date": "23-02-2019 22:39", "retweet": 17, "like": 33}, {"id": "1099329456626233344", "url": "https://twitter.com/b969/status/1099329456626233344", "username": "", "text": "ถ้าพรรคฝ่ายประชาธิปไตยได้เป็นรัฐบาลควรแต่งตั้งคนใหม่ครับ https:// twitter.com/WassanaNanuam/ status/1099309707368361985 …", "date": "23-02-2019 22:25", "retweet": 1, "like": 2}, {"id": "1099229416821932032", "url": "https://twitter.com/b969/status/1099229416821932032", "username": "", "text": "ทำไมมันกลับตาลปัตรได้ขนาดนี้ ตอนนี้อภิสิทธิ์กลายเป็น #คนดีแต่พูด 555 https:// twitter.com/lunarlilies/st atus/1099140497770143744 …", "date": "23-02-2019 15:48", "retweet": 2, "like": 0}, {"id": "1099180618196299782", "url": "https://twitter.com/b969/status/1099180618196299782", "username": "", "text": "ทหารเตือนประชาชนระวังข่าวปลอม แต่... io ทหารคือข่าวปลอมนะ", "date": "23-02-2019 12:34", "retweet": 117, "like": 21}, {"id": "1099178516233383936", "url": "https://twitter.com/b969/status/1099178516233383936", "username": "", "text": "อ้างประเทศ อ้างบ้านเมือง อ้างความดี... ที่ไม่มีอยู่จริง pic.twitter.com/HgBqEfIXxx", "date": "23-02-2019 12:25", "retweet": 141, "like": 78}, {"id": "1099177087032672257", "url": "https://twitter.com/b969/status/1099177087032672257", "username": "", "text": "พรรคไหนก็ตามที่ไม่แสดงตัวชัดเจนว่าอยู่ฝ่ายประชาธิปไตย เลือกเข้าไปก็ได้ประยุทธ์", "date": "23-02-2019 12:20", "retweet": 25, "like": 22}, {"id": "1099126988218888192", "url": "https://twitter.com/b969/status/1099126988218888192", "username": "", "text": "ประยุทธ์ ประวิตร และอนุพงษ์ เขามาไกลเกิน มีทางลงให้หลายครั้งแล้วแต่ไม่ยอมลง ต้องมีครั้งที่พลาดและจบไม่สวย มันคือสัจธรรม", "date": "23-02-2019 09:01", "retweet": 2, "like": 9}, {"id": "1099109318736044032", "url": "https://twitter.com/b969/status/1099109318736044032", "username": "", "text": "ที่ 1 ของรุ่น ชอบวิชาคณิตศาสตร์ และภาษาอังกฤษ แต่ อื้อหือ เยส เยส อันนี้ก็ข้อมูลปลอมนะ #ฟ้าต้องพิจารณา #ฟ้ารักพ่อ", "date": "23-02-2019 07:50", "retweet": 4, "like": 3}, {"id": "1098824580360105985", "url": "https://twitter.com/b969/status/1098824580360105985", "username": "", "text": "ปุ๊บปั๊บจนเรื่มมีคนสงสัยว่าเครื่องไม่ได้เป็นอะไร แค่สร้างสถานการณ์ให้การซื้ออาวุธดูมีเหตุผล แต่ก็นะ ห้ามความคิดคนไม่ได้จริงๆครับ :) https:// twitter.com/wassanananuam/ status/1098821801797251072 …", "date": "22-02-2019 12:59", "retweet": 8, "like": 4}, {"id": "1098744181814550528", "url": "https://twitter.com/b969/status/1098744181814550528", "username": "", "text": "พูดความจริง พูดกี่ครั้งก็เหมือนเดิม ถ้าพูดโกหก สักวันจะจำไม่ได้ว่าเคยพูดอะไรไปบ้าง แล้วมันจะย้อนแย้งในตัวเอง เหมือนที่ประยุทธ์ด่าประยุทธ์อยู่บ่อยๆ https:// twitter.com/artypj/status/ 1098602672503033863 …", "date": "22-02-2019 07:40", "retweet": 7, "like": 5}, {"id": "1098620162951921664", "url": "https://twitter.com/b969/status/1098620162951921664", "username": "", "text": "วัดชนะสงคราม วัดชนะสงคราม วัดชนะสงคราม ชอบชื่อวัดนี้จัง :)", "date": "21-02-2019 23:27", "retweet": 0, "like": 1}, {"id": "1098619824278663168", "url": "https://twitter.com/b969/status/1098619824278663168", "username": "", "text": "'ทูลกระหม่อม' ทรงบำเพ็ญพระกุศลวันมาฆบูชา ณ #วัดชนะสงคราม :) https://www. khaosod.co.th/breaking-news/ news_2232053 …", "date": "21-02-2019 23:25", "retweet": 2, "like": 6}, {"id": "1098618577110786048", "url": "https://twitter.com/b969/status/1098618577110786048", "username": "", "text": "เราจะทำตามสัญญา ขอเวลาอีกไม่นาน . . . . . . #รวมจอมโกหกระดับโลก pic.twitter.com/UAK2OLzVvY", "date": "21-02-2019 23:20", "retweet": 0, "like": 1}, {"id": "1098613981831262208", "url": "https://twitter.com/b969/status/1098613981831262208", "username": "", "text": "เริ่มมีคนสงสัยว่าจริงๆ แล้วเครื่องบินไม่ได้เป็นอะไรเลย แค่สร้างเรื่องหาเหตุผลซื้ออาวุธ เออเนาะคนเรา นานาจิตตัง แต่ทุกคนก็มีสิทธิ์สงสัย http:// news.thaipbs.or.th/content/277902", "date": "21-02-2019 23:02", "retweet": 2, "like": 2}, {"id": "1098578809597513729", "url": "https://twitter.com/b969/status/1098578809597513729", "username": "", "text": "สิ่งที่ธนาธรพูด สื่อทั่วๆไปก็พูด ถ้าพรรคพลังประชารัฐไม่ได้ดูดส.ส. สิ่งที่เราเห็นอยู่นั่นคือวิญญาณเหรอครับ #SaveThanathorn pic.twitter.com/6taOIdDBUt", "date": "21-02-2019 20:42", "retweet": 8, "like": 4}, {"id": "1098575669083029504", "url": "https://twitter.com/b969/status/1098575669083029504", "username": "", "text": "หากคืนไหนไร้ดาว เหงาทุกที ชีวิตก็อย่างนี้ อยากมีความหมาย pic.twitter.com/MiDT7MXIka", "date": "21-02-2019 20:30", "retweet": 0, "like": 3}, {"id": "1098518649088790528", "url": "https://twitter.com/b969/status/1098518649088790528", "username": "", "text": "ใครก็ได้เอาผ้าไปคลุมพระอาทิตย์ให้หน่อย pic.twitter.com/zvwVTcEGoG", "date": "21-02-2019 16:43", "retweet": 0, "like": 2}, {"id": "1098499804718485504", "url": "https://twitter.com/b969/status/1098499804718485504", "username": "", "text": "#พ่อรวยสอนลูก #เงินสี่ด้าน #RichDadPoorDad pic.twitter.com/JCKS09PRII", "date": "21-02-2019 15:28", "retweet": 3, "like": 0}, {"id": "1098456617010356224", "url": "https://twitter.com/b969/status/1098456617010356224", "username": "", "text": "http://www. bangkokbiznews.com/news/detail/82 7616 … ศาลทหารของจีน สั่งลงโทษพลเอกฟาง เฟิงฮุย อดีตนายทหารระดับสูง จำคุกตลอดชีวิต จากความผิดรับสินบนและครอบครองทรัพย์สินมหาศาลไม่สามารถบอกที่มาได้ pic.twitter.com/rvF6G23L1z", "date": "21-02-2019 12:37", "retweet": 16, "like": 8}, {"id": "1098454460299276289", "url": "https://twitter.com/b969/status/1098454460299276289", "username": "", "text": "เพราะไม่คิดพัฒนาตั้งแต่แรก ไม้ล้างป่าช้ายังซื้อมาเพราะส่วนต่างเยอะ", "date": "21-02-2019 12:28", "retweet": 0, "like": 0}, {"id": "1098433100529319936", "url": "https://twitter.com/b969/status/1098433100529319936", "username": "", "text": "อเมริกา รัสเซีย จีน อะไรพวกนี้เขาผลิตอาวุธ งบกองทัพของเขาคืองบ #ลงทุน และ #สร้างงาน ส่วนของไทยเรากองทัพทำหน้าที่ซื้ออาวุธ ซึ่งเป็น #งบบริโภค ยิ่งซื้อเยอะยิ่งได้ส่วนต่างเยอะ #งบบริโภคไม่ใช่งบลงทุน และไม่ก่อให้เกิดรายได้ ตราบใดที่ยังผลิตอาวุธเองไม่ได้ รบกับใครก็แพ้ pic.twitter.com/6ok2ivxTbZ", "date": "21-02-2019 11:03", "retweet": 220, "like": 47}, {"id": "1098090678167334912", "url": "https://twitter.com/b969/status/1098090678167334912", "username": "", "text": "Marasri has worked with me for more than 3 yeas, first as a bodyguard, then model and of course as Personal Assistant. pic.twitter.com/4zDTlD5hFN", "date": "20-02-2019 12:23", "retweet": 0, "like": 4}, {"id": "1098065017520324608", "url": "https://twitter.com/b969/status/1098065017520324608", "username": "", "text": "เลขาส่วนตัวผมครับ มีธุระอะไรติดต่อผ่านเธอได้เลยครับ pic.twitter.com/NHKjGIGpxJ", "date": "20-02-2019 10:41", "retweet": 0, "like": 4}, {"id": "1098017175309176832", "url": "https://twitter.com/b969/status/1098017175309176832", "username": "", "text": "ด่าประยุทธ์ทำไม ไหนบอกว่าทหารเคารพกัน ทำไมทำแบบนี้ ไม่น่ารักเลย https:// twitter.com/wassanananuam/ status/1097833818294083585 …", "date": "20-02-2019 07:31", "retweet": 15, "like": 10}, {"id": "1097860492725432320", "url": "https://twitter.com/b969/status/1097860492725432320", "username": "", "text": "ซวยยันเมียผบ.ทบ. 555", "date": "19-02-2019 21:08", "retweet": 0, "like": 3}, {"id": "1097859762115379200", "url": "https://twitter.com/b969/status/1097859762115379200", "username": "", "text": "ไม่ใช่แค่กองทัพที่ซวย พรรคพลังประชารัฐด้วย จากที่คนไม่เคยรู้ กลายเป็นรู้ประวัติตั้งแต่สมัยพ่อผบ.ทบ.ยันสมัยลูก โยงมาถึงนาฬิกาและสารพัดเงื่อนงำ เพื่อไทยและอนาคตใหม่ยิ้มหวานเลย https:// twitter.com/vanchaitan1961 /status/1097508162662363136 …", "date": "19-02-2019 21:05", "retweet": 42, "like": 30}, {"id": "1097834100524691456", "url": "https://twitter.com/b969/status/1097834100524691456", "username": "", "text": "ตะวันลับฟ้า ถ่ายด้วยไอโฟน pic.twitter.com/3MXKzlVHBV", "date": "19-02-2019 19:23", "retweet": 0, "like": 2}, {"id": "1097789715288186880", "url": "https://twitter.com/b969/status/1097789715288186880", "username": "", "text": "ควรจะยกเลิกไม่ให้นายพลไปนั่งควบในตำแหน่งอื่นของรัฐหรือรัฐวิสาหกิจ กินเงินเดือนหลายต่อและมีผลประโยชน์ทับซ้อน #ฟ้ารักพ่อ #หนักแผ่นดิน pic.twitter.com/bd1Bkl9lZc", "date": "19-02-2019 16:27", "retweet": 43, "like": 20}, {"id": "1097783052229533696", "url": "https://twitter.com/b969/status/1097783052229533696", "username": "", "text": "อภิรัชต์ คงสมพงษ์ ตำแหน่ง ประธานกรรมการสำนักงานสลากกินแบ่งรัฐบาล เงินเดือน 292,000 บาท ตกปีละ 3,504,000 บาท pic.twitter.com/pHFNnsv8IJ", "date": "19-02-2019 16:00", "retweet": 1053, "like": 169}, {"id": "1097782658577252353", "url": "https://twitter.com/b969/status/1097782658577252353", "username": "", "text": "ถ้าไม่พูด #หนักแผ่นดิน ก็ไม่โดนขุดขนาดนี้ 555", "date": "19-02-2019 15:59", "retweet": 0, "like": 1}, {"id": "1097780830250778624", "url": "https://twitter.com/b969/status/1097780830250778624", "username": "", "text": "อภิรัชต์ คงสมพงษ์ ตำแหน่ง ประธานกรรมการสำนักงานสลากกินแบ่งรัฐบาล เงินเดือน 292,000 บาท pic.twitter.com/TaroAKDyIJ", "date": "19-02-2019 15:52", "retweet": 8, "like": 5}, {"id": "1097778264876113920", "url": "https://twitter.com/b969/status/1097778264876113920", "username": "", "text": "#รักพ่อนะคะ รอเงินทอน จึงรุ่งเริงกิจ? https:// twitter.com/wassanananuam/ status/1097759981099638785 …", "date": "19-02-2019 15:41", "retweet": 0, "like": 1}, {"id": "1097777779389607938", "url": "https://twitter.com/b969/status/1097777779389607938", "username": "", "text": "ด่าสุเทพกับเอนกทำไมครับ เขาเป็นพวกเดียวกันกับเราครับลุง https:// twitter.com/wassanananuam/ status/1097764140733452288 …", "date": "19-02-2019 15:39", "retweet": 0, "like": 2}, {"id": "1097763916522827776", "url": "https://twitter.com/b969/status/1097763916522827776", "username": "", "text": "อันนี้จริงที่สุดครับ ประสบการณ์และมุมมองสำคัญมาก เพราะเลนส์สายตาเราคือเลนส์ที่สำคัญที่สุดก่อนที่จะถ่ายทอดออกมาด้วยเลนส์กล้องและอุปกรณ์ต่างๆ https:// twitter.com/eModerate/stat us/1097763536283918336 …", "date": "19-02-2019 14:44", "retweet": 0, "like": 2}, {"id": "1097763106397159424", "url": "https://twitter.com/b969/status/1097763106397159424", "username": "", "text": "ขอบคุณครับ", "date": "19-02-2019 14:41", "retweet": 0, "like": 1}, {"id": "1097762697163137024", "url": "https://twitter.com/b969/status/1097762697163137024", "username": "", "text": "เป็นคนชอบตรวจสอบตัวเองย้อนหลัง โพสต์ไปแล้วต้องกลับไปอ่านว่ามีอะไรสะกดผิดไหม ถ่ายรูปแล้วลงโพสต์ก็ต้องไปเช็คในความทรงจำว่าปีที่แล้วโพสต์รูปอะไรไปบ้าง ตอนนั้นก็งงว่าพี่ที่สอนเราเขารู้ได้ไงว่าเราใช้ค่า f อะไรในแต่ละภาพ มาถึงจุดที่เราพอเข้าใจด้วยตัวเอง ก็อ๋อ พอเข้าใจแล้วเข้าใจเลย :) pic.twitter.com/v22TJledLa", "date": "19-02-2019 14:39", "retweet": 0, "like": 4}, {"id": "1097755788129366017", "url": "https://twitter.com/b969/status/1097755788129366017", "username": "", "text": "ปีที่แล้วเข้าใจว่าภาพที่ถ่ายคมชัดมากแล้ว พอย้อนกลับไปดูกลับพบว่ามันไม่ได้คมชัดอะไรเลย ในอนาคตอีก 2-3 ปี ภาพในวันนี้จะคมชัดในสายตาเราไหม? นี่ไงที่เรียกว่าประสบการณ์ ทำให้ตอนนี้เกิดไอเดีย อยากไปที่ไหนสักแห่งบนโลกเพียงลำพัง ที่ที่ไม่รู้จักใครเลย พูดกับใครไม่รู้เรื่อง คงสนุกดี pic.twitter.com/9veQDvNRCi", "date": "19-02-2019 14:12", "retweet": 15, "like": 11}, {"id": "1097736108085919744", "url": "https://twitter.com/b969/status/1097736108085919744", "username": "", "text": "เซ็ตในฝัน", "date": "19-02-2019 12:54", "retweet": 0, "like": 0}, {"id": "1097705460751204353", "url": "https://twitter.com/b969/status/1097705460751204353", "username": "", "text": "มองอีกแง่มุมหนึ่ง #หนักแผ่นดิน ก็ดีเหมือนกันนะ ทำให้คนได้รู้นโยบายของพรรคอนาคตใหม่ และพรรคเพื่อไทย หลายคนที่ยังลังเล ตอนนี้เริ่มชัดเจนขึ้นว่าไม่เอาพรรคพลังประชารัฐ และไม่เอาประยุทธ์", "date": "19-02-2019 10:52", "retweet": 1, "like": 5}, {"id": "1097682705410547712", "url": "https://twitter.com/b969/status/1097682705410547712", "username": "", "text": "ถ้าผลิตอาวุธใช้เองไม่ได้ คุณจะไปสู้กับใคร? ถ้าเกิดสงครามจริง ประเทศผู้ผลิตอาวุธก็เข้าร่วมสนับสนุนไม่ฝ่ายใดก็ฝ่ายหนึ่ง การช็อปปิ้งอาวุธคือภาระของชาติ pic.twitter.com/nnbHnnvPX6", "date": "19-02-2019 09:22", "retweet": 6, "like": 4}, {"id": "1097681866373574662", "url": "https://twitter.com/b969/status/1097681866373574662", "username": "", "text": "1 ทรอยออนซ์ = 31.104 กรัม = 2.0463 บาท คดีแย่งสมบัติบิ๊กจ๊อด 15 ก.ย. 2542 ราคาทองคำ 252.80 ดอลลาร์สหรัฐ/ทรอยออนซ์ วันนี้ ทองคำ 1324.9 ดอลลาร์สหรัฐ/ทรอยออนซ์ ราคา ณ วันนั้น กับ วันนี้ ต่างกันประมาณ 5 เท่า 4,000 ล้านบาท ณ วันนั้น ในวันนี้ควรคิดเป็นเงินเท่าไหร่? #หนักแผ่นดิน pic.twitter.com/UukDefLDxy", "date": "19-02-2019 09:18", "retweet": 3, "like": 3}, {"id": "1097511324827901952", "url": "https://twitter.com/b969/status/1097511324827901952", "username": "", "text": "ไทยรัฐต้องการสื่ออะไร ทำไมเพลงหนักแผ่นดินต้องเปิดได้จังหวะพอดีกับที่ลุงผมเดินจากไป ร้ายคร๊ https:// twitter.com/thairath_news/ status/1097480181332099075 …", "date": "18-02-2019 22:01", "retweet": 5, "like": 4}, {"id": "1097506348130959360", "url": "https://twitter.com/b969/status/1097506348130959360", "username": "", "text": "มรดกจ๊อด 4,000 ล้าน มายุคนี้ไม่รู้เท่าไหร่ งบพุ่งทุกปีขนาดนี้ #หนักแผ่นดิน pic.twitter.com/XUxtnVlNZJ", "date": "18-02-2019 21:41", "retweet": 123, "like": 58}, {"id": "1097504329714393089", "url": "https://twitter.com/b969/status/1097504329714393089", "username": "", "text": "คืออะไรครับ", "date": "18-02-2019 21:33", "retweet": 0, "like": 0}, {"id": "1097504021365940225", "url": "https://twitter.com/b969/status/1097504021365940225", "username": "", "text": "ยุคนี้ล้างสมองกันไม่ได้ง่ายๆ โดนขุดสาแหรกมาแหกกันเลยทีเดียว จากที่ #ฟ้ารักพ่อ ใสๆ กลายเป็น #ฟ้ารู้ฟ้าเข้าใจ", "date": "18-02-2019 21:32", "retweet": 5, "like": 2}, {"id": "1097434077072740352", "url": "https://twitter.com/b969/status/1097434077072740352", "username": "", "text": "ปรีชาพล ขออุบพยานสำคัญ สู้คดียุบไทยรักษาชาติ หวั่นคนไม่หวังดีทำบ้านเมืองวุ่น - ข่าวสด https://www. khaosod.co.th/election-2019/ news_2223805 …", "date": "18-02-2019 16:54", "retweet": 8, "like": 4}, {"id": "1097422144189870080", "url": "https://twitter.com/b969/status/1097422144189870080", "username": "", "text": "#ฟ้ารักพ่อ ลองไปหาเพลง #ประเทศกูมี มาเปิดฟังให้ฮิตติดชาร์ทอีกรอบเลย https:// twitter.com/thestandardth/ status/1097420768135176197 …", "date": "18-02-2019 16:06", "retweet": 8, "like": 6}, {"id": "1097416981962141696", "url": "https://twitter.com/b969/status/1097416981962141696", "username": "", "text": "'พล.อ.ประยุทธ์' ตอกกลับพรรคเพื่อไทย หาเสียงสนุกปากไม่คิดถึงประเทศ วันหน้ามีเหตุให้รับผิดชอบด้วย ยืนยันจำเป็นต้องมีทหาร จะลด-เพิ่มงบเหล่าทัพต้องดูความจำเป็น เกณฑ์ทหารเป็นหน้าที่ตามรัฐธรรมนูญของชายไทย ต้องตอบแทนแผ่นดิน #หนักแผ่นดิน pic.twitter.com/r3OccwQKiU", "date": "18-02-2019 15:46", "retweet": 7, "like": 2}, {"id": "1097405191001858048", "url": "https://twitter.com/b969/status/1097405191001858048", "username": "", "text": "ได้ยินไหมหนูถามว่ามีอาหารแมวไหม? pic.twitter.com/dbmQqmUKXT", "date": "18-02-2019 14:59", "retweet": 2, "like": 4}, {"id": "1097403580523245570", "url": "https://twitter.com/b969/status/1097403580523245570", "username": "", "text": "ใครจะหน่งจะหนักอะไรหนูไม่สน มีอาหารแมวไหม? pic.twitter.com/auBZ5Mohkj", "date": "18-02-2019 14:52", "retweet": 1, "like": 0}, {"id": "1097373241872547840", "url": "https://twitter.com/b969/status/1097373241872547840", "username": "", "text": "แกๆ เมียผบ.ทบ.เป็นกรรมการอิสระบริษัทไทยเบฟฯ ด้วยหละ pic.twitter.com/wcnci6ErcI", "date": "18-02-2019 12:52", "retweet": 2398, "like": 500}, {"id": "1097368237870706693", "url": "https://twitter.com/b969/status/1097368237870706693", "username": "", "text": "ต่อจาก #หนักแผ่นดิน คือ #หนักกระเป๋า https:// twitter.com/thepparith/sta tus/1097343298996396033 …", "date": "18-02-2019 12:32", "retweet": 1, "like": 4}, {"id": "1097365577885089792", "url": "https://twitter.com/b969/status/1097365577885089792", "username": "", "text": "เชื่อไหมว่าเจ๊หน่อยไม่หยุด และเจ๊หน่อยจะจัดหนักต่อ 555", "date": "18-02-2019 12:21", "retweet": 3, "like": 13}, {"id": "1097347031239028736", "url": "https://twitter.com/b969/status/1097347031239028736", "username": "", "text": "ตอนนั้นจึงมีกระแสให้รัฐบาล พ.ต.ท.ทักษิณ ชินวัตร ตรวจสอบการเสียภาษีและการได้มาซึ่งทรัพย์สินดังกล่าว โดยแก้ไขกฎหมาย ป.ป.ช. หรือการออกกฎหมายพิเศษเพื่อตรวจสอบการทุจริตคอร์รัปชัน โดยหากพบว่าได้มาโดยมิชอบก็ให้ยึดเป็นของแผ่นดิน (4) https://www. thairath.co.th/content/528488 pic.twitter.com/grWrsRE6Xs", "date": "18-02-2019 11:08", "retweet": 13, "like": 2}, {"id": "1097346858647572480", "url": "https://twitter.com/b969/status/1097346858647572480", "username": "", "text": "หุ้นล้านบาทเศษ และปืนออโตเมติก 9 มม. อีก 1 กระบอก การฟ้องร้องครั้งนี้ กลายเป็นเรื่องที่สังคมให้ความสนใจ เพราะมีประเด็นเกี่ยวพันกับผลประโยชน์ชาติ เพราะสงสัยว่า ข้าราชการทหารอาชีพ พล.อ.สุนทร คงสมพงษ์ จะร่ำรวยมีทรัพย์สินเกือบ 4 พันล้านได้อย่างไร (3) pic.twitter.com/ByVbuMHxWD", "date": "18-02-2019 11:07", "retweet": 28, "like": 3}, {"id": "1097346630620069888", "url": "https://twitter.com/b969/status/1097346630620069888", "username": "", "text": "เงินค่าขายบ้านที่กรุงลอนดอน 58 ล้านบาท เงินฝากในธนาคารกรุงลอนดอน 57 ล้านบาท ฯลฯ ขณะที่นางอัมพาพันธ์ยืนยันว่า ทรัพย์สินเหล่านั้นได้มาอย่างสุจริต โดยมีทรัพย์สินในกองมรดกของ พล.อ.สุนทร เพียง 59 ล้านบาท คือ เงินฝากในธนาคาร ที่กรุงลอนดอน 57 ล้านบาท (2) pic.twitter.com/AqxUuNsvSB", "date": "18-02-2019 11:06", "retweet": 36, "like": 2}, {"id": "1097346109943406592", "url": "https://twitter.com/b969/status/1097346109943406592", "username": "", "text": "ทรัพย์มรดก พล.อ.สุนทร ที่ พ.อ.(หญิง) คุณหญิงอรชร และบุตร 2 คนฟ้องร้องเรียกทรัพย์สินสมรส มรดก มูลค่า 3,916,229,456 บาท ประกอบด้วยบ้านและที่ดินย่านสุขุมวิท มูลค่า 400 ล้านบาท เงินสดในบัญชีธนาคารพาณิชย์ในประเทศ 2,755 ล้านบาท ธุรกิจปั๊มน้ำมันและรถบรรทุก 280 ล้านบาท (1) pic.twitter.com/FaMvWAjANM", "date": "18-02-2019 11:04", "retweet": 167, "like": 39}, {"id": "1097344483186733056", "url": "https://twitter.com/b969/status/1097344483186733056", "username": "", "text": "เดือด! ผบ.ทบ. ลูกชายอดีตหัวหน้าคณะรัฐประหาร ไล่ให้ไปฟังเพลงหนักแผ่นดิน หลัง “สุดารัตน์” ชู เลิกเกณฑ์ทหาร ตัดงบกลาโหม 10% pic.twitter.com/G1M8f4DD6d", "date": "18-02-2019 10:58", "retweet": 13, "like": 0}, {"id": "1097314713875099648", "url": "https://twitter.com/b969/status/1097314713875099648", "username": "", "text": "พรรคไหนจะเกทับไหมครับ ถ้าตัดมากกว่านี้ผมจะเลือกพรรคนั้น https:// twitter.com/wassanananuam/ status/1097306313271328768 …", "date": "18-02-2019 08:59", "retweet": 4, "like": 3}, {"id": "1097300324820217856", "url": "https://twitter.com/b969/status/1097300324820217856", "username": "", "text": "ไม่แปลกใจเลยว่าทำไมถึงแพ้เลือกตั้งมาโดยตลอด pic.twitter.com/02gqSWurU5", "date": "18-02-2019 08:02", "retweet": 97, "like": 22}]