[{"id": "1098186003548786688", "url": "https://twitter.com/Backpack_TPBS/status/1098186003548786688", "username": "", "text": "ยินดีด้วยคุณเป็นคอกาแฟตัวจริงไม่ตามใคร #SpecialtyCoffee กระแส Third Wave นักดื่มหน้าใหม่-รุ่นใหม่ เป็นตัวเองสูง เท่คูลแบบเด็กแนว แล้วคุณล่ะ...เป็นคอกาแฟสายไหน ? @Backpack_TPBS ศ 22 ก.พ.62 13.30 น. #ThaiPBS #coffee #thaicoffee pic.twitter.com/XyJK1GKTzJ", "date": "20-02-2019 18:42", "retweet": 11, "like": 12}, {"id": "1097469811460694016", "url": "https://twitter.com/Backpack_TPBS/status/1097469811460694016", "username": "", "text": "\"โกโก้\"พืชทางเลือกใหม่ของไทย ในขณะที่พืชอื่น ๆ กำลังเป็นขาลง แต่\"โกโก้\"กำลังจะสูญพันธุ์? ติดตามชม @Backpack_TPBS ตอน เกษตรดาวรุ่ง ศ 22 ก.พ.62 เวลา 13.30 น. #ThaiPBS #โกโก้ #cocoa #ดาวรุ่ง #พืชเศรษฐกิจ #เลือกตั้ง62 #พืชทางเลือก #กาแฟ #กัญชา #Thailand pic.twitter.com/YhaOCydSI8", "date": "18-02-2019 19:16", "retweet": 236, "like": 167}]