[{"id": "1099331189331001345", "url": "https://twitter.com/BallAntiCoup/status/1099331189331001345", "username": "", "text": "จาก ‘รธน.60‘ ถึง ‘ปฏิรูปกองทัพ’ ปลดแอก 5 ข้อสู่วิถีประชาธิปไตย https://www. matichon.co.th/election-2019/ news_1376336 … ผ่าน @มติชนออนไลน์ #อนาคตใหม่ #พรรคอนาคตใหม่ #เพื่อไทย #พรรคเพื่อไทย #เลือกตั้ง62 #เลือกตั้ง2562 #24มีนา #เผด็จการ #คสช #จงพินาศ #ประชาธิปไตย #ประชาชน #จงเจริญ", "date": "23-02-2019 22:32", "retweet": 0, "like": 1}, {"id": "1099329503124312064", "url": "https://twitter.com/BallAntiCoup/status/1099329503124312064", "username": "", "text": "https://www. matichon.co.th/election-2019/ news_1375741 … ไม่แชร์ข่าวอันนี้ไปบ้างละคุณกระบือๆ อนาคตจะดับก็ไม่ใช่จากปากเน่าๆโง่ๆแบบคุณหรอก 24มีนาเดียวรู้กัล", "date": "23-02-2019 22:25", "retweet": 0, "like": 0}, {"id": "1099327529968558086", "url": "https://twitter.com/BallAntiCoup/status/1099327529968558086", "username": "", "text": "https:// futureforwardparty.org/wp-content/upl oads/2019/02/policybook.pdf … อ่านนโยบายนี้ให้ดีๆก่อนคร้าบ โดยเฉพาะหน้า20-21จะได้รู้ว่าเงินเอามาจากไหนไม่ได้เอาจากกลาโหมอย่างเดียว โง่จริงๆเห็นแต่รูปตัดต่อบิดเบือนก็เชื่อแล้วหรอคุณ ตอนนี้พวกฝักใฝ่เผด็จการจารีตอนุรักษ์นิยมที่ทำเรื่องนี้คงหัวเราะเยาะแล้วละที่มีคนโง่ๆเชื่อภาพนี้ด้วย โง่วะ", "date": "23-02-2019 22:18", "retweet": 0, "like": 0}, {"id": "1099324628021825542", "url": "https://twitter.com/BallAntiCoup/status/1099324628021825542", "username": "", "text": "ทวิตแห่งความสิ้นหวังแล้วจริงๆวะทวิตอะไรที่โง่เขลาออกมาได้นะ ปิยบุตรเกิด2522 ปรีดีสิ้น2526 เออเอาอีกๆนะไอ้สมองกวงสติปัญญาฟั่นเฟืยนจิตไม่สมประกอบ แบบนี้เลือกตั้งไม่ได้นะไอ้ @ThailandCaptian มันผิดรธน.มาตรา96(2)คนบ้าเลือกตั้งไม่ได้นะ 555 บ้าขั้นหนักและติดต่อโรงบาลบ้าด่วนเลยพวกเรา pic.twitter.com/YUzr2IxvX4", "date": "23-02-2019 22:06", "retweet": 0, "like": 0}, {"id": "1099322493880348673", "url": "https://twitter.com/BallAntiCoup/status/1099322493880348673", "username": "", "text": "‘ธนาธร’ โพสต์ ‘ด่วนครับ’ รับอาสาสมัครจับตา 9 หมื่นหน่วยเลือกตั้ง ขอคนช่างสังเกต https://www. matichon.co.th/politics/news_ 1376756 … ผ่าน @มติชนออนไลน์ #อนาคตใหม่ #พรรคอนาคตใหม่ #เลือกตั้ง62 #24มีนากาอนาคตใหม่", "date": "23-02-2019 21:58", "retweet": 2, "like": 2}, {"id": "1099186650255519744", "url": "https://twitter.com/BallAntiCoup/status/1099186650255519744", "username": "", "text": "“ธนาธร” นำผู้สมัคร “อนาคตใหม่” วิ่งแต่เช้า น้อมรับประวัติในเว็บไซต์ผิดพลาด ยัน ไร้เจตนาหลอกลวง https://www. matichon.co.th/politics/news_ 1376219 … ผ่าน @มติชนออนไลน์ #อนาคตใหม่ #พรรคอนาคตใหม่ #เลือกตั้ง62 #24มีนา", "date": "23-02-2019 12:58", "retweet": 1, "like": 3}, {"id": "1099186198222753792", "url": "https://twitter.com/BallAntiCoup/status/1099186198222753792", "username": "", "text": "ถ้าเป็นคนในพรรคก็ควรที่จะรู้กฎกติกามารยาทอะไรกัลด้วยไม่ใช่เกณฑ์สมัครพรรคพวกหัวคะแนนสร้างก๊กสร้างเหล่ามาโหวตให้หรือ แล้วฝักใฝ่เผด็จการจารีตอนุรักษ์นิยมพรรคอนาคตใหม่เชิดชูส่งเสริมปชต.จะรับคนพวกนี้มาได้ยังไงไอ้พวกจ่องจะทำลายพรรคจากข้างในที่แฝงตัวมาเล่นการเมืองกัลในพรรคและโง่วะไอ้วี", "date": "23-02-2019 12:56", "retweet": 0, "like": 0}, {"id": "1098961031315972096", "url": "https://twitter.com/BallAntiCoup/status/1098961031315972096", "username": "", "text": "‘ธนาธร’เปิดเวทีรังสิต ซัด ‘บิ๊กตู่’จะช่วยพปชร.หาเสียงต้องมีสำนึก ไปลาออกแล้วค่อยมาสู้กัน https://www. matichon.co.th/election-2019/ news_1375800 … ผ่าน @มติชนออนไลน์ #อนาคตใหม่ #พรรคอนาคตใหม่ #เลือกตั้ง62 #24มีนา", "date": "22-02-2019 22:01", "retweet": 3, "like": 0}, {"id": "1098960474425544704", "url": "https://twitter.com/BallAntiCoup/status/1098960474425544704", "username": "", "text": "เรื่องของกูไม่ได้เป็นสมาชิกพรรคอย่าเห่า มึงเป็นผู้เสียหายหรือไงที่ไพรมารี่โหวตไม่ได้นะ ทำไมจะต้องเชื่อคนที่เต็มไปด้วยความอคติที่อยู่ในใจด้วยนะ ไม่รู้ไรอย่าเห่าออกมาดีกว่า จงเกลียดแค้นอนาคตใหม่ขนาดนี้กูว่าธนาธรไม่จ่ายโบนัสให้มึงแน่ๆเลยวะไอ้วี แล้ว250สว.นี้โครตฟังเสียงปชช.เลยวะ", "date": "22-02-2019 21:59", "retweet": 0, "like": 0}, {"id": "1098896509582491649", "url": "https://twitter.com/BallAntiCoup/status/1098896509582491649", "username": "", "text": "งานนี้ควรจะเป็นของตำแหน่งท้องถิ่นมากกว่า มันผิดConceptเลยเพราะสส.จะทำหน้าที่นิติบัญญัติในรัฐสภาดูภาพรวมประเทศไม่ใช่มาดูอะท้องถิ่นด้วยอะ นี่แหละที่อนาคตใหม่จะเปลี่ยนแบ่งแยกให้ชัดไปเลย งานท้องถิ่นและงานระดับประเทศแยกบทบาทหน้าที่กัลโดยสิ้นเชิงจะได้เลือกใครไม่ต้องดูตัวบุคคลหรือพรรค", "date": "22-02-2019 17:45", "retweet": 0, "like": 0}, {"id": "1098895398515535872", "url": "https://twitter.com/BallAntiCoup/status/1098895398515535872", "username": "", "text": "ควายแบบมึงจะไปรู้อะไรขอร้องไอ้วีอย่าแถเลย พรรคอื่นมีกระบวนการคัดสรรคนนอกแบบนี้ไหม มึงมันอคติอนาคตใหม่มึงจะไปรู้ความจริงอะไร มันก็มีแต่Statusที่ไม่ได้เรื่อยอันนึงก็เท่านั้น ดีแล้วที่พรรคคัดกรองเจอเสียก่อน ไม่งั้นอีคนนี้ก็คงสร้างความเสื่อมเสียอีกเยอะ โพสต์อะไรสิ้นคิดและไร้สมอง", "date": "22-02-2019 17:40", "retweet": 1, "like": 1}, {"id": "1098893947294732289", "url": "https://twitter.com/BallAntiCoup/status/1098893947294732289", "username": "", "text": "ก็น่าจะบอกพวกเค้าว่า กาอนาคตใหม่เบอร์เดียวได้ลุ้น3เด้ง 1.ลุ้นสส.เขตก่อนเลย 2.ถ้าไม่ชนะเขตคะแนนทั่วประเทศจะถูกรวมมาลุ้นสส.Partylist 3.ลุ้นบัญชีนายกถ้ามีสส.ในมือเกิน25คนก็มีสิทธิ์เสนอธนาธรเป็นตัวแทนพรรคอนาคตใหม่ เลือกตั้งครั้งนี้มันวิเศษแบบนี้แหละ บัตรเดียวกาครั้งเดียวลุ้นได้3เด้ง", "date": "22-02-2019 17:35", "retweet": 2, "like": 3}, {"id": "1098892835724525568", "url": "https://twitter.com/BallAntiCoup/status/1098892835724525568", "username": "", "text": "นักกฎหมายชี้พิมพ์ประวัติ’ธนาธร’ผิดพรป.สส.หรือไม่ต้องดูเจตนา ฟันธงไม่ถึงขั้นยุบพรรค https://www. matichon.co.th/politics/news_ 1375109 … ผ่าน @มติชนออนไลน์ #อนาคตใหม่ #พรรคอนาคตใหม่ #เลือกตั้ง62 #24มีนา", "date": "22-02-2019 17:30", "retweet": 4, "like": 2}, {"id": "1098892519239168000", "url": "https://twitter.com/BallAntiCoup/status/1098892519239168000", "username": "", "text": "‘อนค.’ ยอมรับ เขียนประวัติธนาธรในเว็บผิด ถูกท้วงติงก็รีบแก้ไข ไม่ได้มีเจตนาหลอกลวง https://www. matichon.co.th/politics/news_ 1374731 … ผ่าน @มติชนออนไลน์ #อนาคตใหม่ #พรรคอนาคตใหม่ #เลือกตั้ง62 #24มีนา", "date": "22-02-2019 17:29", "retweet": 0, "like": 0}, {"id": "1098803578808893440", "url": "https://twitter.com/BallAntiCoup/status/1098803578808893440", "username": "", "text": "ธนาธร เผยฟุตบอลทีมโปรด แนะวิสัยทัศน์ กีฬา-การเมือง โยงกันยังไง https://www. khaosod.co.th/election-2019/ news_2236506 … ผ่าน @ข่าวสด #อนาคตใหม่ #พรรคอนาคตใหม่ #เลือกตั้ง62 #24มีนา", "date": "22-02-2019 11:36", "retweet": 0, "like": 0}, {"id": "1098802680342822913", "url": "https://twitter.com/BallAntiCoup/status/1098802680342822913", "username": "", "text": "‘ธนาธร’ เตรียมปราศรัยใหญ่ปทุมธานี บอก ‘พ่อจะรอฟ้านะ’ https://www. matichon.co.th/politics/news_ 1374298 … ผ่าน @มติชนออนไลน์ #อนาคตใหม่ #พรรคอนาคตใหม่ #เลือกตั้ง62 #24มีนา", "date": "22-02-2019 11:32", "retweet": 0, "like": 0}, {"id": "1098802028745113600", "url": "https://twitter.com/BallAntiCoup/status/1098802028745113600", "username": "", "text": "‘ธนาธร’ บุก ม.สวนดุสิต-สวนสุนันทา น.ศ.แห่เซลฟี่จนต้องจัดคิว ขอแปรเสียงออนไลน์เข้าคูหา https://www. matichon.co.th/politics/news_ 1373370 … ผ่าน @มติชนออนไลน์ #อนาคตใหม่ #พรรคอนาคตใหม่ #เลือกตั้ง62 #24มีนา", "date": "22-02-2019 11:29", "retweet": 2, "like": 2}, {"id": "1098801736511238144", "url": "https://twitter.com/BallAntiCoup/status/1098801736511238144", "username": "", "text": "เผยขั้นตอนถ้าปอท.นำ”ธนาธร-พวก”ส่งสำนวนคดีผิดพ.ร.บ.คอมฯให้อัยการ 27 ก.พ. ไม่ฝากขัง https://www. matichon.co.th/local/crime/ne ws_1373589 … ผ่าน @มติชนออนไลน์ #อนาคตใหม่ #พรรคอนาคตใหม่ #เลือกตั้ง62 #24มีนา #SaveThanathorn", "date": "22-02-2019 11:28", "retweet": 0, "like": 0}, {"id": "1098652643654754304", "url": "https://twitter.com/BallAntiCoup/status/1098652643654754304", "username": "", "text": "https:// futureforwardparty.org/wp-content/upl oads/2019/02/policybook.pdf … ผมว่าครึ่งนึงในนี้ก็น่ายะทำได้นะแหละคร้าบ แต่ถ้าอยากให้ได้ทำทั้งหมดก็เลือกกัลเข้าไปให้เยอะๆ #อนาคตใหม่ จะได้มีอำนาจไปผลักดันวาระนโยบายที่หาเสียงไว้ให้สำเร็จให้จงได้", "date": "22-02-2019 01:36", "retweet": 0, "like": 0}, {"id": "1098651808602279936", "url": "https://twitter.com/BallAntiCoup/status/1098651808602279936", "username": "", "text": "(3)เพจioลิ้วล้อทหารสลิ่มจัญไรที่ฝักใฝ่ระบอบเผด็จการจารีตอนุรักษ์นิยมประยุทธ์ที่ไม่ต้องให้ประเทศเจริญก้าวหน้าแบบเสรีนิยมและทำให้ประชาชนขัดแย้งแตกแยกเกลียดชังกัลเอง pic.twitter.com/3EVseYEXti", "date": "22-02-2019 01:32", "retweet": 0, "like": 1}, {"id": "1098651259760971779", "url": "https://twitter.com/BallAntiCoup/status/1098651259760971779", "username": "", "text": "(2)เพจioลิ้วล้อทหารสลิ่มจัญไรที่ฝักใฝ่ระบอบเผด็จการจารีตอนุรักษ์นิยมประยุทธ์ที่ไม่ต้องให้ประเทศเจริญก้าวหน้าแบบเสรีนิยมและทำให้ประชาชนขัดแย้งแตกแยกเกลียดชังกัลเอง pic.twitter.com/Z9uivAclwm", "date": "22-02-2019 01:30", "retweet": 1, "like": 2}, {"id": "1098650747900588032", "url": "https://twitter.com/BallAntiCoup/status/1098650747900588032", "username": "", "text": "(1)เพจioลิ้วล้อทหารสลิ่มจัญไรที่ฝักใฝ่ระบอบเผด็จการจารีตอนุรักษ์นิยมประยุทธ์ที่ไม่ต้องให้ประเทศเจริญก้าวหน้าแบบเสรีนิยมและทำให้ประชาชนขัดแย้งแตกแยกเกลียดชังกัลเอง pic.twitter.com/6MRrQmdHM8", "date": "22-02-2019 01:28", "retweet": 1, "like": 2}, {"id": "1098647197841641472", "url": "https://twitter.com/BallAntiCoup/status/1098647197841641472", "username": "", "text": "กระบวนการคัดสรรของพรรคมันก็มีอยู่ และตอนนี้ไอ้คนที่ออกมาโว้ยก็ไปเชียร์พรรคไทยรักษาชาติและเออ pic.twitter.com/4mfMGZbKVD", "date": "22-02-2019 01:14", "retweet": 1, "like": 1}, {"id": "1098241299562487808", "url": "https://twitter.com/BallAntiCoup/status/1098241299562487808", "username": "", "text": "คุณช่อก็ไม่ได้เก่งด้านทหารทำไมถึงพูดมีหลักการมากกว่าเขตรัดอะคร้าบ ไอติมหรือใครก็มาเถอะไม่เอาพวกเถียงข้างๆคูๆแถหน้าด้านๆแบบนี้ เถียงกัลบนหลักการที่ถูกต้องสิด้วยข้อมูลพื้นฐานที่ถูกต้องและพอเถียงไม่ได้ก็อย่ามาใช้อคติพูดให้ร้ายกับคนโน้นคนนี้ พรรคใครกัลแน่ที่คอยจะสร้างความขัดแย้งตลอด", "date": "20-02-2019 22:21", "retweet": 0, "like": 0}, {"id": "1098218239518138368", "url": "https://twitter.com/BallAntiCoup/status/1098218239518138368", "username": "", "text": "ถ้าธนาธรจะติดคุกเพราะพรบ.คอม ไอ้เพจพวกนี้ก็ควรโดนด้วย ทำไมถึงไม่กล้าฟ้องปิดละตำรวจปอท.หรือเพจพวกนี้ฐานปฏิบัติการioมันถูกควบคุมและดูแลโดยทหาร ตำรวจปอท.ถึงไม่กล้าจับ ตัดต่อบิดเบือนใส่ร้ายป้ายสีตั้งมากมาย ติดหลายข้อหาเลย #SaveThanathorn #ธนาธร #อนาคตใหม่ #พรรคอนาคตใหม่ #เลือกตั้ง62 https:// twitter.com/BallAntiCoup/s tatus/1096453115128074240 …", "date": "20-02-2019 20:50", "retweet": 5, "like": 8}, {"id": "1098199415167148033", "url": "https://twitter.com/BallAntiCoup/status/1098199415167148033", "username": "", "text": "จ้าาา ต้องทำผิดทั้งทำคำพูดและการกระทำแบบลุงตู่พ่อคนดีของพวกสลิ่มที่ฝักใฝ่เผด็จการจารีตอนุรักษ์นิยมแบบนั้นใช่ไหมถึงจะดีอะ เชิดชูกัลเข้าไปพ่อพีน้อคคีโอ้ตู่ pic.twitter.com/hj12lzRbbq", "date": "20-02-2019 19:35", "retweet": 2, "like": 0}, {"id": "1098192220035833856", "url": "https://twitter.com/BallAntiCoup/status/1098192220035833856", "username": "", "text": "ชาวสยามแห่รับ “ธนาธร” ท่วมท้น พร้อมฝากความหวังเปลี่ยนแปลงปท. https://www. matichon.co.th/politics/news_ 1372340 … ผ่าน @มติชนออนไลน์ #อนาคตใหม่ #พรรคอนาคตใหม่ #ธนาธร #เลือกตั้ง62 #24มีนา #ฟ้ารักพ่อ", "date": "20-02-2019 19:06", "retweet": 3, "like": 4}, {"id": "1098187583283126272", "url": "https://twitter.com/BallAntiCoup/status/1098187583283126272", "username": "", "text": "‘ธนาธร’ เย้ยพวกโจมตีไม่มีไรใหม่ยันจะเข้าสู่การเมืองอย่างสง่า ยกความจริงสู้ข่าวลวง https://www. matichon.co.th/politics/news_ 1372297 … ผ่าน @มติชนออนไลน์ #อนาคตใหม่ #พรรคอนาคตใหม่ #เลือกตั้ง62 #24มีนา", "date": "20-02-2019 18:48", "retweet": 1, "like": 0}, {"id": "1098187056298176512", "url": "https://twitter.com/BallAntiCoup/status/1098187056298176512", "username": "", "text": "อนาคตใหม่ ยันใช้ข่าวจริงสู้ข่าวปลอม บอกยิ่งกระแสลบมาก ผู้สนับสนุนยิ่งตื่นตัว https://www. matichon.co.th/politics/news_ 1371502 … ผ่าน @มติชนออนไลน์ #อนาคตใหม่ #พรรคอนาคตใหม่ #เลือกตั้ง62 #24มีนา", "date": "20-02-2019 18:46", "retweet": 0, "like": 0}, {"id": "1098186942909341700", "url": "https://twitter.com/BallAntiCoup/status/1098186942909341700", "username": "", "text": "อนค.เผย คดีธนาธรไลฟ์สดวิจารณ์พลังดูด เจอเร่งรัดสรุปคดีอีก 2 วัน ลุ้นไม่ถูกฝากขัง https://www. matichon.co.th/politics/news_ 1371490 … ผ่าน @มติชนออนไลน์ #อนาคตใหม่ #พรรคอนาคตใหม่ #เลือกตั้ง62 #24มีนา", "date": "20-02-2019 18:45", "retweet": 0, "like": 0}, {"id": "1098186503539159040", "url": "https://twitter.com/BallAntiCoup/status/1098186503539159040", "username": "", "text": "“ปิยบุตร” ลุย “บางขุนเทียน” ชูผู้สมัคร ส.ส. “ณัฐชา บุญไชยอินสวัสดิ์” (คลิป) https://www. matichon.co.th/politics/news_ 1370826 … ผ่าน @มติชนออนไลน์ #อนาคตใหม่ #พรรคอนาคตใหม่ #เลือกตั้ง62 #24มีนา", "date": "20-02-2019 18:44", "retweet": 0, "like": 0}, {"id": "1097906152715608064", "url": "https://twitter.com/BallAntiCoup/status/1097906152715608064", "username": "", "text": "คุณช่อเค้าเรียนรัฐศาสตร์การเมืองระหว่างประเทศมานะถ้าจำไม่ผิด มาแนวสายนักการทูตเลย ส่วนคุณธนาธรเรียนรัฐศาสตร์แนวNGO ลุยๆเดือดๆดุดัน ส่วนอ.ปิยบุตรมาเรียนนิติศาสตร์มาแนววิชาการเลย อภิปรายในสภาจะทำให้นักการเมืองอาชีพจริงๆดูโง่ไปเลย 555", "date": "20-02-2019 00:09", "retweet": 0, "like": 1}, {"id": "1097829723667746817", "url": "https://twitter.com/BallAntiCoup/status/1097829723667746817", "username": "", "text": "เป็นข้าราชการใช้ข้ออ้างว่าทำไม่ได้เพราะขี้เกียจหรือไม่อาจให้ประชาชนได้ใช้รัฐสวัสดิการที่ดีแบบนี้ก็ออกไปเถอะบำเหน็จบำนาญก็ไม่ต้องรับนะ เป็นข้าราชการต้องทำงานรับใช้ประชาชนเข้าใจไหม พูดได้ต้องทำได้ด้วยถ้ามีอำนาจทางการเมืองสนับสนุนมากพอ เหมือนตอนทักษิณเอา30บาทและกองทุนหมู่บ้านไง", "date": "19-02-2019 19:06", "retweet": 0, "like": 0}, {"id": "1097764954935984128", "url": "https://twitter.com/BallAntiCoup/status/1097764954935984128", "username": "", "text": "เดียวรอดูวันเลือกตั้ง เดียวพวกกูจะมาโพลนี้มาให้ดูอีกรอบพร้อมด้วยผลการเลือกตั้งจริงนะจ้ะ ไอ้พวกหลอกตัวเอง อย่าลบทวิตนะโพลอินดี้", "date": "19-02-2019 14:48", "retweet": 0, "like": 0}, {"id": "1097565785650655232", "url": "https://twitter.com/BallAntiCoup/status/1097565785650655232", "username": "", "text": "มีทั้งปปช.กกต.สตง.ตรวจการแผ่นดิน ศาลรธน.รวมถึงฝ่ายค้าน นี่ยังไม่พอปราบนักการเมืองโกงอีกหรอ ตอนนี้ไม่มีนักการเมืองแล้วโกงกัลมากกว่าอีกแถมยังตรวจสอบไม่ได้ด้วย ไปศึกษาให้ดีว่าทหารถึงยึดอำนาจไม่เพราะกระหายอำนาจหรอกเหรอ ถ้ายึดอำนาจแล้วปราบโกงได้ป่านี้ไทยใสสะอาดถนนปูด้วยทองไปและคุณเอ๋ย", "date": "19-02-2019 01:37", "retweet": 0, "like": 0}, {"id": "1097558437431365632", "url": "https://twitter.com/BallAntiCoup/status/1097558437431365632", "username": "", "text": "งานถนัดของพวกคุณเลยก็คือตัดต่อบิดเบือนคำพูดจริงๆเลย อ่านให้มันตรบๆถ้วนซิวะ จะตัดมาส่วนใดส่วนหนึ่งให้เสียความหมายไปทำซากอะไรกัลวะ ไม่เข้าใจจริงๆ", "date": "19-02-2019 01:08", "retweet": 3, "like": 4}, {"id": "1097557975890182144", "url": "https://twitter.com/BallAntiCoup/status/1097557975890182144", "username": "", "text": "เออ ปากบอกรักสถาบันจะปกป้องเถิดทูนนะพวกคุณ แต่กลับไปเชื่อคำพูดจากปากคนที่พูดให้ร้ายและโจมตีสถาบันจากต่างประเทศคนอย่างไอ้ใจอิ้งภากรณ์มาเรื่อยๆมา เออย้อนแย้งวะ", "date": "19-02-2019 01:06", "retweet": 0, "like": 0}, {"id": "1097549178488516609", "url": "https://twitter.com/BallAntiCoup/status/1097549178488516609", "username": "", "text": "โวย! ผู้สมัคร ส.ส.พรรคอนาคตใหม่ โวยป้ายไวนิลหาเสียงโดนกรีด เชื่อฝีมือผู้ไม่หวังดี https://www. matichon.co.th/election-2019/ news_1369808 … ข้อมูลจาก @มติชนออนไลน์ #อนาคตใหม่ #พรรคอนาคตใหม่ #เลือกตั้ง62 #24มีนา", "date": "19-02-2019 00:31", "retweet": 0, "like": 1}, {"id": "1097546592733687808", "url": "https://twitter.com/BallAntiCoup/status/1097546592733687808", "username": "", "text": "นักการเมืองที่หนักแผ่นดินที่สุดในโลก หนักแผ่นดิน หนักแผ่นดิน นักการเมืองเช่นนี้เป็นคน #หนักแผ่นดิน 555 pic.twitter.com/lihh5Wyyd3", "date": "19-02-2019 00:21", "retweet": 0, "like": 0}, {"id": "1097542818204049408", "url": "https://twitter.com/BallAntiCoup/status/1097542818204049408", "username": "", "text": "อภิสิทธิ์ดีแต่พูดแห่งปชป.ก็ชิงสวนเล่นตัวเองก่อนเลยไงไม่รู้หรอ กลัวคนอื่นสวนเดียวเจ็บจิ้ดโดยจี้ปมว่าสั่งทหารฆ่าปชช.กลางกรุงอีก เดียว24มีนาได้รู้ว่าจริงๆแล้วใครกัลแน่ที่หน้าจ๋อยๆ พูดแซะแดกดันได้แค่นี้แหละพวกสลิ่มเอ้ย พอให้โจ้เรื่องนโยบายก็มาไร้สมองสติปัญญาโง่แดกขึ้นมาทันใด", "date": "19-02-2019 00:06", "retweet": 0, "like": 0}, {"id": "1097448794864504832", "url": "https://twitter.com/BallAntiCoup/status/1097448794864504832", "username": "", "text": "ใช่ๆๆๆคนจำพวกเนี่ยโกงกินภาษีและอำนาจของปชช.ไปเยอะไม่ตั้งเท่าไหร่และ ไอ้พวกคนแก่ๆที่เห็นกงจักรเป็นดอกบัวเมื่อไหร่พวกมันจะตาสว่างเกิดสติปัญญากัลซะทีวะ", "date": "18-02-2019 17:52", "retweet": 0, "like": 1}, {"id": "1097443879928786944", "url": "https://twitter.com/BallAntiCoup/status/1097443879928786944", "username": "", "text": "หนักแผ่นดิน หนักแผ่นดิน คนเช่นนี้เป็นคนหนักแผ่นดิน https:// youtu.be/j1keG6_NLI8 พวกมึงเชิญฟังไปนะ พวกกูจะฟัง #ประเทศกูมี พวก #หนักแผ่นดิน พวกคุณไม่รู้เว้ย ประเทศเฮี้ยนี้แม้งมีอะไร เดียวพวกกูทั้งหมดจะเล่าให้ฟัง https:// youtu.be/VZvzvLiGUtw pic.twitter.com/obEnk44xox", "date": "18-02-2019 17:33", "retweet": 35, "like": 15}, {"id": "1097442632291106817", "url": "https://twitter.com/BallAntiCoup/status/1097442632291106817", "username": "", "text": "ถ้าได้ระเบียบจริงๆก็ควรจะเกณฑ์มันทุกเพศไปเลย แต่กูไม่เห็นสังคมมันจะมีระเบียบวินัยอะไรตรงไหนเลย ทั้งแซงคิวต่อแถวซื้อของหรือขึ้นรถโดยสาร แถมทิ้งขยะไม่เป็นที่ทางทำให้เกิดสกปรกอีก ไหนระเบียบวินัยของคุณโธ่ของพวกนี้ไม่ต้องเป็นทหารก็ได้มั่งแลดูญี่ปุ่นซิทำไมคนเค้ามีจิตสำนึกสูงกว่าเราอีก", "date": "18-02-2019 17:28", "retweet": 0, "like": 0}, {"id": "1097438749170950144", "url": "https://twitter.com/BallAntiCoup/status/1097438749170950144", "username": "", "text": "เสียเวลาเปลืองค่าโทรวะ ทำไมรับไม่ได้หรอคร้าบพอคนอื่นแสดงความเห็นต่างใส่นะ แบบนี้จะเรียกว่าด่าก็เชิญ กูแต่แย้งในสิ่งที่มึงพูดไงเข้าใจไหมโธ่หัวร้อนหรอวะ แหม่กูเพิ่งเคยเห็น เล่นtwitterอยู่ดีๆจะให้โทรมาซะแหละเมียกูก็ไม่ใช่จะโทรไปหาซากอะไร แน่ๆพิมพ์เลยดีกว่า เบื่อพวกบ้าน้ำลายชอบโทร", "date": "18-02-2019 17:12", "retweet": 0, "like": 0}, {"id": "1097419350108041217", "url": "https://twitter.com/BallAntiCoup/status/1097419350108041217", "username": "", "text": "โครตแค้นอยากจะไปด่าต่อหน้าพวกมึงจริงๆว่าบอกว่า อย่าลำเลิกบุญคุณประชาชน ไอข้าราชการย้าอำนาจห่วยแตก #หนักแผ่นดิน", "date": "18-02-2019 15:55", "retweet": 0, "like": 6}, {"id": "1097416415080902661", "url": "https://twitter.com/BallAntiCoup/status/1097416415080902661", "username": "", "text": "ดูกระแสแล้วคงถึงคาวที่จะเปลี่ยนแปลงแบบไม่สันติและละถ้าทหารมันยังกล้ายึดอำนาจความสงบสันติก็คงหมดไปคงใช้สำหรับเปลี่ยนแปลงการเมืองไม่ได้และละ ปชช.เลือกไปเท่าไหร่ทหารและศาลมันก็ล้มได้ทุกทีๆความคับแค้นของปชช.มันมีลิมิตนะคร้าบ อย่าให้ปชช.ถึงทางตันจนตรอบนะไอ้ผู้มีอำนาจทั้งหลาย", "date": "18-02-2019 15:43", "retweet": 0, "like": 0}, {"id": "1097415677617434624", "url": "https://twitter.com/BallAntiCoup/status/1097415677617434624", "username": "", "text": "อีกอย่างมึงคิดแบบวิทยาศาสตร์ทำไมคนรับรธน.มากกว่ารับคำถามพ่วงมากกว่าล้านกวเพราะไม่เห็นหรือไงหรือไม่เค้ารู้เพียงว่าลงประชามติรธน.อย่างเดียวพอไปโหวตๆไปเถอะจะได้เลือกตั้งซะที ไม่รู้หรอชาวบ้านเค้ารับสารอยู่ฝั่งรับจากฝั่งเดียวนะฮะ หัดวิเคราะห์คิดลึกซึ่งบ้างแก่ไปสมองจะได้ไม่ตายแบบนี้ไง", "date": "18-02-2019 15:41", "retweet": 0, "like": 0}, {"id": "1097414563396431873", "url": "https://twitter.com/BallAntiCoup/status/1097414563396431873", "username": "", "text": "งั้นเพื่อไทย,ไทยรักษาชาติ,อนาคตใหม่และพรรคฝ่ายปชต.จับกัลได้เสียงข้างมากก็อย่ามาเห่าหอนให้กูได้ยินนะถ้าใช้ตรรกะเสียงข้างมากที่ได้มาแบบโกงโดยที่ฝั้งรับพูดได้ฝั่งเดียวฝั่งไม่รับโดยจับยัดคดีแบบนี้เนี่ยนะเสรีบริสุทธิ์ยุติธรรม มึงลองเปิดแฟร์ๆเท่าๆกัลซิกูว่าคำถามพ่วงยังไงก็ไม่ผ่าน", "date": "18-02-2019 15:36", "retweet": 0, "like": 0}, {"id": "1097413230845018112", "url": "https://twitter.com/BallAntiCoup/status/1097413230845018112", "username": "", "text": "คุณดูการปฏิวัติในที่อื่นๆซิการตายมันต้องเกิดทั้ง2ฝ่ายนะ เหตุการณ์ที่คุณว่ามันไม่ใช่ปฏิวัติปชช.เลย ปชช.ถูกล้อมฆ่าฟรีมากกว่า การปฏิวัติปชช.จริงๆปชช.มันต้องมีโอกาสได้ต่อสู้ตอบโต้ด้วยไม่ใช่ถูกกระทำอยู่แต่ฝ่ายเดียวแบบนี้ ไม่งั้นสังคมคงดีขึ้นไปตั้งแต่14ตุลาแล้วแหละ", "date": "18-02-2019 15:31", "retweet": 0, "like": 0}, {"id": "1097411932548550656", "url": "https://twitter.com/BallAntiCoup/status/1097411932548550656", "username": "", "text": "มันต้องโวยวายคร้าบ ถ้าไม่โวยวายเดียวเค้าหาว่าพวกเราไม่มีสิทธิ์มีเสียงอะไรอีก เดียวพวกเค้าจะกระทำระยำตำบอนกับประเทศของเรานี้อีก ต้องร่วมกัลออกมาส่งเสียงเพื่อปกป้องประเทศชาติไทยและส่วนรวมของเราไว้นะ ประเทศเป็นของทุกคนไม่ใช่ของประยุทธ์และคสช.นะ", "date": "18-02-2019 15:26", "retweet": 0, "like": 1}, {"id": "1097411122313912320", "url": "https://twitter.com/BallAntiCoup/status/1097411122313912320", "username": "", "text": "ถ้ารัฐประหารอีกจะขอต่อต้านแบบตุรกีเลยนะ เพราะถ้ายึดอำนาจเกิดขึ้นอีกประเทศก็สงครามปฏิวัติปชช.เกิดขึ้นแน่ตราบใดที่ประเทศชาตินี้อำนาจไม่ได้เป็นของปวงชนชาติไทยก็ไม่ควรที่จะอยู่ต่อไปในประเทศนี้เป็นเผด็จการจารีตอนุรักษ์นิยมแบบนี้อีกแล้ว", "date": "18-02-2019 15:22", "retweet": 0, "like": 0}, {"id": "1097407161573859328", "url": "https://twitter.com/BallAntiCoup/status/1097407161573859328", "username": "", "text": "ไหนเอามาให้ดูซิออกช่องไหนเห็นแต่ข่าวโดนจับโดนห้ามจัดงานเสวนาตามมหาลัยโธ่มึงอยู่เกาหลีเหนือเหลือไงไอ้วี ถ้าคะแนนคำถามพ่วงมากกว่า แต่ทำไมมันน้อยกว่าคนโหวตรับรธน.ตั้งล้านกว่ากูถามหน่อย ทั้งที่มันควรจะเท่ากัล โหวตรับรธน.แต่ลืมโหวตรับคำถามพ่วงหรือ คิดแบบวิทยาศาสตร์ไม่เป็นแน่สมองแบบมึง", "date": "18-02-2019 15:07", "retweet": 0, "like": 0}, {"id": "1097404317923831809", "url": "https://twitter.com/BallAntiCoup/status/1097404317923831809", "username": "", "text": "แล้วฝ่ายรณรงค์ไม่รับรธน.ไม่ดีโอกาสได้บอกข้อเสียต่อสาธารณะแล้วหรือยัง ทีวีก็ไม่เคยเห็นสักช่องที่ออกกูเห็นแต่กรรมการร่างมาออกThaipbsอยู่ฝ่ายเดียว รวมทั้งครูกขค.รด.กกต.และกลไกรัฐอื่นๆ กูถามจริงมึงอยู่ประเทศเดียวกะกูป่าววะไอ้วี อยู่แต่กับพวกอนุรักษ์นิยมมากเกินไปป่าววะถึงมีอคติจังเว้ย", "date": "18-02-2019 14:55", "retweet": 0, "like": 0}, {"id": "1097403536789262337", "url": "https://twitter.com/BallAntiCoup/status/1097403536789262337", "username": "", "text": "เค้าเรียกคำถามพ่วงไอ้ควายไม่ใช่บทเพิ่มเติม สมองมึงเป็นอะไรมากปะละ กูว่ามึงต่างหากที่ไม่รู้ไอ้ควายกูเอามาให้มึงดูกูคงโง่ไม่รู้มั่ง ไม่ต้องเล่นลิ้นเปลี่ยนเรื่องเลยไอ้วีมึงดูผลคะแนนประขามติจริงๆทำไมโหวตรับรธน.กับรับคำถามพ่วงคะแนนต่างกัลล้านกว่าคะแนนวะกูถามคนรู้มากแบบมึงหน่อยซิ", "date": "18-02-2019 14:52", "retweet": 0, "like": 0}, {"id": "1097394780210790400", "url": "https://twitter.com/BallAntiCoup/status/1097394780210790400", "username": "", "text": "ในภาวะสงครามคนไทยทุกคนต้องเป็นทหารไม่ว่าหญิงหรือชาย งั้นคุณช่วยแสดงความกล้าตามความเห็นของคุณโดยการไปสมัครเข้ารับการเกณฑ์ทหารคนแรกก่อนเลยนะ กล้าๆหน่อยอย่ามาเก่งแต่ปากดีแต่พูด คนไทยที่อยากเป็นก็ควรจะใช้ระบบสมัครใจเท่านั้นไม่ใช่เกณฑ์ไปเป็นทาสรับใช้ให้นายทหารใช้ ไม่ได้รับใช้ชาติเลย", "date": "18-02-2019 14:17", "retweet": 1, "like": 18}, {"id": "1097393787549102080", "url": "https://twitter.com/BallAntiCoup/status/1097393787549102080", "username": "", "text": "งั้นคุณไปสมัครคนแรกก่อนเลยงั้นถ้าแน่จริง แน่ๆหน่อยอย่าเก่งแต่ปากวะไอ้กะลาไอ้เณร โลกเค้าไปถึงไหนกัลแล้ว เค้ายิงขีปนาวุธลูกเดียวทหารเกณฑ์ตายห่าคน ช่วยใช้สมองคิดวิเคราะห์ก่อนด้วยที่จะพ่นความเห็นอะไรออกมานะ เปิดโลกไปดูประเทศอื่นด้วยก็จะยิ่งดีนะ", "date": "18-02-2019 14:14", "retweet": 1, "like": 9}, {"id": "1097392472857034752", "url": "https://twitter.com/BallAntiCoup/status/1097392472857034752", "username": "", "text": "คนจำพวกลิ้วล้อเผด็จการจารีตอนุรักษ์นิยมพวกนี้เห็นตึกรามบ้านช่องอิฐหินปูนทรายมันสำคัญกว่าชีวิตคน ผมรู้สึกเศร้ามากที่เห็นCommentพวกนี้ตามเพจioสลิ่มต่างๆ ไม่เห็นคุณค่าของชีวิตพื่อนร่วมชาติเดียวกัลเลย เห็นตึกอาคารสำคัญกว่าหารู้ไหมว่าตึกอาคารพวกนั้นก็ถูกสร้างโดยคนที่ใช้แรงงานเนี่ยแหละ", "date": "18-02-2019 14:08", "retweet": 5, "like": 10}, {"id": "1097390665946648577", "url": "https://twitter.com/BallAntiCoup/status/1097390665946648577", "username": "", "text": "หนักแผ่นดินจริงๆคนพวกนี้ #หนักแผ่นดิน pic.twitter.com/NbosA30pcN", "date": "18-02-2019 14:01", "retweet": 118, "like": 49}, {"id": "1097389244266369029", "url": "https://twitter.com/BallAntiCoup/status/1097389244266369029", "username": "", "text": "ไอ้เฮี้ยมึงลืมไปหรือว่ามันอยู่ในใบเดียวกัลนะฮะอย่ามาเล่นลิ้นไอวีแล้วชาวบ้านไม่ได้รู้ข้อเสียอะไรเลย ก็เพียงแค่โหวตๆไปให้เลือกตั้งและมุขเดิมคือรับๆไปก่อนแก้ทีหลังก็มาอีกไอ้สัดมึงรู้ไหมอยู่แต่กับพวกจิตหลอนในtwiiterเนี่ยไปอ่านcommentที่อื่นบ้างนะไหนข้อดีมึง https:// ilaw.or.th/node/4191 pic.twitter.com/ccwAeik6zc", "date": "18-02-2019 13:55", "retweet": 0, "like": 0}, {"id": "1097388463278575616", "url": "https://twitter.com/BallAntiCoup/status/1097388463278575616", "username": "", "text": "แล้วบอกข้อดีเพื่อรณรงค์ให้โหวตโนหรือไงไอ้สัดวี มึงตรรกะเพี้ยนไปใหญ่แล้วนะ มึงนั้นแหละแยกแยะออกไหมไม่ต้องมาเล่นลิ้นกับกู มีแต่ข้อดีๆแบบนี้ก็ไม่ต้องจัดลงประชามติก็ได้ นี่กูกะลังเถียงอยู่กะพวกสมองหมาปัญญาควายอยู่หรอวะ เรื่องแต่นี้ยังบิดพลิ้วได้ ลิ้วล้อเผด็จการคสช.ตัวพ่อเลยมึง ชัยโยๆ", "date": "18-02-2019 13:52", "retweet": 0, "like": 0}, {"id": "1097384588794486784", "url": "https://twitter.com/BallAntiCoup/status/1097384588794486784", "username": "", "text": "เราทำนายอนาคตไม่ได้แต่เราเลือกอนาคตจะอยู่กับการเมืองเก่าแบบปฏิรูปจอมปลอมหรือการเมืองแบบใหม่ที่คนไทยมีส่วนการปฏิรูปเลือกเอา พรรคเกิดใหม่ทำให้คนรู้จักได้ขนาดนี้ต้องใช้เวลาผลักดันวาระต่างๆกัลหน่อยคนไทยทุกคนถึงจะเข้าใจสิ่งที่อนาคตใหม่จะทำ พวกอคติอย่าไปสนใจเลยปล่อยตายไปตามอายุขัยเถอะ", "date": "18-02-2019 13:37", "retweet": 0, "like": 0}, {"id": "1097379460829962240", "url": "https://twitter.com/BallAntiCoup/status/1097379460829962240", "username": "", "text": "อย่าเอาตรรกะความคิดที่ผิดเพี้ยนของตัวมึงเองมาใช้วัดเป็นบรรทัดฐานคนอื่นไอ้วี มึงหัดลองไปอ่านตามCommentในFBก็จะรู้ว่าที่หลงผิดเห็นชอบรธน.ก็เพราะอยากให้เลือกตั้งเร็วและอยากให้คสช.ไปๆซะคืนปชต.มาโดยเร็ว ไม่ใช่อยู่แต่ในtwitterที่มีแต่คนจำพวกเดียวกัน อวยกันไม่เคยจะเห็นความคิดต่างเลย", "date": "18-02-2019 13:17", "retweet": 0, "like": 0}, {"id": "1097378480298196992", "url": "https://twitter.com/BallAntiCoup/status/1097378480298196992", "username": "", "text": "งั้นฝ่ายรัฐทำโหวตเยสได้อย่างเดียวหรอไอ้ตรรกะเพี้ยนรณรงค์โหวตโนไม่ควรทำอยู่แล้วบ้าหรือไงถ้าทำไม่ได้จะให้ลงประชามติทำซากอะไรให้เสียเวลาเสียเงินภาษีวะทำไมไม่ประกาศใช้ซะเลยละรธน.โธ่ถ้าไม่รณรงค์คนไทยก็จะได้รู้สิ่งที่ไม่ดีในรธน.60อย่างเช่นสว.250ที่ร่วมเลือกนายกแท้จริงคสช.เลือกทั้งหมด", "date": "18-02-2019 13:13", "retweet": 0, "like": 0}]