[{"id": "1099298845182222336", "url": "https://twitter.com/bankban79426738/status/1099298845182222336", "username": "", "text": "ถ้ายังถ่ายอยู่ ฝากถึงชีเต้ เอาแบงค์ไปเป็นพิธีกร เอาอองตวนไปเก็บ เมนเทอเหลือ มารียา โทนี่ จีน่า สุดท้าย!!! มึงเลิกเปลี่ยนกติกาไปมาเหอะอีหน้าหี!!! #TheFaceThailand5", "date": "23-02-2019 20:24", "retweet": 5, "like": 6}, {"id": "1099264963128975361", "url": "https://twitter.com/bankban79426738/status/1099264963128975361", "username": "", "text": "อีเต้!! (ขอหยาบหน่อยเหอะ) สิ่งที่คนดูเบื่อและไม่สนุกก็ความไบโพล่าเปลี่ยนกติกาเหี้ยห่าเหวของมึงนี่แหละ มันไม่ได้ดูเซอไพร์ มันทำให้รายการมึงดูเหี้ย อิดอกกกกกกกกก #TheFaceThailand5", "date": "23-02-2019 18:09", "retweet": 2, "like": 3}, {"id": "1098941462345969665", "url": "https://twitter.com/bankban79426738/status/1098941462345969665", "username": "", "text": "อันนี้สงสัยมานานแหละ ทำไมบางคนมีฝีมือดีๆหรือเก่งจริงเค้าถึงเลือกไปอยู่ประชาธิปัตว่ะ บางคนก็ต้องยอมยอมรับจริงๆว่าประวัติและความสามารถคือได้เลย แต่พอรู้ว่าอยู่ประชาธิปัต ความอยากเลือกคือ บายจร้าาาาาา #ไทยรัฐเลือกตั้ง62", "date": "22-02-2019 20:43", "retweet": 6, "like": 6}, {"id": "1098940384044961792", "url": "https://twitter.com/bankban79426738/status/1098940384044961792", "username": "", "text": "จริงที่สุด ไม่เคยดูเลย เมื้อกี้นั่งดู อีเหี้ยคือหาเสียงชัดๆ หน้าด้ารฉิบหายอ่ะ", "date": "22-02-2019 20:39", "retweet": 0, "like": 0}, {"id": "1098904613544124418", "url": "https://twitter.com/bankban79426738/status/1098904613544124418", "username": "", "text": "ตอบ ใช่จร้าาาาาสส", "date": "22-02-2019 18:17", "retweet": 1, "like": 8}, {"id": "1098784252160749568", "url": "https://twitter.com/bankban79426738/status/1098784252160749568", "username": "", "text": "ขนาดพี่ตูนบอดี้แสลมนางดังขนาดไหน กูก็ไม่เคยเห็นนางไปรับงานเดี่ยวนะ #room39", "date": "22-02-2019 10:19", "retweet": 8, "like": 3}, {"id": "1098570708110594053", "url": "https://twitter.com/bankban79426738/status/1098570708110594053", "username": "", "text": "แต่ก่อนผมชอบเค้ามาก เดี๋ยวนี้คือกลายเป็นเลิกติดตามไปเลย แต่ยังอุดมการณ์เดียวกัน แต่เดี๋ยวนี้แกเหมือนเกรี้ยวกราดไปกับทุกเรื่อง เหมือนคนโรคจิตชอบด่าชาวบ้านอ่ะ 5555", "date": "21-02-2019 20:10", "retweet": 0, "like": 1}, {"id": "1098253352255639553", "url": "https://twitter.com/bankban79426738/status/1098253352255639553", "username": "", "text": "กูว่าเลือกตั้งครั้งนี้หมดเวลาของคนรุ่นเก่าแล้วว่ะ ทั้งตัวนายก,ผู้สนับสนุนระบบเผด็จการ กูจะไม่ยอมให้คนเหล่านี้มากดคนรุ่นกูแน่นอน ประชาธิปไตยต้องชนะเท่านั้นจริงๆ ประเทศไทยไม่ใช่ของคนกลุ่มเดียวที่จะมาอ้างว่ารักชาติ #เลือกตั้ง2562 #Savethanathorn", "date": "20-02-2019 23:09", "retweet": 14, "like": 13}, {"id": "1098225683292016640", "url": "https://twitter.com/bankban79426738/status/1098225683292016640", "username": "", "text": "รออีก7วัน ช้างเย็ดดดด!!! #GreatMenAcademy", "date": "20-02-2019 21:19", "retweet": 0, "like": 0}, {"id": "1098210514281291777", "url": "https://twitter.com/bankban79426738/status/1098210514281291777", "username": "", "text": "ทำไมฉันก็เปิดในไลน์ทีวี แต่ไม่เห้นขึ้นep3 เลยว่ะ #GreatMenAcademy", "date": "20-02-2019 20:19", "retweet": 1, "like": 0}, {"id": "1098209742680289288", "url": "https://twitter.com/bankban79426738/status/1098209742680289288", "username": "", "text": "เจเจต้องลงซีรี่วายเต็มๆซักเรื่องแล้วแหละ มันได้มากกกกก เอาผู้กำกับของจีดีเอสหรือแทรชเชอนะ ไม่เอาพวกผู้กำกับซีรี่วายที่เกลื่อนอยู่ตอนนี้ #GreatMenAcademy", "date": "20-02-2019 20:16", "retweet": 0, "like": 0}, {"id": "1098072819445858304", "url": "https://twitter.com/bankban79426738/status/1098072819445858304", "username": "", "text": "ลูกอีเด๋อที่แท้ทรู 55555 กล้าที่จะไปสอนชาวบ้าน แต่ไม่กล้าที่จะขอโทษ วงวาร", "date": "20-02-2019 11:12", "retweet": 59, "like": 11}, {"id": "1097935555508109313", "url": "https://twitter.com/bankban79426738/status/1097935555508109313", "username": "", "text": "ปกติเป็นเกย์ที่ไม่ดูซีรี่วาย วันนี้หาอะไรดู ติดเลยจร้าาาาา5555 ปล.เราว่ากัปตันต้องเป็นโรสที่แปลงร่างเป็นชายมา สลับกับของเจมส์ที่จากหญิงเป็นชาย #GreatMenAcadamy", "date": "20-02-2019 02:06", "retweet": 0, "like": 1}, {"id": "1097848621154807809", "url": "https://twitter.com/bankban79426738/status/1097848621154807809", "username": "", "text": "ลุงคาร์ล ดีไซเนอร์ระดับตำนาน แบรนด์ชาแนลและเฟนดี เสียชีวิตแล้ว ช้อคโลกวงการแฟชั่นที่แท้จริง pic.twitter.com/1QWPnAP0sd", "date": "19-02-2019 20:21", "retweet": 0, "like": 0}, {"id": "1097711865520578562", "url": "https://twitter.com/bankban79426738/status/1097711865520578562", "username": "", "text": "ถ้าไม่รู้จะเอาใครแล้วจริงๆ เอาชีเตริด มาซะยังดีกว่าคับ", "date": "19-02-2019 11:17", "retweet": 0, "like": 2}, {"id": "1097694224894455808", "url": "https://twitter.com/bankban79426738/status/1097694224894455808", "username": "", "text": "เหี้ยตั้งแต่พ่อยันลูก #หนักเเผ่นดิน", "date": "19-02-2019 10:07", "retweet": 0, "like": 2}, {"id": "1097453596809977856", "url": "https://twitter.com/bankban79426738/status/1097453596809977856", "username": "", "text": "#NewProfilePic pic.twitter.com/myqRB9Ijhm", "date": "18-02-2019 18:11", "retweet": 0, "like": 2}]