[{"id": "1099001611232305152", "url": "https://twitter.com/beambieber/status/1099001611232305152", "username": "", "text": "ง่อวววววววว", "date": "23-02-2019 00:42", "retweet": 0, "like": 0}, {"id": "1099001444093517824", "url": "https://twitter.com/beambieber/status/1099001444093517824", "username": "", "text": "#เลือกตั้ง62 ​ ตอนนี้เห็นแค่นโยบายแจกเงิน​ๆๆๆๆ เบื่อแล้วอ่ะ​ อยากเห็นพรรคการเมืองพูดเรื่องสิ่งแวดล้อมบ้าง หรือมีแล้ว? ชี้เป้าหน่อยครับบบบ", "date": "23-02-2019 00:42", "retweet": 1, "like": 0}, {"id": "1098218047481962496", "url": "https://twitter.com/beambieber/status/1098218047481962496", "username": "", "text": "Slave life 24hr", "date": "20-02-2019 20:49", "retweet": 0, "like": 0}, {"id": "1098193288757039105", "url": "https://twitter.com/beambieber/status/1098193288757039105", "username": "", "text": "@rihanna happy birthday queen", "date": "20-02-2019 19:10", "retweet": 0, "like": 0}, {"id": "1098193029570035712", "url": "https://twitter.com/beambieber/status/1098193029570035712", "username": "", "text": "Goodbye my young ages.. And welcome to adulthood", "date": "20-02-2019 19:09", "retweet": 0, "like": 0}, {"id": "1098188514833850370", "url": "https://twitter.com/beambieber/status/1098188514833850370", "username": "", "text": "It's my fk birthday.. I'm not feeling 22 anymore lol", "date": "20-02-2019 18:51", "retweet": 0, "like": 1}, {"id": "1097920868271808512", "url": "https://twitter.com/beambieber/status/1097920868271808512", "username": "", "text": "@Twankuyper happy birthday twan Actually it's my birthday too so happy birthday @beambieber", "date": "20-02-2019 01:08", "retweet": 0, "like": 0}]