[{"id": "1098721896583970816", "url": "https://twitter.com/beambewa/status/1098721896583970816", "username": "", "text": "ถ้าทันก็คือมึงต้องบ้านข้างๆกุแล้วนะจุดนี้", "date": "22-02-2019 06:11", "retweet": 0, "like": 0}, {"id": "1098652385050689536", "url": "https://twitter.com/beambewa/status/1098652385050689536", "username": "", "text": "กุว่ามั่ยรอด", "date": "22-02-2019 01:35", "retweet": 0, "like": 0}, {"id": "1098652305182777344", "url": "https://twitter.com/beambewa/status/1098652305182777344", "username": "", "text": "พนตื่นเช้ากว่าทุกวันนี้ วันนี้ก็นอนดึกกว่าทุกวัน", "date": "22-02-2019 01:34", "retweet": 0, "like": 0}, {"id": "1098640681633906688", "url": "https://twitter.com/beambewa/status/1098640681633906688", "username": "", "text": "เลาแค่จะส่งงานนนน มันเยอะเฉยๆง่า", "date": "22-02-2019 00:48", "retweet": 0, "like": 0}, {"id": "1098634555311833088", "url": "https://twitter.com/beambewa/status/1098634555311833088", "username": "", "text": "เอ้า555555 pic.twitter.com/Pzt4Z1TzpX", "date": "22-02-2019 00:24", "retweet": 0, "like": 0}, {"id": "1098472739986276352", "url": "https://twitter.com/beambewa/status/1098472739986276352", "username": "", "text": "กุเอง", "date": "21-02-2019 13:41", "retweet": 0, "like": 0}, {"id": "1098472702086602752", "url": "https://twitter.com/beambewa/status/1098472702086602752", "username": "", "text": "ทำงานสองวัน ขกเหมือนทำมาทั้งอาทิต", "date": "21-02-2019 13:41", "retweet": 0, "like": 0}, {"id": "1098168918466674689", "url": "https://twitter.com/beambewa/status/1098168918466674689", "username": "", "text": "ทำไมไข่เค้มเผ็ดวะ", "date": "20-02-2019 17:34", "retweet": 0, "like": 0}, {"id": "1098061514655715328", "url": "https://twitter.com/beambewa/status/1098061514655715328", "username": "", "text": "ไม่คบนะ เชอะ", "date": "20-02-2019 10:27", "retweet": 0, "like": 0}, {"id": "1098060807521222656", "url": "https://twitter.com/beambewa/status/1098060807521222656", "username": "", "text": "ดีแล้ว เพราะจะได้ผ่อนน้อย", "date": "20-02-2019 10:24", "retweet": 0, "like": 0}, {"id": "1098060744657068033", "url": "https://twitter.com/beambewa/status/1098060744657068033", "username": "", "text": "ซื้อสลก.รอเรย", "date": "20-02-2019 10:24", "retweet": 0, "like": 0}, {"id": "1098059203766185984", "url": "https://twitter.com/beambewa/status/1098059203766185984", "username": "", "text": "พนต้องยูซอนโฮแล้วมั้ย", "date": "20-02-2019 10:18", "retweet": 0, "like": 0}, {"id": "1098058935435546626", "url": "https://twitter.com/beambewa/status/1098058935435546626", "username": "", "text": "ฮึบบบบบบ", "date": "20-02-2019 10:17", "retweet": 0, "like": 0}, {"id": "1098030570787942401", "url": "https://twitter.com/beambewa/status/1098030570787942401", "username": "", "text": "ผลจากการหยุดหลายวัน อยากลาออกละนอนเฉยๆแน้ว", "date": "20-02-2019 08:24", "retweet": 0, "like": 0}, {"id": "1097520777669140480", "url": "https://twitter.com/beambewa/status/1097520777669140480", "username": "", "text": "ไม่กล้ารีของแจกเลยกุ พี่รักทุกคนไม่ได่หรอ คนหล่อเยอะนะ ทำไมพี่จำต้องชอบวงเดียว แง้", "date": "18-02-2019 22:38", "retweet": 0, "like": 0}, {"id": "1097481287378452480", "url": "https://twitter.com/beambewa/status/1097481287378452480", "username": "", "text": "ใครว่าไมตี้พี่จะฟาดหั้ย pic.twitter.com/4yxo4Nv2SV", "date": "18-02-2019 20:01", "retweet": 0, "like": 0}, {"id": "1097470704100888579", "url": "https://twitter.com/beambewa/status/1097470704100888579", "username": "", "text": "ตัดเพื่อน", "date": "18-02-2019 19:19", "retweet": 0, "like": 0}, {"id": "1097470440010739712", "url": "https://twitter.com/beambewa/status/1097470440010739712", "username": "", "text": "แฟนมาก", "date": "18-02-2019 19:18", "retweet": 0, "like": 0}, {"id": "1097406681997205505", "url": "https://twitter.com/beambewa/status/1097406681997205505", "username": "", "text": "นอนที่บอเลย5555", "date": "18-02-2019 15:05", "retweet": 0, "like": 0}, {"id": "1097406564401463296", "url": "https://twitter.com/beambewa/status/1097406564401463296", "username": "", "text": "เปงแฟนควันลินนนนน pic.twitter.com/yACVteSbpe", "date": "18-02-2019 15:04", "retweet": 0, "like": 0}, {"id": "1097406023625633793", "url": "https://twitter.com/beambewa/status/1097406023625633793", "username": "", "text": "ไม่เป็นอันทำอะไรแดกยาก็ตาบวมอัยควัย", "date": "18-02-2019 15:02", "retweet": 0, "like": 0}, {"id": "1097303776384376832", "url": "https://twitter.com/beambewa/status/1097303776384376832", "username": "", "text": "ไม่น่าห้าวนอนดึกเลยกุ", "date": "18-02-2019 08:16", "retweet": 0, "like": 0}]