[{"id": "1099170295414325248", "url": "https://twitter.com/Bee76707397/status/1099170295414325248", "username": "", "text": "อยากเล่นด้วยจัง", "date": "23-02-2019 11:53", "retweet": 0, "like": 0}, {"id": "1098952940700618753", "url": "https://twitter.com/Bee76707397/status/1098952940700618753", "username": "", "text": "ปากแดงอีกนิดนิใช่เลย555", "date": "22-02-2019 21:29", "retweet": 0, "like": 0}, {"id": "1098925318268608512", "url": "https://twitter.com/Bee76707397/status/1098925318268608512", "username": "", "text": "แฝดมากจ้ะพ่ออออ #ออฟกัน pic.twitter.com/4UQqON0mv0", "date": "22-02-2019 19:39", "retweet": 4, "like": 8}, {"id": "1098915647839326208", "url": "https://twitter.com/Bee76707397/status/1098915647839326208", "username": "", "text": "คงต้องหาอาชีพใหม่รอแล้วแหละ งานชิปคงต้องพักล้ะ555", "date": "22-02-2019 19:01", "retweet": 0, "like": 1}, {"id": "1098914250758676481", "url": "https://twitter.com/Bee76707397/status/1098914250758676481", "username": "", "text": "อื้มจร้าาาาา อวดลูกคนใหม่5555 ชื่อไรนร้า ( ออฟ+กัน = อันอัน..มั้ง วงเล็กซ้อนวงเล็ก ไอ่เราก็ชิปไปเรื่อย 55 ) #ออฟกัน pic.twitter.com/L6eY5CL03a", "date": "22-02-2019 18:55", "retweet": 13, "like": 24}, {"id": "1098913796712587264", "url": "https://twitter.com/Bee76707397/status/1098913796712587264", "username": "", "text": "ออฟ+กัน อันอันก็ดีนะพี่555", "date": "22-02-2019 18:54", "retweet": 0, "like": 0}, {"id": "1098910592415354880", "url": "https://twitter.com/Bee76707397/status/1098910592415354880", "username": "", "text": "อย่ายุ้งเมียข้าาาา55555 #ออฟกัน https:// twitter.com/GGGift_K/statu s/1098883589951737857 …", "date": "22-02-2019 18:41", "retweet": 2, "like": 2}, {"id": "1098909809833734145", "url": "https://twitter.com/Bee76707397/status/1098909809833734145", "username": "", "text": "รูปแรกนิยอมพ่อเลยอ่ะ คูลเวอร์555 #ออฟกัน https:// twitter.com/only_OffGun/st atus/1098876346804006913 …", "date": "22-02-2019 18:38", "retweet": 4, "like": 5}, {"id": "1098902527960002560", "url": "https://twitter.com/Bee76707397/status/1098902527960002560", "username": "", "text": "เก่งจังค่ะที่โกงเราได้ เด็กแปดขวบดูไม่ออกเลย รับรางวัลไปเลยจร้า #savethanatorn", "date": "22-02-2019 18:09", "retweet": 1, "like": 1}, {"id": "1098772508017225728", "url": "https://twitter.com/Bee76707397/status/1098772508017225728", "username": "", "text": "เนี่ยเรากำลังดูรักหลับออฟกันอยู่ อยู่ดีๆเพื่อนมาถาม (ผช) \"คนไหนออฟ คนไหนกัน \" เราก็ชี้ให้มันดูนะ แล้วมันก็นั่งดูกับเราแล้วพูดว่า \"อ้อ เป็นแฟนกัน สรุปกูว่าเป็นแฟนกันแน่\" ไอ่เราก็ตกใจว่ามันดูออกได้ไง \"อาแผ่กูเป็น ผช สนิทกันแค่ไหนก็ไม่กล้าหยอกมุกใส่เพื่อนหรอก \" อื้มจร้า #ออฟกัน", "date": "22-02-2019 09:32", "retweet": 6, "like": 10}, {"id": "1098607436263497728", "url": "https://twitter.com/Bee76707397/status/1098607436263497728", "username": "", "text": "เป็นไปด้ายยยยย!!! รูปเดี๋ยว หวีดได้ทั้งคืนอ่ะ รีไปรีมา รีมาแล้วก็รีไป ทั้งๆที่มีแค่รูปเดี๋ยว #ปิ๊กโรม", "date": "21-02-2019 22:36", "retweet": 2, "like": 3}, {"id": "1098602972702035971", "url": "https://twitter.com/Bee76707397/status/1098602972702035971", "username": "", "text": "\"หรอจ้ะ\" อ่อนโยนเหลือนเกิน #ออฟกัน https:// twitter.com/off_tumcial/st atus/711510018147819520 …", "date": "21-02-2019 22:18", "retweet": 0, "like": 0}, {"id": "1098600429779329026", "url": "https://twitter.com/Bee76707397/status/1098600429779329026", "username": "", "text": "55555 เก๊าขอโทดดด", "date": "21-02-2019 22:08", "retweet": 0, "like": 1}, {"id": "1098598695296208898", "url": "https://twitter.com/Bee76707397/status/1098598695296208898", "username": "", "text": "ไม่ใช่พยายามค่ะ แต่ห้ามคิดอีก คิดมากแก่เร็วน่ะพี่5555 ล้อเล่นนร้า><", "date": "21-02-2019 22:01", "retweet": 0, "like": 1}, {"id": "1098597673127550979", "url": "https://twitter.com/Bee76707397/status/1098597673127550979", "username": "", "text": "เออจริง แต่ก็คิดถึงอยู่ดีอ่ะ 555 #ปิ๊กโรม https:// twitter.com/pykstt/status/ 1098589800456642561 …", "date": "21-02-2019 21:57", "retweet": 3, "like": 0}, {"id": "1098596873189888000", "url": "https://twitter.com/Bee76707397/status/1098596873189888000", "username": "", "text": "เป็นอีกฉากที่ชอบ 555 #ปิ๊กโรม https:// twitter.com/only_OffGun/st atus/1098595245850329088 …", "date": "21-02-2019 21:54", "retweet": 2, "like": 1}, {"id": "1098596675017498625", "url": "https://twitter.com/Bee76707397/status/1098596675017498625", "username": "", "text": "แค่เห็นรูปเดี๋ยวก็ฟินแล้วอ่ะ #ปิ๊กโรม https:// twitter.com/NnNirin/status /1098595094180040705 …", "date": "21-02-2019 21:53", "retweet": 2, "like": 15}, {"id": "1098596438156763149", "url": "https://twitter.com/Bee76707397/status/1098596438156763149", "username": "", "text": "คิดถึงมาก55555 #ปิ๊กโรม https:// twitter.com/Melody___K/sta tus/1098585896457097216 …", "date": "21-02-2019 21:52", "retweet": 2, "like": 1}, {"id": "1098595669860859907", "url": "https://twitter.com/Bee76707397/status/1098595669860859907", "username": "", "text": "สายตาเปลี่ยนไปก็จริง ประเด็นอยู่ที่มือ มืออ่ะพี่ปิ๊ก มือ!!!!!! #ปิ๊กโรม #ออฟกัน pic.twitter.com/1riQQoIZox", "date": "21-02-2019 21:49", "retweet": 14, "like": 17}, {"id": "1098568859089436673", "url": "https://twitter.com/Bee76707397/status/1098568859089436673", "username": "", "text": "รอเลยค่ะ #ปิ๊กโรม", "date": "21-02-2019 20:03", "retweet": 0, "like": 0}, {"id": "1098558395521544193", "url": "https://twitter.com/Bee76707397/status/1098558395521544193", "username": "", "text": "ร้ายมากพ่อเรา55555 #ออฟกัน https:// twitter.com/aorasa4/status /1098268227631644672 …", "date": "21-02-2019 19:21", "retweet": 2, "like": 5}, {"id": "1098556736892370944", "url": "https://twitter.com/Bee76707397/status/1098556736892370944", "username": "", "text": "คิดงี้ไม่ดีเลยนะค่ะ นี้มันทวิตเรา เราจะลงอะไรก็ได้ ไม่แย่เลยค่ะ อย่าคิดแบบนี้อีกนะค่ะ มันไม่น่ารัก", "date": "21-02-2019 19:15", "retweet": 0, "like": 1}, {"id": "1098541841085956097", "url": "https://twitter.com/Bee76707397/status/1098541841085956097", "username": "", "text": "พ่อก็จะเซ็กซี่หน่อยๆ #ออฟกัน https:// twitter.com/Kaetsarinsukkh 1/status/1098474775695904768 …", "date": "21-02-2019 18:15", "retweet": 0, "like": 4}, {"id": "1098517971842945024", "url": "https://twitter.com/Bee76707397/status/1098517971842945024", "username": "", "text": "ไม่ได้อ่อยจร้า5555 #ออฟกัน https:// twitter.com/Kaetsarinsukkh 1/status/1098444566464589824 …", "date": "21-02-2019 16:41", "retweet": 3, "like": 2}, {"id": "1098373815078313984", "url": "https://twitter.com/Bee76707397/status/1098373815078313984", "username": "", "text": "จุมทนไม่ไหวแล้ว ทนไม่ไหวจริงๆ55 #ออฟกัน https:// twitter.com/tasai_mean/sta tus/1098289443612483587 …", "date": "21-02-2019 07:08", "retweet": 5, "like": 8}, {"id": "1098372840825352193", "url": "https://twitter.com/Bee76707397/status/1098372840825352193", "username": "", "text": "โดนใช่ป่ะ ^0^ #ออฟกัน https:// twitter.com/tasai_mean/sta tus/1098279115688271872 …", "date": "21-02-2019 07:04", "retweet": 3, "like": 5}, {"id": "1098372183028461569", "url": "https://twitter.com/Bee76707397/status/1098372183028461569", "username": "", "text": "พี่ออฟเปลี่ยนไปมาก คือมาไกลจริงค่ะ เมื่อก่อนน้อยมากที่จะได้เห็นงานของพี่ออฟ", "date": "21-02-2019 07:01", "retweet": 0, "like": 1}, {"id": "1098355964812713985", "url": "https://twitter.com/Bee76707397/status/1098355964812713985", "username": "", "text": "มากกว่าคำขอบคุนก็ นี้แหละ #ออฟกัน https:// twitter.com/off_tumcial/st atus/1098279674004688897 …", "date": "21-02-2019 05:57", "retweet": 0, "like": 4}, {"id": "1098348441518800896", "url": "https://twitter.com/Bee76707397/status/1098348441518800896", "username": "", "text": "ตกใจพอๆกับเจ้าของเสียง5555 #ออฟกัน https:// twitter.com/BL_yyyy/status /1098303192356421632 …", "date": "21-02-2019 05:27", "retweet": 6, "like": 10}, {"id": "1098243092107292672", "url": "https://twitter.com/Bee76707397/status/1098243092107292672", "username": "", "text": "", "date": "20-02-2019 22:28", "retweet": 0, "like": 0}, {"id": "1098242661327097861", "url": "https://twitter.com/Bee76707397/status/1098242661327097861", "username": "", "text": "\"กลัวน้องหาย แกไม่เคยไง ไปไหนก็เดินจับมือ ไม่ทิ้งระยะห่าง แบบคอยมองน้องเวลาน้องทำอะไร ตรงไหนกับใคร แบบนี้อ่ะ \" #ออฟกัน https:// twitter.com/Ann_jrp/status /1098216321219624960 …", "date": "20-02-2019 22:27", "retweet": 1, "like": 2}, {"id": "1098241539073949697", "url": "https://twitter.com/Bee76707397/status/1098241539073949697", "username": "", "text": "ไปอ่านหนังสือ ไป๊ !!! เปิดหนังสือแทบไม่ทัน5555 #ออฟกัน https:// twitter.com/PloyOffgun/sta tus/1098235156534448134 …", "date": "20-02-2019 22:22", "retweet": 2, "like": 4}, {"id": "1098238253113630720", "url": "https://twitter.com/Bee76707397/status/1098238253113630720", "username": "", "text": "เวลาป่าปี๊เกรี๊ยวกราดนิเป็นอะไรที่บ่งบอกถึงความเสมอต้นเสมอปลายของเขาอ่ะ แต่ใช้ไม่ได้กับคนข้างๆเขานะ เพราะกับคนนั้นเขาอ่อนโยนเหลือเกิน . #OishiSummer2019XOG #ออฟกัน", "date": "20-02-2019 22:09", "retweet": 13, "like": 15}, {"id": "1098235561695821825", "url": "https://twitter.com/Bee76707397/status/1098235561695821825", "username": "", "text": "ถ้าธนาธรติดคุกจริง หนูท้อเลยนะ แบบเสียความรู้สึก แม่งกูจะได้เลือกตั้งครั้งแรกเมื่อไรว่ะ ประชาธิปไตยนิมีจริงป่ะ ...จะเป็นนายกอีกนานมั้ย จะรัฐประหารอีกป่าว #Savethanathorn", "date": "20-02-2019 21:58", "retweet": 4, "like": 4}, {"id": "1098229290502545408", "url": "https://twitter.com/Bee76707397/status/1098229290502545408", "username": "", "text": "ตรงนี้เลยได้มั้ย5555 หล่อเวอร์ #OishiSummer2019XOG https:// twitter.com/Kaetsarinsukkh 1/status/1098188059386859520 …", "date": "20-02-2019 21:34", "retweet": 4, "like": 3}, {"id": "1098228943994273793", "url": "https://twitter.com/Bee76707397/status/1098228943994273793", "username": "", "text": "ยาวไปๆ 555 #OishiSummer2019XOG https:// twitter.com/Kanyarat1945/s tatus/1098206144525291520 …", "date": "20-02-2019 21:32", "retweet": 1, "like": 0}, {"id": "1098228182749073408", "url": "https://twitter.com/Bee76707397/status/1098228182749073408", "username": "", "text": "น้องกันจะมีความสุขอะไรขนาดนั้น555 #OishiSummer2019XOG https:// twitter.com/worrz/status/1 098225550001299456 …", "date": "20-02-2019 21:29", "retweet": 1, "like": 0}, {"id": "1098227589712244736", "url": "https://twitter.com/Bee76707397/status/1098227589712244736", "username": "", "text": "วันนี้มุมไหนๆก็ดูดีไปหมด #OishiSummer2019XOG https:// twitter.com/jerJeam/status /1098183934112804865 …", "date": "20-02-2019 21:27", "retweet": 1, "like": 0}, {"id": "1098227443679162368", "url": "https://twitter.com/Bee76707397/status/1098227443679162368", "username": "", "text": "อย่าเพิ่งนะ #OishiSummer2019XOG https:// twitter.com/nannan_arisaa/ status/1098225877651845120 …", "date": "20-02-2019 21:26", "retweet": 0, "like": 1}, {"id": "1098226701560012800", "url": "https://twitter.com/Bee76707397/status/1098226701560012800", "username": "", "text": "ปามาเลยจร้า พร้อมเสพโมเม้น55 #OishiSummer2019XOG https:// twitter.com/Hey_i_amNamtal /status/1098214250953076736 …", "date": "20-02-2019 21:23", "retweet": 1, "like": 1}, {"id": "1098226332771672065", "url": "https://twitter.com/Bee76707397/status/1098226332771672065", "username": "", "text": "แค่นี้ทีมหน้าจอก็ตายล้ะ ไม่อยากนึกถึง #เบบี๋ หน้างานเลยอ่ะ #OishiSummer2019XOG https:// twitter.com/Namkang2525/st atus/1098222265563459585 …", "date": "20-02-2019 21:22", "retweet": 1, "like": 0}, {"id": "1098225881820983297", "url": "https://twitter.com/Bee76707397/status/1098225881820983297", "username": "", "text": "100k ก็ได้นร้า555 #OishiSummer2019XOG https:// twitter.com/nannan_arisaa/ status/1098222247615971328 …", "date": "20-02-2019 21:20", "retweet": 6, "like": 0}, {"id": "1098225610709643264", "url": "https://twitter.com/Bee76707397/status/1098225610709643264", "username": "", "text": "เหมือนป้ายรู้งานอ่ะ #OishiSummer2019XOG https:// twitter.com/itsweniin/stat us/1098215031987044352 …", "date": "20-02-2019 21:19", "retweet": 1, "like": 0}, {"id": "1098225359860822016", "url": "https://twitter.com/Bee76707397/status/1098225359860822016", "username": "", "text": "คนสำคัญ ก็ต้องอยู่ในทุกโมเม้นอ่ะเนอะ555 #OishiSummer2019XOG https:// twitter.com/nannan_arisaa/ status/1098223419621920768 …", "date": "20-02-2019 21:18", "retweet": 3, "like": 1}, {"id": "1098224971925442561", "url": "https://twitter.com/Bee76707397/status/1098224971925442561", "username": "", "text": "พลีสสสสสสส ปามารัวๆเลยจร้า #OishiSummer2019XOG https:// twitter.com/Mookky478/stat us/1098223191812685824 …", "date": "20-02-2019 21:16", "retweet": 1, "like": 0}, {"id": "1098224476552974337", "url": "https://twitter.com/Bee76707397/status/1098224476552974337", "username": "", "text": "อื้มจร้าาา #OishiSummer2019XOG https:// twitter.com/ej_enjoy/statu s/1098208206692573185 …", "date": "20-02-2019 21:14", "retweet": 7, "like": 5}, {"id": "1098224169232195584", "url": "https://twitter.com/Bee76707397/status/1098224169232195584", "username": "", "text": "ดีงามมากมาก #OishiSummer2019XOG https:// twitter.com/Offgun_2004/st atus/1098223201547517952 …", "date": "20-02-2019 21:13", "retweet": 0, "like": 2}, {"id": "1098223941208788993", "url": "https://twitter.com/Bee76707397/status/1098223941208788993", "username": "", "text": "เรามีกันและกัน~~ #OishiSummer2019XOG https:// twitter.com/Yimgrimnew/sta tus/1098223028696055808 …", "date": "20-02-2019 21:12", "retweet": 2, "like": 1}, {"id": "1098222779084660736", "url": "https://twitter.com/Bee76707397/status/1098222779084660736", "username": "", "text": "อาแปะอยู่ไหน พ่อหนุ่มหน้าหวานก็อยู่นั้น มั้ง555 #OishiSummer2019XOG https:// twitter.com/Or_SoBlue/stat us/1098215116972077057 …", "date": "20-02-2019 21:08", "retweet": 9, "like": 2}, {"id": "1098222329643945985", "url": "https://twitter.com/Bee76707397/status/1098222329643945985", "username": "", "text": "ไปด้วยกัน~ ติดไปอีกจร้า #OishiSummer2019XOG https:// twitter.com/Kaetsarinsukkh 1/status/1098212663765520384 …", "date": "20-02-2019 21:06", "retweet": 8, "like": 7}, {"id": "1098221927213060096", "url": "https://twitter.com/Bee76707397/status/1098221927213060096", "username": "", "text": "#เบบี๋ หน้างานเยอะแบบนี้ เราก็ดีใจ #OishiSummer2019XOG https:// twitter.com/Nutiiz_Win/sta tus/1098211919981207552 …", "date": "20-02-2019 21:04", "retweet": 6, "like": 2}, {"id": "1098221760212660224", "url": "https://twitter.com/Bee76707397/status/1098221760212660224", "username": "", "text": "ซื้อกันยัง รีบๆนร้า #OishiSummer2019XOG https:// twitter.com/Bokie_vichuda/ status/1098206156567195650 …", "date": "20-02-2019 21:04", "retweet": 2, "like": 1}, {"id": "1098221611235209219", "url": "https://twitter.com/Bee76707397/status/1098221611235209219", "username": "", "text": "ใกล้กันอีกล้าววว ตัวติดตลอดเลย #OishiSummer2019XOG https:// twitter.com/Yimgrimnew/sta tus/1098204601382199298 …", "date": "20-02-2019 21:03", "retweet": 3, "like": 2}, {"id": "1098221349930074112", "url": "https://twitter.com/Bee76707397/status/1098221349930074112", "username": "", "text": "เยอะจริง #OishiSummer2019XOG https:// twitter.com/myprince_offgu n/status/1098208199050592256 …", "date": "20-02-2019 21:02", "retweet": 2, "like": 1}, {"id": "1098221179179917313", "url": "https://twitter.com/Bee76707397/status/1098221179179917313", "username": "", "text": "เทรนด์ต่อได้ 555 #OishiSummer2019XOG https:// twitter.com/Melody___K/sta tus/1098206225009803266 …", "date": "20-02-2019 21:01", "retweet": 4, "like": 1}, {"id": "1098221018785533952", "url": "https://twitter.com/Bee76707397/status/1098221018785533952", "username": "", "text": "ทุกคนกลายเป็นอากาศอีกล้าวววว #ออฟกัน https:// twitter.com/ej_enjoy/statu s/1098209287359217664 …", "date": "20-02-2019 21:01", "retweet": 1, "like": 1}, {"id": "1098177443607674881", "url": "https://twitter.com/Bee76707397/status/1098177443607674881", "username": "", "text": "อ่อนระทวยยยยยยยยยย #โออิชิรถสุดฮิพทริปสุดโอxoffgun #กันอรรถพันธ์น่ารักกว่าที่คิด https:// twitter.com/WWAENG/status/ 1098171414828339200 …", "date": "20-02-2019 18:08", "retweet": 2, "like": 2}, {"id": "1098173829271085056", "url": "https://twitter.com/Bee76707397/status/1098173829271085056", "username": "", "text": "งืออออ หนุ่มหน้าหวานก็น่ารักไม่แพ้อาแปะของเขาเลย #โออิชิรถสุดฮิพทริปสุดโอxoffgun #กันอรรถพันธ์น่ารักกว่าที่คิด https:// twitter.com/tasai_mean/sta tus/1098172915894218754 …", "date": "20-02-2019 17:53", "retweet": 1, "like": 5}, {"id": "1098171455664140288", "url": "https://twitter.com/Bee76707397/status/1098171455664140288", "username": "", "text": "คู่ชีวิต #โออิชิรถสุดฮิพทริปสุดโอ #ออฟกัน https:// twitter.com/Kaetsarinsukkh 1/status/1098170613229805568 …", "date": "20-02-2019 17:44", "retweet": 3, "like": 8}, {"id": "1098169295454953474", "url": "https://twitter.com/Bee76707397/status/1098169295454953474", "username": "", "text": "เลือกไม่ถูกเลย โมเม้นก็น่าเสพ เสื้อก็ก็น่าดู 555 #ออฟกัน https:// twitter.com/stdiaryy/statu s/1098118258027225089 …", "date": "20-02-2019 17:35", "retweet": 7, "like": 8}, {"id": "1098166559481032704", "url": "https://twitter.com/Bee76707397/status/1098166559481032704", "username": "", "text": "5555 เมื่อก่อนพี่กันกลัวป่าปี๊ เดวนี้เป็นป่าปี๊ที่กลัวพี่กันหาย", "date": "20-02-2019 17:24", "retweet": 0, "like": 0}, {"id": "1098162344553721856", "url": "https://twitter.com/Bee76707397/status/1098162344553721856", "username": "", "text": "สามคำสั้นๆ \"เห็นแก่ตัว \"", "date": "20-02-2019 17:08", "retweet": 0, "like": 8}, {"id": "1098161293830250496", "url": "https://twitter.com/Bee76707397/status/1098161293830250496", "username": "", "text": "งือออออ ขอเติมเลือดหน่อยค่ะ 555 #โออิชิรถสุดฮิพทริปสุดโอ #ป่าปี๊จะหล่ออะไรขนาดนั้น https:// twitter.com/Kaetsarinsukkh 1/status/1098158700244611072 …", "date": "20-02-2019 17:03", "retweet": 2, "like": 3}, {"id": "1098159466954993664", "url": "https://twitter.com/Bee76707397/status/1098159466954993664", "username": "", "text": "จร้า กลัวหายมากมั้ง 5555 #ออฟกัน #โพก้า https:// twitter.com/Aomin77301657/ status/1098114921387028480 …", "date": "20-02-2019 16:56", "retweet": 1, "like": 1}, {"id": "1098158235687645185", "url": "https://twitter.com/Bee76707397/status/1098158235687645185", "username": "", "text": "วันนี้หล่อจริงแม่ ยอมเลย555", "date": "20-02-2019 16:51", "retweet": 0, "like": 0}, {"id": "1098157750775738368", "url": "https://twitter.com/Bee76707397/status/1098157750775738368", "username": "", "text": "บ้าไปแล้วอ่ะ หยุดเซฟรูปป่าปี๊ไม่ได้ ถ้าวันนี้จะหล่อนขนาดนี้เนี่ยนะ #ออฟกัน", "date": "20-02-2019 16:49", "retweet": 1, "like": 6}, {"id": "1098156715877355522", "url": "https://twitter.com/Bee76707397/status/1098156715877355522", "username": "", "text": "งานนี้ไม่มีห่าง555555 #โออิชิรถสุดฮิพทริปสุดโอ https:// twitter.com/PS23301931/sta tus/1098117155801845760 …", "date": "20-02-2019 16:45", "retweet": 1, "like": 1}, {"id": "1098156172782100480", "url": "https://twitter.com/Bee76707397/status/1098156172782100480", "username": "", "text": "งืออออ คูลเฟอร์ #โออิชิรถสุดฮิพทริปสุดโอ #ออฟกัน https:// twitter.com/nupui1992/stat us/1098114431173574656 …", "date": "20-02-2019 16:43", "retweet": 6, "like": 5}, {"id": "1098105269823799296", "url": "https://twitter.com/Bee76707397/status/1098105269823799296", "username": "", "text": "เสื้อน้องขาวจัง ×~× #ออฟกัน https:// twitter.com/nannan_arisaa/ status/1098088224331722752 …", "date": "20-02-2019 13:21", "retweet": 1, "like": 1}, {"id": "1098104571937808384", "url": "https://twitter.com/Bee76707397/status/1098104571937808384", "username": "", "text": "พ่อหนุ่มหน้าหวานของอาแปะ #ออฟกัน https:// twitter.com/AtthaphanP/sta tus/1098100701769564166 …", "date": "20-02-2019 13:18", "retweet": 1, "like": 3}, {"id": "1098103802794655746", "url": "https://twitter.com/Bee76707397/status/1098103802794655746", "username": "", "text": "หล่อเลือดพุ่งเลยอ่ะพ่อ งือออออ #โออิชิรถสุดฮิพทริปสุดโอ #ออฟกัน https:// twitter.com/batman_lovesic k/status/1098081430633013248 …", "date": "20-02-2019 13:15", "retweet": 2, "like": 4}, {"id": "1098073867308810240", "url": "https://twitter.com/Bee76707397/status/1098073867308810240", "username": "", "text": "ใครจะกล้าลืมล่ะพ่อ #OishiSummer2019 #ออฟกัน https:// twitter.com/off_tumcial/st atus/1098070526122029057 …", "date": "20-02-2019 11:16", "retweet": 30, "like": 121}, {"id": "1098037160404373504", "url": "https://twitter.com/Bee76707397/status/1098037160404373504", "username": "", "text": "สู้ๆนะป่าปี๊ ทีมหน้าจอมารอแล้วจร้า 555", "date": "20-02-2019 08:50", "retweet": 0, "like": 1}, {"id": "1098009541558513664", "url": "https://twitter.com/Bee76707397/status/1098009541558513664", "username": "", "text": "สงสัยไปขอคำแนะนำจากคนกลัวเสียฟอร์มเหมือนกัน555", "date": "20-02-2019 07:00", "retweet": 0, "like": 0}, {"id": "1097880188510121987", "url": "https://twitter.com/Bee76707397/status/1097880188510121987", "username": "", "text": "", "date": "19-02-2019 22:26", "retweet": 0, "like": 0}, {"id": "1097879666960945154", "url": "https://twitter.com/Bee76707397/status/1097879666960945154", "username": "", "text": "ก็ใช้ได้5555555", "date": "19-02-2019 22:24", "retweet": 0, "like": 0}, {"id": "1097874616146485249", "url": "https://twitter.com/Bee76707397/status/1097874616146485249", "username": "", "text": "ถ้าเหนื่อยก็นั่งเสพโมเม้นออฟกันได้นะค่ะ อาจไม่หาย 100% แต่มันก็ช่วยได้มากเลย หนูเคยลองแล้ว55555", "date": "19-02-2019 22:04", "retweet": 0, "like": 0}, {"id": "1097872174872817667", "url": "https://twitter.com/Bee76707397/status/1097872174872817667", "username": "", "text": "วันนี้แม่งโครตดีวันหนึ่งอ่ะ พ่อหนุ่มหน้าหวานซื้อรถใหม่ชื่อเบบี๋ไปช๊อปกับอาแปะของเขา มีโมเม้นให้ #เบบี๋ ได้ชิป แถมยังไปกินข้าวด้วยกันยาวไปถึงกลับบ้านพร้อมกับ...เบบี๋ (ไม่รู้อาแปะกลับด้วยป่าว) #ออฟกัน", "date": "19-02-2019 21:54", "retweet": 14, "like": 22}, {"id": "1097855694739390465", "url": "https://twitter.com/Bee76707397/status/1097855694739390465", "username": "", "text": "= ? สมองตูประมวลผลไม่ทันแล้ววันนี้ พ่อหนุ่มหน้าหวานกับอาแปะของเขาทำเอาด้อมเราอ่อนแรงเหมือโดนดูดพลังหมดเลย #ออฟกัน pic.twitter.com/WbgLO5UrEE", "date": "19-02-2019 20:49", "retweet": 11, "like": 19}, {"id": "1097852463338598401", "url": "https://twitter.com/Bee76707397/status/1097852463338598401", "username": "", "text": "เลิกชิปเถอะคนดี พรรคนี้เขาเปิดตัวแล้ว . #ออฟกัน", "date": "19-02-2019 20:36", "retweet": 3, "like": 9}, {"id": "1097848592318922754", "url": "https://twitter.com/Bee76707397/status/1097848592318922754", "username": "", "text": "อย่าคิดมากสิค่ะ เป็นกำลังใจให้สู้ๆนะค่ะ", "date": "19-02-2019 20:21", "retweet": 0, "like": 0}, {"id": "1097845542397169665", "url": "https://twitter.com/Bee76707397/status/1097845542397169665", "username": "", "text": "\"จัด มา เลย \" #ออฟกัน https:// twitter.com/Chin_jomkaen/s tatus/1097838635783614465 …", "date": "19-02-2019 20:09", "retweet": 1, "like": 3}, {"id": "1097830624688168960", "url": "https://twitter.com/Bee76707397/status/1097830624688168960", "username": "", "text": "ไม่รู้ว่าพี่เหนื่อยเรื่องอะไร แต่สู้ๆนะ เป็น กลจ ให้", "date": "19-02-2019 19:09", "retweet": 0, "like": 0}, {"id": "1097824258963587072", "url": "https://twitter.com/Bee76707397/status/1097824258963587072", "username": "", "text": "สโลแกนมันได้อ่ะ 5555 ช๊อบชอบ #ออฟกัน https:// twitter.com/only_OffGun/st atus/1097772801304350721 …", "date": "19-02-2019 18:44", "retweet": 1, "like": 4}, {"id": "1097823282114351104", "url": "https://twitter.com/Bee76707397/status/1097823282114351104", "username": "", "text": "หนุ่มหน้าหวานกับอาแปะของเขา ♡~♡ #ออฟกัน https:// twitter.com/LETMEYOUR/stat us/1097820487571333122 …", "date": "19-02-2019 18:40", "retweet": 0, "like": 6}, {"id": "1097817210452463616", "url": "https://twitter.com/Bee76707397/status/1097817210452463616", "username": "", "text": "ซื้อของแต่งห้องจร้า 5555", "date": "19-02-2019 18:16", "retweet": 0, "like": 2}, {"id": "1097775589774155776", "url": "https://twitter.com/Bee76707397/status/1097775589774155776", "username": "", "text": "น้ำตาไหลเลยค่ะ #ทีมแม่เนย ได้ใจหนูสุดๆ", "date": "19-02-2019 15:31", "retweet": 0, "like": 3}, {"id": "1097729229968486400", "url": "https://twitter.com/Bee76707397/status/1097729229968486400", "username": "", "text": "น่ารักสักไม่มีเลยพ่อ 555555 #ออฟกัน #ออฟจุมพล https:// twitter.com/bennielee1992/ status/1097614800962564096 …", "date": "19-02-2019 12:26", "retweet": 2, "like": 6}, {"id": "1097727966673436679", "url": "https://twitter.com/Bee76707397/status/1097727966673436679", "username": "", "text": "ปป : ซองสีแดงอร่อยป่ะ ก : ก็อร่อยนะ อยากลองชิมของป่าปี๊บ้างอ่ะ ปป : เป็นไง อันไหนอร่อยกว่า ก : เลือกยากอ่ะ อร่อยทั้งสองเลย ปป : ไม่ได้หมายถึงขนม หมายถึงกูอ่ะอร่อยกว่าป่ะ ก : มันใช่เรื่องมั้ย . #ออฟกัน #โลตัสเฟรนด์ https:// twitter.com/LETMEYOUR/stat us/1097714161289551872 …", "date": "19-02-2019 12:21", "retweet": 4, "like": 11}, {"id": "1097726739202027522", "url": "https://twitter.com/Bee76707397/status/1097726739202027522", "username": "", "text": "ไม่ใช่แค่คนที่น่ารัก แต่ขนมที่ถือก็น่ากินนะค่ะ 55555 #ออฟกัน #โลตัสเฟรนด์ https:// twitter.com/EiTukta/status /1097713898541658113 …", "date": "19-02-2019 12:17", "retweet": 2, "like": 4}, {"id": "1097724753266135040", "url": "https://twitter.com/Bee76707397/status/1097724753266135040", "username": "", "text": "ลองยังจ้ะ เค้าลองล้ะอร่อยมากกกก #ออฟกัน #LotusFriends https:// twitter.com/offgun_family/ status/1097715279721684992 …", "date": "19-02-2019 12:09", "retweet": 2, "like": 8}, {"id": "1097642898395324417", "url": "https://twitter.com/Bee76707397/status/1097642898395324417", "username": "", "text": "555555 กำลังจะตามไปค่ะ", "date": "19-02-2019 06:43", "retweet": 0, "like": 2}, {"id": "1097533511886467072", "url": "https://twitter.com/Bee76707397/status/1097533511886467072", "username": "", "text": "บ้า ชิปอีกนิดนิถึงคอนโดแล้วนะพี่555", "date": "18-02-2019 23:29", "retweet": 0, "like": 3}, {"id": "1097528880947027968", "url": "https://twitter.com/Bee76707397/status/1097528880947027968", "username": "", "text": "อ : มี ทำไม ¿ ก : กันหิวอ่ะพี่ (พี่อาร์มกำลังจะหยิบให้ ก็มีเสียงห้าวดังขึ้นมา ) ปป : ยืมเขาไม กระเป๋าพี่ก็มี เอาไปดิ . อ : ใช่สี๊ ไอเราก็ลืมไปว่าใช้กระเป๋าใบเดี๋ยวกัน . (ชิปเองนะค่ะ555)", "date": "18-02-2019 23:10", "retweet": 0, "like": 4}, {"id": "1097521927009140736", "url": "https://twitter.com/Bee76707397/status/1097521927009140736", "username": "", "text": "สงสารพี่เตอ่ะ โทรหาพี่นิวมารับได้ม่ะ 555", "date": "18-02-2019 22:43", "retweet": 0, "like": 3}, {"id": "1097520878751895552", "url": "https://twitter.com/Bee76707397/status/1097520878751895552", "username": "", "text": "มีการมาฝงมาเฝ้า อันนี้ไม่ชิปนะ คบกันแล้วใช่ป่ะ >~< #ออฟกัน https:// twitter.com/itsweniin/stat us/1097501408620728320 …", "date": "18-02-2019 22:39", "retweet": 1, "like": 5}, {"id": "1097520216257384448", "url": "https://twitter.com/Bee76707397/status/1097520216257384448", "username": "", "text": "ท่านี้ก็เก่งเกินนนนน 555 #ออฟกัน https:// twitter.com/Oooza/status/1 097515440341889024 …", "date": "18-02-2019 22:36", "retweet": 1, "like": 3}, {"id": "1097448779471441920", "url": "https://twitter.com/Bee76707397/status/1097448779471441920", "username": "", "text": "คิดถึงจริง คิดถึงจัง คิดถึงใคร? คิดถึงแม่!!! (ใช่เรื่องมั้ย5555) #ออฟจุมพล https:// twitter.com/PuisaowapA_/st atus/1097390043939794944 …", "date": "18-02-2019 17:52", "retweet": 2, "like": 4}, {"id": "1097432749802016768", "url": "https://twitter.com/Bee76707397/status/1097432749802016768", "username": "", "text": "เอาแล้วไง งานนี้ 55555 นี้คิดป่ะคนอยู่ตรงกลางมักเด็นเสมออ่ะ #อนาคตใหม่ #talkwithtoey https:// twitter.com/GMMTV/status/1 097405070327504896 …", "date": "18-02-2019 16:48", "retweet": 5, "like": 6}, {"id": "1097380958720819201", "url": "https://twitter.com/Bee76707397/status/1097380958720819201", "username": "", "text": "เธอเซ็กซี่เลดี้ รู้ไหมใจฉันละลายเซ็กซี่เลดี้ #ออฟกัน https:// twitter.com/_sheonx/status /1097365695405256704 …", "date": "18-02-2019 13:23", "retweet": 0, "like": 6}, {"id": "1097328789976018946", "url": "https://twitter.com/Bee76707397/status/1097328789976018946", "username": "", "text": "ยิ้มไม่หยุด เขินไปไกล อ้อนแบบไหนจัดมาที 555", "date": "18-02-2019 09:55", "retweet": 1, "like": 4}]