[{"id": "1099357416137797632", "url": "https://twitter.com/bignews25/status/1099357416137797632", "username": "", "text": "ข่าวร้อนก่อนนอน \"ป๊อป ปองกูล\" เข้าพิธีวิวาห์กับเจ้าสาวซึ่งถูกระบุว่าคบกันมากว่า 14 ปีในวันนี้ แต่กลับเป็นหญิงคนละคนกับที่เคยมีข่าวสวีทกับป๊อปมาก่อน แฮชแท็ก #ป๊อปปองกูล ขึ้นอันดับ 1 เทรนด์ทวิตทันที ยังไม่มีปฏิกิริยาใดๆจากป๊อปในขณะนี้ #ข่าวใหญ่25 #GMM25 pic.twitter.com/pqolXBzqRK", "date": "24-02-2019 00:16", "retweet": 1, "like": 2}, {"id": "1099231879486627840", "url": "https://twitter.com/bignews25/status/1099231879486627840", "username": "", "text": "ประกาศ! ผู้ที่ลงทะเบียนขอใช้สิทธิ #เลือกตั้ง62 ล่วงหน้านอกเขต สามารถตรวจสอบการลงทะเบียนของท่านได้แล้วที่ : . https://www. bora.dopa.go.th/Election/Elece nter/outvote/enq/index.php … . #GMM25 #ข่าวใหญ่25 pic.twitter.com/GNaClBNJyz", "date": "23-02-2019 15:57", "retweet": 7, "like": 0}, {"id": "1099230431780601856", "url": "https://twitter.com/bignews25/status/1099230431780601856", "username": "", "text": "ชาวบ้านที่หาดใหญ่เจอสีทาบ้านแข็งเหมือนหิน-กลิ่นเหม็น โวยชดเชยไม่เป็นธรรม! . #ข่าวใหญ่25 #GMM25 http:// bit.ly/2GH8euz", "date": "23-02-2019 15:52", "retweet": 0, "like": 0}, {"id": "1099191108603539456", "url": "https://twitter.com/bignews25/status/1099191108603539456", "username": "", "text": "เกิดเหตุมีรถชนคานสะพานแล้วหนี คานสะพานชำรุดและมีวัสดุตกหล่นเมื่อช่วงเช้าที่ผ่านมา จึงแจ้งเลี่ยงการจราจรในจุดต่างๆ ดังนี้ 1) เส้นทางคู่ขนานมอเตอร์เวย์ ทล.3701 ใต้สะพานสวนเสือขาเข้าพัทยา 2) ปิดสะพาน over pass ข้ามมอเตอร์เวย์ (สะพานสวนเสือ) #ข่าวใหญ่25 #GMM25 pic.twitter.com/00soVB8o5n", "date": "23-02-2019 13:15", "retweet": 1, "like": 1}, {"id": "1099183795138252800", "url": "https://twitter.com/bignews25/status/1099183795138252800", "username": "", "text": "ปะทะนโยบาย 3 พรรคใหญ่ #ประชาธิปัตย์ , #อนาคตใหม่ และ #พลังประชารัฐ กับนโยบายเพื่อ \"เด็กเล็กและพ่อแม่\" งานนี้ใครให้อะไร แค่ไหน ถูกใจหรือไม่ ลองดู! . #GMM25 #ข่าวใหญ่25 #ศึกใหญ่เลือกตั้ง62 #เลือกตั้ง62 pic.twitter.com/xCgMAMfHaB", "date": "23-02-2019 12:46", "retweet": 21, "like": 11}, {"id": "1099182654354710529", "url": "https://twitter.com/bignews25/status/1099182654354710529", "username": "", "text": "พาไปชมความน่ารักของ \"หมีหมา\"​ ที่ได้รับการช่วยเหลือ คาดว่ามันน่าจะถูกบ่วงแร้วของนายพรานรัด จนขาซ้ายเป็นแผลเน่าและต้องตัดทิ้งเพื่อรักษาชีวิตเอาไว้ . ล่าสุด มันได้รับการกักโรคและดูแลสุขภาพ ก่อนจะเริ่มฝึกให้สามารถกลับไปดำรงชีวิตปกติ เพื่อส่งกลับคืนสู่ป่าในอนาคต . #ข่าวใหญ่25 #GMM25 pic.twitter.com/DDQHzvSRds", "date": "23-02-2019 12:42", "retweet": 0, "like": 0}, {"id": "1098924193423323136", "url": "https://twitter.com/bignews25/status/1098924193423323136", "username": "", "text": "ล่าอดีตครู! ล่วงละเมิดเด็กหญิง 5 คน คาดหนีออกนอกประเทศแล้ว ล่าสุด สช.ยะลา ยืนยัน สถานที่พักอาศัยเด็กหญิง ที่ถูก “อดีตครู วัย 65 ปี” กระทำอนาจาร-ข่มขืน เป็นโรงเรียนเถื่อน . อ่านต่อ : http:// gmm25.com/news/detail/25 80 … #ข่าวใหญ่25 #GMM25 pic.twitter.com/dkj5muvKff", "date": "22-02-2019 19:35", "retweet": 1, "like": 0}, {"id": "1098890540483895296", "url": "https://twitter.com/bignews25/status/1098890540483895296", "username": "", "text": "นายวิบูลย์ บุญภัทรรักษา หรือ ทนายอู๊ด พ่อของ \"ไผ่ ดาวดิน\" โพสต์เฟซบุ๊กส่วนตัวระบุว่าบุตรชายจะพ้นโทษในคดีผิด ม.112 และ พ.ร.บ.คอมพิวเตอร์ ในวันที่ 16 พ.ค. 2562 นี้ . #ข่าวใหญ่25 #GMM25", "date": "22-02-2019 17:21", "retweet": 0, "like": 1}, {"id": "1098888566988369920", "url": "https://twitter.com/bignews25/status/1098888566988369920", "username": "", "text": "การขายพวงมาลัย จะไม่ธรรมดาอีกต่อไป . #ข่าวใหญ่25 #GMM25 pic.twitter.com/79YLCj3UdP", "date": "22-02-2019 17:13", "retweet": 1, "like": 1}, {"id": "1098886912025055232", "url": "https://twitter.com/bignews25/status/1098886912025055232", "username": "", "text": "มาช่วยกันฟังหน่อยจ้า \"บิ๊กตู่\" พูดว่าอะไร มาทายกัน ฟังมาเป็น 10 รอบแล้ว!!!! pic.twitter.com/THzgWiKqbn", "date": "22-02-2019 17:07", "retweet": 1, "like": 2}, {"id": "1098872077572988929", "url": "https://twitter.com/bignews25/status/1098872077572988929", "username": "", "text": "แม่ 19 ปาดคอลูกวัย 3 ขวบผูกคอ-ทำร้ายตัวเองคาห้องขัง จนท.ช่วยไว้ได้! . #GMM25 #ข่าวใหญ่25 http:// bit.ly/2XhQwmL", "date": "22-02-2019 16:08", "retweet": 0, "like": 0}, {"id": "1098865917998428160", "url": "https://twitter.com/bignews25/status/1098865917998428160", "username": "", "text": "กต. ขอ ตร. ดูแลความปลอดภัยวัน #เลือกตั้ง62 ระบุมีกรณีทุจริตแล้วรวม 42 เรื่อง . #ข่าวใหญ่25 #GMM25 http:// bit.ly/2tvswyP", "date": "22-02-2019 15:43", "retweet": 0, "like": 0}, {"id": "1098835028488810496", "url": "https://twitter.com/bignews25/status/1098835028488810496", "username": "", "text": "อดีตอาจารย์มหาวิทยาลัยโพสต์เฟซบุ๊ก ระบุทำพิธีดึงพลังจิตให้บิ๊กตู่เป็นนายกฯ ต่อ! . #GMM25 #ข่าวใหญ่25 http:// bit.ly/2XhuLTZ", "date": "22-02-2019 13:41", "retweet": 0, "like": 0}, {"id": "1098826777927942144", "url": "https://twitter.com/bignews25/status/1098826777927942144", "username": "", "text": "พล.อ.ประยุทธ์ ตอบกรณีคนแช่งให้เครื่องบินตก ระบุ \"แช่งไปเถอะ ผมก็ไม่เห็นเป็นอะไร ห้อยพระอยู่แล้ว\" . #GMM25 #ข่าวใหญ่25 pic.twitter.com/qNjrvthdsK", "date": "22-02-2019 13:08", "retweet": 2, "like": 5}, {"id": "1098819875689005056", "url": "https://twitter.com/bignews25/status/1098819875689005056", "username": "", "text": "พล.อ.ประยุทธ์ ตอบกรณี ส.ว. ที่เลือกโดย คสช. แล้วมีสิทธิ์เลือกนายกฯ ได้ \"ถึงแม้ว่า ส.ว. จะตั้งมาจากผม แต่ผมถามว่าคนเหล่านั้น คุณดูถูกคนสองร้อยคนเขาเหรอ เขาไม่มีสมองเหรอ เขาไม่รักประเทศเหรอ\" #GMM25 #ข่าวใหญ่25 #เลือกตั้ง62 pic.twitter.com/1uF71yHWdG", "date": "22-02-2019 12:40", "retweet": 6, "like": 4}, {"id": "1098800679412322304", "url": "https://twitter.com/bignews25/status/1098800679412322304", "username": "", "text": "หนุ่มสุดทน! โพสต์คลิปเจ้าของบ้านปล่อยหมาวิ่งไล่กัดคน . ติดตามใน #เที่ยงข่าวใหญ่ วันนี้ 12.00 น. ทาง #GMM25 ชมสดผ่าน FB Live ที่ GMM25Thailand / ข่าวใหญ่ 25 pic.twitter.com/pQycppXOrV", "date": "22-02-2019 11:24", "retweet": 0, "like": 1}, {"id": "1098797268482744320", "url": "https://twitter.com/bignews25/status/1098797268482744320", "username": "", "text": "ระทึก! ตร.เมืองกาญจน์ไล่จับโจ๋ตีกัน แว้นหนีไม่รอด . ติดตามใน #เที่ยงข่าวใหญ่ วันนี้ 12.00 น. ทาง #GMM25 ชมสดผ่าน FB Live ที่ GMM25Thailand / ข่าวใหญ่ 25 pic.twitter.com/KIyq2YYb87", "date": "22-02-2019 11:10", "retweet": 1, "like": 0}, {"id": "1098795638429384709", "url": "https://twitter.com/bignews25/status/1098795638429384709", "username": "", "text": "รอผลตรวจเชื้อหมาขย้ำเด็กฟินแลนด์ ส่วนเด็กพ้นขีดอันตรายแล้ว . #ข่าวใหญ่25 #GMM25 http:// bit.ly/2BKQ9YM", "date": "22-02-2019 11:04", "retweet": 0, "like": 0}, {"id": "1098768436165959680", "url": "https://twitter.com/bignews25/status/1098768436165959680", "username": "", "text": "สามีภรรยาเผลอทิ้งเงินค่าเทอมลูกนับหมื่น ได้เงินคืนแล้ว เจ้าตัวบอกดีใจมากและจะรีบนำเงินไปจ่ายค่าเทอม ส่วนคนเก็บไปก็โดนตำรวจจับเรียบร้อยจ้า! . #GMM25 #ข่าวใหญ่25 http:// bit.ly/2VcBXim", "date": "22-02-2019 09:16", "retweet": 0, "like": 1}, {"id": "1098763082287869953", "url": "https://twitter.com/bignews25/status/1098763082287869953", "username": "", "text": "เปิดวินาทีตำรวจเมืองกาญจน์ ขี่รถไล่จับแก๊งเด็กวัยรุ่นโดยไม่ใช้ความรุนแรง หลังรวมตัวก่อเหตุทะเลาะวิวาทกับคู่อริ ตรวจค้นพบอาวุธทั้งมีด ไม้ ครบมือ! . อ่านข่าวนี้ คลิก : http:// bit.ly/2Nk1UtC #GMM25 #ข่าวใหญ่25 pic.twitter.com/cNt0BfxZCT", "date": "22-02-2019 08:55", "retweet": 0, "like": 0}, {"id": "1098525693527224320", "url": "https://twitter.com/bignews25/status/1098525693527224320", "username": "", "text": "ส่งสำนวนคดีล้มบอลภาค 2 ให้อธิบดีอัยการ คาดใช้เวลาพิจารณา 15 วัน . #ข่าวใหญ่25 #GMM25 http:// bit.ly/2TWtSOp", "date": "21-02-2019 17:11", "retweet": 0, "like": 0}, {"id": "1098517117475840001", "url": "https://twitter.com/bignews25/status/1098517117475840001", "username": "", "text": "นกบินกันวุ่น! เปิดคลิปขณะแผ่นดินไหว 4.9 สะเทือนยอดฉัตรวัดเก่าแก่ลำปาง! . อ่านข่าวนี้ต่อ คลิก : http:// bit.ly/2T7mEdf #GMM25 #ข่าวใหญ่25 pic.twitter.com/ELCXVs79Wo", "date": "21-02-2019 16:37", "retweet": 1, "like": 1}, {"id": "1098510490303553536", "url": "https://twitter.com/bignews25/status/1098510490303553536", "username": "", "text": "แถลงยุบวง #ROOM39 . วันนี้ (21 ก.พ. 62) เพจเฟซบุ๊กค่าย LOVEiS ENTERTAINMENT แถลงสถานภาพของวง ROOM39 ระบุว่า . 1. จะไม่มีการรับงานเพิ่มในนามวง ROOM39 อีก 2. สิ้นสุดการทำงานร่วมกันในนามวง ROOM39 3. โอ และมน ยังคงสถานะศิลปินของ LOVEiS Ent. 4. ทอม เป็นศิลปินอิสระ . #ข่าวใหญ่25 #GMM25 pic.twitter.com/hANGLBwtbk", "date": "21-02-2019 16:11", "retweet": 120, "like": 35}, {"id": "1098480792492101632", "url": "https://twitter.com/bignews25/status/1098480792492101632", "username": "", "text": "หมาจรจัดหน้าหาดอ่าวนาง ขย้ำหนูน้อย 5 ขวบ ชาวฟินแลนด์ อบต.ลงพื้นที่ เร่งจับสุนัขชายหาด . อ่านต่อ : http:// gmm25.com/news/detail/25 68 … #ข่าวใหญ่25 #GMM25 pic.twitter.com/GaR8soglGZ", "date": "21-02-2019 14:13", "retweet": 0, "like": 1}, {"id": "1098473635369500672", "url": "https://twitter.com/bignews25/status/1098473635369500672", "username": "", "text": "จากกรณีมีคนตั้งข้อสงสัยว่าเทรนด์ #savethanathorn หายไปจาก #twitter จนมีเทรนด์ใหม่คือ #savethanatorn มาแทน เราเลยลองหาข้อมูลว่าเทรนด์ทวิตมายังไง และมีกฎยังไงบ้าง! . #ข่าวใหญ่25 #GMM25 #เลือกตั้ง62 pic.twitter.com/ug9xCTw56v", "date": "21-02-2019 13:44", "retweet": 19, "like": 7}, {"id": "1098471001761898496", "url": "https://twitter.com/bignews25/status/1098471001761898496", "username": "", "text": "ชายเจ้าของคาบาเร่โชว์ย่านสีลม ดิ่งแมนชั่นดับ . อ่านต่อ : http:// gmm25.com/news/detail/25 67 … #ข่าวใหญ่25 #GMM25 pic.twitter.com/UoeAO384dD", "date": "21-02-2019 13:34", "retweet": 0, "like": 0}, {"id": "1098468413406466048", "url": "https://twitter.com/bignews25/status/1098468413406466048", "username": "", "text": "รวบแล้ว! หนุ่มสติไม่สมประกอบ ไล่ฟันช่างซ่อมจยย. ที่หาดใหญ่ . #GMM25 #ข่าวใหญ่25 http:// bit.ly/2IC1i3E", "date": "21-02-2019 13:24", "retweet": 0, "like": 0}, {"id": "1098458086174412800", "url": "https://twitter.com/bignews25/status/1098458086174412800", "username": "", "text": "พศ.คาดระบบสมาร์ทการ์ดพระเสร็จสมบูรณ์ช่วงสิ้นปีนี้ พร้อมยันผู้บวชพระต้องไม่มีประวัติอาชญากรรม-ไม่มีประวัติใช้สารเสพติด . #ข่าวใหญ่25 #GMM25 http:// bit.ly/2IFamoP", "date": "21-02-2019 12:43", "retweet": 0, "like": 0}, {"id": "1098452198927683585", "url": "https://twitter.com/bignews25/status/1098452198927683585", "username": "", "text": "คราบน้ำมันปริศนา เกลื่อนหาดเมืองคอน ชาวบ้านร้องตรวจสอบ หวั่นระบบนิเวศเสียหาย . อ่านต่อ : http:// gmm25.com/news/detail/25 64 … #ข่าวใหญ่25 #GMM25 pic.twitter.com/srxTh616zx", "date": "21-02-2019 12:19", "retweet": 0, "like": 0}, {"id": "1098445320726269952", "url": "https://twitter.com/bignews25/status/1098445320726269952", "username": "", "text": "สาวขึ้นป้ายประชด รับสมัครคนตาย ตรงนี้ 4 ศพแล้ว! . อ่านต่อ : http:// gmm25.com/news/detail/25 63 … #ข่าวใหญ่25 #GMM25 pic.twitter.com/DCDHoumhJ7", "date": "21-02-2019 11:52", "retweet": 0, "like": 0}, {"id": "1098437774724673536", "url": "https://twitter.com/bignews25/status/1098437774724673536", "username": "", "text": "นายกฯ ลงพื้นที่สุราษฎร์ฯ เครื่องบินขัดข้อง . ติดตามใน #เที่ยงข่าวใหญ่ วันนี้ 12.00 น. ทาง #GMM25 ชมสดผ่าน FB Live ที่ GMM25Thailand / ข่าวใหญ่ 25 pic.twitter.com/kqZzL69alK", "date": "21-02-2019 11:22", "retweet": 0, "like": 0}, {"id": "1098434212657418240", "url": "https://twitter.com/bignews25/status/1098434212657418240", "username": "", "text": "“รอยเลื่อนพะเยา” ทำลำปางแผ่นดินไหวเกือบ 30 ครั้ง . ติดตามใน #เที่ยงข่าวใหญ่ วันนี้ 12.00 น. ทาง #GMM25 ชมสดผ่าน FB Live ที่ GMM25Thailand / ข่าวใหญ่ 25 pic.twitter.com/j4eO6Qdop3", "date": "21-02-2019 11:08", "retweet": 2, "like": 0}, {"id": "1098431423050993664", "url": "https://twitter.com/bignews25/status/1098431423050993664", "username": "", "text": "ตามนี้นะ อย่าตกใจ! . #ข่าวใหญ่25 pic.twitter.com/qEudT3fb8F", "date": "21-02-2019 10:57", "retweet": 1, "like": 1}, {"id": "1098418177464098816", "url": "https://twitter.com/bignews25/status/1098418177464098816", "username": "", "text": "Welcome to หน้าร้อนจ้า กรมอุตุฯประกาศ ไทยเข้าสู่ #ฤดูร้อน ตั้งแต่วันนี้ (21 ก.พ.) เป็นต้นไป จนถึงกลางเดือนพ.ค.นี้ คาดอากาศจะร้อนกว่าปีที่แล้ว 1-2 องศาในบางเวลา จังหวัดที่อากาศจะร้อนที่สุด ได้แก่ แม่ฮ่องสอน ลำปาง อุตรดิตถ์ สุโขทัย นครสวรรค์ ตาก กาญจนบุรี #ข่าวใหญ่25 #GMM25 pic.twitter.com/4V0PiYIjJj", "date": "21-02-2019 10:04", "retweet": 0, "like": 0}, {"id": "1098408624903249920", "url": "https://twitter.com/bignews25/status/1098408624903249920", "username": "", "text": "ขัดข้อง! เครื่องบิน C-130 ของกองทัพอากาศ ซึ่ง \"พล.อ.ประยุทธ์\" นายกรัฐมนตรีจะใช้เดินทางไปตรวจราชการที่ จ.สุราษฎร์ธานี และ จ.กระบี่ ในวันนี้เกิดใบพัดขัดข้องขณะขึ้นบินไปแล้ว 45 นาที ต้องวนเครื่องกลับมาเปลี่ยนเครื่องบินเป็นแบบ CN295 ที่สนามบินดอนเมืองอีกครั้ง! . #GMM25 #ข่าวใหญ่25 pic.twitter.com/xgI8X5RItN", "date": "21-02-2019 09:26", "retweet": 1, "like": 0}, {"id": "1098392870162128896", "url": "https://twitter.com/bignews25/status/1098392870162128896", "username": "", "text": "กรณีนักท่องเที่ยวสัญชาติอิตาลี 2 รายถูกช้างพลายธันวาของทัวร์แห่งหนึ่งใน จ.พังงา เกิดเหตุคลุ้มคลั่ง ทำให้ทั้งสองคนพลัดตกและถูกทำร้าย รายหนึ่งถึงกับไส้ทะลัก ล่าสุด ผวจ.พังงาสั่งพักงานช้างดังกล่าวแล้ว . #GMM25 #ข่าวใหญ่25 http:// bit.ly/2SNq6L5", "date": "21-02-2019 08:24", "retweet": 0, "like": 0}, {"id": "1098206481252376576", "url": "https://twitter.com/bignews25/status/1098206481252376576", "username": "", "text": "อัปเดต : 19.00 น. ศูนย์การค้าเทอมินอล21 ออกหนังสือชี้แจงกรณีนี้แล้วว่า เป็นความรู้เท่าไม่ถึงการณ์ของ รปภ. และขออภัยทั้ง 2 ฝ่าย pic.twitter.com/IrGyyCX2Cd", "date": "20-02-2019 20:03", "retweet": 4, "like": 2}, {"id": "1098203550994186241", "url": "https://twitter.com/bignews25/status/1098203550994186241", "username": "", "text": "เจ้าของโพสต์บอกอีกว่า รู้สึกเสียใจ เหมือนโดนเอาเปรียบและดูถูกกัน อยากให้เห็นใจผู้พิการบ้าง", "date": "20-02-2019 19:51", "retweet": 2, "like": 2}, {"id": "1098203448900608001", "url": "https://twitter.com/bignews25/status/1098203448900608001", "username": "", "text": "ต่อมาได้บังเอิญเห็นรถของตนถูกลากมาไว้ที่กลางถนน และมีรถยนตืคันสีฟ้าเข้ามาจอดแทนที่ และสังเกตว่า ผู้ที่มาจอดแทนนั้นไม่ใช่ผู้พิการ จึงได้ถ่ายคลิปดังกล่าวไว้", "date": "20-02-2019 19:51", "retweet": 3, "like": 3}, {"id": "1098203320307466245", "url": "https://twitter.com/bignews25/status/1098203320307466245", "username": "", "text": "ทั้ง 4 คนมารับประทานอาหารกันที่ห้างแห่งหนึ่งในพัทยา ซึ่งใช้รถซาเล้ง (จักรยานยนต์พ่วงข้าง) โดยสารมา เมื่อถึงห้าง รปภ. ได้แนะนำให้ตนจอดรถที่จุดจอดผู้พิการ", "date": "20-02-2019 19:50", "retweet": 3, "like": 2}, {"id": "1098203216779501569", "url": "https://twitter.com/bignews25/status/1098203216779501569", "username": "", "text": "ล่าสุด เจ้าของโพสต์ให้ข้อมูลเพิ่มเติมกับทีมข่าวว่า วันเกิดเหตุคือวันที่ 17 ก.พ. ที่ผ่านมา ตนและเพื่อนอีก 3 คน ซึ่งเป็นผู้พิการทั้งหมด มี 2 คนต้องใช้วิลแชร์", "date": "20-02-2019 19:50", "retweet": 2, "like": 1}, {"id": "1098201800090349569", "url": "https://twitter.com/bignews25/status/1098201800090349569", "username": "", "text": "จากนโยบาย \"ลดงบกลาโหม\" ของบางพรรคการเมืองจนมาสู่วิวาทะ #หนักแผ่นดิน . พบว่า ที่ผ่านมางบกระทรวงกลาโหมในรอบ 11 ปีส่วนใหญ่เพิ่มจริง แต่ถือว่า \"ขึ้นๆ ลงๆ\" เมื่อเทียบกับงบแผ่นดิน . และงบปีนี้ไปตกอยู่ที่ \"ทัพบก\" มากสุดถึงเกือบครึ่งหนึ่ง!!! . #ข่าวใหญ่25 #GMM25 #เลือกตั้ง62 pic.twitter.com/lmzUP2DN46", "date": "20-02-2019 19:44", "retweet": 15, "like": 4}, {"id": "1098200862017482752", "url": "https://twitter.com/bignews25/status/1098200862017482752", "username": "", "text": "อัยการชี้ เปิดบ้านล้างหอย กลิ่นคลุ้ง เสี่ยงผิด พ.ร.บ.สาธารณสุข อาจคุก 3 เดือน . อ่านต่อ : http:// gmm25.com/news/detail/25 60 … #ข่าวใหญ่25 #GMM25 pic.twitter.com/Sa5GCwuyUZ", "date": "20-02-2019 19:41", "retweet": 1, "like": 0}, {"id": "1098175595383377920", "url": "https://twitter.com/bignews25/status/1098175595383377920", "username": "", "text": "ทษช.ยื่นคำชี้แจงต่อศาลรัฐธรรมนูญ แก้ข้อกล่าวหากรณียุบพรรคการเมือง . อ่านต่อ : http:// gmm25.com/news/detail/25 59 … #ข่าวใหญ่25 #GMM25 pic.twitter.com/Z0RRv8D1Zb", "date": "20-02-2019 18:00", "retweet": 0, "like": 0}, {"id": "1098172292754944000", "url": "https://twitter.com/bignews25/status/1098172292754944000", "username": "", "text": "#BREAKING : 16.05 น. #แผ่นดินไหว เขย่าลำปางระลอกล่าสุดรุนแรงถึง 4.9 อาคารหลายแห่งมีรอยร้าว รักษาราชการแทนนายอำเภอวังเหนือ ออกหนังสือด่วนแจ้งกำนัน ผู้ใหญ่บ้านทุกหมู่บ้านติดตามสถานการณ์และเฝ้าระวังเหตุ พร้อมทั้งแจ้งเตือนประชาชนในพื้นที่ . #ข่าวใหญ่25 #GMM25 pic.twitter.com/OL9zuvadMS", "date": "20-02-2019 17:47", "retweet": 17, "like": 4}, {"id": "1098165837989523457", "url": "https://twitter.com/bignews25/status/1098165837989523457", "username": "", "text": "คนพิการโวย! ไม่พิการ แต่จอดรถที่คนพิการ แถมเอารถคนพิการออก . ผู้ใช้เฟซบุ๊กชื่อ แบม ป่วงคัก โพสต์คลิปรถหรูจอดรถในที่จอดคนพิการ พร้อมอ้างว่า ตนเป็นผู้พิการ จอดรถ จยย.พ่วงข้าง ที่จุดจอดผู้พิการ แต่กลับมีรถหรูนำรถของตนออกแล้วเข้าจอดแทน . #ข่าวใหญ่25 #GMM25 pic.twitter.com/5Mu9yoOaCA", "date": "20-02-2019 17:21", "retweet": 59, "like": 19}, {"id": "1098146527145451523", "url": "https://twitter.com/bignews25/status/1098146527145451523", "username": "", "text": "แผ่นดินไหวขนาด 3.3 ที่ลำปาง ตามด้วยอาฟเตอร์ช็อก 10 ครั้ง! . #ข่าวใหญ่25 #GMM25 http:// bit.ly/2BHPLKm", "date": "20-02-2019 16:05", "retweet": 0, "like": 0}, {"id": "1098130572155604992", "url": "https://twitter.com/bignews25/status/1098130572155604992", "username": "", "text": "รถไฟฟ้าสายสีน้ำเงิน ส่วนต่อขยาย จะสามารถเปิดเดินรถช่วงหัวลำโพงถึงหลักสอง ในเดือนกันยายนนี้ หรืออาจจะเร็วกว่าแผน คือในช่วงเดือนสิงหาคมนี้ มีสถานีต่างๆ อาทิ สถานีวัดมังกร, สถานีสนามไชย, สถานีบางแค เป็นตเน . #GMM25 #ข่าวใหญ่25 pic.twitter.com/j4XJkMIXpw", "date": "20-02-2019 15:01", "retweet": 0, "like": 1}, {"id": "1098106941891465217", "url": "https://twitter.com/bignews25/status/1098106941891465217", "username": "", "text": "ตำรวจ ปอท. จ่อส่งสำนวนฟ้อง “ธนาธร” ไลฟ์วิจารณ์ คสช. 27 ก.พ. นี้ . #ข่าวใหญ่25 #GMM25 #อนาคตใหม่ http:// bit.ly/2Se3a2q", "date": "20-02-2019 13:27", "retweet": 4, "like": 2}, {"id": "1098102910070583296", "url": "https://twitter.com/bignews25/status/1098102910070583296", "username": "", "text": "ศูนย์เตือนภัยพิบัติแห่งชาติ กรมป้องกันและบรรเทาสาธารณภัย รายงานว่าเมื่อเวลา 12.17 น.วันนี้ (20 ก.พ.) เกิดเหตุแผ่นดินไหวขนาด 3.3 ความลึก 8 กม. บริเวณ อ.วังเหนือ จ.ลำปาง เบื้องต้นยังไม่ได้รับรายงานความรู้สึกสั่นไหว หากมีข้อมูลเพิ่มเติมจะแจ้งให้ทราบเป็นระยะต่อไป . #ข่าวใหญ่25 #GMM25 pic.twitter.com/FbR4TwrjXD", "date": "20-02-2019 13:11", "retweet": 3, "like": 0}, {"id": "1098101438389993472", "url": "https://twitter.com/bignews25/status/1098101438389993472", "username": "", "text": "ระทึก! คนร้ายวางระเบิดตู้เอทีเอ็ม ที่จันทบุรี . #ข่าวใหญ่25 #GMM25 http:// bit.ly/2GyOglY", "date": "20-02-2019 13:05", "retweet": 0, "like": 0}, {"id": "1098100901439393792", "url": "https://twitter.com/bignews25/status/1098100901439393792", "username": "", "text": "#พลังประชารัฐ เปิดตัว 5 นโยบายเศรษฐกิจ กทม. - เตือนอย่าดึงกองทัพมาเกี่ยวการเมืองเพราะรัฐประหารที่ผ่านมาเกิดจากนักการเมือง กองทัพไม่ใช่ต้นเหตุ - ยัน \"บิ๊กตู่\" ดีเบตไม่ได้ แต่แสดงวิสัยทัศน์ในฐานะนายกฯ ต่อเนื่องอยู่แล้ว! . #GMM25 #ข่าวใหญ่25 #เลือกตั้ง62 http:// bit.ly/2TZlBto", "date": "20-02-2019 13:03", "retweet": 1, "like": 0}, {"id": "1098098190056808450", "url": "https://twitter.com/bignews25/status/1098098190056808450", "username": "", "text": "ระทึก! คนร้ายวางระเบิดตู้เอทีเอ็ม ที่จันทบุรี . อ่านต่อ : http:// gmm25.com/news/detail/25 54 … #ข่าวใหญ่25 #GMM25 pic.twitter.com/qrulVma7sD", "date": "20-02-2019 12:53", "retweet": 0, "like": 0}, {"id": "1098088537298063360", "url": "https://twitter.com/bignews25/status/1098088537298063360", "username": "", "text": "สาวโวยวายไม่จ่ายค่าแท็กซี่ ที่แท้ป่วยทางจิต แม่เผยเพราะเคยแท้งลูก และกินยาลดน้ำหนัก . อ่านต่อ : http:// gmm25.com/news/detail/25 52 … #ข่าวใหญ่25 #GMM25 pic.twitter.com/Yk8sSFpyoA", "date": "20-02-2019 12:14", "retweet": 0, "like": 0}, {"id": "1098084734473691136", "url": "https://twitter.com/bignews25/status/1098084734473691136", "username": "", "text": "#BREAKING : ศาลสั่งจำคุกตลอดชีวิต น.ส.กฤษณา สุวรรณพิทักษ์ (โมนา) นายจ้างฆ่าน้องน้ำและฝังศพ เมื่อปี 2555 ฐานฆ่าผู้อื่นโดยเจตนา และต้องชดใช้ให้มารดาผู้ตาย ที่ต้องขาดไร้อุปการะจากบุตรสาวที่เสียชีวิต รวมทั้งค่าปลงศพ เป็นเงินทั้งสิ้น 1,065,776 บาท พร้อมดอกเบี้ย . #ข่าวใหญ่25 #GMM25 pic.twitter.com/XBPdzPTmFX", "date": "20-02-2019 11:59", "retweet": 0, "like": 0}, {"id": "1098082642619060224", "url": "https://twitter.com/bignews25/status/1098082642619060224", "username": "", "text": "2 กลุ่มบุกค้าน ผบ.ทบ.ให้ฟัง #หนักแผ่นดิน - ตร.เปิด #ความฝันอันสูงสุด สู้ #ประเทศกูมี ของกลุ่มเอกชัย . #ข่าวใหญ่25 #GMM25 http:// bit.ly/2TYkpGy", "date": "20-02-2019 11:51", "retweet": 0, "like": 0}, {"id": "1098075371872837633", "url": "https://twitter.com/bignews25/status/1098075371872837633", "username": "", "text": "\"มหาดไทย\" สรุปจำนวนผู้ลงทะเบียนเลือกตั้งล่วงหน้า ทั้งนอกเขต และนอกราชอาณาจักร รวมกว่า 2.7 ล้านคน . โดยประเทศที่มีผู้ลงทะเบียนเลือกตั้งนอกราชอาณาจักร มากที่สุดคือ ออสเตรเลีย . อ่านต่อ : http:// gmm25.com/news/detail/25 50 … #ข่าวใหญ่25 #GMM25 pic.twitter.com/TUaPsJrNx9", "date": "20-02-2019 11:22", "retweet": 0, "like": 0}, {"id": "1098070524893192192", "url": "https://twitter.com/bignews25/status/1098070524893192192", "username": "", "text": "ลอบวางระเบิดตู้เอทีเอ็มที่จันทบุรี . ติดตามใน #เที่ยงข่าวใหญ่ วันนี้ 12.00 น. ทาง #GMM25 ชมสดผ่าน FB Live ที่ GMM25Thailand / ข่าวใหญ่ 25 pic.twitter.com/CVDiGaM3gG", "date": "20-02-2019 11:03", "retweet": 0, "like": 0}, {"id": "1098067990031958016", "url": "https://twitter.com/bignews25/status/1098067990031958016", "username": "", "text": "สาวใหญ่แจ้งความเท็จถูกโจรกระชากสร้อย . ติดตามใน #เที่ยงข่าวใหญ่ วันนี้ 12.00 น. ทาง #GMM25 ชมสดผ่าน FB Live ที่ GMM25Thailand / ข่าวใหญ่ 25 pic.twitter.com/RR4IRgbIag", "date": "20-02-2019 10:53", "retweet": 0, "like": 0}, {"id": "1098065894222090240", "url": "https://twitter.com/bignews25/status/1098065894222090240", "username": "", "text": "พ่อเมาคลั่ง!มีดแทงคอลูกดับคามุ้ง . ติดตามใน #เที่ยงข่าวใหญ่ วันนี้ 12.00 น. ทาง #GMM25 ชมสดผ่าน FB Live ที่ GMM25Thailand / ข่าวใหญ่ 25 pic.twitter.com/XqXlTcAua7", "date": "20-02-2019 10:44", "retweet": 0, "like": 0}, {"id": "1098044612575297536", "url": "https://twitter.com/bignews25/status/1098044612575297536", "username": "", "text": "ชมบรรยากาศ #ซูเปอร์ฟูลมูน จากหลายจังหวัดเมื่อค่ำคืนที่ผ่านมา สวยงามขนาดไหน ... ลองชมเลย . #GMM25 #ข่าวใหญ่25 #SuperFullMoon pic.twitter.com/5tmvXlR1Yt", "date": "20-02-2019 09:20", "retweet": 2, "like": 4}, {"id": "1098030829324840960", "url": "https://twitter.com/bignews25/status/1098030829324840960", "username": "", "text": "สลด! เด็กน้อยวัยขวบเศษจับลูกบอลขนาดเท่าลูกปิงปองเข้าปากอมจนติดคอเสียชีวิตคาเตียงคนไข้ในโรงพยาบาล ขณะคุณยายที่เฝ้าไข้มานานร่วม 2 สัปดาห์เผลอหลับไป . #GMM25 #ข่าวใหญ่25 http:// bit.ly/2EjGsSz", "date": "20-02-2019 08:25", "retweet": 1, "like": 0}, {"id": "1097803782073737216", "url": "https://twitter.com/bignews25/status/1097803782073737216", "username": "", "text": "ช้างสะบัดนักท่องเที่ยวตก ใช้งาแทงซ้ำไส้ทะลัก . อ่านต่อ : http:// gmm25.com/news/detail/25 47 … #ข่าวใหญ่25 #GMM25 pic.twitter.com/ISjMhA95pr", "date": "19-02-2019 17:23", "retweet": 1, "like": 0}, {"id": "1097789954954948609", "url": "https://twitter.com/bignews25/status/1097789954954948609", "username": "", "text": "ชาวบ้านผวา ฝูงงูจงอางบุก วอนผู้ใจบุญหยุดปล่อยงูในป่าข้างหมู่บ้าน . อ่านต่อ : http:// gmm25.com/news/detail/25 46 … #ข่าวใหญ่25 #GMM25 pic.twitter.com/dkgyTzEEv4", "date": "19-02-2019 16:28", "retweet": 0, "like": 0}, {"id": "1097774033532203013", "url": "https://twitter.com/bignews25/status/1097774033532203013", "username": "", "text": "ภัยแล้งส่อเค้ารุนแรง หลายหมู่บ้านในพื้น อำเภอตะกั่วป่า ต้องซื้อน้ำเพื่อใช้อุปโภค คันละ 250 บาท นายอำเภอตะกั่วป่าสั่งทุกหน่วยงานลงพื้นที่ช่วยชาวบ้าน . อ่านต่อ : http:// gmm25.com/news/detail/25 45 … #ข่าวใหญ่25 #GMM25 pic.twitter.com/Cyf8h6a3PT", "date": "19-02-2019 15:24", "retweet": 0, "like": 0}, {"id": "1097739738755194880", "url": "https://twitter.com/bignews25/status/1097739738755194880", "username": "", "text": "มือดีนำวัตถุระเบิดวางป่วนเมืองภายในซอย อินทมาระ 55 ตำรวจลงพื้นที่ได้ตรวจสอบกล้องวงจรปิดหาที่มาของคนร้าย . อ่านต่อ : http:// gmm25.com/news/detail/25 44 … #ข่าวใหญ่25 #GMM25 pic.twitter.com/z51LzIo7Rm", "date": "19-02-2019 13:08", "retweet": 0, "like": 0}, {"id": "1097715035072151552", "url": "https://twitter.com/bignews25/status/1097715035072151552", "username": "", "text": "ชาวบ้านเชื่อปาฏิหาริย์! พบหินคล้ายพระพุทธรูปในโคลนลาวา . อ่านต่อ : http:// gmm25.com/news/detail/25 43 … #ข่าวใหญ่25 #GMM25 pic.twitter.com/pqsypF2r2Y", "date": "19-02-2019 11:30", "retweet": 0, "like": 1}, {"id": "1097712349123760129", "url": "https://twitter.com/bignews25/status/1097712349123760129", "username": "", "text": "รู้หรือไม่? Vote No ไม่เท่ากับ No Vote และ #เลือกตั้ง62 ครั้งนี้ ถ้า Vote No ชนะ เขตนั้นต้องเลือกตั้งใหม่ โดยที่ผู้สมัครชุดเดิมหมดสิทธิ์สมัครซ้ำทั้งหมด! . #GMM25 #ข่าวใหญ่25 pic.twitter.com/UVwJvqrYWm", "date": "19-02-2019 11:19", "retweet": 6, "like": 3}, {"id": "1097711827671085056", "url": "https://twitter.com/bignews25/status/1097711827671085056", "username": "", "text": "กกต. เปิดยอดรับรองผู้สมัคร ส.ส. ทั้งแบบแบ่งเขตและบัญชีรายชื่อ พร้อมย้ำเตือนว่าวันนี้ (19 ก.พ.) เป็นวันลงทะเบียนขอใช้สิทธิเลือกตั้งล่วงหน้านอกเขตและนอกราชอาณาจักรเป็นวันสุดท้าย . #GMM25 #ข่าวใหญ่25 #เลือกตั้ง62 http:// bit.ly/2NcpNmN", "date": "19-02-2019 11:17", "retweet": 0, "like": 1}, {"id": "1097702486951964673", "url": "https://twitter.com/bignews25/status/1097702486951964673", "username": "", "text": "แท็กซี่โหด! คว้ามีดไล่ฟันคู่กรณีลูก . ติดตามในรายการ #เที่ยงข่าวใหญ่ 12.00 น. ทางช่อง #GMM25 pic.twitter.com/mw1SzMUQ9I", "date": "19-02-2019 10:40", "retweet": 0, "like": 0}, {"id": "1097701405148631041", "url": "https://twitter.com/bignews25/status/1097701405148631041", "username": "", "text": "นายกฯ ร่วมประกอบพิธีปลูกต้นศรีมหาโพธิ์ จากศรีลังกา . ติดตามในรายการ #เที่ยงข่าวใหญ่ 12.00 น. ทางช่อง #GMM25 pic.twitter.com/UJshMrAsk1", "date": "19-02-2019 10:36", "retweet": 0, "like": 0}, {"id": "1097484880781369346", "url": "https://twitter.com/bignews25/status/1097484880781369346", "username": "", "text": "แถลงการณ์สำนักพระราชวัง เรื่อง พระเจ้าวรวงศ์เธอ พระองค์เจ้าโสมสวลี พระวรราชาทินัดดามาตุ เสด็จไปประทับ ณ รพ.จุฬาลงกรณ์ สภากาชาดไทย ฉบับที่ 2 พระอาการโดยรวมดีขึ้น ทรงรู้พระองค์ดีขึ้น สามารถเคลื่อนไหวพระวรกายได้มากขึ้น #ทรงพระเจริญ pic.twitter.com/wtqGqRqXdA", "date": "18-02-2019 20:16", "retweet": 0, "like": 0}, {"id": "1097447585957130241", "url": "https://twitter.com/bignews25/status/1097447585957130241", "username": "", "text": "เมื่อ ผบ.ทบ. ให้ไปฟังเพลง #หนักแผ่นดิน จากกรณีนโยบายปฏิรูปกองทัพ-ยกเลิกเกณฑ์ทหาร คนการเมืองมีปฏิกิริยาว่าอย่างไร ไปดู! . #ข่าวใหญ่25 #GMM25 #เลือกตั้ง62 pic.twitter.com/fPz2FypWjX", "date": "18-02-2019 17:47", "retweet": 26, "like": 10}, {"id": "1097437354250268673", "url": "https://twitter.com/bignews25/status/1097437354250268673", "username": "", "text": "ผบ.ทบ. ถามนักข่าว รู้ไหม ตอนนี้เพลงอะไรกำลังดัง? . #ข่าวใหญ่25 #GMM25 pic.twitter.com/AfZsDktgns", "date": "18-02-2019 17:07", "retweet": 0, "like": 1}, {"id": "1097435698594889728", "url": "https://twitter.com/bignews25/status/1097435698594889728", "username": "", "text": "4 ล้อแดงเชียงใหม่ ควงมีดขู่เก๋งกลางเมือง . #ข่าวใหญ่25 #GMM25 pic.twitter.com/CKEEcIIwp3", "date": "18-02-2019 17:00", "retweet": 1, "like": 0}, {"id": "1097430968627978240", "url": "https://twitter.com/bignews25/status/1097430968627978240", "username": "", "text": "แบงก์ชาติประกาศ 12 เมษายน 2562 สถาบันการเงินและสถาบันการเงินเฉพาะกิจ \"ไม่หยุด\" เป็นวันทำการตามปกติ . #ข่าวใหญ่25 #GMM25 pic.twitter.com/Lo0tqKVFvG", "date": "18-02-2019 16:41", "retweet": 0, "like": 0}, {"id": "1097430107327684608", "url": "https://twitter.com/bignews25/status/1097430107327684608", "username": "", "text": "ยืนยัน! ไม่ห้ามผู้ป่วยซื้อยานอกสถานพยาบาล . #ข่าวใหญ่25 #GMM25 http:// gmm25.com/news/detail/25 40 …", "date": "18-02-2019 16:38", "retweet": 0, "like": 0}, {"id": "1097420280874426368", "url": "https://twitter.com/bignews25/status/1097420280874426368", "username": "", "text": "“ประวิตร” ก็ให้ไปฟัง “หนักแผ่นดิน” ด้าน ทบ.แจง เปิดเพลงให้ทหารฟังเที่ยงนี้ไม่จงใจกระทบใคร! . #GMM25 #ข่าวใหญ่25 http:// bit.ly/2GMaboZ", "date": "18-02-2019 15:59", "retweet": 0, "like": 0}, {"id": "1097413064004005889", "url": "https://twitter.com/bignews25/status/1097413064004005889", "username": "", "text": "ชาวบ้านในจังหวัดนครราชสีมา ไม่สนคำเตือนที่เจ้าหน้าที่ได้ประกาศห้ามดื่มน้ำจากบ่อลาวาโคลน โดยชาวบ้านยังย้ำอีกว่า ดื่มมาหลายปีแล้วไม่เคยเจ็บป่วย . อ่านต่อ : http:// gmm25.com/news/detail/25 38 … #ข่าวใหญ่25 #GMM25 pic.twitter.com/x5hnoA2RsD", "date": "18-02-2019 15:30", "retweet": 0, "like": 0}, {"id": "1097412543276937216", "url": "https://twitter.com/bignews25/status/1097412543276937216", "username": "", "text": "สมเด็จพระสังฆราชฯ ประทานคติธรรมเนื่องในวัน #มาฆบูชา พุทธศักราช 2562 . #ข่าวใหญ่25 #GMM25 http:// bit.ly/2Ikv4Kq", "date": "18-02-2019 15:28", "retweet": 12, "like": 8}, {"id": "1097387477218672644", "url": "https://twitter.com/bignews25/status/1097387477218672644", "username": "", "text": "กองปราบฯ รวบชายวัย 50 ข่มขืนเด็ก 14 อ้างไม่ได้ข่มขืน-เป็นชายรักชาย-เด็กมาลวนลามเอง! . #GMM25 #ข่าวใหญ่25 http:// bit.ly/2GMqthz", "date": "18-02-2019 13:48", "retweet": 0, "like": 0}, {"id": "1097376396135981056", "url": "https://twitter.com/bignews25/status/1097376396135981056", "username": "", "text": "#หนักแผ่นดิน ไม่ใช่เพลงใหม่ แต่ที่มามาจากไหน ลองทบทวนกันดู . #ข่าวใหญ่25 #GMM25 pic.twitter.com/UPmmFzUptC", "date": "18-02-2019 13:04", "retweet": 11, "like": 2}, {"id": "1097364521591627776", "url": "https://twitter.com/bignews25/status/1097364521591627776", "username": "", "text": "การเมืองระอุ! เมื่อ ผบ.ทบ. พูดสั้นๆ ให้ฟังเพลง #หนักแผ่นดิน เมื่อนักข่าวถามถึงกรณี #เพื่อไทย เสนอเสนอตัดงบกองทัพและเลิกการเกณฑ์ทหาร! หมายเหตุ : ก่อนหน้านี้พรรค #ประชาธิปัตย์ และ #อนาคตใหม่ ก็พูดถึงยกเลิกการเกณฑ์ทหารมาก่อนด้วย #GMM25 #ข่าวใหญ่25 #เลือกตั้ง62 pic.twitter.com/10lHz7MnF1", "date": "18-02-2019 12:17", "retweet": 85, "like": 25}, {"id": "1097355403053035525", "url": "https://twitter.com/bignews25/status/1097355403053035525", "username": "", "text": "ญาติสาวพริตตี้เหยื่อนวดแท้งลูกโวย รพ.ไล่กลับไปตายบ้าน อ้างรักษาเต็มวงเงินประกันสังคม . อ่านต่อ : http:// gmm25.com/news/detail/25 31 … #ข่าวใหญ่25 #GMM25 pic.twitter.com/MOZUjD1jKo", "date": "18-02-2019 11:41", "retweet": 0, "like": 0}, {"id": "1097346738384322560", "url": "https://twitter.com/bignews25/status/1097346738384322560", "username": "", "text": "ฝากขัง ‘บังนัท’ผู้ต้องหาข่มขืนเด็กวัย 12 . ติดตามใน #เที่ยงข่าวใหญ่ วันนี้ 12.00 น. ทาง #GMM25 ชมสดผ่าน FB Live ที่เพจ GMM25Thailand / ข่าวใหญ่ 25 pic.twitter.com/EfiK6EqiEo", "date": "18-02-2019 11:07", "retweet": 0, "like": 0}, {"id": "1097314507032977408", "url": "https://twitter.com/bignews25/status/1097314507032977408", "username": "", "text": "เจ้าหน้าที่สกัดกลุ่มลักลอบขนงูกว่า 1,800 ตัว จ่อส่งต่อข้ามไปยังประเทศเพื่อนบ้าน ขณะกำลังลำเลียงลงเรือหางยาวริมฝั่งโขง ส่วนผู้ต้องหาหลบหนีไปได้! . #GMM25 #ข่าวใหญ่25 http:// bit.ly/2trYXhC", "date": "18-02-2019 08:59", "retweet": 0, "like": 0}, {"id": "1097300057064230917", "url": "https://twitter.com/bignews25/status/1097300057064230917", "username": "", "text": "ระทึก! วินาทีเกิดอุบัติเหตุเรือหางยาวเหินกลางน้ำ ในงานแข่งเรือที่ จ.สมุทรปราการ เย็นวานนี้ . #GMM25 #ข่าวใหญ่25 pic.twitter.com/dop5fk059T", "date": "18-02-2019 08:01", "retweet": 1, "like": 2}]