[{"id": "1098837909820518401", "url": "https://twitter.com/bj7766/status/1098837909820518401", "username": "", "text": "#Google #podcast เหมือนได้ฟังวิทยุอเมริกา ท่าทางจะยังไม่มีรายการของประเทศอื่น pic.twitter.com/K58av3ZfaV", "date": "22-02-2019 13:52", "retweet": 1, "like": 0}, {"id": "1098767585229778944", "url": "https://twitter.com/bj7766/status/1098767585229778944", "username": "", "text": "ยุคนี้ยิ่งน่ากลัว pic.twitter.com/xmeQgwzg70", "date": "22-02-2019 09:13", "retweet": 0, "like": 0}, {"id": "1098767436772331520", "url": "https://twitter.com/bj7766/status/1098767436772331520", "username": "", "text": "เทคนิคและเทคโนโลยีการพิมพ์ก็เป็นเลิศ ไม่อย่างนั้นคงไม่สามารถพิมพ์ภาพและตัวหนังสือบนกระดาษเนื้อขรุขระนี้ได้อย่างครบถ้วน (ดูสีฟ้าสิ เม็ดสีไม่แตกเลย) นี่เป็นเหตุผลที่หนังสือเล่มนี้ชนะรางวัล Best Book Design 2019 #books #design #bookdesign pic.twitter.com/RRtbX770DI", "date": "22-02-2019 09:12", "retweet": 0, "like": 0}, {"id": "1098767430262771712", "url": "https://twitter.com/bj7766/status/1098767430262771712", "username": "", "text": "Old trade of Jiangsu หนังสือว่าด้วยการค้าสมัยโบราณของมณฑลเจียงซู ที่สินค้าสมัยนั้นต้องห่อด้วยกระดาษน้ำตาลราคาถูก เนื้อเดียวกับที่เขานำมาทำหนังสือ เลยทำให้ยิ่งได้กลิ่นอายของเรื่องเล่าได้มากยิ่งขึ้น #books #design #bookdesign pic.twitter.com/m3mKoZsyze", "date": "22-02-2019 09:12", "retweet": 0, "like": 0}, {"id": "1098417440759795712", "url": "https://twitter.com/bj7766/status/1098417440759795712", "username": "", "text": "เป็นอันว่าพับไปก่อนนะคะ #T2ศาลเจ้า pic.twitter.com/EY4C33ZA6G", "date": "21-02-2019 10:01", "retweet": 0, "like": 0}, {"id": "1097719938175819779", "url": "https://twitter.com/bj7766/status/1097719938175819779", "username": "", "text": "แล้วเอาเงินที่ได้มาเข้างบ \"ทหารเกณฑ์\" เป็นสวัสดิการ เงินเดือนให้กับคนที่สมัครใจ หรือจำใจต้องเป็น (จับได้ใบแดง) \"เท่านั้น\" ทหารอื่นไม่เกี่ยว และไม่เอาเข้ากองทัพด้วย คนที่เสียสละมาจะได้รับผลตอบแทนที่มากกว่าเงินเดือนอันน้อยนิด แถมอาจเพิ่มแรงจูงใจให้สมัครใจมามากขึ้น", "date": "19-02-2019 11:50", "retweet": 0, "like": 0}, {"id": "1097719935537532929", "url": "https://twitter.com/bj7766/status/1097719935537532929", "username": "", "text": "ถ้าไม่อยากเป็นทหารเกณฑ์เพราะกลัวบำบาก ไหนๆ ประเทศนี้ คนรวยมีสตางค์ทำไรก็ไม่ผิดอยู่แล้ว จ่ายมาเลยจ้า กี่แสนก็ว่ามา ไม่ต้องใต้โต๊ะด้วย จะจ่ายรวดเดียว หรือจ่ายรายเดือนก็ได้ (เผื่อคนมีเงินไม่มาก แต่อยากใช้เงินซื้อความสบาย) #ไม่ต้องเกณฑ์ทหาร", "date": "19-02-2019 11:50", "retweet": 0, "like": 0}, {"id": "1097672153917358081", "url": "https://twitter.com/bj7766/status/1097672153917358081", "username": "", "text": "พ.ร.บ.ยาเสพติดใหม่ เปิดช่องให้นำกัญชา-กระท่อมไปใช้ทางการแพทย์ ครอบคลุมถึงยาแผนโบราณและยาสมุนไพรได้ แต่ระยะ 5 ปีแรกให้เฉพาะหน่วยงานรัฐ หรือร่วมกับหน่วยงานอื่นเท่านั้น ผู้ลักลอบครอบครอง-จำหน่ายยังคงรับโทษเหมือนเดิม ส่วนผู้เสพ ถ้าไม่ใช่รักษา คุก 1 ปี กัญชาปรับ 2 หมื่น กระท่อม 2 พัน", "date": "19-02-2019 08:40", "retweet": 0, "like": 0}]