[{"id": "1099299894160814080", "url": "https://twitter.com/BKKRickLee/status/1099299894160814080", "username": "", "text": "สมเจียม เวลาเจอเรื่องแย่ๆก็ไปปารีสเหมือนกันครับ https:// twitter.com/ter_nawapol/st atus/1099258230948061186 …", "date": "23-02-2019 20:28", "retweet": 0, "like": 0}, {"id": "1099299502668697600", "url": "https://twitter.com/BKKRickLee/status/1099299502668697600", "username": "", "text": "If scientist said “There has no proven evidence so far” means they are as certain as you walk out of the building and couldn’t fly. https:// twitter.com/cbcpolitics/st atus/922807122055790593 …", "date": "23-02-2019 20:26", "retweet": 0, "like": 0}, {"id": "1099298119764725763", "url": "https://twitter.com/BKKRickLee/status/1099298119764725763", "username": "", "text": "Good evening pic.twitter.com/653LZy7u6K", "date": "23-02-2019 20:21", "retweet": 0, "like": 0}, {"id": "1099255731113517057", "url": "https://twitter.com/BKKRickLee/status/1099255731113517057", "username": "", "text": "Opinion: Anti-Communist Song Belongs in Thailand’s Past, Period http://www. khaosodenglish.com/opinion/2019/0 2/23/anti-communist-song-belongs-in-thailands-past-period/ …", "date": "23-02-2019 17:32", "retweet": 0, "like": 0}, {"id": "1099248701342511104", "url": "https://twitter.com/BKKRickLee/status/1099248701342511104", "username": "", "text": "เพลงส่งตรงมาจากหน่วยสงครามการข่าวนะครับ #เพื่อความมั่นคงของชาติหรือเพื่อความมั่นคงของเก้าอี้ลุง #หน่วยทำลายความสามัคคีในชาติ https://www. facebook.com/story.php?stor y_fbid=10216069204457927&id=1083960763 …", "date": "23-02-2019 17:04", "retweet": 0, "like": 0}, {"id": "1099247359152709632", "url": "https://twitter.com/BKKRickLee/status/1099247359152709632", "username": "", "text": "https://www. facebook.com/story.php?stor y_fbid=10216069168217021&id=1083960763 …", "date": "23-02-2019 16:59", "retweet": 0, "like": 0}, {"id": "1099198074969178112", "url": "https://twitter.com/BKKRickLee/status/1099198074969178112", "username": "", "text": "Seriously your guys should stop tweeting in respond for the sake of relationship. https:// twitter.com/rusembusa/stat us/1098997569584275456 …", "date": "23-02-2019 13:43", "retweet": 0, "like": 0}, {"id": "1099197686136287233", "url": "https://twitter.com/BKKRickLee/status/1099197686136287233", "username": "", "text": "Another similar case to @rahaf84427714 happening in #Hongkong right now https:// twitter.com/coconutsdotco/ status/1099194646431821824 …", "date": "23-02-2019 13:42", "retweet": 0, "like": 0}, {"id": "1099195162087964672", "url": "https://twitter.com/BKKRickLee/status/1099195162087964672", "username": "", "text": "Now I understand where #ThaiJunta got their election idea from. https://www. facebook.com/story.php?stor y_fbid=10216068522080868&id=1083960763 …", "date": "23-02-2019 13:32", "retweet": 0, "like": 0}, {"id": "1099193553643757568", "url": "https://twitter.com/BKKRickLee/status/1099193553643757568", "username": "", "text": "งานแผนชนะแน่นอน สุดท้ายประมาท แพ้ยับ", "date": "23-02-2019 13:25", "retweet": 0, "like": 0}, {"id": "1099193285606690816", "url": "https://twitter.com/BKKRickLee/status/1099193285606690816", "username": "", "text": "เขาอ้างคำพูดของ Saint Jude ก็ตามหลักวิชามันไม่ชอบธรรมเข้าเลยต้องมีสภามาผ่านกฎหมายและงบประมาณ มีศาลมาตัดสินแยกต่างหาก ไม่ใช่ตัดสินตามอารมณ์ #เลือกตั้ง62 https:// twitter.com/thailandcaptia n/status/1098181975569924096 …", "date": "23-02-2019 13:24", "retweet": 0, "like": 0}, {"id": "1099188550434607104", "url": "https://twitter.com/BKKRickLee/status/1099188550434607104", "username": "", "text": "ภาพเขียนหลายวัดจางไปหมดครับ วัดยุคหลังๆ ไม่มีภาพเขียน สำคัญ เลย", "date": "23-02-2019 13:05", "retweet": 0, "like": 2}, {"id": "1099187918122303488", "url": "https://twitter.com/BKKRickLee/status/1099187918122303488", "username": "", "text": "https://www. facebook.com/story.php?stor y_fbid=10216068467799511&id=1083960763 …", "date": "23-02-2019 13:03", "retweet": 0, "like": 0}, {"id": "1099182564059693056", "url": "https://twitter.com/BKKRickLee/status/1099182564059693056", "username": "", "text": "นี่อ่านหนังสืออยู่ 555", "date": "23-02-2019 12:41", "retweet": 0, "like": 0}, {"id": "1099171063907311616", "url": "https://twitter.com/BKKRickLee/status/1099171063907311616", "username": "", "text": "ครั้งนี้มันไปไกลกว่าการเลือกตั้งอ่ะ มันเป็น Parliamentary forces VS Military factions. มันตัดสินเลยว่าไทยจะเป็นแบบไหนในอนาคต", "date": "23-02-2019 11:56", "retweet": 0, "like": 0}, {"id": "1099131596290936833", "url": "https://twitter.com/BKKRickLee/status/1099131596290936833", "username": "", "text": "เชียร์แกนะ ยกเว้นนโยบายเรื่องศาสนาของแกนี่ไม่ไหวอ่ะ", "date": "23-02-2019 09:19", "retweet": 0, "like": 0}, {"id": "1099127690798350336", "url": "https://twitter.com/BKKRickLee/status/1099127690798350336", "username": "", "text": "https://www. facebook.com/story.php?stor y_fbid=10216067556696734&id=1083960763 …", "date": "23-02-2019 09:03", "retweet": 0, "like": 0}, {"id": "1099126841720266752", "url": "https://twitter.com/BKKRickLee/status/1099126841720266752", "username": "", "text": "https://www. facebook.com/story.php?stor y_fbid=10216067547216497&id=1083960763 …", "date": "23-02-2019 09:00", "retweet": 0, "like": 0}, {"id": "1099126300982206464", "url": "https://twitter.com/BKKRickLee/status/1099126300982206464", "username": "", "text": "https://www. facebook.com/story.php?stor y_fbid=10216067540376326&id=1083960763 …", "date": "23-02-2019 08:58", "retweet": 0, "like": 0}, {"id": "1098944942305505280", "url": "https://twitter.com/BKKRickLee/status/1098944942305505280", "username": "", "text": "Duke of Wellingtons เป็นอดีตนายกรัฐมนตรีของอังกฤษ 2 สมัย และแม่ทัพที่บัญชาการรบจนชนะนโปเลียน ในสมรภูมิ Waterloo นี่ครับรูป ส่วนตอนรบกันก็แบบนี้เลย https:// youtu.be/hFUzYQjXBi8 pic.twitter.com/IAhxfsUauo", "date": "22-02-2019 20:57", "retweet": 43, "like": 9}, {"id": "1098940983696183296", "url": "https://twitter.com/BKKRickLee/status/1098940983696183296", "username": "", "text": "17 มีนาครบรอบการตาย 2 ปี เรายังไม่ลืม #เลือกตั้ง62 #savetanathorn https:// twitter.com/allthatxweedx/ status/1098812597195788289 …", "date": "22-02-2019 20:42", "retweet": 2, "like": 1}, {"id": "1098940358895984640", "url": "https://twitter.com/BKKRickLee/status/1098940358895984640", "username": "", "text": "คุณหลวงเจ้ 555", "date": "22-02-2019 20:39", "retweet": 0, "like": 0}, {"id": "1098926159197130754", "url": "https://twitter.com/BKKRickLee/status/1098926159197130754", "username": "", "text": "Woman, 18, Killed in Her Home as Army Opens Fire on Village in N. Rakhine https:// bit.ly/2txIKYg", "date": "22-02-2019 19:43", "retweet": 0, "like": 0}, {"id": "1098922176332218374", "url": "https://twitter.com/BKKRickLee/status/1098922176332218374", "username": "", "text": "กับตันเราเล่าให้ฟังในคลาสยุทธศาสตร์ เล่าให้ฟังว่าทิ้งผิด ลงพวกเดียวกัน คือไม่ได้มีการกะรัศมีระเบิด เกิดจากความไม่มีวินัยและระบบนั่นแหละ https:// twitter.com/tivotivotew/st atus/1098768713723990017 …", "date": "22-02-2019 19:27", "retweet": 40, "like": 16}, {"id": "1098921560667082752", "url": "https://twitter.com/BKKRickLee/status/1098921560667082752", "username": "", "text": "I had been a scholar in my middle school. I didn’t found any of that !!", "date": "22-02-2019 19:24", "retweet": 0, "like": 0}, {"id": "1098913027829620736", "url": "https://twitter.com/BKKRickLee/status/1098913027829620736", "username": "", "text": "ผู้พิพากษา ชี้หาก พรบ.ไซเบอร์ ผ่าน ละเมิดสิทธิร้ายแรง แค่สงสัย ยึดคอมฯได้ แนะเลือกตั้งแก https://www. khaosod.co.th/special-storie s/news_2231014 …", "date": "22-02-2019 18:50", "retweet": 0, "like": 0}, {"id": "1098908574988652544", "url": "https://twitter.com/BKKRickLee/status/1098908574988652544", "username": "", "text": "ชนะอะไร? แกจะแพ้ที่ชายแดนและ อุดมเดช สีหบุตร ไปช่วยไว้", "date": "22-02-2019 18:33", "retweet": 0, "like": 0}, {"id": "1098907549867290624", "url": "https://twitter.com/BKKRickLee/status/1098907549867290624", "username": "", "text": "Scum of nation? Anyway in the end of the day this song was written to promote hatred and political violent.", "date": "22-02-2019 18:29", "retweet": 1, "like": 2}, {"id": "1098903715044421632", "url": "https://twitter.com/BKKRickLee/status/1098903715044421632", "username": "", "text": "Thesis defence for “Resort and Spa Management” https://www. facebook.com/story.php?stor y_fbid=10216062845658961&id=1083960763 …", "date": "22-02-2019 18:13", "retweet": 0, "like": 0}, {"id": "1098892986694291457", "url": "https://twitter.com/BKKRickLee/status/1098892986694291457", "username": "", "text": "And we should tell those people. “If there has a gun pointing at you while you are doing it, it would be a communist” https://www. npr.org/sections/thesa lt/2018/07/31/634442195/when-the-u-s-government-tried-to-replace-migrant-farmworkers-with-high-schoolers?utm_campaign=storyshare&utm_source=facebook.com&utm_medium=social&fbclid=IwAR24k2qT9mr4cj936bZn4OmxzoFz51E8eLBXFrJKI8hNjvmSRF8agz_WNVU …", "date": "22-02-2019 17:31", "retweet": 0, "like": 0}, {"id": "1098883080041844736", "url": "https://twitter.com/BKKRickLee/status/1098883080041844736", "username": "", "text": "Bro Force: Americans and Thais Chug Blood, Open Fire for 'Cobra Gold' (Video) http://www. khaosodenglish.com/news/2019/02/2 2/bro-force-americans-and-thais-chug-blood-open-fire-for-cobra-gold-video/ …", "date": "22-02-2019 16:51", "retweet": 0, "like": 0}, {"id": "1098882262735630337", "url": "https://twitter.com/BKKRickLee/status/1098882262735630337", "username": "", "text": "https://www. facebook.com/story.php?stor y_fbid=10216062596212725&id=1083960763 …", "date": "22-02-2019 16:48", "retweet": 0, "like": 0}, {"id": "1098879965737578496", "url": "https://twitter.com/BKKRickLee/status/1098879965737578496", "username": "", "text": "She he colour. If it’s not black or soft or smelt alcohol. You can eat it. See if there had animal bite and no dead animal around in case of jungle condition.", "date": "22-02-2019 16:39", "retweet": 0, "like": 1}, {"id": "1098879441344724992", "url": "https://twitter.com/BKKRickLee/status/1098879441344724992", "username": "", "text": "ใช่ครับ ทั้งกองร้อยผมเคยถาม มีมาเรียนเพราะชอบจริงๆ ประมาณหมู่เดียว", "date": "22-02-2019 16:37", "retweet": 0, "like": 0}, {"id": "1098879063903498240", "url": "https://twitter.com/BKKRickLee/status/1098879063903498240", "username": "", "text": "ดอกไม้ อิจ", "date": "22-02-2019 16:35", "retweet": 0, "like": 0}, {"id": "1098878967409307648", "url": "https://twitter.com/BKKRickLee/status/1098878967409307648", "username": "", "text": "I saw it in Max Muay Thai wen fighter got elbowed", "date": "22-02-2019 16:35", "retweet": 0, "like": 0}, {"id": "1098746428803796992", "url": "https://twitter.com/BKKRickLee/status/1098746428803796992", "username": "", "text": "Bangkok Premiere: ‘Amadeus’ to be screened as Thai Philharmonic Orchestra plays along live (VIDEO) https:// coconuts.co/bangkok/lifest yle/bangkok-premiere-amadeus-screened-thai-philharmonic-orchestra-plays-along-live-video/ …", "date": "22-02-2019 07:48", "retweet": 0, "like": 0}, {"id": "1098744926521573376", "url": "https://twitter.com/BKKRickLee/status/1098744926521573376", "username": "", "text": "https://www. facebook.com/story.php?stor y_fbid=10216059935026197&id=1083960763 …", "date": "22-02-2019 07:42", "retweet": 0, "like": 0}, {"id": "1098574397747519489", "url": "https://twitter.com/BKKRickLee/status/1098574397747519489", "username": "", "text": "It doesn’t matter anymore. US need better gun control https:// twitter.com/AmarAmarasinga m/status/1098417572289097735 …", "date": "21-02-2019 20:25", "retweet": 0, "like": 0}, {"id": "1098534570142576641", "url": "https://twitter.com/BKKRickLee/status/1098534570142576641", "username": "", "text": "I live in a country that tweets disappear", "date": "21-02-2019 17:47", "retweet": 0, "like": 0}, {"id": "1098525490795577344", "url": "https://twitter.com/BKKRickLee/status/1098525490795577344", "username": "", "text": "ผลงานชิ้นโบว์แดงของ พรรคพวกลุงกำนัน และทหารนอกเครื่องแบบ(จากปากคำของเสรีพิสุทธิ์) ลุงถูกยิงทั้งที่พยายามแค่จะเข้าไปรับลูก อยากให้เด็กๆได้จำเอาไว้ #เลือกตั้ง62 https:// twitter.com/tv24official/s tatus/514967091099598848 …", "date": "21-02-2019 17:11", "retweet": 1, "like": 0}, {"id": "1098524899637813249", "url": "https://twitter.com/BKKRickLee/status/1098524899637813249", "username": "", "text": "Hat off to Iranian women who stand against injustice. https:// twitter.com/alinejadmasih/ status/1098321297757609984 …", "date": "21-02-2019 17:08", "retweet": 0, "like": 0}, {"id": "1098524169568890881", "url": "https://twitter.com/BKKRickLee/status/1098524169568890881", "username": "", "text": "What are you studying? Major?", "date": "21-02-2019 17:05", "retweet": 0, "like": 0}, {"id": "1098522257431789568", "url": "https://twitter.com/BKKRickLee/status/1098522257431789568", "username": "", "text": "Oh lord, my school was like 500 ppl", "date": "21-02-2019 16:58", "retweet": 0, "like": 1}, {"id": "1098521289227001858", "url": "https://twitter.com/BKKRickLee/status/1098521289227001858", "username": "", "text": "In my personal opinion, she should able to travel back and meet up with prosecution. That includes her father whom radicalise her since childhood. The fact that her father joined the radical march must remain in judgment.", "date": "21-02-2019 16:54", "retweet": 0, "like": 1}, {"id": "1098519656019550213", "url": "https://twitter.com/BKKRickLee/status/1098519656019550213", "username": "", "text": "This has been circulating in #Thailand Twitter feed recently https:// twitter.com/maprangkab/sta tus/1098467885884661760 …", "date": "21-02-2019 16:47", "retweet": 0, "like": 0}, {"id": "1098501500224004096", "url": "https://twitter.com/BKKRickLee/status/1098501500224004096", "username": "", "text": "Thai Power Party Defends Candidate’s ‘Hot’ Pics http://www. khaosodenglish.com/politics/2019/ 02/21/thai-power-party-defends-candidates-hot-pics/ …", "date": "21-02-2019 15:35", "retweet": 1, "like": 1}, {"id": "1098492914672361472", "url": "https://twitter.com/BKKRickLee/status/1098492914672361472", "username": "", "text": "When Uniclo is your comrade https:// shanghai.ist/2019/02/20/uni qlo-says-its-new-spring-jacket-was-not-inspired-by-mao-zedong/ …", "date": "21-02-2019 15:01", "retweet": 0, "like": 0}, {"id": "1098459544336777216", "url": "https://twitter.com/BKKRickLee/status/1098459544336777216", "username": "", "text": "Thailand female candidate for MPs. This is real volks. https://www. facebook.com/rickrhian/post s/10216053015533214 …", "date": "21-02-2019 12:48", "retweet": 0, "like": 0}, {"id": "1098434803605463040", "url": "https://twitter.com/BKKRickLee/status/1098434803605463040", "username": "", "text": "ร้อยเวรเสกคาถาเรียกควายธน https:// twitter.com/para_na_flickz /status/1098255609571332096 …", "date": "21-02-2019 11:10", "retweet": 0, "like": 0}, {"id": "1098415475208278027", "url": "https://twitter.com/BKKRickLee/status/1098415475208278027", "username": "", "text": "https://www. facebook.com/story.php?stor y_fbid=10216052360556840&id=1083960763 …", "date": "21-02-2019 09:53", "retweet": 0, "like": 0}, {"id": "1098404685038333952", "url": "https://twitter.com/BKKRickLee/status/1098404685038333952", "username": "", "text": "ใจเย็นกันนะครับ อย่าเพิ่งเฮ #เลือกตั้ง62 #เลือกตั้งปี62 #Savethanathorn https:// twitter.com/Prachaya_Ice/s tatus/1098400099447623680 …", "date": "21-02-2019 09:10", "retweet": 7, "like": 4}, {"id": "1098392133931692032", "url": "https://twitter.com/BKKRickLee/status/1098392133931692032", "username": "", "text": "My grandfather was a Nazi. I’ve seen why we need the EU | Matthias Bergmann https://www. theguardian.com/commentisfree/ 2019/feb/20/grandfather-nazi-eu-world-war-two-germans-peace?CMP=fb_gu …", "date": "21-02-2019 08:21", "retweet": 0, "like": 0}, {"id": "1098389918953472011", "url": "https://twitter.com/BKKRickLee/status/1098389918953472011", "username": "", "text": "Darkest-day song nothing to be proud of https://www. bangkokpost.com/opinion/opinio n/1631798/ …", "date": "21-02-2019 08:12", "retweet": 1, "like": 0}, {"id": "1098389510889455616", "url": "https://twitter.com/BKKRickLee/status/1098389510889455616", "username": "", "text": "Thai police seek to prosecute leader of anti-junta party popular... https:// mobile.reuters.com/article/amp/id USKCN1Q91M8?__twitter_impression=true …", "date": "21-02-2019 08:10", "retweet": 0, "like": 0}, {"id": "1098368784383959041", "url": "https://twitter.com/BKKRickLee/status/1098368784383959041", "username": "", "text": "Good morning from Thailand. Rice congee and poach eggs pic.twitter.com/6DmniXGcBv", "date": "21-02-2019 06:48", "retweet": 0, "like": 0}, {"id": "1098315729978322945", "url": "https://twitter.com/BKKRickLee/status/1098315729978322945", "username": "", "text": "That’s scary.", "date": "21-02-2019 03:17", "retweet": 0, "like": 0}, {"id": "1098163829454790657", "url": "https://twitter.com/BKKRickLee/status/1098163829454790657", "username": "", "text": "Those", "date": "20-02-2019 17:13", "retweet": 0, "like": 1}, {"id": "1098145668168802305", "url": "https://twitter.com/BKKRickLee/status/1098145668168802305", "username": "", "text": "https://www. facebook.com/story.php?stor y_fbid=10216047098905302&id=1083960763 …", "date": "20-02-2019 16:01", "retweet": 0, "like": 0}, {"id": "1098143615933501440", "url": "https://twitter.com/BKKRickLee/status/1098143615933501440", "username": "", "text": "ยุทธการข้อมูลข่าวสาร เพื่อต่อต้าน‘อนาคต’ : โดย กล้า สมุทวณิช https://www. matichon.co.th/article/news_1 368952 …", "date": "20-02-2019 15:53", "retweet": 1, "like": 0}, {"id": "1098143272726196224", "url": "https://twitter.com/BKKRickLee/status/1098143272726196224", "username": "", "text": "Far-right to be precise", "date": "20-02-2019 15:52", "retweet": 0, "like": 1}, {"id": "1098141792724119552", "url": "https://twitter.com/BKKRickLee/status/1098141792724119552", "username": "", "text": "Vote no ก็ถือว่า vote ให้ลุง", "date": "20-02-2019 15:46", "retweet": 0, "like": 0}, {"id": "1098141271594459137", "url": "https://twitter.com/BKKRickLee/status/1098141271594459137", "username": "", "text": "ได้เป็น greenhouse ข้างในเก๋ๆ ?", "date": "20-02-2019 15:44", "retweet": 0, "like": 1}, {"id": "1098140832903749632", "url": "https://twitter.com/BKKRickLee/status/1098140832903749632", "username": "", "text": "เป็นการตอกย้ำให้เห็นว่า เรานั้นก็ยังเป็น “ประเทศที่กฎหมาย มีให้ตำรวจข่มขู่” ตามเพลงนั่นแล และตอกย้ำว่าประเทศนี้ไม่ว่าประชาชนจะส่งเสียงยังไง รัฐก็ฟังแต่เสียงที่ดังกว่า #เลือกตั้งปี62 #ThElection19 #THwantElection https:// twitter.com/wassanananuam/ status/1098065378553384960 …", "date": "20-02-2019 15:42", "retweet": 0, "like": 0}, {"id": "1098138848926654464", "url": "https://twitter.com/BKKRickLee/status/1098138848926654464", "username": "", "text": "So you aim to nuke #Thailand ? https:// twitter.com/globaltimesnew s/status/1098039536012079104 …", "date": "20-02-2019 15:34", "retweet": 0, "like": 0}, {"id": "1098069280111771649", "url": "https://twitter.com/BKKRickLee/status/1098069280111771649", "username": "", "text": "ถือข้อหาวางเพลิง? การใช้ควันรมบ้านเรือนนี่เหมือนเตาถ่านในรถอ่ะ ถึงชีวิตได้นะ https://www. facebook.com/story.php?stor y_fbid=10216046209163059&id=1083960763 …", "date": "20-02-2019 10:58", "retweet": 0, "like": 0}, {"id": "1098061356144635904", "url": "https://twitter.com/BKKRickLee/status/1098061356144635904", "username": "", "text": "Yes, and Mark Anthony wasn’t impress about that", "date": "20-02-2019 10:26", "retweet": 0, "like": 0}, {"id": "1097933517227360256", "url": "https://twitter.com/BKKRickLee/status/1097933517227360256", "username": "", "text": "Today also a Buddhist day. Anyway here’s white elephant lol pic.twitter.com/Jxizx6HWf3", "date": "20-02-2019 01:58", "retweet": 0, "like": 1}, {"id": "1097878394228756480", "url": "https://twitter.com/BKKRickLee/status/1097878394228756480", "username": "", "text": "Both India and Pakistan should start getting over their ego and start dialogue with each other over this dispute and starting new investments for everyone #ajnewsgrid", "date": "19-02-2019 22:19", "retweet": 0, "like": 1}, {"id": "1097825720405905408", "url": "https://twitter.com/BKKRickLee/status/1097825720405905408", "username": "", "text": "Wow just wow", "date": "19-02-2019 18:50", "retweet": 0, "like": 0}, {"id": "1097803675676827648", "url": "https://twitter.com/BKKRickLee/status/1097803675676827648", "username": "", "text": "แดงจ้าาาาา", "date": "19-02-2019 17:22", "retweet": 0, "like": 0}, {"id": "1097778760114294786", "url": "https://twitter.com/BKKRickLee/status/1097778760114294786", "username": "", "text": "Do you have suggestion for comedy?", "date": "19-02-2019 15:43", "retweet": 0, "like": 0}, {"id": "1097767717195534336", "url": "https://twitter.com/BKKRickLee/status/1097767717195534336", "username": "", "text": "This is the real legendary \"White Elephant\" from #Thailand . His name is “Mr.Ekachai” means the victor. He will be soon declared royal procession to King Rama X. Following 10 day long strict examination. #Elephant #GOT ⁠ ⁠⁠ ⁠see video http:// youtu.be/gEq1MWbtvnU pic.twitter.com/KREQY8GhPg", "date": "19-02-2019 14:59", "retweet": 0, "like": 0}, {"id": "1097654056707776512", "url": "https://twitter.com/BKKRickLee/status/1097654056707776512", "username": "", "text": "Major military factions in Thailand. บูรพาพยัคฆ์ = Eastern Tigers ทหารเสือราชินี = Queen’s Musketier วงศ์เทวัญ = Clan of Angels รบพิเศษ = Special Warfare", "date": "19-02-2019 07:28", "retweet": 0, "like": 1}, {"id": "1097652414646181888", "url": "https://twitter.com/BKKRickLee/status/1097652414646181888", "username": "", "text": "การกลับมาของ ‘วงศ์เทวัญ’ ในการขึ้นสู่ตำแหน่งผู้บัญชาการทหารบกในรอบ 15 ปี – THE STANDARD https:// thestandard.co/wongthewan-bec ome-to-commander-in-chief-of-the-royal-thai-army-in-15-years/ …", "date": "19-02-2019 07:21", "retweet": 0, "like": 0}, {"id": "1097454033575366659", "url": "https://twitter.com/BKKRickLee/status/1097454033575366659", "username": "", "text": "แสดงให้เห็นว่ายังไม่เคยสำนึกถึง ความฉิบหายที่คนรุ่นหลังต้องรับกรรมจนวันนี้ https:// twitter.com/armdhiravath/s tatus/1097171670698156032 …", "date": "18-02-2019 18:13", "retweet": 0, "like": 0}, {"id": "1097453062296199168", "url": "https://twitter.com/BKKRickLee/status/1097453062296199168", "username": "", "text": "That’s lovely boots", "date": "18-02-2019 18:09", "retweet": 0, "like": 1}, {"id": "1097452609273622528", "url": "https://twitter.com/BKKRickLee/status/1097452609273622528", "username": "", "text": "https://www. facebook.com/story.php?stor y_fbid=10216035324610952&id=1083960763 …", "date": "18-02-2019 18:07", "retweet": 0, "like": 0}, {"id": "1097421357548167168", "url": "https://twitter.com/BKKRickLee/status/1097421357548167168", "username": "", "text": "สู้นี่ไมเกรนขึ้นจ้าาาา", "date": "18-02-2019 16:03", "retweet": 0, "like": 0}, {"id": "1097315778544562177", "url": "https://twitter.com/BKKRickLee/status/1097315778544562177", "username": "", "text": "https://www. facebook.com/story.php?stor y_fbid=10216033496845259&id=1083960763 …", "date": "18-02-2019 09:04", "retweet": 0, "like": 0}, {"id": "1097297444809826304", "url": "https://twitter.com/BKKRickLee/status/1097297444809826304", "username": "", "text": "https://www. facebook.com/story.php?stor y_fbid=10216033174397198&id=1083960763 …", "date": "18-02-2019 07:51", "retweet": 0, "like": 0}]