[{"id": "1098116892881956864", "url": "https://twitter.com/BLUESKYCHANNEL/status/1098116892881956864", "username": "", "text": "พรรคอนาคตใหม่ยอมแก้แล้วหลังมีการมั่วประวัติธนาธร อ่านต่อ : https:// bit.ly/2T2Ele1 #blueskyonline #bluesky #ฟ้าวันใหม่ pic.twitter.com/1CcTPijUvK", "date": "20-02-2019 14:07", "retweet": 4, "like": 6}, {"id": "1097452222768570370", "url": "https://twitter.com/BLUESKYCHANNEL/status/1097452222768570370", "username": "", "text": "\"ธนาธร\" ลั่น หากเป็น รบ. จะเปิดรับโรฮิงญาให้เข้ามาทำงาน เพื่อขับเคลื่อนเศรษฐกิจไทย อ่านต่อ : http:// bit.ly/2S69xVi #blueskyonline #bluesky #ฟ้าวันใหม่ pic.twitter.com/PWZm3vKV5k", "date": "18-02-2019 18:06", "retweet": 0, "like": 2}, {"id": "1097391324477542401", "url": "https://twitter.com/BLUESKYCHANNEL/status/1097391324477542401", "username": "", "text": "นโยบายประกันรายได้เกษตรกรของพรรคประชาธิปัตย์ VS จำนำข้าวของพรรคเพื่อไทย ทำมาแล้วใครได้ใครเสีย อ่านต่อ : https:// bit.ly/2IgTiVK #blueskyonline #bluesky #ฟ้าวันใหม่ pic.twitter.com/Ukh1ODTQ3M", "date": "18-02-2019 14:04", "retweet": 6, "like": 6}]