[{"id": "1098992929857626112", "url": "https://twitter.com/BombTnk/status/1098992929857626112", "username": "", "text": "ไม่ได้ดูถูกค้าบ แต่พวกโผมไม่เอาการมาแบบเผด็จการค้าบบบบ ถ้าตอบแบบบ้านๆก็ \"กูไม่ได้เลือก..เสือกเอามาทำไม\" #เลือกตั้ง62 pic.twitter.com/1ut0QrfP3t", "date": "23-02-2019 00:08", "retweet": 0, "like": 0}, {"id": "1098972317395255296", "url": "https://twitter.com/BombTnk/status/1098972317395255296", "username": "", "text": "งั้นขอเหงาต่อไปดีกว่า 5555555555555", "date": "22-02-2019 22:46", "retweet": 0, "like": 0}, {"id": "1098969809985753088", "url": "https://twitter.com/BombTnk/status/1098969809985753088", "username": "", "text": "ของดีไรแว้ะ", "date": "22-02-2019 22:36", "retweet": 0, "like": 0}, {"id": "1098962911433641985", "url": "https://twitter.com/BombTnk/status/1098962911433641985", "username": "", "text": "โสดแล้วเสือกเหงาอีก โธ่.! วงวารชีวิตตัวเองจริงจริ๊งงงงง", "date": "22-02-2019 22:09", "retweet": 0, "like": 0}, {"id": "1098794423524052992", "url": "https://twitter.com/BombTnk/status/1098794423524052992", "username": "", "text": "รัฐบาลแก่ๆไดโนเสาร์ที่เต็มไปด้วยอำนาจล้นมือ กลัวแฮชแท็ก #savethanathon หรอ??", "date": "22-02-2019 10:59", "retweet": 0, "like": 0}, {"id": "1098765084401094658", "url": "https://twitter.com/BombTnk/status/1098765084401094658", "username": "", "text": "วันเวลาผ่านไปไวเหมือนกันนะ....", "date": "22-02-2019 09:03", "retweet": 0, "like": 0}, {"id": "1098401545295556608", "url": "https://twitter.com/BombTnk/status/1098401545295556608", "username": "", "text": "หน้าที่ใคร ก็หน้าที่มันครับ ที่เห็นว่างอ่ะ ทำงานส่วนของตัวเองเสร็จแล้ว ความมีน้ำใจไม่ได้มีให้ทุกคน https:// twitter.com/ganblade/statu s/1098161165144711168 …", "date": "21-02-2019 08:58", "retweet": 48, "like": 4}, {"id": "1098267154036580354", "url": "https://twitter.com/BombTnk/status/1098267154036580354", "username": "", "text": "ขอซักคนที่มีหัวใจอยู่ในนั้น หัวใจตรงกับฉัน มาเอาความรักฉันไป...", "date": "21-02-2019 00:04", "retweet": 0, "like": 1}, {"id": "1098203639812780033", "url": "https://twitter.com/BombTnk/status/1098203639812780033", "username": "", "text": "อ่ออ งั้นเยอะเลย", "date": "20-02-2019 19:52", "retweet": 0, "like": 0}, {"id": "1098203121094877184", "url": "https://twitter.com/BombTnk/status/1098203121094877184", "username": "", "text": "ใจเยนๆ เร่งหาอยู่", "date": "20-02-2019 19:50", "retweet": 0, "like": 0}, {"id": "1098201249399242755", "url": "https://twitter.com/BombTnk/status/1098201249399242755", "username": "", "text": "สาาาาาาาาาธุ", "date": "20-02-2019 19:42", "retweet": 0, "like": 0}, {"id": "1098183120380018695", "url": "https://twitter.com/BombTnk/status/1098183120380018695", "username": "", "text": "หาเมียให้เพื่อนก่อนนะคะ", "date": "20-02-2019 18:30", "retweet": 0, "like": 0}, {"id": "1098152586429911040", "url": "https://twitter.com/BombTnk/status/1098152586429911040", "username": "", "text": "พยายามนอนก่อน4ทุ่มแล้ว แต่ทำไม่ได้ เขี่ยโทสับแปปเดียว เที่ยงคืนซะงั้น TT https:// twitter.com/minimayyblog/s tatus/1097685968310562816 …", "date": "20-02-2019 16:29", "retweet": 0, "like": 0}, {"id": "1098136507896885249", "url": "https://twitter.com/BombTnk/status/1098136507896885249", "username": "", "text": "อย่าตดดัง..เดี๋ยวเขารู้มีคนแอบฟังอยู่", "date": "20-02-2019 15:25", "retweet": 0, "like": 0}, {"id": "1098123726577491969", "url": "https://twitter.com/BombTnk/status/1098123726577491969", "username": "", "text": "อยากด๊ายยยยย..ไม่ไหวหล้าววววว pic.twitter.com/l2D1JTSEhd", "date": "20-02-2019 14:34", "retweet": 0, "like": 0}, {"id": "1098093412119531520", "url": "https://twitter.com/BombTnk/status/1098093412119531520", "username": "", "text": "ศีลไม่เสมอกัน มันคบกันไม่ได้หรอก แมลงวันมันไม่ชวนกันไปกินน้ำหวาน", "date": "20-02-2019 12:34", "retweet": 0, "like": 0}, {"id": "1098083656847876096", "url": "https://twitter.com/BombTnk/status/1098083656847876096", "username": "", "text": "ตอนแรกก็ไม่อะไรหรอก พอญาติที่อายุเท่ากันแต่งงานเดือนมีนานี้ แต่เรายังไม่เคยพาแฟนไปบ้านเลย เริ่มรู้สึกถึงความกดดันต้องรีบหาแฟนแต่งงาน 55555555", "date": "20-02-2019 11:55", "retweet": 0, "like": 0}, {"id": "1098083128374046720", "url": "https://twitter.com/BombTnk/status/1098083128374046720", "username": "", "text": "มาถึงจุดที่ที่บ้านถามทุกวันว่าเมื่อไหร่จะแต่งงาน?? แนะนำให้เอามั้ย ไปขอลูกสาวบ้านโน้นบ้านนี้บ้านนั่นบ้านนั้นให้เอามั้ย?? - -", "date": "20-02-2019 11:53", "retweet": 0, "like": 0}, {"id": "1098082719714574338", "url": "https://twitter.com/BombTnk/status/1098082719714574338", "username": "", "text": "เมื่อก่อนเคยคิดเรียนจบแล้ว จะขอ ผญ. แต่งงาน สร้างครอบครัวด้วยกัน ตัดภาพมาตอนนี้..ไหนแฟน?? // หล่องห้าย TT", "date": "20-02-2019 11:51", "retweet": 0, "like": 0}, {"id": "1098081625999519744", "url": "https://twitter.com/BombTnk/status/1098081625999519744", "username": "", "text": "สูญเสียกันไปเท่าไหร่แล้วกับคำว่า \"ของมันต้องมี!!\"", "date": "20-02-2019 11:47", "retweet": 0, "like": 0}, {"id": "1098081462836809728", "url": "https://twitter.com/BombTnk/status/1098081462836809728", "username": "", "text": "กิเลสมาอีกแล้วววววว ><", "date": "20-02-2019 11:46", "retweet": 0, "like": 0}, {"id": "1098050141573898240", "url": "https://twitter.com/BombTnk/status/1098050141573898240", "username": "", "text": "กินแล้วนอนเลย ทำบ่อยๆเข้ามันสะสมจนเกิดอาการสะอึกติดกัน2วัน สะอึกจนแสบอก วันนี้เข้าวันที่30เพิ่งหาย หลาบแล้วคับ ไม่ทำพฤติกรรมแบบนี้แล้ววว", "date": "20-02-2019 09:42", "retweet": 0, "like": 0}, {"id": "1097892125943902208", "url": "https://twitter.com/BombTnk/status/1097892125943902208", "username": "", "text": "ช่ายแล้วครับ เลือกทางที่เสียใจน้อยที่สุดก็พอแล้ว : )", "date": "19-02-2019 23:14", "retweet": 1, "like": 1}, {"id": "1097891486723493888", "url": "https://twitter.com/BombTnk/status/1097891486723493888", "username": "", "text": "สรุปเปิดวาร์ปสาวสวยหรือข่าวรมควันครับจ่าาาา ใจเยนๆนะ", "date": "19-02-2019 23:11", "retweet": 0, "like": 4}, {"id": "1097889388627820545", "url": "https://twitter.com/BombTnk/status/1097889388627820545", "username": "", "text": "นอกจากครอบครัวที่ต้องมาอันดับแรกแล้ว ที่เหลือใครเลือกจะหายไปชีวิตคุณนั่นไม่ใช่ปัญหาอะไรเลย : )", "date": "19-02-2019 23:03", "retweet": 1, "like": 3}, {"id": "1097888608952807425", "url": "https://twitter.com/BombTnk/status/1097888608952807425", "username": "", "text": "สั้นๆ \"โสด\" ครับ", "date": "19-02-2019 23:00", "retweet": 1, "like": 23}, {"id": "1097703981621465089", "url": "https://twitter.com/BombTnk/status/1097703981621465089", "username": "", "text": "อดทนต่อกิเลส อดทนต่ออารมณ์ที่โดนเบียดเบียน สาธุๆๆๆ", "date": "19-02-2019 10:46", "retweet": 0, "like": 0}, {"id": "1097690023871172608", "url": "https://twitter.com/BombTnk/status/1097690023871172608", "username": "", "text": "สวัสดีวันมาฆบูชา 1. ทำความดี 2. ละเว้นความชั่ว 3. ทำจิตใจให้บริสุทธิ์", "date": "19-02-2019 09:51", "retweet": 0, "like": 0}, {"id": "1097363020575997952", "url": "https://twitter.com/BombTnk/status/1097363020575997952", "username": "", "text": "้เพื่อนคนไหนมีแฟนนี่ตรูจะไม่คุยด้วยแล้ว ถึงแม้ว่าคุยด้วยกันแบบเพื่อนก็เหอะ สุดท้ายกลายเป็นเราที่เป็นหมาไม่ใช่เพื่อน หลาบแล้วจย้าาาาาา", "date": "18-02-2019 12:11", "retweet": 0, "like": 0}, {"id": "1097362471260610560", "url": "https://twitter.com/BombTnk/status/1097362471260610560", "username": "", "text": "แม้กระทั่งความสัมพันธ์แบบเพื่อน ใช่ว่าจะการันตีว่าจะมีอยู่กับเราตลอดไป เจอมากับตัวแล้ววววว 5555555", "date": "18-02-2019 12:09", "retweet": 0, "like": 0}, {"id": "1097362255463690241", "url": "https://twitter.com/BombTnk/status/1097362255463690241", "username": "", "text": "ไม่ต้องแคร์ทุกคนบนโลกก็ได้ ใครจะอยู่ใครจะหายไปจากชีวิต ก็ปล่อยเขาไปเหอะ ทุกคนมีสิทธิ์เลือกทางเดินตัวเอง", "date": "18-02-2019 12:08", "retweet": 0, "like": 2}]