[{"id": "1099437529512603650", "url": "https://twitter.com/BundarikaJ/status/1099437529512603650", "username": "", "text": "Congratulations @BelindaBencic https:// twitter.com/belindabencic/ status/1099411727832236033 …", "date": "24-02-2019 05:35", "retweet": 0, "like": 2}, {"id": "1099252446277230593", "url": "https://twitter.com/BundarikaJ/status/1099252446277230593", "username": "", "text": "Barilla is so delicious", "date": "23-02-2019 17:19", "retweet": 0, "like": 4}, {"id": "1099116717656072193", "url": "https://twitter.com/BundarikaJ/status/1099116717656072193", "username": "", "text": "My dream may come true", "date": "23-02-2019 08:20", "retweet": 0, "like": 1}, {"id": "1098785694393090048", "url": "https://twitter.com/BundarikaJ/status/1098785694393090048", "username": "", "text": "Congratulations @BelindaBencic https:// twitter.com/wta_insider/st atus/1098634838859497473 …", "date": "22-02-2019 10:24", "retweet": 0, "like": 2}, {"id": "1098722899362500609", "url": "https://twitter.com/BundarikaJ/status/1098722899362500609", "username": "", "text": "Happy Friday, Amber", "date": "22-02-2019 06:15", "retweet": 0, "like": 2}]