[{"id": "1099305651526807552", "url": "https://twitter.com/Byakuren29/status/1099305651526807552", "username": "", "text": "เสียดาย ไม่มีใครกล้าพูด จริงๆ ธรรมชาติของเราๆก็ไม่กล้าโพล่งออกมาตรงๆ", "date": "23-02-2019 20:51", "retweet": 1, "like": 0}, {"id": "1099085063948365824", "url": "https://twitter.com/Byakuren29/status/1099085063948365824", "username": "", "text": "เคยซื้อเฉาก้วยเจ้าดัง ยังไม่หมดอายุ แต่แกะมาหนืดเป็นชีสพิซซ่าเลย", "date": "23-02-2019 06:14", "retweet": 0, "like": 0}, {"id": "1099084297716281344", "url": "https://twitter.com/Byakuren29/status/1099084297716281344", "username": "", "text": "เราอยากเห็นสื่อไทยกล้าถามคำถามแบบนี้ ไม่ใช่เอาแต่คำถามเสี้ยม คำถามอวย หรือเอาแต่ยิ้ม หัวเราะแม้กระทั่งอีตอนถูกปาเปลือกกล้วยใส่หน้า", "date": "23-02-2019 06:11", "retweet": 4, "like": 13}, {"id": "1099083766490836992", "url": "https://twitter.com/Byakuren29/status/1099083766490836992", "username": "", "text": "“I know everything” กล้าพูดจุง", "date": "23-02-2019 06:09", "retweet": 0, "like": 1}, {"id": "1099083426949300224", "url": "https://twitter.com/Byakuren29/status/1099083426949300224", "username": "", "text": "คลิป บิ๊กตู่ พูดอังกฤษอธิบายสื่อต่างชาติ ไทยเหมือนเสื้อเชิ้ต ปลดกระดุมเส... https:// youtu.be/jtqPoQQidGk via @YouTube ติดกระดุมผิดตั้งแต่เม็ดแรกตอนทุบโต๊ะ", "date": "23-02-2019 06:08", "retweet": 0, "like": 0}, {"id": "1098937224110923777", "url": "https://twitter.com/Byakuren29/status/1098937224110923777", "username": "", "text": "คนบางคนไม่มีมารยาทเอาเสียเลย ในร้านอาหาร คุณจะดูคลิป ดูหนังก็ควรใส่หูฟัง ไม่ใช่ปล่อยให้เสียงมันรบกวนคนอื่น่", "date": "22-02-2019 20:27", "retweet": 6, "like": 25}, {"id": "1098913360068788224", "url": "https://twitter.com/Byakuren29/status/1098913360068788224", "username": "", "text": "เฮ้อ....", "date": "22-02-2019 18:52", "retweet": 0, "like": 0}, {"id": "1098902533030858752", "url": "https://twitter.com/Byakuren29/status/1098902533030858752", "username": "", "text": "โอ้ย... อ. เจษฎ์", "date": "22-02-2019 18:09", "retweet": 0, "like": 1}, {"id": "1098902225357725696", "url": "https://twitter.com/Byakuren29/status/1098902225357725696", "username": "", "text": "ก็ให้ประชาชนเลือกสิจ้ะ จะได้ไม่โดนครหา #สว .", "date": "22-02-2019 18:08", "retweet": 0, "like": 1}, {"id": "1098902032453230592", "url": "https://twitter.com/Byakuren29/status/1098902032453230592", "username": "", "text": "หาเรื่องซื้อ \"ของเล่น\" อีกแล้ว", "date": "22-02-2019 18:07", "retweet": 0, "like": 1}, {"id": "1098877578314539009", "url": "https://twitter.com/Byakuren29/status/1098877578314539009", "username": "", "text": "เฮ้อ......ยาวๆๆๆๆ", "date": "22-02-2019 16:30", "retweet": 1, "like": 0}, {"id": "1098839217654788097", "url": "https://twitter.com/Byakuren29/status/1098839217654788097", "username": "", "text": "เสียดายที่รุ่นใหม่ หน้าใหม่ก็ดูเหมือนๆโคลนนิ่งมา ไม่จากชวนก็จากอภิสิทธิ์", "date": "22-02-2019 13:57", "retweet": 0, "like": 0}, {"id": "1098838764590325760", "url": "https://twitter.com/Byakuren29/status/1098838764590325760", "username": "", "text": "นั่นสิเนอะ", "date": "22-02-2019 13:55", "retweet": 0, "like": 1}, {"id": "1098752290343727104", "url": "https://twitter.com/Byakuren29/status/1098752290343727104", "username": "", "text": "@kawaiituku @prakpimol เป็นผู้ชายที่ไม่มีความเป็นสุภาพบุรุษเอาเสียเลย แถมจุกจิก หยุมหยิม ใจปลาซิว ในเรื่องที่ไร้สาระมากด้วยสิ", "date": "22-02-2019 08:12", "retweet": 2, "like": 1}, {"id": "1098744789095276545", "url": "https://twitter.com/Byakuren29/status/1098744789095276545", "username": "", "text": "ใช่ + สร้างภาพ", "date": "22-02-2019 07:42", "retweet": 0, "like": 0}, {"id": "1098743089764528128", "url": "https://twitter.com/Byakuren29/status/1098743089764528128", "username": "", "text": "มันอดไม่ได้ ต้องเหน็บ pic.twitter.com/YIUQqzKdgM", "date": "22-02-2019 07:35", "retweet": 223, "like": 51}, {"id": "1098703676317741056", "url": "https://twitter.com/Byakuren29/status/1098703676317741056", "username": "", "text": "เจ้าของรถผิดมากที่สุด", "date": "22-02-2019 04:59", "retweet": 0, "like": 0}, {"id": "1098456166693138432", "url": "https://twitter.com/Byakuren29/status/1098456166693138432", "username": "", "text": "ยังรักษาสันดาน \"พูดเอาดีใส่ตัว เอาชั่วใส่คน\" ได้คงเส้นคงวา https:// twitter.com/HS2_QRK5_s9/st atus/1098414214102708224 …", "date": "21-02-2019 12:35", "retweet": 23, "like": 38}, {"id": "1098423926537900032", "url": "https://twitter.com/Byakuren29/status/1098423926537900032", "username": "", "text": "พวกกร่างลับหลังหรือต่อหน้าลิ่วล้อ", "date": "21-02-2019 10:27", "retweet": 0, "like": 0}, {"id": "1098392575122108416", "url": "https://twitter.com/Byakuren29/status/1098392575122108416", "username": "", "text": "ไม่เคยกล้าชนกับทหารจริงๆจังๆ เผื่อใจไว้ตลอด", "date": "21-02-2019 08:22", "retweet": 1, "like": 1}, {"id": "1098392347103047680", "url": "https://twitter.com/Byakuren29/status/1098392347103047680", "username": "", "text": "พวกนี้เขาเก็บออมเงินเก่งจริงๆ เก็บไปเก็บมา เงินออมมากกว่าเงินเดือนอีกแน่ะ", "date": "21-02-2019 08:21", "retweet": 1, "like": 0}, {"id": "1098388758326472704", "url": "https://twitter.com/Byakuren29/status/1098388758326472704", "username": "", "text": "อภิสิทธิ์และคนประชาธิปัตย์ ตอบแบบ #เหยียบเรือสองแคม แบ่งรับแบ่งสู้กรณีงบฯทหาร", "date": "21-02-2019 08:07", "retweet": 3, "like": 1}, {"id": "1098379280612917253", "url": "https://twitter.com/Byakuren29/status/1098379280612917253", "username": "", "text": "รปภ. ก็ผิดที่ยอมให้รถจอดแทนรถคนพิการ คือถ้าตรงนั้นมันว่างอยู่แล้วให้รถคนดีๆปกติไปจอดมันก็น่าเกลียดมากอยู่แล้ว แต่นี่มีรถคนพิการจอดอยู่แล้ว แล้วคุณไปเข็นออกนี่ ทั้งน่าเกลียดและทุเรศ เจ้าของรถที่เข้าไปจอดแทนนั้นยิ่งทุเรศและน่าเกลียดกว่าทั้งหมด", "date": "21-02-2019 07:30", "retweet": 3, "like": 13}, {"id": "1098374450309812224", "url": "https://twitter.com/Byakuren29/status/1098374450309812224", "username": "", "text": "ตะกละตะกลามซะเคยตัว", "date": "21-02-2019 07:10", "retweet": 1, "like": 0}, {"id": "1098371814886072320", "url": "https://twitter.com/Byakuren29/status/1098371814886072320", "username": "", "text": "10% นี่น้อยมาก", "date": "21-02-2019 07:00", "retweet": 0, "like": 1}, {"id": "1098370503000055808", "url": "https://twitter.com/Byakuren29/status/1098370503000055808", "username": "", "text": "2 ข้อเท่านั้น https:// twitter.com/Windingideas99 /status/1098077055713894400 …", "date": "21-02-2019 06:55", "retweet": 1, "like": 3}, {"id": "1098370220694003713", "url": "https://twitter.com/Byakuren29/status/1098370220694003713", "username": "", "text": "นายคนที่ด่าคนอื่นว่าปากดี ขู่ว่าจะตบปากคนอื่นนั่นน่ะ กล้าไปอยู่ 3จังหวะชายแดนภาคใต้เองหรือเปล่หล่ะ", "date": "21-02-2019 06:54", "retweet": 5, "like": 9}, {"id": "1098205670560620545", "url": "https://twitter.com/Byakuren29/status/1098205670560620545", "username": "", "text": "ว้ายยยย....HBO HD ทำไมฉายหนังจีน", "date": "20-02-2019 20:00", "retweet": 0, "like": 3}, {"id": "1098191013858820096", "url": "https://twitter.com/Byakuren29/status/1098191013858820096", "username": "", "text": "มี \"ภูมิรู้\" เหรอคะ ไม่ว่าเรื่องอะไรก็ไม่เห็นว่ามีนะ", "date": "20-02-2019 19:01", "retweet": 1, "like": 0}, {"id": "1098185479445307392", "url": "https://twitter.com/Byakuren29/status/1098185479445307392", "username": "", "text": "ผู้ใหญ่ทั้งหลาย อายเด็กมั่งเถอะ", "date": "20-02-2019 18:39", "retweet": 1, "like": 5}, {"id": "1098183922809069568", "url": "https://twitter.com/Byakuren29/status/1098183922809069568", "username": "", "text": "น่ากิน พี่ชอบ fruit cake", "date": "20-02-2019 18:33", "retweet": 0, "like": 1}, {"id": "1098139659043913728", "url": "https://twitter.com/Byakuren29/status/1098139659043913728", "username": "", "text": "ไม่เถียงว่าการหาเสียงของพรรคการเมืองใช้เงิน เราไม่ค่อยสงสัยหรือข้องใจว่าพรรคการเมืองเหล่านั้นหาเงินมาจากไหน แต่เราสงสัยและข้องใจอย่างมากกะคนที่ใช้เงินหลวงหาเสียง แถมปฏิเสธว่าไม่ได้หาเสียง นอกจากทุเรศที่ใช้เงินหลวงแบบหน้าด้านๆ ยังพูดเหมือนกับว่าประชาชนโง่มากขนาดมองไม่ออกดูไม่รู้", "date": "20-02-2019 15:37", "retweet": 36, "like": 46}, {"id": "1098116594629111808", "url": "https://twitter.com/Byakuren29/status/1098116594629111808", "username": "", "text": "นี่ขนาดเป็นเจ้าของที่เลี้ยงมันมา ให้ข้าวให้น้ำนะ แค่เตะไปโดนชามข้าวมันหน่อยเดียว เจ้าหมานี้ยังหึ่มแฮ่แยกเขี้ยว #เลี้ยงเสียข้าวสุกจุง", "date": "20-02-2019 14:06", "retweet": 12, "like": 14}, {"id": "1098115406588334080", "url": "https://twitter.com/Byakuren29/status/1098115406588334080", "username": "", "text": "ไม่ฟังหรอก pic.twitter.com/y7t5G19Lqa", "date": "20-02-2019 14:01", "retweet": 0, "like": 0}, {"id": "1098089750001405952", "url": "https://twitter.com/Byakuren29/status/1098089750001405952", "username": "", "text": "คอลัมน์ แดดเดียว : 24 มี.ค.ไม่ใช่หมูๆ https://www. matichon.co.th/prachachuen/da ily-column/news_1363522 … via @มติชนออนไลน์", "date": "20-02-2019 12:19", "retweet": 1, "like": 0}, {"id": "1098067109945298945", "url": "https://twitter.com/Byakuren29/status/1098067109945298945", "username": "", "text": "ยิ่งกว่าใช่", "date": "20-02-2019 10:49", "retweet": 0, "like": 0}, {"id": "1098066959881580546", "url": "https://twitter.com/Byakuren29/status/1098066959881580546", "username": "", "text": "Yes, indeed. https:// twitter.com/wittyka8/statu s/1098056777076068353 …", "date": "20-02-2019 10:48", "retweet": 0, "like": 0}, {"id": "1098049532577763328", "url": "https://twitter.com/Byakuren29/status/1098049532577763328", "username": "", "text": "", "date": "20-02-2019 09:39", "retweet": 0, "like": 0}, {"id": "1098034859954425856", "url": "https://twitter.com/Byakuren29/status/1098034859954425856", "username": "", "text": "ต่อหน้าตำรวจ อาจได้ขึ้น แต่มันจะปล่อย ผดส ลงกลางทางหรือเปล่า สาวสุดทน แท็กซี่ปฏิเสธผู้โดยสาร งัดไม้ตายแก้เผ็ด รับรองเข็ดไปอีกนาน https:// hilight.kapook.com/view/184172 via @kapookdotcom", "date": "20-02-2019 08:41", "retweet": 1, "like": 2}, {"id": "1098026192915951616", "url": "https://twitter.com/Byakuren29/status/1098026192915951616", "username": "", "text": "“จาตุรนต์” จวก “บิ๊กแดง” ไม่เป็นกลาง ควรปรับปรุงตัว ชี้เพลงหนักแผ่นดินทำให้สังคมแตกแยก https://www. prachachat.net/politics/news- 291968 … via @ประชาชาติ", "date": "20-02-2019 08:06", "retweet": 1, "like": 2}, {"id": "1098022463290494976", "url": "https://twitter.com/Byakuren29/status/1098022463290494976", "username": "", "text": "ไม่ต้องมีใครพยายามหรอก ทุกอย่างพวกคุณทำตัวเองทั้งนั้น pic.twitter.com/NKtqKVErOB", "date": "20-02-2019 07:52", "retweet": 57, "like": 41}, {"id": "1098020821191127040", "url": "https://twitter.com/Byakuren29/status/1098020821191127040", "username": "", "text": "ก็ทำไมจะต้องกลัว หรือเกรงใจด้วยหล่ะ? เขาเคยเกรงใจประชาชนสักนิดมั้ย? pic.twitter.com/VYJp3C9Sdy", "date": "20-02-2019 07:45", "retweet": 1, "like": 1}, {"id": "1098019253179969537", "url": "https://twitter.com/Byakuren29/status/1098019253179969537", "username": "", "text": "เห็นแสดงออกรักใคร่ชื่นชมขนาดนั้น ทำไมยัยตั๊นไม่ไปพรรคสุเทพ?", "date": "20-02-2019 07:39", "retweet": 0, "like": 0}, {"id": "1098017606370349057", "url": "https://twitter.com/Byakuren29/status/1098017606370349057", "username": "", "text": "ไม่รู้เหมือนกันค่ะ คุณแพท เพราะไม่ใช่เขตพี่ แค่ผ่านตรงนั้นและกำลังจะเลี้ยว เลยไม่ได้ถ่ายรูป สะดุดเพราะติดเบี้ยว มุมกระดาษเผยอ", "date": "20-02-2019 07:32", "retweet": 0, "like": 1}, {"id": "1098015741851230209", "url": "https://twitter.com/Byakuren29/status/1098015741851230209", "username": "", "text": "รู้ แต่ไม่ใช่รู้สึกเพื่อทบทวนและสำนึกว่าที่ตัวเองพูดไปนั้นมันไม่ถูกจริงๆ แต่คงจะโมโหมากกว่า", "date": "20-02-2019 07:25", "retweet": 0, "like": 1}, {"id": "1098014980937416705", "url": "https://twitter.com/Byakuren29/status/1098014980937416705", "username": "", "text": "เมื่อวานตรงหน้า The Pud เราเห็นป้ายหาเสียงของอนาคตใหม่ มีกระดาษหมายเลขทับหมายเลขเดิม ก็ไม่รู้ว่าป้ายของพรรคพิมพ์หมายเลขผิด จึงเอากระดาษมาแปะหมายเลขใหม่หรือไม่นะ แปะแบบลวกๆ บางส่วนของกระดาษเผยอ", "date": "20-02-2019 07:22", "retweet": 1, "like": 0}, {"id": "1098013720179965952", "url": "https://twitter.com/Byakuren29/status/1098013720179965952", "username": "", "text": "สิ่งที่คุณจาตุรนต์พูดสุดยอด", "date": "20-02-2019 07:17", "retweet": 0, "like": 4}, {"id": "1097857351388819456", "url": "https://twitter.com/Byakuren29/status/1097857351388819456", "username": "", "text": "ตอนมีงาน ตอนเขาดัง พี่ก็ไม่ได้ฟังเพลงเขา ไม่รู้จักเพลงเขาสักเพลง และคงไม่รู้ต่อไป", "date": "19-02-2019 20:56", "retweet": 1, "like": 2}, {"id": "1097855379042533378", "url": "https://twitter.com/Byakuren29/status/1097855379042533378", "username": "", "text": "โอ้ยยย ใช่ๆคุณทิพย์", "date": "19-02-2019 20:48", "retweet": 1, "like": 0}, {"id": "1097855272712720386", "url": "https://twitter.com/Byakuren29/status/1097855272712720386", "username": "", "text": "จตุพร พรหมฯพูดดีมากเรื่องลดงบฯกองทัพ #TheDailyDose", "date": "19-02-2019 20:47", "retweet": 0, "like": 3}, {"id": "1097847786899308544", "url": "https://twitter.com/Byakuren29/status/1097847786899308544", "username": "", "text": "โถ.. ความคิดอ่านล้าหลัง ต่ำตมยังดัดจริตมาสอนคนรุ่นใหม่คุณ ไม่เอาเลือกตั้ง เราก็ไม่ว่า มันเป็นสิทธิ์ แต่อย่ามาห้ามคนอื่น และอย่าดูถูกคนอื่นแบบนี้ pic.twitter.com/MUzJzT01i2", "date": "19-02-2019 20:18", "retweet": 26, "like": 43}, {"id": "1097841395505614848", "url": "https://twitter.com/Byakuren29/status/1097841395505614848", "username": "", "text": "คนก่อนก็ชัดนะ", "date": "19-02-2019 19:52", "retweet": 0, "like": 2}, {"id": "1097841203402428418", "url": "https://twitter.com/Byakuren29/status/1097841203402428418", "username": "", "text": "เรื่องผิดปกติ ผิดหลักการแลเะไม่ธรรมดาที่เป็นเรื่องธรรมดาของประเทศนี้", "date": "19-02-2019 19:51", "retweet": 0, "like": 1}, {"id": "1097828156524834817", "url": "https://twitter.com/Byakuren29/status/1097828156524834817", "username": "", "text": "จอห์น วิญญู โพสต์แรง ทหารไม่รู้จักหน้าที่ ความรับผิดชอบของตัวเอง https://www. khaosod.co.th/special-storie s/news_2224572 … via @ข่าวสด", "date": "19-02-2019 19:00", "retweet": 6, "like": 13}, {"id": "1097816709669351425", "url": "https://twitter.com/Byakuren29/status/1097816709669351425", "username": "", "text": "บ่อยครั้งที่ตำแหน่ง ผบ. ทบ. ไม่ได้มาพร้อมกับสติปัญญา", "date": "19-02-2019 18:14", "retweet": 49, "like": 53}, {"id": "1097816363417067520", "url": "https://twitter.com/Byakuren29/status/1097816363417067520", "username": "", "text": "\"ธนาธร\" ลั่นพร้อมแก้รธน.-ปฏิรูปกองทัพ ! https://www. brighttv.co.th/latest-news/34 8979 …", "date": "19-02-2019 18:13", "retweet": 11, "like": 22}, {"id": "1097783802292826112", "url": "https://twitter.com/Byakuren29/status/1097783802292826112", "username": "", "text": "Same old plot.", "date": "19-02-2019 16:03", "retweet": 0, "like": 0}, {"id": "1097664744163438594", "url": "https://twitter.com/Byakuren29/status/1097664744163438594", "username": "", "text": "คนรุ่นเก่าต่างหากที่ถูกล้างสมองมา เป็นการล้างสมองที่สำเร็จสมบูรณ์และถาวร เวลาผ่านมาเนิ่นนานหลายสิบปี ก็ยังอยู่ในภาวะซอมบี้", "date": "19-02-2019 08:10", "retweet": 26, "like": 49}, {"id": "1097661643733913600", "url": "https://twitter.com/Byakuren29/status/1097661643733913600", "username": "", "text": "ภาษากาย pic.twitter.com/tw3zlqJTFw", "date": "19-02-2019 07:58", "retweet": 4, "like": 4}, {"id": "1097423133835808770", "url": "https://twitter.com/Byakuren29/status/1097423133835808770", "username": "", "text": "นั่นสิ คิด...คิดสิ ตาชวนเชื่องช้า https:// twitter.com/srawut1971/sta tus/1097407581901881344 …", "date": "18-02-2019 16:10", "retweet": 1, "like": 1}, {"id": "1097365212619988992", "url": "https://twitter.com/Byakuren29/status/1097365212619988992", "username": "", "text": "เรารู้ว่ามันยากมาก ฝ่ายที่มีทั้งอำนาจล้นฟ้า แถมมีปืนมีกำลังพลคงไม่ยอมง่ายๆ แต่เราอยากเห็นมันเกิดขึ้น เป็นทางเดียวเท่านั้นที่ประเทศจะปลอด รปห. เดินหน้าสู่ประชาธิปไตยและความเจริญก้าวหน้า pic.twitter.com/rRupMrcywf", "date": "18-02-2019 12:20", "retweet": 30, "like": 20}, {"id": "1097337145138720768", "url": "https://twitter.com/Byakuren29/status/1097337145138720768", "username": "", "text": "หลังสงกรานต์ มักฝนตก ก็หวังว่าอย่างน้อย สงกรานต์นี้คงได้เจอกัน จริงๆ เจอก่อนสงกรานต์ยิ่งดีนะ น้องฝน", "date": "18-02-2019 10:28", "retweet": 1, "like": 0}, {"id": "1097312541766606849", "url": "https://twitter.com/Byakuren29/status/1097312541766606849", "username": "", "text": "ถ้าจะพอีกนานกว่าเราจะได้เห็นฝนตกหนักๆ รอ รอ รอ", "date": "18-02-2019 08:51", "retweet": 0, "like": 0}, {"id": "1097307394630082560", "url": "https://twitter.com/Byakuren29/status/1097307394630082560", "username": "", "text": "ถ่ายรูปนี้เมื่อวาน เมฆเหลือหลังคาบ้าน นึกว่าฝนจะตก ภาวนาให้ฝนตก แต่สุดท้าย ฝนก็ไม่ตก เพื่อนเลิฟที่อยู่แถวบางใหญ่บอกว่าแถวบ้านเขา ฝนตก ประมาณใช้ที่ปัดน้ำฝนเบอร์ 1 #ฝนตกไม่ทั่วฟ้า pic.twitter.com/FPeYIMjwGQ", "date": "18-02-2019 08:30", "retweet": 1, "like": 1}, {"id": "1097306371349860352", "url": "https://twitter.com/Byakuren29/status/1097306371349860352", "username": "", "text": "เหมือน อ. เอนก ซึ่งเป็นฝั่งคนรุ่นเก่า จะพูดทั้งหมดนั่นเพราะความกลัวล้วนๆ เป็นความกลัวคนรุ่นใหม่ กลัวการเปลี่บนแปลงมากกว่าอย่างอื่น", "date": "18-02-2019 08:26", "retweet": 0, "like": 0}, {"id": "1097305548423217152", "url": "https://twitter.com/Byakuren29/status/1097305548423217152", "username": "", "text": "และเราก็ไม่ใช่คนที่คิดว่า อนาคตใหม่หรือธนาธร หรือแม้แต่เพื่อไทย ทักษิณ ยิ่งลักษณ์ เป็นคนที่แตะต้องไม่ได้", "date": "18-02-2019 08:23", "retweet": 1, "like": 7}, {"id": "1097304783663259648", "url": "https://twitter.com/Byakuren29/status/1097304783663259648", "username": "", "text": "เห็นด้วยกับ อ. @sirotek ว่าสิ่งที่ ดร. เอนกพูด เข้าข่าย Hate speech ไม่ใช่เข้าข่าย แต่ใช่และเป็น Hate speech เลยแหล่ะ", "date": "18-02-2019 08:20", "retweet": 7, "like": 11}, {"id": "1097303106465890304", "url": "https://twitter.com/Byakuren29/status/1097303106465890304", "username": "", "text": "เออหนอ ขึ้นเวทีหาเสียง แทนที่จะพูดถึงพรรค นโยบายพรรคและเหตุผลว่าทำไม ปชช.ควรเลิอกพรรคตัวเอง เอนกกลับโจมตีคนอื่นล้วนๆ", "date": "18-02-2019 08:13", "retweet": 19, "like": 32}]