[{"id": "1099120558682320901", "url": "https://twitter.com/bygon2/status/1099120558682320901", "username": "", "text": "สกปรกที่สุดกกต.ยุคนี้ https:// twitter.com/GustuGasta/sta tus/1098478873027710976 …", "date": "23-02-2019 08:35", "retweet": 18, "like": 42}, {"id": "1098956814895456256", "url": "https://twitter.com/bygon2/status/1098956814895456256", "username": "", "text": "แสดงความโง่ https:// twitter.com/b1_wipa/status /1098776687662125056 …", "date": "22-02-2019 21:44", "retweet": 1, "like": 9}, {"id": "1098954815152054273", "url": "https://twitter.com/bygon2/status/1098954815152054273", "username": "", "text": "มรึงจะไปรบกับใคร? ไอ้บ้า นับวันจะเพี้ยนขึ้นทุกวัน หายากินสะที่รพ.มรึงนั่นแหละ!!! https://www. matichon.co.th/social/news_13 75783 …", "date": "22-02-2019 21:37", "retweet": 4, "like": 9}, {"id": "1098900560554659840", "url": "https://twitter.com/bygon2/status/1098900560554659840", "username": "", "text": "โอ๊ยยยยกรูขำมาก55555 ดึงพลังจิตจากเบื้องบน ดาวจักรวาล ให้บิ๊กตู่ เป็นนายกฯ ต่อ! นึกว่าบนดาวอังคาร https://www. khaosod.co.th/politics/news_ 2237660 …", "date": "22-02-2019 18:01", "retweet": 2, "like": 9}, {"id": "1098837954263482368", "url": "https://twitter.com/bygon2/status/1098837954263482368", "username": "", "text": "ถามวัวตอบควาย https:// twitter.com/tnamcot/status /1098757840729067520 …", "date": "22-02-2019 13:52", "retweet": 43, "like": 49}, {"id": "1098809366805909504", "url": "https://twitter.com/bygon2/status/1098809366805909504", "username": "", "text": "จ้องเล่นงานฝ่ายประชาธิปไตยข้างเดียวแบบนี้ ไม่ต้องเลือกตั้งหรอกไหนๆ ก็ไหนๆแล้ว รวมหัวกันทั้งองคาพยบขนาดนี้ \"ธนาธร ฟ้ารักพ่อ\" ส่องานเข้า ปมข้อมูลเท็จ โทษแรงถึงขั้นยุบพรรค https://www. thairath.co.th/content/1502115 https://www. thairath.co.th/content/1502115", "date": "22-02-2019 11:59", "retweet": 7, "like": 38}, {"id": "1098760611431890944", "url": "https://twitter.com/bygon2/status/1098760611431890944", "username": "", "text": "ถ้าเมืองไทยเอาแบบอย่างจีน นายพลเมืองไทยคงไม่เหลือ สักคน โดนจับติดคุกหมด เพราะทุกอย่างรวมหัวกันกินกันแบบบูรณาการจริงๆ!!! งบเพิ่มขึ้นทุกปี 4-5 ปีมาก็อย่างที่เห็นๆ จีนเอาจริง! ศาลสั่งจำคุกตลอดชีวิต นายพล อดีตเสธ.กองทัพ... https://www. matichonweekly.com/hot-news/artic le_172357 …", "date": "22-02-2019 08:45", "retweet": 28, "like": 61}, {"id": "1098548316890124288", "url": "https://twitter.com/bygon2/status/1098548316890124288", "username": "", "text": "พวกมรึงไม่ฆ่าตัวตายเองหรอก วันที่ 24 มีนาประชาชนจะเป็นผู้ฆ่าพวกมรึงเอง. ควายแท้เน้อออออ!!!! \"รอง หน.พปชร ชักดาบ เอาด้านคมมีดเข้าหาตัวเอง \" https://www. facebook.com/bygonreturn/vi deos/2185856385077881/ …", "date": "21-02-2019 18:41", "retweet": 2, "like": 13}, {"id": "1098546765475864576", "url": "https://twitter.com/bygon2/status/1098546765475864576", "username": "", "text": "โอ้โห!!!! ไอ้เชี้ยยยยย แค่จำนำข้าว 3 หมื่น พวกมรึงยังสุมหัวล้มโครงการเขาเลย สรุปพวกมรึงนี่กะแจกเจ็ดหมื่นเลยหรอออออ!!!!!! นี่มันยิ่งกว่าประชานิยมอีกนะมรึงๆๆ “พปชร.”จัดหนัก! ลั่น แจก 7 หมื่นปลูกข้าว ไม่ขายฝัน เกี่ยวปั๊บรับ 4... https://www. matichon.co.th/politics/news_ 1374063 …", "date": "21-02-2019 18:35", "retweet": 2, "like": 9}, {"id": "1098497454037553153", "url": "https://twitter.com/bygon2/status/1098497454037553153", "username": "", "text": "เป็นกระหรี่ขายตัว ดีกว่านักการเมืองชั่วขายอุดมการณ์ กุจะรอดู ว่าไอ้แรมโบ้มันจะตอบยังไง https://www. facebook.com/story.php?stor y_fbid=2460577767502971&id=1437868739773884 …", "date": "21-02-2019 15:19", "retweet": 3, "like": 23}, {"id": "1098422990855917570", "url": "https://twitter.com/bygon2/status/1098422990855917570", "username": "", "text": "เด่วๆๆๆไอ้โบ้มรึงเมาลิ้นมากไปป่าว บอกแล้วอย่าไปเลียท๊อบบูตทหารมาก หรือว่าความคิดมรึงเป็นแบบนั้นจริงๆๆ หรือว่าหูกรูฟังผิด \"ถ้าประชาชนออกมาฆ่ากันนองเลือดผมรับได้ ถ้าประชาชนออกมาทะเลาะกันด้วยเหตุและผลผมรับไม่ได้ \" หรือว่ามันเหี้ยจริงว่ะ!!!... https:// youtu.be/GQzoLXOJDFg", "date": "21-02-2019 10:23", "retweet": 3, "like": 14}, {"id": "1098410117517664256", "url": "https://twitter.com/bygon2/status/1098410117517664256", "username": "", "text": "ต้องร้องเสียงดังๆเลย!!!! แหม!!!!!!เสียดาย!!!!!!!!!!! https://www. khaosod.co.th/breaking-news/ news_2233423 …", "date": "21-02-2019 09:32", "retweet": 12, "like": 18}, {"id": "1098051659794649089", "url": "https://twitter.com/bygon2/status/1098051659794649089", "username": "", "text": "พรรคขยะ หัวหน้าพรรคก็ขยะ https:// twitter.com/beerlikitcharo 1/status/1097810671327047681 …", "date": "20-02-2019 09:48", "retweet": 6, "like": 17}, {"id": "1098047901463396353", "url": "https://twitter.com/bygon2/status/1098047901463396353", "username": "", "text": "แหมๆๆๆ วันนั้นก็เกือบไปแล้วไม่ใช่หรอ วันที่เห็นรถถังวิ่งกันให้วุ่น ติดกระดาษคำว่าซ้อม นั้นก็เพียบตบตา คำสั่งปลด ผบ.ทบเหล่าทัพต่างๆนั่นก็ของจริง แต่ออกมาให้ข่าวว่าของปลอม เขาปิดกันให้แซดดด โชคดีเคลียร์กันลงตัว แค่ทษช.... https://www. khaosod.co.th/special-storie s/news_2228457 …", "date": "20-02-2019 09:33", "retweet": 13, "like": 39}, {"id": "1097717304211763200", "url": "https://twitter.com/bygon2/status/1097717304211763200", "username": "", "text": "นับเป็นการรบของชายชาติทหารที่กล้าหาญมากครับ https:// twitter.com/hohioeiei/stat us/1097421074852020224 …", "date": "19-02-2019 11:39", "retweet": 36, "like": 44}, {"id": "1097692170029420547", "url": "https://twitter.com/bygon2/status/1097692170029420547", "username": "", "text": "ถ้าเป็น #ลุงฉุน น่าคิดว่าจะเอาเงินมาจากไหน เพราะเห็นมีแต่ผลาญเงินหาเงินไม่เป็น สมองก็น้อยค้าขายกับชาวโลกก็ไม่ได้ ภาษาอังกฤษก็อ่อนด๋อย มีดีอย่างเดียว ขี้โมโห โยนขี้โทษคนอื่นมาตลอด https://www. matichon.co.th/politics/news_ 1369104 …", "date": "19-02-2019 09:59", "retweet": 9, "like": 16}, {"id": "1097418477181304834", "url": "https://twitter.com/bygon2/status/1097418477181304834", "username": "", "text": "เอาแล้วโว๊ยยยย!!!!เฮ๊ย!!!! ปลุกระดมลูกน้องในสังกัดแล้วฮึบๆๆๆๆ https://www. khaosod.co.th/breaking-news/ news_2224116 …", "date": "18-02-2019 15:52", "retweet": 3, "like": 9}, {"id": "1097386198392283136", "url": "https://twitter.com/bygon2/status/1097386198392283136", "username": "", "text": "หนักแผ่นดินไหมล่ะ!!!!", "date": "18-02-2019 13:43", "retweet": 5, "like": 8}, {"id": "1097336876267114497", "url": "https://twitter.com/bygon2/status/1097336876267114497", "username": "", "text": "เปิดกะลากันหน่อยพี่น้องสลิ่มฟังเลยไม่ต้องรอ 20 ปีเหมือนยุทธศาสตร์ชาติของ #ลุงฉุน Good Monday EP.6 “คู่แข่งคือคู่ค้า ในโลกยุคใหม่” มุมมองการบริหารธุรกิจเพื่อความอยู่รอดภายใต้เศรษฐกิจที่ผันผวน เพื่อการเติบโตอย่างมีอนาคตและยั่งยืน http:// goo.gl/avUv8B ... http:// goo.gl/avUv8B", "date": "18-02-2019 10:27", "retweet": 16, "like": 42}, {"id": "1097320768042618882", "url": "https://twitter.com/bygon2/status/1097320768042618882", "username": "", "text": "ออกอาการ!!!! กลัวไม่มีเงินทอนหราาาา!!! “บิ๊กแดง” ไล่ \"หญิงหน่อย” ฟังเพลง “หนักแผ่นดิน” หลังชูตัดงบกลาโหม [คลิป] https://www. springnews.co.th/news/news-elec tion-62/444934 … https://www. springnews.co.th/news/news-elec tion-62/444934 …", "date": "18-02-2019 09:23", "retweet": 6, "like": 16}, {"id": "1097317188589912064", "url": "https://twitter.com/bygon2/status/1097317188589912064", "username": "", "text": "เด่วๆๆๆไอ้เมือกมรึงวางถุงกาวลงก่อน อันดับแรกนะ ให้พวกมรึงทั้งหลายหรือพรรคของมรึงที่มรึงครอบงำอยู่ ที่ปากมรึงบอกว่าจะไม่ยุ่งการเมือง การเมืองตลอดชีวิต แล้วนี่มรึงกำลังทำอะไร ให้มันได้ สส.ก่อนดีไหมแล้วค่อยออกมาพูด... https://www. matichon.co.th/politics/news_ 1368112 …", "date": "18-02-2019 09:09", "retweet": 8, "like": 38}]