[{"id": "1099221957185232897", "url": "https://twitter.com/CcGreentea/status/1099221957185232897", "username": "", "text": "5ใบ ที่ว่านั่นมันใบปริญญา หรือใบอะไร กูงง https:// twitter.com/hengsuaycountr y/status/1098910386835775488 …", "date": "23-02-2019 15:18", "retweet": 0, "like": 0}, {"id": "1099220442022178816", "url": "https://twitter.com/CcGreentea/status/1099220442022178816", "username": "", "text": "เขาไม่รู้ว่ามีคลิปที่ตัวเองพูดเหรอ โถ่วววว์ เวรกรรม 55555", "date": "23-02-2019 15:12", "retweet": 1, "like": 1}, {"id": "1099216873378394112", "url": "https://twitter.com/CcGreentea/status/1099216873378394112", "username": "", "text": "น่านไง https:// twitter.com/noname_8/statu s/1099108178443128832 …", "date": "23-02-2019 14:58", "retweet": 0, "like": 0}, {"id": "1099216510898233345", "url": "https://twitter.com/CcGreentea/status/1099216510898233345", "username": "", "text": "ขุ่นแม่สวนกลับแบบผู้ดีมาก 55555 จริงค่ะ ไม่มีราคาแม้แต่จะจำชื่อด้วยซ้ำอ่ะไอ้นี่ https:// twitter.com/drballban/stat us/1099186062037938177 …", "date": "23-02-2019 14:56", "retweet": 0, "like": 2}, {"id": "1099215195816120320", "url": "https://twitter.com/CcGreentea/status/1099215195816120320", "username": "", "text": "อ่านที่น้องตอบแล้วเอ็นดูน้องเลย น้องสุภาพและมีวุฒิภาวะมากกว่าพวกที่เข้ามาด่าอ่ะ ขอให้วันนี้ที่ได้กอดพ่อเป็นกำลังใจให้น้องเข้า มธ.ได้ และได้ทำตามความฝันทุกเรื่องค่ะ https:// twitter.com/Cherryberrii1/ status/1098945782315507717 …", "date": "23-02-2019 14:51", "retweet": 1, "like": 0}, {"id": "1099212157319766016", "url": "https://twitter.com/CcGreentea/status/1099212157319766016", "username": "", "text": "ปิยะบุตรคือปรีดีกลับชาติมาเกิด ?!?!!!??? อาไรของพวกเมิ้งงงง", "date": "23-02-2019 14:39", "retweet": 0, "like": 0}, {"id": "1099202856706498560", "url": "https://twitter.com/CcGreentea/status/1099202856706498560", "username": "", "text": "ไม่มีคำใดจะนิยามความเป็นเจษฎ์ ได้แค่รู้สึกสังเวช และสมเพชในใจ กับคนประเภทนี้ https:// twitter.com/Puppylove999/s tatus/1099113549954052096 …", "date": "23-02-2019 14:02", "retweet": 0, "like": 0}, {"id": "1098921197234843648", "url": "https://twitter.com/CcGreentea/status/1098921197234843648", "username": "", "text": "เพจชั้นต่ำ https:// twitter.com/mewmeww89/stat us/1098607294131195907 …", "date": "22-02-2019 19:23", "retweet": 0, "like": 0}, {"id": "1098914037872513026", "url": "https://twitter.com/CcGreentea/status/1098914037872513026", "username": "", "text": "พวกนี้ขยันโยงกันดีเนอะ ดูจะคุ้มเบี้ยเลี้ยง https:// twitter.com/Incognito_me/s tatus/1098772236213772288 …", "date": "22-02-2019 18:54", "retweet": 0, "like": 0}, {"id": "1098762234040205312", "url": "https://twitter.com/CcGreentea/status/1098762234040205312", "username": "", "text": "น้องแค่อยากมาทักทายทุกคน และมีความสุขที่บางคนลูบหัวน้องเพื่อทักทายตอบ น่ารักกกกก https:// twitter.com/GratitudeDNA/s tatus/1098621382991048704 …", "date": "22-02-2019 08:51", "retweet": 0, "like": 0}, {"id": "1098761678655651840", "url": "https://twitter.com/CcGreentea/status/1098761678655651840", "username": "", "text": "เรียกว่าเอาเปรียบ กระจอก และทำได้แค่ แถไปวันๆ ได้ไหม https:// twitter.com/Loog_zo/status /1098759112794329088 …", "date": "22-02-2019 08:49", "retweet": 0, "like": 0}, {"id": "1098618444495245318", "url": "https://twitter.com/CcGreentea/status/1098618444495245318", "username": "", "text": "คิดเล่นๆนะ ถ้าอนาคตใหม่ถูกหาเรื่องยุบไปอีกพรรค จะเกิดอะไรขึ้น? ฝ่ายนั้นท่าทางจะหวั่นไหวมาก อาจจะทำได้ทุกอย่าง #Savethanathorn #Saveอนาคตใหม่ แต่ฟ้าจะไม่ทนนะ https:// twitter.com/drballban/stat us/1098602520824500224 …", "date": "21-02-2019 23:20", "retweet": 2, "like": 1}, {"id": "1098567673506455553", "url": "https://twitter.com/CcGreentea/status/1098567673506455553", "username": "", "text": "ไม่ว่าจะเกิดอะไรขึ้น ก็ขอให้ฟ้า #ส่งพ่อเข้าสภา ได้สำเร็จ เพื่อจะคอยดูและให้กำลังใจให้ #อนาคตใหม่ สร้างฝันเดียวกัน ให้เห็นเป็นจริงให้จงได้ #Savethanathorn", "date": "21-02-2019 19:58", "retweet": 2, "like": 0}, {"id": "1098565425401491456", "url": "https://twitter.com/CcGreentea/status/1098565425401491456", "username": "", "text": "ขอส่งพ่อเข้าสภาให้ได้ #ฟ้ารักพ่อเพราะนโยบายของพ่อ #Savethanathorn", "date": "21-02-2019 19:49", "retweet": 0, "like": 0}, {"id": "1098559404981420033", "url": "https://twitter.com/CcGreentea/status/1098559404981420033", "username": "", "text": "เข้าตัวทั้งสิ้น ด่าตัวเองทำไม https:// twitter.com/MatichonOnline /status/1098508067442896896 …", "date": "21-02-2019 19:25", "retweet": 0, "like": 0}, {"id": "1098551703719137280", "url": "https://twitter.com/CcGreentea/status/1098551703719137280", "username": "", "text": "นี่ก็ลองฝันๆนะว่า หลังเลือกตั้ง พอเปิดทีวีมา เจอข่าวการเมือง ข่าว ครม.ไรงิ จะเห็นหน้าตาแบบธนาธร ปิยบุตร ให้สัมภาษณ์สื่อ โดยไม่ต้องเห็นหน้าอิพวกลุงอีกต่อไปอ่ะ คงมีความสุขขึ้นเยอะ #SaveThanathorn", "date": "21-02-2019 18:55", "retweet": 1, "like": 5}, {"id": "1098167052450246656", "url": "https://twitter.com/CcGreentea/status/1098167052450246656", "username": "", "text": "มาใช้กรรมค่ะ 555", "date": "20-02-2019 17:26", "retweet": 0, "like": 0}, {"id": "1098166717631451137", "url": "https://twitter.com/CcGreentea/status/1098166717631451137", "username": "", "text": "ชัดเลยค่ะ", "date": "20-02-2019 17:25", "retweet": 0, "like": 0}, {"id": "1098166535766532096", "url": "https://twitter.com/CcGreentea/status/1098166535766532096", "username": "", "text": "พลาดค่ะ 55555", "date": "20-02-2019 17:24", "retweet": 0, "like": 0}, {"id": "1098057102558261248", "url": "https://twitter.com/CcGreentea/status/1098057102558261248", "username": "", "text": "เทปนี้ #ถามตรงๆกับจอมขวัญ สนุกค่ะคูันนน เขตรัฐตายแล้วตายอีก มาเพื่อตายทุกคำถามค่ะ #rip #รวมพลังประชาชาติไทย", "date": "20-02-2019 10:09", "retweet": 2, "like": 5}, {"id": "1098056079261327360", "url": "https://twitter.com/CcGreentea/status/1098056079261327360", "username": "", "text": "ขนาดคอเจ็บไม่ค่อยมีเสียง เขตรัฐเจอแม่ช่อตบกลับแต่ละดอก กูเป็นเขตรัฐคงหน้าชาอ่ะ แล้วพูดโต้อะไรไปก็โดนแม่ตบกลับเข้าตัวทุกช็อตอ่ะ อายแทนเขตรัฐอ่ะ ข้อมูลก็ไม่แน่น แนวคิดก็ระส่ำมาก 55555 #ถามตรงๆกับจอมขวัญ", "date": "20-02-2019 10:05", "retweet": 9, "like": 14}, {"id": "1098054604242087936", "url": "https://twitter.com/CcGreentea/status/1098054604242087936", "username": "", "text": "เพิ่งได้ดูช่อ พรรณิการ์ #อนาคตใหม่ เจอกับ เขตรัฐ #รปช ในรายการจอมขวัญ เรื่องปฏิรูปกองทัพ ลองทายข่ะ ใครจอด ใครดับ ถูกข่ะ เขตรัฐไม่มีข้อมูลและแนวคิดใดๆที่จะดีเบตประเด็นนี้ได้อย่างมีน้ำหนักเลย มีความไม่รู้จริง และไร้เดียงสามาก พูดเองวนเอง งงเองอีกต่างหาก", "date": "20-02-2019 09:59", "retweet": 12, "like": 12}, {"id": "1098034076743696384", "url": "https://twitter.com/CcGreentea/status/1098034076743696384", "username": "", "text": "แล้วธนกรนี่สายพันธุ์ไหน? https:// twitter.com/matichonweekly /status/1097869704486576128 …", "date": "20-02-2019 08:38", "retweet": 0, "like": 0}, {"id": "1098033356703289344", "url": "https://twitter.com/CcGreentea/status/1098033356703289344", "username": "", "text": "#ประเทศกูมี ดู mv ประกอบด้วยนะ https:// twitter.com/nuling/status/ 1097882655951974405 …", "date": "20-02-2019 08:35", "retweet": 0, "like": 0}, {"id": "1097789409804439553", "url": "https://twitter.com/CcGreentea/status/1097789409804439553", "username": "", "text": "ขู่หนักมาก ห้ามลดอาหาร #ระวังโดนกัด https:// twitter.com/shutup2557/sta tus/1097675132263227392 …", "date": "19-02-2019 16:26", "retweet": 1, "like": 0}, {"id": "1097788785327202306", "url": "https://twitter.com/CcGreentea/status/1097788785327202306", "username": "", "text": "ใครจะหนักเท่าไหร่ไม่รู้ แต่รู้ว่ามีคนบางกลุ่มเป็นภาระหนักอยู่บนหลังประชาชน", "date": "19-02-2019 16:23", "retweet": 0, "like": 0}, {"id": "1097788258816122881", "url": "https://twitter.com/CcGreentea/status/1097788258816122881", "username": "", "text": "อยากให้มีปาฏิหาริย์ค่ะ #saveทษช https:// twitter.com/JanewitC/statu s/1097780522573385731 …", "date": "19-02-2019 16:21", "retweet": 1, "like": 1}, {"id": "1097542108259340288", "url": "https://twitter.com/CcGreentea/status/1097542108259340288", "username": "", "text": "เพิ่งย้อนดูทวิต โอ้โห แค่สามคำ เจอคลื่นมหาชนกับข้อมูลตอกกลับอย่างแน่น เด็กถอนหงอกเปิดข้อมูลย้อนหลังเข้าให้ แถมเรื่องเมียอีก เสียหมาเลย สมน้ำหน้าอีกที เวรกรรม...เวรกรรม #หนักแผ่นดิน", "date": "19-02-2019 00:03", "retweet": 6, "like": 14}, {"id": "1097540881681281024", "url": "https://twitter.com/CcGreentea/status/1097540881681281024", "username": "", "text": "ดูแล้วไม่จืดชืดเลยค่ะ เป็นความเข้มข้นแบบนิ่งๆแต่ลึก และชวนให้น่ากังวลกับบ้านเมืองจริงๆค่ะ #ทษช #สู้ๆ https:// twitter.com/chaturon/statu s/1097396902960582656 …", "date": "18-02-2019 23:58", "retweet": 0, "like": 0}, {"id": "1097538252355989505", "url": "https://twitter.com/CcGreentea/status/1097538252355989505", "username": "", "text": "เดี๋ยวนะ เปย์สดร้อยล้าน นี่ประชดเหรอ อิดรอกส์", "date": "18-02-2019 23:48", "retweet": 0, "like": 0}, {"id": "1097537730022584320", "url": "https://twitter.com/CcGreentea/status/1097537730022584320", "username": "", "text": "ขุ่นหญิงแม่หน่อยเลยดูดีไปอิ๊ก โอ๊ยสะจาย", "date": "18-02-2019 23:46", "retweet": 0, "like": 0}, {"id": "1097537515601285120", "url": "https://twitter.com/CcGreentea/status/1097537515601285120", "username": "", "text": "โดนถล่มเละเลยมึงเอ๊ย ยันพ่องเรย อยู่ดีไม่ว่าดี สมมะน่าาาา", "date": "18-02-2019 23:45", "retweet": 0, "like": 0}, {"id": "1097529154902216704", "url": "https://twitter.com/CcGreentea/status/1097529154902216704", "username": "", "text": "คำพูดแค่สามพยางค์ สะท้อนวุฒิภาวะของคนที่พูดออกมาอย่างหมดเปลือกถึงแก่นถึงรากกันเลยทีเดียว #หนักแผ่นดิน", "date": "18-02-2019 23:11", "retweet": 0, "like": 0}, {"id": "1097354389956702208", "url": "https://twitter.com/CcGreentea/status/1097354389956702208", "username": "", "text": "มาก https:// twitter.com/johnwinyu/stat us/1097333012209971200 …", "date": "18-02-2019 11:37", "retweet": 0, "like": 0}, {"id": "1097350965714288640", "url": "https://twitter.com/CcGreentea/status/1097350965714288640", "username": "", "text": "ลุงก็ดูถูกคนรุ่นใหม่มากไปนะ สำรวจตัวเองบ้างเถอะว่าคลั่งอะไรมากไปจนขาดการใช้สติในการมองสิ่งต่างๆหรือเปล่า สมเพช https:// twitter.com/SpringNews_TV/ status/1097350047342092288 …", "date": "18-02-2019 11:23", "retweet": 0, "like": 0}, {"id": "1097349827782819840", "url": "https://twitter.com/CcGreentea/status/1097349827782819840", "username": "", "text": "สปริงนิวส์ของมาดามเดียร์แห่ง พปชร. กรุณาอย่าปั่นมาก https:// twitter.com/SpringNews_TV/ status/1097335322105372672 …", "date": "18-02-2019 11:19", "retweet": 0, "like": 0}, {"id": "1097349332355887104", "url": "https://twitter.com/CcGreentea/status/1097349332355887104", "username": "", "text": "น้ำหนัก 1 ต่อ 250 ข่ะ https:// twitter.com/iiDudes/status /1097314179789148161 …", "date": "18-02-2019 11:17", "retweet": 1, "like": 0}, {"id": "1097348430618214400", "url": "https://twitter.com/CcGreentea/status/1097348430618214400", "username": "", "text": "วางแผนรัฐประหาร\"ตั้งแต่วันที่คุณยิ่งลักษณ์เป็นนายกด้วยซ้ำ\" https:// twitter.com/__fhso/status/ 1097181739032600576 …", "date": "18-02-2019 11:13", "retweet": 2, "like": 1}, {"id": "1097345034607779844", "url": "https://twitter.com/CcGreentea/status/1097345034607779844", "username": "", "text": "และจะยังแพ้ต่อไปอย่างไม่หยุดยั้ง https:// twitter.com/b969/status/10 97300324820217856 …", "date": "18-02-2019 11:00", "retweet": 0, "like": 1}, {"id": "1097343152824803328", "url": "https://twitter.com/CcGreentea/status/1097343152824803328", "username": "", "text": "พวกรัฐวิสาหกิจด้วยค่ะ https:// twitter.com/nuling/status/ 1097300560447852544 …", "date": "18-02-2019 10:52", "retweet": 0, "like": 0}]