[{"id": "1099232108537569280", "url": "https://twitter.com/chaiyasan_ptw/status/1099232108537569280", "username": "", "text": "SPOT : ThaiPBS 2 อารมณ์ข่าวช่วง #เลือกตั้ง62 #ยามเฝ้าจอ #ยามเฝ้าจอออนไลน์ pic.twitter.com/4TpvD6P3mG", "date": "23-02-2019 15:58", "retweet": 2, "like": 1}, {"id": "1099221386877259776", "url": "https://twitter.com/chaiyasan_ptw/status/1099221386877259776", "username": "", "text": "อ้าว ปลิวแล้วหรอ", "date": "23-02-2019 15:16", "retweet": 0, "like": 0}, {"id": "1099148856216801281", "url": "https://twitter.com/chaiyasan_ptw/status/1099148856216801281", "username": "", "text": "โอ้ยอยากไปนาริตะจุงงง https://www. facebook.com/1679730206/pos ts/10211090519573775/ …", "date": "23-02-2019 10:28", "retweet": 0, "like": 0}, {"id": "1098933630959644672", "url": "https://twitter.com/chaiyasan_ptw/status/1098933630959644672", "username": "", "text": "ไม่เคยเป็นไมเกรนข้ามวันมาก่อนเลยอะ จนกระทั่งวันนี้.....", "date": "22-02-2019 20:12", "retweet": 0, "like": 0}, {"id": "1098933006792675328", "url": "https://twitter.com/chaiyasan_ptw/status/1098933006792675328", "username": "", "text": "ปวดหัวเพราะลูกค้าบอกว่า กดค้นหาสัญญาณแล้ว แต่เครื่องดับ #ลูกค้ากดปุ่มpower https://www. facebook.com/chaiyasan.ptw/ posts/10211087428216493 …", "date": "22-02-2019 20:10", "retweet": 0, "like": 0}, {"id": "1098903322868609024", "url": "https://twitter.com/chaiyasan_ptw/status/1098903322868609024", "username": "", "text": "เหมือนจะมาท้าชนฟ้าแลบเด็กเลยนะครับ #ฟ้าแลบเด็กจะยกธงขาวแล้วใช่ไหม", "date": "22-02-2019 18:12", "retweet": 0, "like": 0}, {"id": "1098902428722749440", "url": "https://twitter.com/chaiyasan_ptw/status/1098902428722749440", "username": "", "text": "ไทยพีบีเอสจัดเวทีประชันนโยบายพรรคการเมือง 10 วัน 1000 นาที 25 กุมภาพันธ์ - 8 มีนาคม 2562 จันทร์-ศุกร์ เวลา 20.30 น. #ThaiPBS #เลือกตั้ง62 #ยามเฝ้าจอ #ThaiElections2019 pic.twitter.com/kMADITMUYk", "date": "22-02-2019 18:08", "retweet": 2, "like": 1}, {"id": "1098574868616892416", "url": "https://twitter.com/chaiyasan_ptw/status/1098574868616892416", "username": "", "text": "อะ เทป 4 แล้ว พึ่งทราบว่ามีรายการนี้มาแล้ว 3 เทป https:// twitter.com/chaiyasan_ptw/ status/1098560318718922757 …", "date": "21-02-2019 20:27", "retweet": 0, "like": 0}, {"id": "1098574606741327873", "url": "https://twitter.com/chaiyasan_ptw/status/1098574606741327873", "username": "", "text": "อ้าวหรอ ขอบคุณมากครับ นี่นึกว่าเทปแรก เพราะไม่ค่อยเปิดช่องวันเลย พอเห็นตัวอย่างรายการก็นึกว่ารายการใหม่ ขอบคุณมากๆครับ", "date": "21-02-2019 20:26", "retweet": 0, "like": 0}, {"id": "1098560318718922757", "url": "https://twitter.com/chaiyasan_ptw/status/1098560318718922757", "username": "", "text": "ช่องวันลงรายการเด็ก #จิ๋วสนั่นจอ เริ่มเทปแรก 23 กพ. 62 เวลา 12.00 น ทางช่องวัน 31 #ยามเฝ้าจอ pic.twitter.com/fan0OfsJXh", "date": "21-02-2019 19:29", "retweet": 2, "like": 1}, {"id": "1098552831429074946", "url": "https://twitter.com/chaiyasan_ptw/status/1098552831429074946", "username": "", "text": "อยากเห็น ident 55555555555 https:// twitter.com/YarmFaoJor/sta tus/1098520325694738432 … https:// twitter.com/YarmFaoJor/sta tus/1098520325694738432 …", "date": "21-02-2019 18:59", "retweet": 0, "like": 0}, {"id": "1098545144662392833", "url": "https://twitter.com/chaiyasan_ptw/status/1098545144662392833", "username": "", "text": "แยกวง แต่ยังเป็นเพื่อนกันอยู่ใช่ไหม ?? ที่ถามคือเห็นสำนักข่าวหลายสำนักพาดหัวในเชิงประมาณว่าวงแตกบ้างล่ะ สิ้นสุดทางเพื่อนบ้างล่ะ ในการตีความหมายแปลว่าไม่ได้เป็นเพื่อนกันแล้ว หลายสำนักข่าวใช้บริบทไม่ถูกต้อง #room39", "date": "21-02-2019 18:29", "retweet": 0, "like": 0}, {"id": "1098525274323316738", "url": "https://twitter.com/chaiyasan_ptw/status/1098525274323316738", "username": "", "text": "https://www. facebook.com/chaiyasan.ptw/ posts/10211080573885139 …", "date": "21-02-2019 17:10", "retweet": 0, "like": 0}, {"id": "1098509388044619777", "url": "https://twitter.com/chaiyasan_ptw/status/1098509388044619777", "username": "", "text": "https://www. facebook.com/chaiyasan.ptw/ posts/10211080400320800 …", "date": "21-02-2019 16:07", "retweet": 0, "like": 0}, {"id": "1098484732596183040", "url": "https://twitter.com/chaiyasan_ptw/status/1098484732596183040", "username": "", "text": "https://www. facebook.com/chaiyasan.ptw/ posts/10211080118833763 …", "date": "21-02-2019 14:29", "retweet": 0, "like": 0}, {"id": "1098484424998412288", "url": "https://twitter.com/chaiyasan_ptw/status/1098484424998412288", "username": "", "text": "https://www. facebook.com/chaiyasan.ptw/ posts/10211080116473704 …", "date": "21-02-2019 14:27", "retweet": 0, "like": 0}, {"id": "1098484314725994497", "url": "https://twitter.com/chaiyasan_ptw/status/1098484314725994497", "username": "", "text": "iPhone 5s . galaxy a6,vivo ในมือตอนนี้ก็แฮปปี้ดี https://www. facebook.com/chaiyasan.ptw/ posts/10211080115393677 …", "date": "21-02-2019 14:27", "retweet": 0, "like": 0}, {"id": "1098440886063513600", "url": "https://twitter.com/chaiyasan_ptw/status/1098440886063513600", "username": "", "text": "ทันสมัยมากกกกกก", "date": "21-02-2019 11:34", "retweet": 0, "like": 0}, {"id": "1098440724310220800", "url": "https://twitter.com/chaiyasan_ptw/status/1098440724310220800", "username": "", "text": "#จอต่างประเทศ Archive : ภาพสมัย ABC NEWS Australia นำเสนอข่าวการเลือกตั้งสมาชิกสภาผู้แทนราษฎรประเทศไทยเมื่อ ปี 2539 โดยนำเทปภาพของสถานีโทรทัศน์สีกองทัพบกช่อง 7 (ในสมัยนั้น) มาออกอากาศประกอบเนื้อข่าว #เลือกตั้ง62 #ยามเฝ้าจอ pic.twitter.com/Jse78NsNwd", "date": "21-02-2019 11:34", "retweet": 9, "like": 2}, {"id": "1098430584567689216", "url": "https://twitter.com/chaiyasan_ptw/status/1098430584567689216", "username": "", "text": "https://www. facebook.com/chaiyasan.ptw/ posts/10211079556059694 …", "date": "21-02-2019 10:53", "retweet": 0, "like": 0}, {"id": "1098430148150407168", "url": "https://twitter.com/chaiyasan_ptw/status/1098430148150407168", "username": "", "text": "https://www. facebook.com/chaiyasan.ptw/ posts/10211079553779637 …", "date": "21-02-2019 10:52", "retweet": 0, "like": 0}, {"id": "1098427706771832832", "url": "https://twitter.com/chaiyasan_ptw/status/1098427706771832832", "username": "", "text": "https://www. facebook.com/chaiyasan.ptw/ posts/10211079522458854 …", "date": "21-02-2019 10:42", "retweet": 0, "like": 0}, {"id": "1098410528328671232", "url": "https://twitter.com/chaiyasan_ptw/status/1098410528328671232", "username": "", "text": "https://www. facebook.com/chaiyasan.ptw/ posts/10211078961004818 …", "date": "21-02-2019 09:34", "retweet": 0, "like": 0}, {"id": "1098300521033564161", "url": "https://twitter.com/chaiyasan_ptw/status/1098300521033564161", "username": "", "text": "ลือ: เตรียมเปลี่ยนชื่อ NOW26 เป็น Spring26 ช่วง มี.ค. 62 | ยามเฝ้าจอ https:// yarmfaojor.com/content/1066", "date": "21-02-2019 02:17", "retweet": 0, "like": 0}, {"id": "1098254255360602113", "url": "https://twitter.com/chaiyasan_ptw/status/1098254255360602113", "username": "", "text": "5555 การสื่อสารนี้ พีคตั้งแต่เป็นแฟนกันใช้นามสกุลเดียวกันแล้วอะ", "date": "20-02-2019 23:13", "retweet": 0, "like": 0}, {"id": "1098253915282272256", "url": "https://twitter.com/chaiyasan_ptw/status/1098253915282272256", "username": "", "text": "โอ้ยยยย 555555 จาก ครหา แฟนกันกับเมฆ ,มุกโดนครหาว่าเปลี่ยนนามสกุลอันเดียวกับเมฆ สู่ พี่สาวเมฆ #เอ็นดูวน้องงงงงง https:// twitter.com/MookWorranit/s tatus/1098224639761731585 …", "date": "20-02-2019 23:11", "retweet": 0, "like": 0}, {"id": "1098250252820262912", "url": "https://twitter.com/chaiyasan_ptw/status/1098250252820262912", "username": "", "text": "เพื่อนจางเจา ผู้ชาย Ai news anchor male https://www. youtube.com/watch?v=RsdQIr j3fNs&ab_channel=NewChinaTV …", "date": "20-02-2019 22:57", "retweet": 0, "like": 0}, {"id": "1098250062637891587", "url": "https://twitter.com/chaiyasan_ptw/status/1098250062637891587", "username": "", "text": "เพื่อนจางเจา AI news anchor female https://www. youtube.com/watch?v=5iZuff HPDAw&ab_channel=NewChinaTV …", "date": "20-02-2019 22:56", "retweet": 0, "like": 0}, {"id": "1098249583551963136", "url": "https://twitter.com/chaiyasan_ptw/status/1098249583551963136", "username": "", "text": "เพื่อนของจางเจา : Ai anchor http://www. xinhuanet.com/english/2019-0 2/20/c_137837136.htm …", "date": "20-02-2019 22:54", "retweet": 0, "like": 0}, {"id": "1098248114241040384", "url": "https://twitter.com/chaiyasan_ptw/status/1098248114241040384", "username": "", "text": "ทำไมพนักงานไอทีถึงขี้เกียจ วันๆไม่เห็นทำอะไร ให้ช่วยงานนิดหน่อยก็ไม่ช่วย https:// pantip.com/topic/38572147 #pantip // คนเก่าทำให้ คือน้ำใจ ไม่ใช่หน้าที่", "date": "20-02-2019 22:48", "retweet": 0, "like": 0}, {"id": "1098242570314932224", "url": "https://twitter.com/chaiyasan_ptw/status/1098242570314932224", "username": "", "text": "คุณหญิงหน่อย หรือ น้องจินนี่ ใครจะเต้นได้ไฟลุกกว่ากัน #เลือกตั้ง62 #wood ... https:// youtu.be/iw-NbX8f_jM", "date": "20-02-2019 22:26", "retweet": 0, "like": 0}, {"id": "1098228693258792961", "url": "https://twitter.com/chaiyasan_ptw/status/1098228693258792961", "username": "", "text": "https://www. facebook.com/chaiyasan.ptw/ posts/10211075540159299 …", "date": "20-02-2019 21:31", "retweet": 0, "like": 0}, {"id": "1098202279394500608", "url": "https://twitter.com/chaiyasan_ptw/status/1098202279394500608", "username": "", "text": "555555555 ถ้าร้องกุ๊กๆ นั่นคือลูกไก่ #พี่ว่านอย่าแกล้งแม่สิ #เกษียณสําราญ pic.twitter.com/zULatrlxrf", "date": "20-02-2019 19:46", "retweet": 0, "like": 0}, {"id": "1098191185238097920", "url": "https://twitter.com/chaiyasan_ptw/status/1098191185238097920", "username": "", "text": "ร้านตัดผมที่ฮานอยให้ตัดผมทรง โดนัลทรัมป์ และ ทรงคิมจงอึน ฟรี ต้อนรับการมาประชุมสุดยอดของ 2 ผู้นำ https:// twitter.com/AJEnglish/stat us/1098190531291541504 …", "date": "20-02-2019 19:02", "retweet": 0, "like": 0}, {"id": "1098188975347425281", "url": "https://twitter.com/chaiyasan_ptw/status/1098188975347425281", "username": "", "text": "พี่เล็ก วาสนา อยู่โพสต์ทูเดย์นิ......", "date": "20-02-2019 18:53", "retweet": 0, "like": 0}, {"id": "1098153305983791104", "url": "https://twitter.com/chaiyasan_ptw/status/1098153305983791104", "username": "", "text": "ฮอนด้าเตรียมปิดโรงงานในอังกฤษเหตุยอดขายตก พนง.กว่า 3,500 จ่อตกงาน http://www. amarintv.com/news-update/ov ersea-1275/340998/ …", "date": "20-02-2019 16:32", "retweet": 0, "like": 0}, {"id": "1098139057958187009", "url": "https://twitter.com/chaiyasan_ptw/status/1098139057958187009", "username": "", "text": "\"ตายแล้วไม่เจ็บครับ\" https:// twitter.com/morxphine/stat us/1097711791746863105 …", "date": "20-02-2019 15:35", "retweet": 0, "like": 0}, {"id": "1098138486270394368", "url": "https://twitter.com/chaiyasan_ptw/status/1098138486270394368", "username": "", "text": "อันนี้ยอมรับเลยนะครับ ยังไม่เคยเห็นองค์กรไหนใช้ Autoscale เลย ถ้าเป็นหน่วยงานเกี่ยวกับรัฐอันนี้เดาได้ง่ายว่าไม่รู้จัก ส่วนตัวผมอยากให้ใช้ Autoscale กันหลายๆที่ ที่ๆต้องใช้คนเข้าระบบเยอะๆ หรือระบบที่มีคนส่วนใหญ่รู้จัก", "date": "20-02-2019 15:33", "retweet": 0, "like": 0}, {"id": "1098136355203235840", "url": "https://twitter.com/chaiyasan_ptw/status/1098136355203235840", "username": "", "text": "ทุกระบบล้วนมีข้อจำกัดของมันครับ ยิ่งมีคนใช้ระบบนั้นๆมากเท่าไหร่ ก็จะทำให้ระบบลดความเป็นเสถียรภาพเท่านั้น ยกตัวอย่างโปรแกรมฟอร์มูล่าของที่ทำงานครับ จำกัดไม่มาก แต่ถ้าใช้กัน 5 เครื่อง ล่มทันทีครับ", "date": "20-02-2019 15:24", "retweet": 0, "like": 0}, {"id": "1098135221671669760", "url": "https://twitter.com/chaiyasan_ptw/status/1098135221671669760", "username": "", "text": "ใช่ครับผมว่าแบนวิทมันเต็ม มันจำกัด บางคนเลยโดนถีบออกมากกว่า เหมือนว่าใครจะเข้าก็รอให้มีคนโดนถีบออกมา", "date": "20-02-2019 15:20", "retweet": 0, "like": 1}, {"id": "1098134691465461760", "url": "https://twitter.com/chaiyasan_ptw/status/1098134691465461760", "username": "", "text": "ผมว่าถ้าจะถามหาคนผิดหรือโทษใคร ควรผิด/โทษด้วยกันทั้งสองฝ่ายแหละครับ ฝ่าย กกต ผิดที่ระบบจัดการรองรับต่อวินาทีได้จำกัด ระบบทุกระบบในไทยและต่างชาติผมเชื่อว่ายังเสถียรไม่พอต่อผู้ใช้งานยิ่งไทยเองยังคงต้องพัฒนากันไปเรื่อยๆ จะให้แต่หวังใช้ google sheet ก็ไม่ได้", "date": "20-02-2019 15:18", "retweet": 0, "like": 0}, {"id": "1097912896439312384", "url": "https://twitter.com/chaiyasan_ptw/status/1097912896439312384", "username": "", "text": "https://www. facebook.com/chaiyasan.ptw/ posts/10211071583940396 …", "date": "20-02-2019 00:36", "retweet": 0, "like": 0}, {"id": "1097911381922181120", "url": "https://twitter.com/chaiyasan_ptw/status/1097911381922181120", "username": "", "text": "ใครลงทะเบียนเลือกตั้งล่วงหน้าแล้วบ้างจ๊ะ #ใครไม่ได้ลงทะเบียนต้องกลับบ้านไปเลือกตั้งตามทะเบียนบ้านนะจ๊ะ", "date": "20-02-2019 00:30", "retweet": 0, "like": 0}, {"id": "1097903753837957120", "url": "https://twitter.com/chaiyasan_ptw/status/1097903753837957120", "username": "", "text": "สำหรับใครที่ลงทะเบียน #เลือกตั้งล่วงหน้า ไปแล้ว สามารถตรวจสอบการลงทะเบียนการขอใช้สิทธิ์นอกเขตได้ที่ https://www. bora.dopa.go.th/Election/Elece nter/outvote/enq/index.php … #เลือกตั้ง62", "date": "20-02-2019 00:00", "retweet": 2, "like": 2}, {"id": "1097902844663844864", "url": "https://twitter.com/chaiyasan_ptw/status/1097902844663844864", "username": "", "text": "ประเด็นคือจะอ้างว่าไม่ทราบข่าวไม่ได้เนาะ เพราะเลือกตั้งแต่ละครั้งมีการยื่นเอกสารขอเลือกล่วงหน้า นี่ กกต มีเว็บไซต์ให้ลงทะเบียน อ้างว่าพึ่งทราบไม่ได้ fb ก็เล่นกันก็น่าจะมีข่าวบ้าง สงสัยถือคติ (ตัวกูไม่ผิด ผิด แต่คนอื่น)", "date": "19-02-2019 23:56", "retweet": 0, "like": 2}, {"id": "1097898180673384448", "url": "https://twitter.com/chaiyasan_ptw/status/1097898180673384448", "username": "", "text": "จะประชดว่าเว็บ กกตที่ลงทะเบียน #เลือกตั้งล่วงหน้า ล่ม เพราะ กกต ทำไม่ดีไม่ได้นะ กกต เขาเปิดโอกาสให้ลงทะเบียนตั้งหลายวันแล้ว ดันมาลงทะเบียนต่อ 30 นาทีสุดท้ายกัน แบะจะมาประชดประชันและอวยว่าตัวเองถูกไม่ได้ มีสิทธิ์เลือกตั้งแล้ว อย่าทำตัวเป็นเด็กๆ #เลือกตั้ง62", "date": "19-02-2019 23:38", "retweet": 40, "like": 17}, {"id": "1097863146662854656", "url": "https://twitter.com/chaiyasan_ptw/status/1097863146662854656", "username": "", "text": "https://www. facebook.com/chaiyasan.ptw/ posts/10211070960484810 …", "date": "19-02-2019 21:19", "retweet": 0, "like": 0}, {"id": "1097835296442347522", "url": "https://twitter.com/chaiyasan_ptw/status/1097835296442347522", "username": "", "text": "ชักจะไปกันใหญ่! \"AI\"ถึงขั้นปลอมข่าวได้แล้ว https://www. posttoday.com/world/580707", "date": "19-02-2019 19:28", "retweet": 1, "like": 0}, {"id": "1097808811056721921", "url": "https://twitter.com/chaiyasan_ptw/status/1097808811056721921", "username": "", "text": "https://www. facebook.com/chaiyasan.ptw/ posts/10211070078462760 …", "date": "19-02-2019 17:43", "retweet": 0, "like": 0}, {"id": "1097743412743176192", "url": "https://twitter.com/chaiyasan_ptw/status/1097743412743176192", "username": "", "text": "น้ำตาจะไหล #ข่าวสด pic.twitter.com/YlCJKA3LQf", "date": "19-02-2019 13:23", "retweet": 0, "like": 0}, {"id": "1097494573935255554", "url": "https://twitter.com/chaiyasan_ptw/status/1097494573935255554", "username": "", "text": "เอามาให้เพื่อนสิ", "date": "18-02-2019 20:54", "retweet": 0, "like": 1}, {"id": "1097460808529793025", "url": "https://twitter.com/chaiyasan_ptw/status/1097460808529793025", "username": "", "text": "โปรแกรมที่ควรมีประดับเครื่อง | Rabbit Today https://www. rabbittoday.com/th-th/articles /tech-toys/programs-in-computer …", "date": "18-02-2019 18:40", "retweet": 0, "like": 0}, {"id": "1097459691179827200", "url": "https://twitter.com/chaiyasan_ptw/status/1097459691179827200", "username": "", "text": "ซื้ออาวุธยุทโธปกรณ์ อย่างกับว่า มีสงครามกันทุกปี ซื้อไปก็ทิ้งไว้ -ชาวบ้านแปดกล่าว- #หนักแผ่นดิน", "date": "18-02-2019 18:35", "retweet": 0, "like": 4}, {"id": "1097445951734611969", "url": "https://twitter.com/chaiyasan_ptw/status/1097445951734611969", "username": "", "text": "https://www. facebook.com/chaiyasan.ptw/ posts/10211065526988976 …", "date": "18-02-2019 17:41", "retweet": 0, "like": 0}, {"id": "1097387043896713216", "url": "https://twitter.com/chaiyasan_ptw/status/1097387043896713216", "username": "", "text": "https://www. facebook.com/chaiyasan.ptw/ posts/10211064938934275 …", "date": "18-02-2019 13:47", "retweet": 0, "like": 0}]