[{"id": "1097891417249071104", "url": "https://twitter.com/chaipat571/status/1097891417249071104", "username": "", "text": "#ยืมเมจforเงี่ยน #ยืมเมจForลั่น #ยยขคพ #ยืมเมจfortalk #ยืมเมจforeverything #ยุนจีซอง #นอนบ้านเพื่อน #น้ําหนึ่งเนย #นางร้าย #นุชช่วยนุช #นอนบ้านเป๊ก #รีวิวเซเว่น #รอยยิ้มของชูครีม #กรุงเทพ และปริมณฑล พิจารณาเป็นพิเศษ รับอายุ 18ปีขึ้นไป สนใจงานคลิก https:// bit.ly/2EAC3MC pic.twitter.com/bWjFSB4ndJ", "date": "19-02-2019 23:11", "retweet": 0, "like": 0}]