[{"id": "1099361066935410688", "url": "https://twitter.com/Chatchavitt8188/status/1099361066935410688", "username": "", "text": "ชัชวิทย์ สงวนภักร์ (หนูโดม) #NuDome #CVitt818818 pic.twitter.com/P46jkVWt4I", "date": "24-02-2019 00:31", "retweet": 2, "like": 3}, {"id": "1099355164257923072", "url": "https://twitter.com/Chatchavitt8188/status/1099355164257923072", "username": "", "text": "ชัชวิทย์ สงวนภักร์ (หนูโดม) #NuDome #CVitt818818 pic.twitter.com/wJP5VybxpK", "date": "24-02-2019 00:07", "retweet": 2, "like": 3}, {"id": "1099346788476055553", "url": "https://twitter.com/Chatchavitt8188/status/1099346788476055553", "username": "", "text": "ชัชวิทย์ สงวนภักร์ (หนูโดม) #NuDome #CVitt818818 pic.twitter.com/7kdGKd9pBw", "date": "23-02-2019 23:34", "retweet": 2, "like": 3}, {"id": "1099344314767818752", "url": "https://twitter.com/Chatchavitt8188/status/1099344314767818752", "username": "", "text": "ชัชวิทย์ สงวนภักร์ (หนูโดม) #NuDome #CVitt818818 pic.twitter.com/BrJT0A0XBo", "date": "23-02-2019 23:24", "retweet": 2, "like": 3}, {"id": "1099316539277201408", "url": "https://twitter.com/Chatchavitt8188/status/1099316539277201408", "username": "", "text": "พบกันในรายการ ทอล์ก-กะ-เทย ONE NIGHT คืนนี้ เวลา 22.30 น. ทางช่อง ONE31 ครับ ชัชวิทย์ สงวนภักร์ (หนูโดม) #NuDome #CVitt818818 #TalkWithToey #GMMTV #อภิสิทธิ์ #เลือกตั้ง62 #ประชาธิปัตย์ #แก้จนสร้างคนสร้างชาติ pic.twitter.com/9JKJ2vf9N7", "date": "23-02-2019 21:34", "retweet": 2, "like": 5}, {"id": "1099302727870341121", "url": "https://twitter.com/Chatchavitt8188/status/1099302727870341121", "username": "", "text": "อร่อยครับ ชัชวิทย์ สงวนภักร์ (หนูโดม) #NuDome #CVitt818818 pic.twitter.com/xEu7dpuTP8", "date": "23-02-2019 20:39", "retweet": 2, "like": 3}, {"id": "1099276210817839104", "url": "https://twitter.com/Chatchavitt8188/status/1099276210817839104", "username": "", "text": "อร่อย ชัชวิทย์ สงวนภักร์ (หนูโดม) #CVitt818818 pic.twitter.com/WF8mzmZ2Zl", "date": "23-02-2019 18:54", "retweet": 2, "like": 3}, {"id": "1099275263270039552", "url": "https://twitter.com/Chatchavitt8188/status/1099275263270039552", "username": "", "text": "pic.twitter.com/PopiMgZrcG", "date": "23-02-2019 18:50", "retweet": 0, "like": 0}, {"id": "1099273180449955841", "url": "https://twitter.com/Chatchavitt8188/status/1099273180449955841", "username": "", "text": "จะเป็นที่ไหนไปไม่ได้นอกจากลพบุรีครับ ชัชวิทย์ สงวนภักร์ (หนูโดม) #CVitt818818 #ลพบุรี #เลือกตั้ง62 #ประชาธิปัตย์ #แก้จนสร้างคนสร้างชาติ", "date": "23-02-2019 18:42", "retweet": 2, "like": 3}, {"id": "1099219911597993984", "url": "https://twitter.com/Chatchavitt8188/status/1099219911597993984", "username": "", "text": "เมนูอะไรครับ ชัชวิทย์ สงวนภักร์ (หนูโดม) #CVitt818818 pic.twitter.com/KO4BopDnGY", "date": "23-02-2019 15:10", "retweet": 2, "like": 3}, {"id": "1099128044730503171", "url": "https://twitter.com/Chatchavitt8188/status/1099128044730503171", "username": "", "text": "อร่อย ชัชวิทย์ สงวนภักร์ (หนูโดม) #CVitt818818 pic.twitter.com/sRrX6cPlAi", "date": "23-02-2019 09:05", "retweet": 2, "like": 3}, {"id": "1098657887000264705", "url": "https://twitter.com/Chatchavitt8188/status/1098657887000264705", "username": "", "text": "ชัชวิทย์ สงวนภักร์ (หนูโดม) #CVitt818818 pic.twitter.com/gHBS0u82H9", "date": "22-02-2019 01:57", "retweet": 2, "like": 3}, {"id": "1097750387669364737", "url": "https://twitter.com/Chatchavitt8188/status/1097750387669364737", "username": "", "text": "สังวาลย์ สงวนภักร์ ชัชวิทย์ สงวนภักร์ #CVitt818818 pic.twitter.com/g5b40HnfB6", "date": "19-02-2019 13:51", "retweet": 2, "like": 3}, {"id": "1097666908646588416", "url": "https://twitter.com/Chatchavitt8188/status/1097666908646588416", "username": "", "text": "ทำความดี ละเว้นความชั่ว ทำจิตใจให้ผ่องใส วันมาฆบูชาครับ สังวาลย์ สงวนภักร์ ชัชวิทย์ สงวนภักร์ #CVitt818818 pic.twitter.com/1F2OchbUWM", "date": "19-02-2019 08:19", "retweet": 2, "like": 3}, {"id": "1097553576950255616", "url": "https://twitter.com/Chatchavitt8188/status/1097553576950255616", "username": "", "text": "สังวาลย์ สงวนภักร์ ชัชวิทย์ สงวนภักร์ #CVitt818818 pic.twitter.com/1zbCPfgEia", "date": "19-02-2019 00:48", "retweet": 2, "like": 3}, {"id": "1097487306921979906", "url": "https://twitter.com/Chatchavitt8188/status/1097487306921979906", "username": "", "text": "สังวาลย์ สงวนภักร์ ชัชวิทย์ สงวนภักร์ #CVitt818818 18 ก.พ. 62 https:// youtu.be/IHeFJNkstT8", "date": "18-02-2019 20:25", "retweet": 2, "like": 3}, {"id": "1097462277022740481", "url": "https://twitter.com/Chatchavitt8188/status/1097462277022740481", "username": "", "text": "สังวาลย์ สงวนภักร์ ชัชวิทย์ สงวนภักร์ #CVitt818818 https:// timeline.line.me/post/_dRucpTer bk5sOs_MTn9zwq4dweZVHqTh8mziaVk/1155048971201067648 …", "date": "18-02-2019 18:46", "retweet": 2, "like": 3}, {"id": "1097426847216717824", "url": "https://twitter.com/Chatchavitt8188/status/1097426847216717824", "username": "", "text": "หมูย่างนมโสด By วิชชุดา สงวนภักร์ สังวาลย์ สงวนภักร์ ชัชวิทย์ สงวนภักร์ #CVitt818818 pic.twitter.com/WabDqI5n12", "date": "18-02-2019 16:25", "retweet": 2, "like": 3}, {"id": "1097395867613487104", "url": "https://twitter.com/Chatchavitt8188/status/1097395867613487104", "username": "", "text": "เช้านี้เรามาสวัสดียามเช้าพี่น้องที่แยกวังหินครับ ชัชวิทย์ สงวนภักร์ #CVitt818818 #วังหิน #ลาดพร้าว #เลือกตั้ง62 #ประชาธิปัตย์ #แก้จนสร้างคนสร้างชาติ pic.twitter.com/ZZT1TxJGxi", "date": "18-02-2019 14:22", "retweet": 2, "like": 4}]