[{"id": "1098516623684644864", "url": "https://twitter.com/Chayani83295833/status/1098516623684644864", "username": "", "text": "หนุ่มวัย 29 ทะเลาะกับแม่ ทุบทำลายข้าวของ-จุดไฟเผาบ้านวอดทั้งหลัง #kavinkvp #ข่าวจริง #ข่าวบันเทิง #ข่าวช่องวัน #ข่าว #ข่าววันนี้ #ข่าวจริง #ข่าวสดรอบโลก http://www. topicza.com/news87788.html ?d=21022019&f=72633 …", "date": "21-02-2019 16:35", "retweet": 0, "like": 1}, {"id": "1098013326452305920", "url": "https://twitter.com/Chayani83295833/status/1098013326452305920", "username": "", "text": "เปิดคลิป! วินาทีเฉียดตาย ช้างลุยน้ำพุ่งชนพลิกแพคว่ำตกน้ำ #ช้างเผือกอยู่ในป่า #ข่าวบันเทิง #ข่าววันนี้ #ข่าวจริง #ข่าวใหญ่25 http://www. topicza.com/news87689.html ?d=20022019&f=72633 …", "date": "20-02-2019 07:15", "retweet": 0, "like": 1}, {"id": "1097821814070210560", "url": "https://twitter.com/Chayani83295833/status/1097821814070210560", "username": "", "text": "พ่อเด็กวัย 14 เหยื่อลูกหลงกระสุนเจาะเบ้าตา วอนตำรวจตามจับเพื่อนมือปืนอีก 2 คน #ข่าวจริง #ข่าวค่ํามิติใหม่ทั่วไทย #ข่าวจริงเช็กแล้ว #ข่าวสดบันเทิง #ข่าวช่องวัน #ข่าวบันเทิงวันนี้ http://www. topicza.com/news87673.html ?d=19022019&f=72633 …", "date": "19-02-2019 18:34", "retweet": 0, "like": 1}, {"id": "1097702923897790465", "url": "https://twitter.com/Chayani83295833/status/1097702923897790465", "username": "", "text": "พ่อเด็กวัย 14 เหยื่อลูกหลงกระสุนเจาะเบ้าตา วอนตำรวจตามจับเพื่อนมือปืนอีก 2 คน #ข่าวจริง #ข่าวค่ํามิติใหม่ทั่วไทย #ข่าวจริงเช็กแล้ว #ข่าวสดบันเทิง #ข่าวช่องวัน #ข่าวบันเทิงวันนี้ http://www. topicza.com/news87673.html ?d=19022019&f=72633 …", "date": "19-02-2019 10:42", "retweet": 0, "like": 1}, {"id": "1097467746844008448", "url": "https://twitter.com/Chayani83295833/status/1097467746844008448", "username": "", "text": "ตีแผ่เบื้องหลัง ขอทานห้าง ตามตื๊อขอเงินบริจาค 10-20ไม่รับ ขอขั้นต่ำ 100 บาท เอายอดบริจาคเลี้ยงฉลองกินหรูหรา #ข่าวบันเทิง #ข่าววันนี้ #ข่าวจริง #ข่าว http://www. topicza.com/news87599.html ?d=18022019&f=72633 …", "date": "18-02-2019 19:07", "retweet": 0, "like": 1}, {"id": "1097291119061172224", "url": "https://twitter.com/Chayani83295833/status/1097291119061172224", "username": "", "text": "ตีแผ่เบื้องหลัง ขอทานห้าง ตามตื๊อขอเงินบริจาค 10-20ไม่รับ ขอขั้นต่ำ 100 บาท เอายอดบริจาคเลี้ยงฉลองกินหรูหรา #ข่าวบันเทิง #ข่าววันนี้ #ข่าวจริง #ข่าว http://www. topicza.com/news87599.html ?d=18022019&f=72633 …", "date": "18-02-2019 07:26", "retweet": 0, "like": 1}]