[{"id": "1099331628982140929", "url": "https://twitter.com/chickenbaby26/status/1099331628982140929", "username": "", "text": "นี่ว่าคุณโบว์โชคดีสุดแล้วที่ไม่ได้แต่ง จะได้ไปเจอคนที่ดีกว่านี้อะ #ป๊อบปองกูล", "date": "23-02-2019 22:34", "retweet": 0, "like": 3}, {"id": "1099145897051471872", "url": "https://twitter.com/chickenbaby26/status/1099145897051471872", "username": "", "text": "ไม่ให้ธนาธรเข้ามา เพราะธนาธรรวยแล้ว จะเข้ามาเพื่อหาอำนาจเพิ่ม จ่ะๆ มึงก็อยู่กับทหาร ให้พวกมึงไม่มีทั้งเงิน มั้งอำนาจต่อไปเถอะ", "date": "23-02-2019 10:16", "retweet": 1, "like": 0}, {"id": "1098783004200075264", "url": "https://twitter.com/chickenbaby26/status/1098783004200075264", "username": "", "text": "แร้วแต่เรยจ้า pic.twitter.com/bKlo0DJCFq", "date": "22-02-2019 10:14", "retweet": 0, "like": 0}, {"id": "1098777761655676928", "url": "https://twitter.com/chickenbaby26/status/1098777761655676928", "username": "", "text": "ปากบอกรักพ่อ จะทำตามพ่อสอน แต่มึงเชียร์ทหารมาเป็นนายก มึงเป็นเหี้ยไรอะ พวกมึงนี่มันดัดจริตจริง ๆ นอกจากโหนเจ้ามึงทำไรไม่เป็นแล้วมั้ง เนี่ยมึงมาอ่านพระบรมราโชวาท (พระราชทานแก่ทหารในวันกองทัพบก ๒๕ มกราคม ๒๔๙๙) แล้วทำตามด้วย อีควายยยยยยย #เลือกตั้ง62 pic.twitter.com/qftkChrxnn", "date": "22-02-2019 09:53", "retweet": 0, "like": 0}, {"id": "1098770101719883776", "url": "https://twitter.com/chickenbaby26/status/1098770101719883776", "username": "", "text": "เลิกโยงทหารที่เข้ามาเสือกเรื่องการเมือง กับทหารช่วยน้ำท่วม ทหารสามจังหวัด อีสัส", "date": "22-02-2019 09:23", "retweet": 0, "like": 0}, {"id": "1098276303353012224", "url": "https://twitter.com/chickenbaby26/status/1098276303353012224", "username": "", "text": "บอกพรรคอนาคตใหม่เด็ก อภิสิทธิ์ก็เป็นส.ส.ครั้งแรกตอนอายุ 27 ปีจ่ะ", "date": "21-02-2019 00:40", "retweet": 0, "like": 0}, {"id": "1097714003688579072", "url": "https://twitter.com/chickenbaby26/status/1097714003688579072", "username": "", "text": "ตอนแรกมาดีเบตไทยรัฐเรื่องโกง พูดดูดีอยู่นะ พอมาแบบนี้ จบเลย ตัดไปได้อีกหนึ่งพรรค pic.twitter.com/6kY0YhK5dW", "date": "19-02-2019 11:26", "retweet": 1, "like": 0}, {"id": "1097690093203013632", "url": "https://twitter.com/chickenbaby26/status/1097690093203013632", "username": "", "text": "ตัดงบแค่ 10% เอง ทำไมต้องงอแงอะ หรือคิดว่าตัดหมด เพราะอ่านแต่หัวข้อข่าว ไม่เข้าไปอ่านเนื้อหา?", "date": "19-02-2019 09:51", "retweet": 0, "like": 0}, {"id": "1097316341998993408", "url": "https://twitter.com/chickenbaby26/status/1097316341998993408", "username": "", "text": "หนักตั้งแต่พ่อยันลูก ทุกวันนี้ไม่มีอะไรหนักแผ่นดินเท่าทหารละ pic.twitter.com/9KsJjPzFRU", "date": "18-02-2019 09:06", "retweet": 2, "like": 3}]