[{"id": "1099357587806478337", "url": "https://twitter.com/chickyben/status/1099357587806478337", "username": "", "text": "แท็กการเมืองใดๆ มิอาจล้มล้างพลานุภาพแรงเผือกเรื่องชีวิตคู่ดารานักร้องของชาวทวิตภพได้ >> #ป๊อปปองกูล", "date": "24-02-2019 00:17", "retweet": 0, "like": 2}, {"id": "1098775511524765696", "url": "https://twitter.com/chickyben/status/1098775511524765696", "username": "", "text": "กุก็โชคดี๊ดี ได้เมิงเป็นหลาน", "date": "22-02-2019 09:44", "retweet": 0, "like": 0}, {"id": "1098770931890020352", "url": "https://twitter.com/chickyben/status/1098770931890020352", "username": "", "text": "เหยียบตรงนี้แล้วหมุนตัว 3 ครั้ง เขาเชื่อว่าจะมีโชคดี อาไปหมุนมาแล้ววววว อิอิ", "date": "22-02-2019 09:26", "retweet": 0, "like": 0}, {"id": "1098507327781531649", "url": "https://twitter.com/chickyben/status/1098507327781531649", "username": "", "text": "แป๊บนะคะ ลิงค์มีปัญหานิดหน่อยค่ะ", "date": "21-02-2019 15:58", "retweet": 0, "like": 1}, {"id": "1098506268900093952", "url": "https://twitter.com/chickyben/status/1098506268900093952", "username": "", "text": "ดาวน์โหลดนิตยสารออลฯ ได้ที่ลิงค์นี้นะคะ https://www. allmagazineonline.com/download/", "date": "21-02-2019 15:54", "retweet": 24, "like": 16}, {"id": "1098486371541368832", "url": "https://twitter.com/chickyben/status/1098486371541368832", "username": "", "text": "พี่ขอข้อมูลเพิ่มเติมไปทางหลังไมค์นะคะ :)", "date": "21-02-2019 14:35", "retweet": 0, "like": 0}, {"id": "1098467913713967105", "url": "https://twitter.com/chickyben/status/1098467913713967105", "username": "", "text": "รอแป๊บนะคะ ^^", "date": "21-02-2019 13:22", "retweet": 0, "like": 0}, {"id": "1098464475877789696", "url": "https://twitter.com/chickyben/status/1098464475877789696", "username": "", "text": "น้องอยู่แถวไหนคะ พี่จะให้น้องในทีมช่วยเช็คสาขาให้ค่ะ :)", "date": "21-02-2019 13:08", "retweet": 0, "like": 2}, {"id": "1098402107760160768", "url": "https://twitter.com/chickyben/status/1098402107760160768", "username": "", "text": "เล่มล่าสุดน้องในทีมสัมภาษณ์ อ.จุ๊ย กุลธิดา #อนาคตใหม่ และไอติม พริษฐ์ #ประชาธิปัตย์ เรื่องงานการเมืองของคนรุ่นใหม่ ทั้งคู่ก็น่ารักค่ะ สนใจอยากอ่าน รับฟรีที่ 7-11 สาขาในกรุงเทพฯ นะคะ (แอบขายของนิดนึง ) pic.twitter.com/3O44BxPNuc", "date": "21-02-2019 09:00", "retweet": 136, "like": 51}, {"id": "1098396028695326720", "url": "https://twitter.com/chickyben/status/1098396028695326720", "username": "", "text": "ขอบคุณที่แบ่งปันค่ะ เราเคยมีโอกาสสัมฯ คนมีชื่อเสียงหลายคน สองคนที่ประทับใจคือ คุณกรณ์ กับคุณชัชชาติ ทั้งคู่ไม่ขอดูประเด็นคำถามเหมือนกันค่ะ ถามอะไรได้หมด ตอบตรงชัดเจน ประทับใจชัชชาติมากกว่านิดนึงที่ อ.เตรียมข้อมูลมาให้เยอะมาก เป็นการสัมฯ สนุกและมีสาระมากกกกค่ะ :) pic.twitter.com/EDqSJHKkew", "date": "21-02-2019 08:36", "retweet": 401, "like": 106}, {"id": "1098229245787045888", "url": "https://twitter.com/chickyben/status/1098229245787045888", "username": "", "text": "สงสารคนไทย จะเลือกคนเก่าก็อันตราย จะเลือกคนใหม่ก็ดูคลุมเครือ โว้ยยยยย!!! #เลือกตั้ง2562", "date": "20-02-2019 21:33", "retweet": 0, "like": 0}, {"id": "1098138363125583872", "url": "https://twitter.com/chickyben/status/1098138363125583872", "username": "", "text": "เมื่อวานเย็นเพิ่งว่างได้ขึ้นไปชมอาคารมหานครสกายวอล์ค ที่โชคดีได้บัตรฟรีจาก @PlusAgency ทวิตแจกมาค่ะ อยากบอกว่าสูงมากกก เสียวมากกก สวยมากกก ได้ดู SuperFullMoon บนยอดตึกด้วย บอกเลยว่าฟินมากกกก ขอบคุณสำหรับความมหัศจรรย์ครั้งนี้นะคะ #กราบบบบบ #ของฟรีดีต่อใจ pic.twitter.com/Eb6b68HsNE", "date": "20-02-2019 15:32", "retweet": 1, "like": 0}, {"id": "1097823549195149313", "url": "https://twitter.com/chickyben/status/1097823549195149313", "username": "", "text": "Super Full Moon บนยอดตึกมหานครค่ะพี่ @MrVop pic.twitter.com/nsnrCjjHPe", "date": "19-02-2019 18:41", "retweet": 7, "like": 21}, {"id": "1097531769241268224", "url": "https://twitter.com/chickyben/status/1097531769241268224", "username": "", "text": "คุณทองแดง เรือใบ รถจี๊ป กล้องถ่ายรูป แซกโซโฟน ของมีค่าในหัวใจเมื่อคิดถึงในหลวงรัชกาลที่ ๙ เมืองไทยคงไม่มีวันเหมือนเดิมอีกต่อไป #เลือกตั้ง ครั้งนี้เหมือนจะฆ่ากันให้ตายกันไปข้าง ลืมไปหรือเปล่าว่าหลังเลือกตั้งก็กลายเป็น #คนเท่ากัน เหมือนเดิม #คิดถึงในหลวง pic.twitter.com/jhqF97zSlC", "date": "18-02-2019 23:22", "retweet": 0, "like": 0}, {"id": "1097487783738757123", "url": "https://twitter.com/chickyben/status/1097487783738757123", "username": "", "text": "เห็นด้วยเต็มหัวใจ พวกเผาบ้านเมืองตัวเอง อาฆาตมาดร้ายประมุขของประเทศตัวเอง ทำร้ายคนไทยด้วยกันเอง เราขอเรียกคนเช่นนั้นว่าเป็นคน #หนักแผ่นดิน !!!", "date": "18-02-2019 20:27", "retweet": 3, "like": 4}]