[{"id": "1099255728081006598", "url": "https://twitter.com/chotikapang/status/1099255728081006598", "username": "", "text": "แกะเเพท1ออกมาเปิดดูเเล้วนึกในใจ มันคืออะไรวะเนี่ย #GATPAT", "date": "23-02-2019 17:32", "retweet": 0, "like": 0}, {"id": "1099255313088143360", "url": "https://twitter.com/chotikapang/status/1099255313088143360", "username": "", "text": "ทีมไม่ได้นับคำตอบ #GATPAT", "date": "23-02-2019 17:31", "retweet": 4, "like": 1}, {"id": "1099255123262361602", "url": "https://twitter.com/chotikapang/status/1099255123262361602", "username": "", "text": "ไปแดกปู​ม้ากัน #GATPAT", "date": "23-02-2019 17:30", "retweet": 1, "like": 1}, {"id": "1099253283896537089", "url": "https://twitter.com/chotikapang/status/1099253283896537089", "username": "", "text": "ใครต่อใครก็​บอกว่าง่าย สุดท้ายก็​ดิ่ง #GATPAT", "date": "23-02-2019 17:23", "retweet": 0, "like": 1}, {"id": "1099253052182192128", "url": "https://twitter.com/chotikapang/status/1099253052182192128", "username": "", "text": "ออกจากห้องสอบมายิ้มจ้า ทำไม่ได้เลย #GATPAT", "date": "23-02-2019 17:22", "retweet": 1, "like": 1}, {"id": "1099251220097552385", "url": "https://twitter.com/chotikapang/status/1099251220097552385", "username": "", "text": "กู​ไม่ตายคนเดียว เพราะคนที่ทำไม่ได้เหมือนกูเยอะมาก555555 #GATPAT", "date": "23-02-2019 17:14", "retweet": 0, "like": 0}, {"id": "1098980180012412929", "url": "https://twitter.com/chotikapang/status/1098980180012412929", "username": "", "text": "นอนไม่หลับว้อยยยย", "date": "22-02-2019 23:17", "retweet": 0, "like": 0}, {"id": "1098978552614014976", "url": "https://twitter.com/chotikapang/status/1098978552614014976", "username": "", "text": "นอนไม่หลับเเต่พน.สอบ", "date": "22-02-2019 23:11", "retweet": 0, "like": 0}, {"id": "1098975343652683776", "url": "https://twitter.com/chotikapang/status/1098975343652683776", "username": "", "text": "เรียกที่รักเลยหรอเธอ", "date": "22-02-2019 22:58", "retweet": 0, "like": 0}, {"id": "1098403924975935490", "url": "https://twitter.com/chotikapang/status/1098403924975935490", "username": "", "text": "ลบออกจากเฟสจากแอปต่างๆได้ เเต่ลบออกจากใจมันยากนะ", "date": "21-02-2019 09:07", "retweet": 1, "like": 1}, {"id": "1097685110281854976", "url": "https://twitter.com/chotikapang/status/1097685110281854976", "username": "", "text": "เอาความมั่นใจแบบนี้มาจากไหนคะ โปรดเลือก.....​เบอร์... พรรคที่เป็นรัฐบาล\"เเน่นอน\" เเน่นอนเลยหรอ #พลังประชารัฐ จากรถหาเสียงของเขตนึงในจ.นครสวรรค์", "date": "19-02-2019 09:31", "retweet": 0, "like": 0}, {"id": "1097638799314628608", "url": "https://twitter.com/chotikapang/status/1097638799314628608", "username": "", "text": "ไม่มีตังค์", "date": "19-02-2019 06:27", "retweet": 0, "like": 0}, {"id": "1097498633585319936", "url": "https://twitter.com/chotikapang/status/1097498633585319936", "username": "", "text": "@beem_nr2001 https:// twitter.com/OnePieceSaraTH /status/1097422201614098432 …", "date": "18-02-2019 21:10", "retweet": 0, "like": 0}, {"id": "1097496506053980161", "url": "https://twitter.com/chotikapang/status/1097496506053980161", "username": "", "text": "บ่นปวดหัวขอให้ปวดหัวจริงๆนะไม่ใช่ไปเล่นเกม", "date": "18-02-2019 21:02", "retweet": 0, "like": 0}]