[{"id": "1099361776313917440", "url": "https://twitter.com/ChwlChwnst/status/1099361776313917440", "username": "", "text": "เอาลุงตู่มาทำแบบนี้สิครับ ดีเบตเหมือนกัน https:// twitter.com/lunarlilies/st atus/1099140497770143744 …", "date": "24-02-2019 00:34", "retweet": 0, "like": 0}, {"id": "1099336504248156160", "url": "https://twitter.com/ChwlChwnst/status/1099336504248156160", "username": "", "text": "ทำไมกูแทงหวยไม่ถูกวะ!! https:// twitter.com/_peachchee_/st atus/1098917085915181056 …", "date": "23-02-2019 22:53", "retweet": 0, "like": 0}, {"id": "1098991645666627584", "url": "https://twitter.com/ChwlChwnst/status/1098991645666627584", "username": "", "text": "ละบอกตัวเองว่าเป็นนักประชาธิปไตย!! แค่นี้ยังดูถูกคนลงเสียงข้างมากเลย!! #เลือกตั้งปี62 #รธนฉบับนี้แย่จริง #เสียงข้างมากมาแบบนั้นหนิ #หรือบังคับกากันมา #เสียงส่วนมากตามระบบปชต https:// twitter.com/drballban/stat us/1098922478385082368 …", "date": "23-02-2019 00:03", "retweet": 0, "like": 0}, {"id": "1098185931025072129", "url": "https://twitter.com/ChwlChwnst/status/1098185931025072129", "username": "", "text": "กกต รบกวนตรวจสอบด่วนนนนครัช จะได้รู้ว่าจริงไม่จริง #กกต #เลือกตั้งปี2562 #เลือกตั้ง62 #ปชป #พลังประชารัฐ #เพื่อไทย #อนาคตใหม่ https:// twitter.com/alther_boy/sta tus/1096395807249424385 …", "date": "20-02-2019 18:41", "retweet": 0, "like": 0}, {"id": "1097818489786589185", "url": "https://twitter.com/ChwlChwnst/status/1097818489786589185", "username": "", "text": "พวกที่ด่า ไปไหนหมดแล้วอะ หรือยุ่งกันอยู่ช่วงนี้เลือกตั้ง!! #เลือกตั้ง #เลือกตั้งปี2562 #เลือกตั้ง62 https:// twitter.com/kcltv/status/1 097816594913226752 …", "date": "19-02-2019 18:21", "retweet": 0, "like": 0}]