[{"id": "1098805780617191426", "url": "https://twitter.com/coolicecc/status/1098805780617191426", "username": "", "text": "เท่าที่อยู่ในกลุ่มผู้ใช้งานมือถือหลายๆ ยี่ห้อ และตัวเองก็ใช้มือถือหลายยี่ห้อ กลุ่มผู้ใช้ไอโฟนนี่สุดๆ เลย ต้องอวยเท่านั้น เห็นต่างไม่ได้", "date": "22-02-2019 11:44", "retweet": 0, "like": 0}, {"id": "1098743463372296192", "url": "https://twitter.com/coolicecc/status/1098743463372296192", "username": "", "text": "วันศุกร์แล้ว ขอหอมหน่อย https://www. instagram.com/p/BuKgidFBH8F/ ?utm_source=ig_twitter_share&igshid=2tklznhke5xa …", "date": "22-02-2019 07:37", "retweet": 0, "like": 0}, {"id": "1098499113534910464", "url": "https://twitter.com/coolicecc/status/1098499113534910464", "username": "", "text": "นี่กล้อง หรือตุ่มฝี https:// twitter.com/AppDisqus/stat us/1098486611740770304 …", "date": "21-02-2019 15:26", "retweet": 0, "like": 0}, {"id": "1098494046870298624", "url": "https://twitter.com/coolicecc/status/1098494046870298624", "username": "", "text": "ปีนี้เป็นปีของ #samsung จริงๆ เปิดตัว #S10 ได้ว้าวจริงๆ เอาใจช่วยผลไม้แล้วกัน ตอนนี้แอนดรอยด์รุกหนักมาก", "date": "21-02-2019 15:06", "retweet": 0, "like": 0}, {"id": "1098439709892653056", "url": "https://twitter.com/coolicecc/status/1098439709892653056", "username": "", "text": "วันนี้ #facebook เป็นอะไร ดูแถบข้อความไม่ได้ pic.twitter.com/xOwBfFRVuB", "date": "21-02-2019 11:30", "retweet": 0, "like": 0}, {"id": "1098388643624869888", "url": "https://twitter.com/coolicecc/status/1098388643624869888", "username": "", "text": "โดน #Kerry ดองสินค้ามา 1 วันแล้ว ไม่รู้ว่าวันนี้จะมาส่งมั้ย pic.twitter.com/5zA7cQsvhD", "date": "21-02-2019 08:07", "retweet": 0, "like": 0}, {"id": "1098194116553236480", "url": "https://twitter.com/coolicecc/status/1098194116553236480", "username": "", "text": "คืนนี้แล้วสินะ #GalaxyS10", "date": "20-02-2019 19:14", "retweet": 0, "like": 0}, {"id": "1098056482585636864", "url": "https://twitter.com/coolicecc/status/1098056482585636864", "username": "", "text": "แจกฟรี สคลิปล้างไฟล์ขยะในคอมพิวเตอร์ https://www. krui3.com/download/clean -the-junk-files-on-the-computer/ …", "date": "20-02-2019 10:07", "retweet": 0, "like": 0}, {"id": "1098056009895993344", "url": "https://twitter.com/coolicecc/status/1098056009895993344", "username": "", "text": "โปรแกรมเล่นไฟล์วิดีโอสุดเจ๋ง เล็ก เบา https://www. krui3.com/download/mpv-m edia-player/ …", "date": "20-02-2019 10:05", "retweet": 0, "like": 0}, {"id": "1098055876315832320", "url": "https://twitter.com/coolicecc/status/1098055876315832320", "username": "", "text": "วิธีเปิดโปรแกรม Microsoft Office สู่หน้ากระดาษเปล่าทันที โดยไม่ต้องเลือก https://www. krui3.com/manual/how-to- open-microsoft-office-quickly/ …", "date": "20-02-2019 10:04", "retweet": 0, "like": 0}, {"id": "1098055701706854401", "url": "https://twitter.com/coolicecc/status/1098055701706854401", "username": "", "text": "http:// Remove.bg เครื่องมือลบพื้นหลัง ภายในคลิกเดียว https://www. krui3.com/manual/remove- bg-background-removal-tool-within-one-click/ …", "date": "20-02-2019 10:04", "retweet": 0, "like": 1}, {"id": "1098021372243062784", "url": "https://twitter.com/coolicecc/status/1098021372243062784", "username": "", "text": "ตื่นเต้นมาก แอนดรอยด์ทำแบบนี้ได้ด้วย คือกดค้างที่รูปภาพใน IG แล้วมันจะมีป๊อปอัพขึ้นมาให้ดูภาพได้เลย เจ๋งอะ pic.twitter.com/1eARWXHrGQ", "date": "20-02-2019 07:47", "retweet": 0, "like": 0}, {"id": "1097816939731202049", "url": "https://twitter.com/coolicecc/status/1097816939731202049", "username": "", "text": "นี่ผมมาซื้อข้าวกิน หรือมาขอกินฟรีวะ เล่นตัวเหลือเกิน เห็นเราไม่ค่อยพูดคงคิดว่ายังไงก็ได้ละสินะ", "date": "19-02-2019 18:15", "retweet": 0, "like": 0}, {"id": "1097816191920365568", "url": "https://twitter.com/coolicecc/status/1097816191920365568", "username": "", "text": "เป็นเจ้าของกิจการรายย่อย แต่ไม่ง้อลูกค้า หยิ่ง ทะนงตัว ลูกค้าไม่ซื้อ แต่ไปซื้อร้านใหญ่ขาย 24ชม. แบบนี้จะมาร้องโอดครวญอะไร", "date": "19-02-2019 18:12", "retweet": 0, "like": 0}, {"id": "1097800734509215745", "url": "https://twitter.com/coolicecc/status/1097800734509215745", "username": "", "text": "ในที่สุด #Note8 ก็ต่อสาย USB-C แล้วใช้โหมด #DeX ได้ซะที pic.twitter.com/NoCpFXwy11", "date": "19-02-2019 17:11", "retweet": 0, "like": 0}, {"id": "1097775849787383809", "url": "https://twitter.com/coolicecc/status/1097775849787383809", "username": "", "text": "ดูดี และใช้ง่ายขึ้นเยอะ https:// twitter.com/droidsans/stat us/1097768983879573506 …", "date": "19-02-2019 15:32", "retweet": 0, "like": 0}, {"id": "1097763843864809477", "url": "https://twitter.com/coolicecc/status/1097763843864809477", "username": "", "text": "นักเรียนถามว่า เขาหยุดกันทั้งประเทศ ทำไมเราต้องมาอบรม คือจะตอบไงดีละ เอาเป็นว่า ครูก็อยากหยุด pic.twitter.com/SvAYrRcfBZ", "date": "19-02-2019 14:44", "retweet": 0, "like": 0}, {"id": "1097380684736253953", "url": "https://twitter.com/coolicecc/status/1097380684736253953", "username": "", "text": "นี่ขนาด samsung ซอยรุ่นจนงงแล้วนะ ยังสู้ไม่ได้ https:// twitter.com/kengkawiz/stat us/1097365175861010432 …", "date": "18-02-2019 13:21", "retweet": 0, "like": 0}]