[{"id": "1098903319035035649", "url": "https://twitter.com/Cruel_Arm/status/1098903319035035649", "username": "", "text": "เอาจริงดิ 555555 ห่าง 6 ปีนี่ไปเจอได้ไงวะนั่น", "date": "22-02-2019 18:12", "retweet": 0, "like": 0}, {"id": "1098902852838158336", "url": "https://twitter.com/Cruel_Arm/status/1098902852838158336", "username": "", "text": "อือ รุ่นน้องกุ", "date": "22-02-2019 18:10", "retweet": 0, "like": 0}, {"id": "1098902450893799424", "url": "https://twitter.com/Cruel_Arm/status/1098902450893799424", "username": "", "text": "มึงไปงานแต่งน้องปลั๊กมาใช่มะ เห็นรูปอยู่", "date": "22-02-2019 18:08", "retweet": 0, "like": 0}, {"id": "1098791108220317696", "url": "https://twitter.com/Cruel_Arm/status/1098791108220317696", "username": "", "text": "เปิดเว็บ thaiticketmajor เพิ่งเห็นว่า #nickiminaj มาเล่นที่ไทยด้วยวันถัดจากน้าจ้อนเลย แต่ทำไมข่าวเงียบจัง", "date": "22-02-2019 10:46", "retweet": 3, "like": 3}, {"id": "1098760984947093504", "url": "https://twitter.com/Cruel_Arm/status/1098760984947093504", "username": "", "text": "เพลงรถหาเสียง #พลังประชารัฐ คือแบบ... ท่านกำลังเข้าสู่บริการรับฝากประเทศไทย... ฝากแล้วจะเป็นยังไงวะ?", "date": "22-02-2019 08:46", "retweet": 0, "like": 0}, {"id": "1098156478848880640", "url": "https://twitter.com/Cruel_Arm/status/1098156478848880640", "username": "", "text": "ทำไมเพลง บักแตงโม มันโผล่มาในหัววะ", "date": "20-02-2019 16:44", "retweet": 0, "like": 0}]