[{"id": "1099342109004292096", "url": "https://twitter.com/Ct19sTrnSU04/status/1099342109004292096", "username": "", "text": "แล้วประเด็นออกสื่อทั้งคู่ แต่ผญ.ไม่สงสัยง่ะ", "date": "23-02-2019 23:15", "retweet": 0, "like": 0}, {"id": "1099341541380841472", "url": "https://twitter.com/Ct19sTrnSU04/status/1099341541380841472", "username": "", "text": "#ปมรักสลับหัวใจ #ป๊อบปองกูล หรือว่าพี่ป๊อบจะโปรโมตละคร 555555555555555 จังหวะมันได้ https:// twitter.com/sontayamaka/st atus/1099335010455216129 …", "date": "23-02-2019 23:13", "retweet": 12, "like": 4}, {"id": "1099340005946777600", "url": "https://twitter.com/Ct19sTrnSU04/status/1099340005946777600", "username": "", "text": "ซับซ้อนสุดๆ พี่ป๊อบบบบบบ", "date": "23-02-2019 23:07", "retweet": 0, "like": 0}, {"id": "1099332562109919232", "url": "https://twitter.com/Ct19sTrnSU04/status/1099332562109919232", "username": "", "text": "พี่ป๊อป อิหยังวะ คนที่แต่งคบมา 14 ปี แต่อีกคนที่ไปฉลองวาเลนไทน์ เปิดร้านเตี๋ยวด้วยกัน คบ 10 ปี คบซ้อนเป็น 10 ปีงี้หรอวะ เอาจริงดิ", "date": "23-02-2019 22:38", "retweet": 0, "like": 0}, {"id": "1099323353364480000", "url": "https://twitter.com/Ct19sTrnSU04/status/1099323353364480000", "username": "", "text": "ย้อนหลัง 22.30 น. Linetv จ้า", "date": "23-02-2019 22:01", "retweet": 0, "like": 1}, {"id": "1099315729541656576", "url": "https://twitter.com/Ct19sTrnSU04/status/1099315729541656576", "username": "", "text": "พี่ตากล้างติดซูมมากค่ะ 5555555555555 หลายฉากละวันนี้ #ปมรักสลับหัวใจ", "date": "23-02-2019 21:31", "retweet": 9, "like": 3}, {"id": "1099313401539440640", "url": "https://twitter.com/Ct19sTrnSU04/status/1099313401539440640", "username": "", "text": "Me:พี่เตชิตๆ อะไรดำๆติดอะ เตชิต: ตรงไหน? Me: หูอะพี่ หูนี่ดำเลย แหมมมม ม่อเก่งงงงงงงงงงงงงงงงง ฮ่วยย #ปมรักสลับหัวใจ", "date": "23-02-2019 21:21", "retweet": 27, "like": 7}, {"id": "1099312458001408000", "url": "https://twitter.com/Ct19sTrnSU04/status/1099312458001408000", "username": "", "text": "โฆษณาถี่เกินไปแล้วจย้าาาาาาาาาาาาา #ปมรักสลับหัวใจ", "date": "23-02-2019 21:18", "retweet": 20, "like": 2}, {"id": "1099312034011742208", "url": "https://twitter.com/Ct19sTrnSU04/status/1099312034011742208", "username": "", "text": "ดูดวงไพ่ยิปซีรายวัน 55555555555555 โอ๊ยยยยยย #ปมรักสลับหัวใจ", "date": "23-02-2019 21:16", "retweet": 13, "like": 2}, {"id": "1099311069850349571", "url": "https://twitter.com/Ct19sTrnSU04/status/1099311069850349571", "username": "", "text": "อิพี่เตชิตตตตตตตตตตตตต #ปมรักสลับหัวใจ", "date": "23-02-2019 21:12", "retweet": 4, "like": 1}, {"id": "1099308779064066048", "url": "https://twitter.com/Ct19sTrnSU04/status/1099308779064066048", "username": "", "text": "พี่ไผ่ ใจเย็นนนนนนนนนนนนนนนนน ขี้บ่นจุง 555555555555555555 #ปมรักสลับหัวใจ pic.twitter.com/avnxcIf0hs", "date": "23-02-2019 21:03", "retweet": 11, "like": 5}, {"id": "1099308255258398720", "url": "https://twitter.com/Ct19sTrnSU04/status/1099308255258398720", "username": "", "text": "เตชิน กลับมาตามหาสาวละ อิอิ #ปมรักสลับหัวใจ", "date": "23-02-2019 21:01", "retweet": 9, "like": 1}, {"id": "1099304780764045313", "url": "https://twitter.com/Ct19sTrnSU04/status/1099304780764045313", "username": "", "text": "หูยย หล่อ รวย สปอร์ต กทม. #ปมรักสลับหัวใจ", "date": "23-02-2019 20:47", "retweet": 3, "like": 0}, {"id": "1099303411781066753", "url": "https://twitter.com/Ct19sTrnSU04/status/1099303411781066753", "username": "", "text": "พี่ดริวเก่งอะ บุคลิก เตชิต - เตชิน โคตรชัด #ปมรักสลับหัวใจ pic.twitter.com/kTJUCNHDFl", "date": "23-02-2019 20:42", "retweet": 45, "like": 19}, {"id": "1099302361435037697", "url": "https://twitter.com/Ct19sTrnSU04/status/1099302361435037697", "username": "", "text": "คือตอนยังไม่ออนคิดว่า เตชิต เป็นพระเอกแหละ แต่พอเจอฉากแรกเข้าไปพี่ ยังไงงงงงเป็น เตชิน หรอ #ปมรักสลับหัวใจ", "date": "23-02-2019 20:38", "retweet": 22, "like": 2}, {"id": "1099300926207062016", "url": "https://twitter.com/Ct19sTrnSU04/status/1099300926207062016", "username": "", "text": "ละทำไมกุหวีดแต่พี่ดริว 55555555555", "date": "23-02-2019 20:32", "retweet": 0, "like": 0}, {"id": "1099300583331160064", "url": "https://twitter.com/Ct19sTrnSU04/status/1099300583331160064", "username": "", "text": "ชอบความอ้าปากของพี่ดริว น่ารัก 5555555555555 #ปมรักสลับหัวใจ pic.twitter.com/YDHu60Q5Nt", "date": "23-02-2019 20:30", "retweet": 25, "like": 8}, {"id": "1099299993498734593", "url": "https://twitter.com/Ct19sTrnSU04/status/1099299993498734593", "username": "", "text": "คือเปิดมาปุ๊บบบบบบบ เตชิต ตาย อิเวงงง #ปมรักสลับหัวใจ", "date": "23-02-2019 20:28", "retweet": 8, "like": 2}, {"id": "1099299508301619202", "url": "https://twitter.com/Ct19sTrnSU04/status/1099299508301619202", "username": "", "text": "พี่ดริวววววววววววววว #ปมรักสลับหัวใจ pic.twitter.com/rz8BmFHVC8", "date": "23-02-2019 20:26", "retweet": 6, "like": 2}, {"id": "1099298774516559873", "url": "https://twitter.com/Ct19sTrnSU04/status/1099298774516559873", "username": "", "text": "คือเพลงรักในลับ เสียงน้องนนท์ก็เพราะอะ #nontfam #ปมรักสลับหัวใจ", "date": "23-02-2019 20:23", "retweet": 6, "like": 0}, {"id": "1099298418600497152", "url": "https://twitter.com/Ct19sTrnSU04/status/1099298418600497152", "username": "", "text": "มาแล้วววววววววววววว #ปมรักสลับหัวใจ pic.twitter.com/b6B9jpBakz", "date": "23-02-2019 20:22", "retweet": 9, "like": 1}, {"id": "1099286365437456384", "url": "https://twitter.com/Ct19sTrnSU04/status/1099286365437456384", "username": "", "text": "เป็นของ นสพ.พรุ่งนี้ ... คิดเหมือนกันมั้ยว่าคู่ไหน เพราะเพิ่งสัมฯไปเมื่อคืน 5555555555555555555555555555 แต่คือนี่ครอบครัวเขาชอบไง ว้อยยยยย pic.twitter.com/zfDj8NglIH", "date": "23-02-2019 19:34", "retweet": 0, "like": 0}, {"id": "1099282619051663361", "url": "https://twitter.com/Ct19sTrnSU04/status/1099282619051663361", "username": "", "text": "\" ฟ้า จะอยู่ในสายตา และในหัวใจ \" \" ทีมกำลังใจของน้องฟ้า \" ละคร ปมรักสลับหัวใจ ทุกวันเสาร์-อาทิตย์ เวลา 20.15 น. วันนี้เสนอเป็นตอนแรก ทาง ช่อง 8 #cheerny14 #ปมรักสลับหัวใจ pic.twitter.com/w0c0i11KHL", "date": "23-02-2019 19:19", "retweet": 9, "like": 1}, {"id": "1099244136182407168", "url": "https://twitter.com/Ct19sTrnSU04/status/1099244136182407168", "username": "", "text": "สรุปมีตจบยังวะ 5555555 เล่นทวิตซะเหมือนไม่ได้มาทำงานอะวันนี้", "date": "23-02-2019 16:46", "retweet": 0, "like": 0}, {"id": "1099243144749604864", "url": "https://twitter.com/Ct19sTrnSU04/status/1099243144749604864", "username": "", "text": "ใส่ตุ้มหูดั้ววววววววว", "date": "23-02-2019 16:42", "retweet": 0, "like": 0}, {"id": "1099242646516555776", "url": "https://twitter.com/Ct19sTrnSU04/status/1099242646516555776", "username": "", "text": "ทำไมพูดให้กลัว ว้อยยย เอามาๆ 55555", "date": "23-02-2019 16:40", "retweet": 0, "like": 0}, {"id": "1099241447008563200", "url": "https://twitter.com/Ct19sTrnSU04/status/1099241447008563200", "username": "", "text": "แล้วดูหน้าพี่เป้ 555555555555555555555 https:// twitter.com/p_chod/status/ 1099237829090074624 …", "date": "23-02-2019 16:35", "retweet": 0, "like": 0}, {"id": "1099239069588963329", "url": "https://twitter.com/Ct19sTrnSU04/status/1099239069588963329", "username": "", "text": "ไหน ปามาซิ 555555555555", "date": "23-02-2019 16:26", "retweet": 0, "like": 0}, {"id": "1099238241453010944", "url": "https://twitter.com/Ct19sTrnSU04/status/1099238241453010944", "username": "", "text": "สาวนอกวงการไม่มีตัวตนไงพี่ 55555555 พต พช ไปด้วยกันทุกที่", "date": "23-02-2019 16:23", "retweet": 0, "like": 1}, {"id": "1099235484071485441", "url": "https://twitter.com/Ct19sTrnSU04/status/1099235484071485441", "username": "", "text": "ไม่ค่อยชิน.... พอโสดแล้ว พต ออกตัวแรงเว่อรรรร์", "date": "23-02-2019 16:12", "retweet": 2, "like": 1}, {"id": "1099228295525064704", "url": "https://twitter.com/Ct19sTrnSU04/status/1099228295525064704", "username": "", "text": "อันนี้เริ่มจีบปะคะท่ดที เขิงงงง -///////-", "date": "23-02-2019 15:43", "retweet": 0, "like": 4}, {"id": "1099225171527757824", "url": "https://twitter.com/Ct19sTrnSU04/status/1099225171527757824", "username": "", "text": "55555 เอออ เชียร์มาคำแรกก็ต้องไป เชียร์นี่ เชียร์ฑิฆัมพร แหละ จะมีใครแหวกไปเชียร์รัก ... คนมันจะขิง", "date": "23-02-2019 15:31", "retweet": 2, "like": 2}, {"id": "1099224429026930690", "url": "https://twitter.com/Ct19sTrnSU04/status/1099224429026930690", "username": "", "text": "หูยยยยยยยยยยยย -//////- เขิงงงงง บอกไปให้ถึงแม่ @CheerNy14 #เต้ยเชียร์ https:// twitter.com/sensespalsy/st atus/1099221502065438723 …", "date": "23-02-2019 15:28", "retweet": 13, "like": 14}, {"id": "1099223213882585093", "url": "https://twitter.com/Ct19sTrnSU04/status/1099223213882585093", "username": "", "text": "พบตัวคนใบ้ 'เชียร์ ฑิฆัมพร' แล้ว แกวางยาใช่มั้ย ใบ้แล้วไป 'เชียร์รักผม' เฉย 555555555555555 คำตอบแหวกชิบหัยยยยยยย #เต้ยเชียร์ #Toey27thBD #toey_pongsakorn https:// twitter.com/bwtra_k/status /1099221763420872706 …", "date": "23-02-2019 15:23", "retweet": 5, "like": 5}, {"id": "1099222529275641856", "url": "https://twitter.com/Ct19sTrnSU04/status/1099222529275641856", "username": "", "text": "เจอตัวแล้ว 5555555555555555555555555 แกแกล้งพ่อแกใช่มั้ย https:// twitter.com/bwtra_k/status /1099221763420872706 …", "date": "23-02-2019 15:20", "retweet": 38, "like": 38}, {"id": "1099220136232284160", "url": "https://twitter.com/Ct19sTrnSU04/status/1099220136232284160", "username": "", "text": "พี่ป๊อบบบบบบบบบบบบ แต่งงานแล้วเหวยยยยย", "date": "23-02-2019 15:11", "retweet": 0, "like": 0}, {"id": "1099219516821630978", "url": "https://twitter.com/Ct19sTrnSU04/status/1099219516821630978", "username": "", "text": "เอ้าก็ติดนะอิเวง", "date": "23-02-2019 15:08", "retweet": 0, "like": 0}, {"id": "1099217333824835586", "url": "https://twitter.com/Ct19sTrnSU04/status/1099217333824835586", "username": "", "text": "อันนี้ไม่น่าเรียกว่าเกม 'ทายคำ' เพราะน่าจะเป็นเกม 'ทายใจ' มาจากจิตใต้สำนึก 5555555555555555555555555 #toey27thbd #เต้ยเชียร์ #toey_pongsakorn https:// twitter.com/igfgarfield/st atus/1099211420477022208 …", "date": "23-02-2019 15:00", "retweet": 57, "like": 39}, {"id": "1099213499408891905", "url": "https://twitter.com/Ct19sTrnSU04/status/1099213499408891905", "username": "", "text": "55555555555555 ไม่มีพื้นที่สำหรับเธอว์", "date": "23-02-2019 14:44", "retweet": 0, "like": 0}, {"id": "1099206613234114560", "url": "https://twitter.com/Ct19sTrnSU04/status/1099206613234114560", "username": "", "text": "ไม่ได้ไปงานมีตกับเขาเหรอออออ", "date": "23-02-2019 14:17", "retweet": 0, "like": 1}, {"id": "1099205518319448065", "url": "https://twitter.com/Ct19sTrnSU04/status/1099205518319448065", "username": "", "text": "โคตรไร้ตัวตนเลย สาวนอกวง 5555555555555", "date": "23-02-2019 14:13", "retweet": 0, "like": 0}, {"id": "1099203841214447616", "url": "https://twitter.com/Ct19sTrnSU04/status/1099203841214447616", "username": "", "text": "@Lady_OfTheSea พี่ดี้ๆ 555555555555555555555555555", "date": "23-02-2019 14:06", "retweet": 0, "like": 1}, {"id": "1099203340083257346", "url": "https://twitter.com/Ct19sTrnSU04/status/1099203340083257346", "username": "", "text": "ฮะ!!!! อะไรนะ!!!!!!!!!!!! มึงบ้าหรือกูบ้า 5555555555555555555555555555555555555555555555555 pic.twitter.com/IKka0y1nfE", "date": "23-02-2019 14:04", "retweet": 14, "like": 12}, {"id": "1099192274611630080", "url": "https://twitter.com/Ct19sTrnSU04/status/1099192274611630080", "username": "", "text": "5555 ช่ายยยย", "date": "23-02-2019 13:20", "retweet": 0, "like": 0}, {"id": "1099191300551659520", "url": "https://twitter.com/Ct19sTrnSU04/status/1099191300551659520", "username": "", "text": "55555 โดนล้อยับบบบ", "date": "23-02-2019 13:16", "retweet": 0, "like": 0}, {"id": "1099190027299352576", "url": "https://twitter.com/Ct19sTrnSU04/status/1099190027299352576", "username": "", "text": "เห็นแต่คลิป ลิเต้ย หน้าฟีดอะ 5555555555555555 นอนเด้งเป็นสิบๆ รอบแล้ว ว้อยยยยยยยย #เต้ยเชียร์ #toey_pongsakorn #toey27thbd", "date": "23-02-2019 13:11", "retweet": 37, "like": 23}, {"id": "1099187912782970880", "url": "https://twitter.com/Ct19sTrnSU04/status/1099187912782970880", "username": "", "text": "5555555 นางจะเห็นตัวเองยังงง", "date": "23-02-2019 13:03", "retweet": 0, "like": 0}, {"id": "1099187316877230086", "url": "https://twitter.com/Ct19sTrnSU04/status/1099187316877230086", "username": "", "text": "นั่นลีดปิงเหรอ 5555555555555555555555555555 ยอมแล้วจย้าาาา #Toey27thBD #เต้ยเชียร์ #toey_pongsakorn https:// twitter.com/nit_p55/status /1099163708050132993 …", "date": "23-02-2019 13:00", "retweet": 54, "like": 38}, {"id": "1099170079722196992", "url": "https://twitter.com/Ct19sTrnSU04/status/1099170079722196992", "username": "", "text": "ใครเอาทุเรียนขึ้นบีทีเอส อิเวนนนนนนนนนนนนนนนนนนนนนนนนนน", "date": "23-02-2019 11:52", "retweet": 0, "like": 0}, {"id": "1099149238951305216", "url": "https://twitter.com/Ct19sTrnSU04/status/1099149238951305216", "username": "", "text": "โซน T มารอรีละฮะ อย่ารีกันเพลิน ระวังลิมิตทวิตเตอร์นะ #Toey27thBD pic.twitter.com/acfJdM5F4D", "date": "23-02-2019 10:29", "retweet": 10, "like": 5}, {"id": "1099052909109506048", "url": "https://twitter.com/Ct19sTrnSU04/status/1099052909109506048", "username": "", "text": "ตี 4 ก็ยังไม่นอน", "date": "23-02-2019 04:06", "retweet": 0, "like": 0}, {"id": "1099025374594326528", "url": "https://twitter.com/Ct19sTrnSU04/status/1099025374594326528", "username": "", "text": "เอ้าาา พรุ่งนี้ทำงานนนนนน", "date": "23-02-2019 02:17", "retweet": 0, "like": 0}, {"id": "1099021799545745413", "url": "https://twitter.com/Ct19sTrnSU04/status/1099021799545745413", "username": "", "text": "คนที่ใช่ ก็ต้องมาในเวลาที่ใช่อะมั้ง ดูก็เห็นแหละมันมีซัมติงระหว่าง2คน สายตา การกระทำ แต่เจ้าตัวเขารู้กันรึป่าววะ 5555", "date": "23-02-2019 02:03", "retweet": 0, "like": 0}, {"id": "1099018766686375936", "url": "https://twitter.com/Ct19sTrnSU04/status/1099018766686375936", "username": "", "text": "อันนั้นไม่เห็น 555555555 ตอนนี้หลุดวงโคจรไปละ จงอย่าได้กลับมาทั้งคู่", "date": "23-02-2019 01:51", "retweet": 0, "like": 0}, {"id": "1099018381947092992", "url": "https://twitter.com/Ct19sTrnSU04/status/1099018381947092992", "username": "", "text": "สัมผัสได้ถึงซัมติงแหละคู่นี้อะ ล่าสุดเมื่องานบุญอุดรก็ยังเห็น(ชัดด้วย) แต่มันก็ต้องมาในเวลาที่ใช่ด้วยแหละ", "date": "23-02-2019 01:49", "retweet": 0, "like": 0}, {"id": "1099017916178083841", "url": "https://twitter.com/Ct19sTrnSU04/status/1099017916178083841", "username": "", "text": "สตร.โยคะทุกวันนี้ยังเก็บอยู่ ตอนนี้โสดคู่ละ ไปจีบกันใหม่ค่ะ เริ่ม! 555555", "date": "23-02-2019 01:47", "retweet": 0, "like": 0}, {"id": "1099007092608819200", "url": "https://twitter.com/Ct19sTrnSU04/status/1099007092608819200", "username": "", "text": "พักผ่อนเยอะๆ พชชชชชช", "date": "23-02-2019 01:04", "retweet": 0, "like": 0}, {"id": "1098972701228584960", "url": "https://twitter.com/Ct19sTrnSU04/status/1098972701228584960", "username": "", "text": "แล้วที่ผ่านมากุชิปอะไรไปอะน่ะ ฮ่วยยยย", "date": "22-02-2019 22:48", "retweet": 0, "like": 0}, {"id": "1098943049038585856", "url": "https://twitter.com/Ct19sTrnSU04/status/1098943049038585856", "username": "", "text": "กุเดาว่าโดนสัมเรื่องสตร.โชว์ไหปลาร้า กับรูปตัดต่อ 55555555555555555", "date": "22-02-2019 20:50", "retweet": 0, "like": 0}, {"id": "1098935977085562882", "url": "https://twitter.com/Ct19sTrnSU04/status/1098935977085562882", "username": "", "text": "แต่คนที่มาเหนือกว่าใครคือ คุณจอมขวัญ ด่ายังไงไม่ให้รู้ว่าด่า 55555555555555555555 #ไทยรัฐเลือกตั้ง62 https:// twitter.com/Ct19sTrnSU04/s tatus/1098930440121987072 …", "date": "22-02-2019 20:22", "retweet": 6, "like": 3}, {"id": "1098931714695413760", "url": "https://twitter.com/Ct19sTrnSU04/status/1098931714695413760", "username": "", "text": "แปลได้ว่าเป็น 'กิ้งก่า' เป็นได้ทุกสี 5555", "date": "22-02-2019 20:05", "retweet": 1, "like": 1}, {"id": "1098930440121987072", "url": "https://twitter.com/Ct19sTrnSU04/status/1098930440121987072", "username": "", "text": "เสรีพิศุทธ์ กับ ปลอดประสพ แบบมาด่าบิ๊กตู่อะ ใครด่าเจ็บ ด่าแรงกว่ากัน ได้แต้ม ส่วน อ.ปิยะบุตร คือมานิ่มๆ พูดแจงข้อมูลแน่น #ไทยรัฐเลือกตั้ง62", "date": "22-02-2019 20:00", "retweet": 123, "like": 54}, {"id": "1098921973755764737", "url": "https://twitter.com/Ct19sTrnSU04/status/1098921973755764737", "username": "", "text": "เลเจนต์สยาม มันเป็นงานของบรอดคาซท์หรอ", "date": "22-02-2019 19:26", "retweet": 0, "like": 0}, {"id": "1098919411023376389", "url": "https://twitter.com/Ct19sTrnSU04/status/1098919411023376389", "username": "", "text": "\"พรรคผมไม่มีงูเห่า ไปหมดแล้ว\" ปลอดประสพ พรรคเพื่อไทย \"พรรคผมก็ไม่มีฟาร์มงูเห่า\" จุติ พรรคประชาธิปัตย์ แข่งกันเลี้ยงงูอ่อคะ 5555555555555555 #ไทยรัฐเลือกตั้ง62", "date": "22-02-2019 19:16", "retweet": 11, "like": 2}, {"id": "1098917137857404928", "url": "https://twitter.com/Ct19sTrnSU04/status/1098917137857404928", "username": "", "text": "\"ถ้ายึดทั้งประเทศ ก็ได้ทั้งภาคเหนืออยู่แล้วล่ะค่ะ\" จอมขวัญ อู้ยยยยยยยยยยย #ไทยรัฐเลือกตั้ง62", "date": "22-02-2019 19:07", "retweet": 0, "like": 1}, {"id": "1098884783474565120", "url": "https://twitter.com/Ct19sTrnSU04/status/1098884783474565120", "username": "", "text": "รักล้ำเส้น เห็นว่าเร่งถ่ายรีบออนปะ", "date": "22-02-2019 16:58", "retweet": 0, "like": 0}, {"id": "1098883995381559298", "url": "https://twitter.com/Ct19sTrnSU04/status/1098883995381559298", "username": "", "text": "สโลแกนโซน T - ไม่แบ่งสี ไม่เลือกข้าง ไม่อ้างชื่อ เพราะเราจะเป็นทุกสีในใจเธอว์นะจร๊ะ - คริ #Toey27thBD", "date": "22-02-2019 16:55", "retweet": 18, "like": 7}, {"id": "1098880217542647808", "url": "https://twitter.com/Ct19sTrnSU04/status/1098880217542647808", "username": "", "text": "เอ้าาาา เทรนด์มาเฉย 5555555555555 แค่ตามหาโปสเตอร์โซน T(witter) ที่หายไปเอง #เต้ยเชียร์ #Toey27thBD pic.twitter.com/dPodtCnL2Q", "date": "22-02-2019 16:40", "retweet": 28, "like": 13}, {"id": "1098869374889291776", "url": "https://twitter.com/Ct19sTrnSU04/status/1098869374889291776", "username": "", "text": "ดูจริงจัง 555555", "date": "22-02-2019 15:57", "retweet": 0, "like": 0}, {"id": "1098869026787287040", "url": "https://twitter.com/Ct19sTrnSU04/status/1098869026787287040", "username": "", "text": "T Zone ระวัง สิ้นสุดลิมิตทวิตเตอร์ .. จริงจังกับเรื่องเล่นๆ 55555555", "date": "22-02-2019 15:56", "retweet": 0, "like": 3}, {"id": "1098864660307005440", "url": "https://twitter.com/Ct19sTrnSU04/status/1098864660307005440", "username": "", "text": "เอาเล้ยยพี่ฮานะ 55555 โซน T เชียร์ทุกสี(ที่ชนะ) อิอิ", "date": "22-02-2019 15:38", "retweet": 0, "like": 1}, {"id": "1098864243082842112", "url": "https://twitter.com/Ct19sTrnSU04/status/1098864243082842112", "username": "", "text": "แกไปทำโปสเตอร์มาสิ 5555555", "date": "22-02-2019 15:37", "retweet": 0, "like": 0}, {"id": "1098863853306146819", "url": "https://twitter.com/Ct19sTrnSU04/status/1098863853306146819", "username": "", "text": "อยากมีโปสเตอร์อย่างสีอื่นเขาบ้างงงงง", "date": "22-02-2019 15:35", "retweet": 0, "like": 1}, {"id": "1098862555412361216", "url": "https://twitter.com/Ct19sTrnSU04/status/1098862555412361216", "username": "", "text": "โซน Twitter มีโปสเตอร์มั้ยคะ 5555555555", "date": "22-02-2019 15:30", "retweet": 0, "like": 4}, {"id": "1098859482967228417", "url": "https://twitter.com/Ct19sTrnSU04/status/1098859482967228417", "username": "", "text": "โอ้โห ดีเบตสัญจรวันนี้ 18.00น. โคตรแซ่บ จตุพร พรรคพช. ปลอดประสพ พรรคพท. เสรีพิสุทธิ์ พรรคเสรีรวมไทย ดร.ปิยบุตร(เลขาฯธนาธร) พรรคอนาคตใหม่ จุติ พรรคปชป. และพรรครวมพลังประชาชาติไทย พรรคพปชร. วันนี้น่าจะเดือดดด 555555 #ไทยรัฐดีเบต #เลือกตั้ง62 #อนาคตใหม่ #savethanaton #ประชาธิปัตย์ pic.twitter.com/Tw2UNHCyIu", "date": "22-02-2019 15:18", "retweet": 12, "like": 4}, {"id": "1098828038244986882", "url": "https://twitter.com/Ct19sTrnSU04/status/1098828038244986882", "username": "", "text": "วันนี้มีไทยรัฐดีเบต วงใหญ่นี่หว่า", "date": "22-02-2019 13:13", "retweet": 0, "like": 0}, {"id": "1098804658699591680", "url": "https://twitter.com/Ct19sTrnSU04/status/1098804658699591680", "username": "", "text": "รอก่อนไงง 555555 ละครโน่ณิดูดิ้ยังไม่เปิดกล้องเลยจนบัดนี้", "date": "22-02-2019 11:40", "retweet": 0, "like": 0}, {"id": "1098791212666900480", "url": "https://twitter.com/Ct19sTrnSU04/status/1098791212666900480", "username": "", "text": "ช่องวันนี่จะบอกว่า ถ่ายไวอยู่นะ 555555555", "date": "22-02-2019 10:46", "retweet": 0, "like": 0}, {"id": "1098660186133164032", "url": "https://twitter.com/Ct19sTrnSU04/status/1098660186133164032", "username": "", "text": "ไหว้ราหูแน่เลอออ", "date": "22-02-2019 02:06", "retweet": 0, "like": 3}, {"id": "1098642620887126016", "url": "https://twitter.com/Ct19sTrnSU04/status/1098642620887126016", "username": "", "text": "ทำไมเป็นผู้หญิงที่จู้จี้จุกจิก ทักแชตมารัวๆๆๆๆๆ 10-20 ข้อความ เฮลโหลลล น่ารำคาญ ไม่อ่านก็จี้ๆ ทั้งเฟซ ไลน์ โทร ไม่ใช่ผัวพี่นะโว้ยยยย เป็นพี่ที่ทำงานไง", "date": "22-02-2019 00:56", "retweet": 0, "like": 0}, {"id": "1098586117845073921", "url": "https://twitter.com/Ct19sTrnSU04/status/1098586117845073921", "username": "", "text": "เห็นช่วงนี้ติดเทรนด์หน่อยล่ะ ช่องนี่มาปั้นคอนเทนต์เอายอดทันทีเลยนะ แหมมมมมมมมมม", "date": "21-02-2019 21:11", "retweet": 0, "like": 0}, {"id": "1098575672010665985", "url": "https://twitter.com/Ct19sTrnSU04/status/1098575672010665985", "username": "", "text": "ชอบทุกเพลง เป็นวงที่กุร้องตามได้ทุกเพลงจริงๆ งืออออออ", "date": "21-02-2019 20:30", "retweet": 0, "like": 0}, {"id": "1098574213340745728", "url": "https://twitter.com/Ct19sTrnSU04/status/1098574213340745728", "username": "", "text": "จุดเริ่มต้นเดียวกันเลย :)", "date": "21-02-2019 20:24", "retweet": 0, "like": 0}, {"id": "1098567144126611456", "url": "https://twitter.com/Ct19sTrnSU04/status/1098567144126611456", "username": "", "text": "เจอคนมากระแทกข้าวของ กระแทกขา ถามว่าคนได้ยินเขาจะไม่รู้หรอวะว่าอารมณ์ไม่ดี", "date": "21-02-2019 19:56", "retweet": 0, "like": 0}, {"id": "1098553276205682688", "url": "https://twitter.com/Ct19sTrnSU04/status/1098553276205682688", "username": "", "text": "คิดเรตไป๊ พี่ อิเวงงงงงงง คนเขียนข่าวนี่ก็นะ", "date": "21-02-2019 19:01", "retweet": 0, "like": 0}, {"id": "1098534596096843777", "url": "https://twitter.com/Ct19sTrnSU04/status/1098534596096843777", "username": "", "text": "เราชอบพวกพี่จากคัฟเวอร์เพลงนี้.. #room39 เข้ากันไม่ได้ Synkronize covered by Room 39 https:// youtu.be/yBOFkS6kpPk via @YouTube", "date": "21-02-2019 17:47", "retweet": 0, "like": 1}, {"id": "1098529271708962817", "url": "https://twitter.com/Ct19sTrnSU04/status/1098529271708962817", "username": "", "text": "ขึ้นชื่อว่าวงดนตรีมันต้องดังไปพร้อมกันทั้งวง พอมีคนดังโดดขึ้นมาคนนึง มันก็เปราะบางอะ", "date": "21-02-2019 17:26", "retweet": 1, "like": 0}, {"id": "1098528984814374912", "url": "https://twitter.com/Ct19sTrnSU04/status/1098528984814374912", "username": "", "text": "ไม่เหมือนเดิมตั้งแต่หลัง The Mask อะ", "date": "21-02-2019 17:24", "retweet": 0, "like": 0}, {"id": "1098527635116744704", "url": "https://twitter.com/Ct19sTrnSU04/status/1098527635116744704", "username": "", "text": "ปี 60 เจ้าผับ LIZM ตรงประชาชื่น เพื่อไปดู Room39 ปี 61 ไปคอนเสิร์ตของ Room39 ที่ ไบเทคบางนา ตอน ม.ต้น เข้าไปฟังเพลง cover เข้ากันไม่ได้ /I'm yours ก็ชอบวงนี้เลย แล้วโคตรดีใจที่ Loveis ส่งเมลติดต่อไปให้มาคุยเรื่องทำเพลง ..จนกระทั่งตอนนี้ ดูที่ BIO กุสิ โคตรเศร้า", "date": "21-02-2019 17:19", "retweet": 0, "like": 0}, {"id": "1098521499827224576", "url": "https://twitter.com/Ct19sTrnSU04/status/1098521499827224576", "username": "", "text": "มันจึงเป็นความรักที่ไม่ถึงกับสุข เป็นความทุกข์ที่ไม่ถึงกับเศร้า เป็นความรัก ที่ทั้งซึ้ง ทั้งเหงา อยู่ด้วยกัน พี่โอ พี่มน พี่ทอม #Room39 pic.twitter.com/z9r73UAZmu", "date": "21-02-2019 16:55", "retweet": 9, "like": 7}, {"id": "1098519957795557376", "url": "https://twitter.com/Ct19sTrnSU04/status/1098519957795557376", "username": "", "text": "ทะเลดาวในคอนเสิร์ต #Room39 ปีที่แล้ว pic.twitter.com/xypKRoHSC3", "date": "21-02-2019 16:49", "retweet": 41, "like": 25}, {"id": "1098504816005771265", "url": "https://twitter.com/Ct19sTrnSU04/status/1098504816005771265", "username": "", "text": "สุดท้าย Room39 กุก็แตกจริงๆ ฮรือออออออออ", "date": "21-02-2019 15:48", "retweet": 0, "like": 0}, {"id": "1098481019093581824", "url": "https://twitter.com/Ct19sTrnSU04/status/1098481019093581824", "username": "", "text": "เลือกตั้งนี่จะไปถึงวันเลือกตั้งได้จริงๆ ปะ ยิ่งใกล้ยิ่งเห็นยั่วยุกันไปมา จะตีกันตายอยู่ละ", "date": "21-02-2019 14:14", "retweet": 0, "like": 0}, {"id": "1098430974235426816", "url": "https://twitter.com/Ct19sTrnSU04/status/1098430974235426816", "username": "", "text": "สะดุดบันไดเลื่อนล้ม อิเวงงงงงง เจ็บนิ้ว", "date": "21-02-2019 10:55", "retweet": 0, "like": 0}, {"id": "1098235444016234496", "url": "https://twitter.com/Ct19sTrnSU04/status/1098235444016234496", "username": "", "text": "สู้ๆน้าา รอดูอยู่ค่าา", "date": "20-02-2019 21:58", "retweet": 0, "like": 0}, {"id": "1098214988500525057", "url": "https://twitter.com/Ct19sTrnSU04/status/1098214988500525057", "username": "", "text": "MV พูดไม่ออก นี่คืออะไรรรรรรรร 555555555555 ทอยยยยยย", "date": "20-02-2019 20:37", "retweet": 0, "like": 0}, {"id": "1098210557469941760", "url": "https://twitter.com/Ct19sTrnSU04/status/1098210557469941760", "username": "", "text": "ตลก 5555555555 ตอนยืนรอสัมฯ ธนาธรวันที่มีดีเบต //*ละดูหน้าพี่ฮี pic.twitter.com/uu2FuAD0pu", "date": "20-02-2019 20:19", "retweet": 0, "like": 0}, {"id": "1098168384947085315", "url": "https://twitter.com/Ct19sTrnSU04/status/1098168384947085315", "username": "", "text": "สู้ๆ กั๊บบบ", "date": "20-02-2019 17:32", "retweet": 1, "like": 0}, {"id": "1098160206507212800", "url": "https://twitter.com/Ct19sTrnSU04/status/1098160206507212800", "username": "", "text": "นั่นง่ะะะะ วงการสิ่งพิมพ์", "date": "20-02-2019 16:59", "retweet": 0, "like": 0}, {"id": "1098144460985196544", "url": "https://twitter.com/Ct19sTrnSU04/status/1098144460985196544", "username": "", "text": "แอบฟังพี่ในกองคุย .. นี่วิกฤติสื่อปะ ปรับลด เออลี่ เพิ่มอีก", "date": "20-02-2019 15:56", "retweet": 0, "like": 0}, {"id": "1098128245260611584", "url": "https://twitter.com/Ct19sTrnSU04/status/1098128245260611584", "username": "", "text": "เอ้าาาาาาา โดนแจ้ง ปอท. เฉยย", "date": "20-02-2019 14:52", "retweet": 0, "like": 0}, {"id": "1098126931097088000", "url": "https://twitter.com/Ct19sTrnSU04/status/1098126931097088000", "username": "", "text": "พชเป็นอะรายยยย", "date": "20-02-2019 14:47", "retweet": 1, "like": 0}, {"id": "1098119102344814592", "url": "https://twitter.com/Ct19sTrnSU04/status/1098119102344814592", "username": "", "text": "ยังคงติดเทรนด์อยู่ 5555555555555555555 ดีดอะไรกัน ละครออนวันเสาร์ที่ 23 กุมภา 20.15 น. เด้อออ วันนี้ยังไม่ออน #ปมรักสลับหัวใจ ​ #cheerny14 pic.twitter.com/i0ERBexUG9", "date": "20-02-2019 14:16", "retweet": 14, "like": 7}, {"id": "1098115195719700480", "url": "https://twitter.com/Ct19sTrnSU04/status/1098115195719700480", "username": "", "text": "ด่าแบบติดอัลติ 5555555555555555 สรุปป้าก็เดินหนี ไม่ได้จ่ายตังค์ใช่มะ https://www. facebook.com/watch/?v=49352 1561051758 …", "date": "20-02-2019 14:00", "retweet": 0, "like": 0}, {"id": "1098108651967938560", "url": "https://twitter.com/Ct19sTrnSU04/status/1098108651967938560", "username": "", "text": "สู้ๆ จย้าา", "date": "20-02-2019 13:34", "retweet": 0, "like": 0}, {"id": "1098108510447951873", "url": "https://twitter.com/Ct19sTrnSU04/status/1098108510447951873", "username": "", "text": "", "date": "20-02-2019 13:34", "retweet": 0, "like": 0}, {"id": "1097837509877190657", "url": "https://twitter.com/Ct19sTrnSU04/status/1097837509877190657", "username": "", "text": "พอตกค่ำ ก็เจอข่าวสาวทอมจุดเตาถ่านรมควันฆ่าตัวตายอีก วันนี้ 2 เคสเลยเด้ออออ", "date": "19-02-2019 19:37", "retweet": 0, "like": 0}, {"id": "1097837105269506048", "url": "https://twitter.com/Ct19sTrnSU04/status/1097837105269506048", "username": "", "text": "มองบน แต่อมยิ้มมมม 55555555", "date": "19-02-2019 19:35", "retweet": 0, "like": 0}, {"id": "1097787900140216321", "url": "https://twitter.com/Ct19sTrnSU04/status/1097787900140216321", "username": "", "text": "ไม่ต้องแอบแล่วววววว", "date": "19-02-2019 16:20", "retweet": 0, "like": 0}, {"id": "1097786246317760513", "url": "https://twitter.com/Ct19sTrnSU04/status/1097786246317760513", "username": "", "text": "ช่วงนี้ข่าวจุดเตารมควันตัวเองเยอะมากอะ ล่าสุดวันนี้ก็ พ่อของพี่สอง PARADOX", "date": "19-02-2019 16:13", "retweet": 0, "like": 0}, {"id": "1097771213680566273", "url": "https://twitter.com/Ct19sTrnSU04/status/1097771213680566273", "username": "", "text": "วันนี้ใครเขาหยุดกัน ทำงานสิ!!!!", "date": "19-02-2019 15:13", "retweet": 0, "like": 0}, {"id": "1097569097552785408", "url": "https://twitter.com/Ct19sTrnSU04/status/1097569097552785408", "username": "", "text": "จริงๆ ถ้ารู้ว่าอยู่ตรงไหนแล้วโดนด่า ก็ไม่ควรไปอีกนะ อย่างเช่นการโพสต์คลิปในยูทูบ .. แม่งล่อให้เขามาด่าเมน ด่าฟค.ชัดๆ", "date": "19-02-2019 01:50", "retweet": 0, "like": 0}, {"id": "1097534190445158400", "url": "https://twitter.com/Ct19sTrnSU04/status/1097534190445158400", "username": "", "text": "แล้วถ้ามาด้วยสตร.ห้องนอนง่ะ pic.twitter.com/LVaaFARSZr", "date": "18-02-2019 23:31", "retweet": 0, "like": 0}, {"id": "1097517205669830656", "url": "https://twitter.com/Ct19sTrnSU04/status/1097517205669830656", "username": "", "text": "เหนือความ 'หน้าใส สวย หมวย..' นี่ไปนึกถึงรายการเดินหน้าประเทศไทยอะ .. ที่มีคนไปขอลุงไว้ 'ขอให้ได้แฟนขาว สวย หมวย รวย' ก็แค่คุ้นๆง่ะ อิอิ ว่าแต่ครบเลยโน้ะะะะ #เต้ยเชียร์", "date": "18-02-2019 22:24", "retweet": 92, "like": 75}, {"id": "1097501590594830336", "url": "https://twitter.com/Ct19sTrnSU04/status/1097501590594830336", "username": "", "text": "วันนี้คือพัง 5555555555555", "date": "18-02-2019 21:22", "retweet": 0, "like": 0}, {"id": "1097498799688212481", "url": "https://twitter.com/Ct19sTrnSU04/status/1097498799688212481", "username": "", "text": "เนี่ยยย พชโวยวายเดี๋ยวเป็นข่าว มิน่าที่ผ่านมากริบขนาดนี้ งานคู่แทบไม่มี นี่เองงงงงงงง สาเหตุ 5555555555555555", "date": "18-02-2019 21:11", "retweet": 0, "like": 0}, {"id": "1097496237580775424", "url": "https://twitter.com/Ct19sTrnSU04/status/1097496237580775424", "username": "", "text": "55555555555555555555555555555 เขิลพังหมดแล้วว้อยยยย ที่นิ่งๆ ที่ผ่านมา มาพังเอาวันนี้ พอต๊อออออออ", "date": "18-02-2019 21:01", "retweet": 0, "like": 0}, {"id": "1097494224189087744", "url": "https://twitter.com/Ct19sTrnSU04/status/1097494224189087744", "username": "", "text": "ดูหน้าพตอันนี้ 5555555555555 คนเขิลคนเดิมๆ ชัดๆ https:// twitter.com/Lizkimon/statu s/1097493414759718914 …", "date": "18-02-2019 20:53", "retweet": 0, "like": 0}, {"id": "1097492925863219207", "url": "https://twitter.com/Ct19sTrnSU04/status/1097492925863219207", "username": "", "text": "ยังไม่เลิกงาน เดี๋ยวมาตามเก็บอีกที 5555555 ตายยยยยๆๆๆๆๆ -/////-", "date": "18-02-2019 20:47", "retweet": 0, "like": 0}, {"id": "1097488800257736706", "url": "https://twitter.com/Ct19sTrnSU04/status/1097488800257736706", "username": "", "text": "MAIYARAP มาแล้วว่ะ #therapper2", "date": "18-02-2019 20:31", "retweet": 3, "like": 2}]