[{"id": "1099395751824617472", "url": "https://twitter.com/cThi_/status/1099395751824617472", "username": "", "text": "กูไม่ได้ชอบมึง แค่เราอยู่ด้วยกันบ่อยเท่านั้นเอง :)", "date": "24-02-2019 02:49", "retweet": 0, "like": 0}, {"id": "1099391566794219520", "url": "https://twitter.com/cThi_/status/1099391566794219520", "username": "", "text": "คนใหม่หล่อๆค่าาาา (ในส่วนของเสียงที่ลอยมานั้นนนนนนนนน) 555555555555", "date": "24-02-2019 02:32", "retweet": 0, "like": 0}, {"id": "1099391280486932485", "url": "https://twitter.com/cThi_/status/1099391280486932485", "username": "", "text": "เพื่อนของเพื่อน : นั่นใครอะมึง? เพื่อน : อ๋อ เพื่อนกู (เสียงสูงๆลอยๆ) เพื่อนของเพื่อน : Friend Zone ป่าวววว? เพื่อน : ไอ้พวกเหี้ย... /กู : ใส่หูฟัง ทำตีมึนไม่ได้ยิน", "date": "24-02-2019 02:31", "retweet": 0, "like": 0}, {"id": "1099390663605477377", "url": "https://twitter.com/cThi_/status/1099390663605477377", "username": "", "text": "กุไม่กล้าไปดูเฟรนโซน เพราะกูไม่กล้ายอมรับความจริงตอนนี้ อิเหี้ยยยยยย", "date": "24-02-2019 02:28", "retweet": 0, "like": 0}, {"id": "1099084874085007360", "url": "https://twitter.com/cThi_/status/1099084874085007360", "username": "", "text": "แรงบันดาลใจในการใช้ชีวิตอยู่ต่อจนถึงทุกวันนี้ : การให้โอกาสตัวเองได้พัฒนาให้เป็นตัวเราที่ดีกว่าเมื่อวานและวันนี้", "date": "23-02-2019 06:13", "retweet": 0, "like": 0}, {"id": "1098937811644821505", "url": "https://twitter.com/cThi_/status/1098937811644821505", "username": "", "text": "คือภาพนี้ attitude และ inner อ.ปิยบุตรแรงมาก #อนาคตใหม่ pic.twitter.com/5sEmhxpvp7", "date": "22-02-2019 20:29", "retweet": 13, "like": 10}, {"id": "1098919020684763136", "url": "https://twitter.com/cThi_/status/1098919020684763136", "username": "", "text": "ช่วยกูด้วย กูหยุดขำไม่ได้ 55555555555555555555555555 https:// twitter.com/thegondry/stat us/1098428203830370304 …", "date": "22-02-2019 19:14", "retweet": 0, "like": 0}, {"id": "1098240398722387974", "url": "https://twitter.com/cThi_/status/1098240398722387974", "username": "", "text": "ไม่มีใครยอมรับมึงได้เท่ากูแล้วปะ ห่า... อยากตบให้คว่ำ pic.twitter.com/OGeqZje3zb", "date": "20-02-2019 22:18", "retweet": 0, "like": 0}, {"id": "1098239442664357893", "url": "https://twitter.com/cThi_/status/1098239442664357893", "username": "", "text": "เฟรนด์โซนตอนนี้ก็คือเหี้ยมาก กูดูแลมึงอย่างดี ใส่ใจมึงเต็มที่ แต่มึงก็เที่ยววิ่งหาคนอื่น หลงลืมไปแล้วว่ามีคนอย่างกูคอยอยู่ข้างๆ #เพื่อนหน้าโง่ สัส.", "date": "20-02-2019 22:14", "retweet": 0, "like": 0}, {"id": "1098180469504405505", "url": "https://twitter.com/cThi_/status/1098180469504405505", "username": "", "text": "ถึงคสช. Don't touch my next Prime minister . #savethanathorn", "date": "20-02-2019 18:20", "retweet": 7, "like": 3}, {"id": "1098011251634929665", "url": "https://twitter.com/cThi_/status/1098011251634929665", "username": "", "text": "มันถึงขนาดนี้ละเนอะ 55555", "date": "20-02-2019 07:07", "retweet": 0, "like": 1}, {"id": "1097527849488048128", "url": "https://twitter.com/cThi_/status/1097527849488048128", "username": "", "text": "ตื่นเต้นนนนน พรุ่งนี้เจอกันนะอยุธยาาาาาา pic.twitter.com/0sLdMh5EBc", "date": "18-02-2019 23:06", "retweet": 0, "like": 0}, {"id": "1097497747681202177", "url": "https://twitter.com/cThi_/status/1097497747681202177", "username": "", "text": "หง่าาา เดี๋ยวพรุ่งนี้เลาะเอา 555555", "date": "18-02-2019 21:07", "retweet": 0, "like": 0}, {"id": "1097481892398419968", "url": "https://twitter.com/cThi_/status/1097481892398419968", "username": "", "text": "ขอโทษนะคะ อยากรู้ว่า ก๋วยเตี๋ยวแถวไหนอร่อยอะคะ ที่คนอยุธยาชอบไปกินอะค่ะ รบกวนด้วยน้าา", "date": "18-02-2019 20:04", "retweet": 0, "like": 0}, {"id": "1097449420000419841", "url": "https://twitter.com/cThi_/status/1097449420000419841", "username": "", "text": "พอเถอะจ้าา เบื่อแล้ว", "date": "18-02-2019 17:55", "retweet": 0, "like": 0}, {"id": "1097449175443099648", "url": "https://twitter.com/cThi_/status/1097449175443099648", "username": "", "text": "", "date": "18-02-2019 17:54", "retweet": 0, "like": 1}, {"id": "1097293737816772608", "url": "https://twitter.com/cThi_/status/1097293737816772608", "username": "", "text": "ขอบคุณนะคะ :) ขอบคุณที่เป็นกำลังใจดีดีให้ตลอด จะกลับมายิ้มสวยๆให้ดูอีกครั้งนะคะ pic.twitter.com/GY5vthx4gR", "date": "18-02-2019 07:36", "retweet": 0, "like": 1}, {"id": "1097292222637080577", "url": "https://twitter.com/cThi_/status/1097292222637080577", "username": "", "text": "ปล่อยเขาไปดีกว่าค่ะ อย่าว่าเขาโง่เลย เขาสบายใจที่จะรับรู้แค่นั้นก็เชิญเขาดีกว่าค่ะ", "date": "18-02-2019 07:30", "retweet": 0, "like": 0}]