[{"id": "1098901862734938113", "url": "https://twitter.com/curadio/status/1098901862734938113", "username": "", "text": "#สุนัขตัวเมีย พฤติกรรมก้าวร้าวจะน้อยกว่าตัวผู้ เทรนด์ใหม่การเลี้ยงสุนัขตัวเมีย ต้อง #ทำหมัน ก่อนการเป็นสัดครั้งแรก ลดโอกาสการเกิดเนื้องอกที่เต้านม อายุประมาณ 4-5 เดือน สามารถพามาพบสัตวแพทย์ได้เลย https://www. youtube.com/watch?v=1Brk3U j3eoA&list=PL5uwh2DeRAxnlke_tZiyxiwpDzGlBLdHM&index=3 …", "date": "22-02-2019 18:06", "retweet": 0, "like": 0}, {"id": "1098901531187863552", "url": "https://twitter.com/curadio/status/1098901531187863552", "username": "", "text": "#สุนัขตัวผู้ ได้ความสวยงามตามลักษณะสายพันธุ์ โดดเด่นกว่าตัวเมีย แต่นิสัยเพศผู้จะก้าวร้าวกว่า แสดงพฤติกรรมดุดันกว่า โดยเฉพาะการปัสสาวะในที่ต่างๆ เพื่อสร้างอาณาเขต http://www. curadio.chula.ac.th/Program-Detail .php?id=8264 … pic.twitter.com/Oz0Tvm0b17", "date": "22-02-2019 18:05", "retweet": 0, "like": 0}, {"id": "1098901210378063874", "url": "https://twitter.com/curadio/status/1098901210378063874", "username": "", "text": "การรับ #สุนัขโต มาเลี้ยง -ช่วยชีวิตสุนัขโต ไม่กลายเป็นสุนัขจรจัด -ไม่ต้องฝึกตั้งแต่ขั้นพื้นฐานเหมือนลูกสุนัข อึฉี่เป็นที่เป็นทาง -เห็นลักษณะโตเต็มวัยจากสายพันธุ์ที่สุนัขตัวนั้นเป็น บางครั้งพันธุ์ที่เราคาดหวังในลูกสุนัข เมื่อโตขึ้นมาอาจจะกลายเป็นอีกแบบ https:// goo.gl/6C28RD", "date": "22-02-2019 18:03", "retweet": 1, "like": 0}, {"id": "1098895419164188672", "url": "https://twitter.com/curadio/status/1098895419164188672", "username": "", "text": "อยากเลี้ยง #ลูกสุนัข ควรเริ่มที่อายุ 2 เดือนขึ้นไปเพราะ 1.ทนต่อโรค สองเดือนแรกควรให้ลูกสุนัขได้รับน้ำนมแม่ เพื่อให้ร่างกายมีภูมิคุ้มกัน ที่สำคัญลูกสุนัขอายุ 2 เดือนจะหย่านมแล้ว ไม่ต้องคอยป้อนนม เฉลี่ย 6-8 มื้อต่อวัน 2.การฝึกหัดจะทำได้เร็วกว่า http://www. curadio.chula.ac.th/Program-Detail .php?id=8264 … pic.twitter.com/YQUCil017o", "date": "22-02-2019 17:40", "retweet": 4, "like": 1}, {"id": "1098894214232862721", "url": "https://twitter.com/curadio/status/1098894214232862721", "username": "", "text": "อยาก #เลี้ยงสุนัข ลูกสุนัขหรือสุนัขโตดี ตัวผู้หรือตัวเมียดี วิธีดูลักษณะสุนัขที่มีสุขภาพดี #PetCareonair ผศ.น.สพ.ดร.ทิลดิสร์ รุ่งเรืองกิจไกร และ สพ.ญ.ดร.ฉัตรวลี บุญธรรม คณะสัตวแพทยศาสตร์ จุฬาฯ http://www. curadio.chula.ac.th/Program-Detail .php?id=8264 … https://www. youtube.com/watch?v=1Brk3U j3eoA&list=PL5uwh2DeRAxnlke_tZiyxiwpDzGlBLdHM&index=3 … pic.twitter.com/QUdajf9Erb", "date": "22-02-2019 17:36", "retweet": 0, "like": 0}, {"id": "1098861436330139648", "url": "https://twitter.com/curadio/status/1098861436330139648", "username": "", "text": "ธนวงษ์ อารีรัชชกุล กรรมการผู้จัดการใหญ่ SCG Packaging 1. สิ่งที่ #CEO ควรทำในห้องประชุม 2. สะกิดใจเรื่องการดูแลน้องรุ่นใหม่ https://www. youtube.com/watch?v=kEhSoQ _Mfs8&list=PL5uwh2DeRAxnFpWlLgvtkP-8wCgwyN6oP&index=59 … http://www. curadio.chula.ac.th/Program-Detail .php?id=8233 …", "date": "22-02-2019 15:25", "retweet": 0, "like": 2}, {"id": "1098861226648526850", "url": "https://twitter.com/curadio/status/1098861226648526850", "username": "", "text": "ญนน์ โภคทรัพย์ ประธาน Central Group 1. #CEO รุ่นถัดไปควรอายุเท่าไร 2.ทำอย่างไรให้องค์กรลดต้นทุนครึ่งหนึ่ง แต่ไปเร็วขึ้นสองเท่า 3. CEO ต้องหันมาสะกิดใจตัวเองบ้าง http://www. curadio.chula.ac.th/Program-Detail .php?id=8233 … https:// goo.gl/vE55Fo", "date": "22-02-2019 15:25", "retweet": 0, "like": 3}, {"id": "1098853259169550336", "url": "https://twitter.com/curadio/status/1098853259169550336", "username": "", "text": "CEO Exclusive Forum 2019 เวทีที่ #CEO มาเล่าสู่ CEO ให้กันฟัง มองอย่าง CEO คิดอย่าง CEO ทำอย่าง CEO -ญนน์ โภคทรัพย์ ประธาน Central Group -ธนวงษ์ อารีรัชชกุล กรรมการผู้จัดการใหญ่ SCG Packaging http://www. curadio.chula.ac.th/Program-Detail .php?id=8233 …", "date": "22-02-2019 14:53", "retweet": 0, "like": 1}, {"id": "1098794849887612928", "url": "https://twitter.com/curadio/status/1098794849887612928", "username": "", "text": "วิเคราะห์เหตุการณ์ #แผ่นดินไหว ที่จังหวัดลำปาง -รศ.ดร.สันติ ภัยหลบลี้ ภาควิชาธรณีวิทยา คณะวิทยาศาสตร์ จุฬาลงกรณ์มหาวิทยาลัย http://www. curadio.chula.ac.th/Program-Detail .php?id=8262 …", "date": "22-02-2019 11:01", "retweet": 1, "like": 1}, {"id": "1098153049237778432", "url": "https://twitter.com/curadio/status/1098153049237778432", "username": "", "text": "สมัยกรุงรัตนโกสินทร์ #นครศรีธรรมราช มีฐานะเป็นหัวเมืองเอกที่สำคัญ มีความสำคัญทั้งทางพุทธจักรและอาณาจักร เป็นศูนย์กลางทางเศรษฐกิจ พุทธศาสนา การเมือง เป็นเมืองที่รัฐสยามต้องดูแล พระมหากษัตริย์แทบทุกรัชกาลตั้งแต่สมัยอยุธยาเอาพระทัยใส่ เสด็จลงไปด้วยพระองค์เอง http://www. curadio.chula.ac.th/Program-Detail .php?id=5782 …", "date": "20-02-2019 16:31", "retweet": 0, "like": 2}, {"id": "1098152750443945985", "url": "https://twitter.com/curadio/status/1098152750443945985", "username": "", "text": "สมัยกรุงธนบุรี สมเด็จพระเจ้าตากสินมหาราชทรงโปรดเกล้าฯ ให้เมือง #นครศรีธรรมราช มีฐานะเป็นเมืองพระยามหานคร มีเจ้าปกครองของตนเอง แสดงถึงฐานะที่สำคัญมาก นครศรีธรรมราชตั้งแต่สมัยโบราณมีเมืองบริวารในคาบสมุทรทางใต้อย่างน้อย 12 เมือง ที่เรียกว่า เมือง 12 นักษัตร http://www. curadio.chula.ac.th/Program-Detail .php?id=5782 …", "date": "20-02-2019 16:29", "retweet": 1, "like": 1}, {"id": "1098152407769374721", "url": "https://twitter.com/curadio/status/1098152407769374721", "username": "", "text": "#นครศรีธรรมราช เกิดเป็นชุมชนเมืองก่อนที่คนไทยตั้งบ้านตั้งเมือง แต่เดิม นครศรีธรรมราชเป็นอาณาจักรอิสระมีชื่อเรียก ตามพรลิงค์ นครศรีธรรมราช ถูกผนวกเข้ากับกรุงศรีอยุธยาในรัชสมัยสมเด็จพระบรมไตรโลกนาถ http://www. curadio.chula.ac.th/Program-Detail .php?id=5782 … pic.twitter.com/0hzPThSqZG", "date": "20-02-2019 16:28", "retweet": 2, "like": 1}, {"id": "1098116706419916800", "url": "https://twitter.com/curadio/status/1098116706419916800", "username": "", "text": "#ริเน็น แปลว่า ปรัชญาธุรกิจ คือสิ่งที่องค์กรยึดถือ ยึดมั่น เป็นแก่นที่ป้องกันไม่ให้องค์กรหลงทาง . ริเน็นจะสร้าง #วัฒนธรรมองค์กร ให้เกิดขึ้น และดึงคนที่เชื่อเหมือนเราเข้ามาในองค์กร -อ.ดร.กฤตินี พงษ์ธนเลิศ ภาควิชาการตลาด คณะพาณิชยศาสตร์และการบัญชี จุฬาฯ https://www. youtube.com/watch?v=859lfm NELj8&list=PL5uwh2DeRAxmHGHyt_aPw739PkazEehL4&index=43 …", "date": "20-02-2019 14:06", "retweet": 2, "like": 0}, {"id": "1098115041843277824", "url": "https://twitter.com/curadio/status/1098115041843277824", "username": "", "text": "เมื่อใดที่เราคิดเปลี่ยนธุรกิจไปเรื่อยๆ โดยอ้างวิกฤตเศรษฐกิจ อ้างพฤติกรรมลูกค้าที่เปลี่ยนไป และหันไปทำธุรกิจอื่นที่ทำเงินดีกว่า หากคิดแบบนี้ ธุรกิจจะขาดโอกาสสั่งสม know-how ของตัวเอง เพื่อใช้แข่งขันกับคู่แข่งอื่น #ริเน็น http://www. curadio.chula.ac.th/Program-Detail .php?id=8198 …", "date": "20-02-2019 14:00", "retweet": 0, "like": 0}, {"id": "1098114105209106432", "url": "https://twitter.com/curadio/status/1098114105209106432", "username": "", "text": "ทำไม #ญี่ปุ่น มีบริษัทที่อยู่ได้เกิน 100 ปีมากที่สุดในโลก รู้จักปรัชญาธุรกิจ #ริเน็น -จะค้นหาริเน็น (ปรัชญาธุรกิจ) ได้อย่างไร -ทำไมไม่เริ่มจากยอดขาย ทำไมเริ่มจากริเน็น อ.ดร.กฤตินี พงษ์ธนเลิศ คณะพาณิชยศาสตร์และการบัญชี จุฬาฯ http://www. curadio.chula.ac.th/Program-Detail .php?id=8198 …", "date": "20-02-2019 13:56", "retweet": 3, "like": 0}, {"id": "1098057061902868481", "url": "https://twitter.com/curadio/status/1098057061902868481", "username": "", "text": "การพิจารณา #ร่างพระราชบัญญัติข้าว -กิตติศักดิ์ รัตนวราหะ สมาชิกสภานิติบัญญัติแห่งชาติ (สนช.) ผู้เสนอร่างพระราชบัญญัติข้าว http://www. curadio.chula.ac.th/Program-Detail .php?id=8227 …", "date": "20-02-2019 10:09", "retweet": 0, "like": 0}, {"id": "1098055250802499585", "url": "https://twitter.com/curadio/status/1098055250802499585", "username": "", "text": "วิพากษ์แนวนโยบายของแต่ละ #พรรคการเมือง -รศ.ดร.พิชาย รัตนดิลก ณ ภูเก็ต คณบดี คณะพัฒนาสังคมและสิ่งแวดล้อม สถาบันบัณฑิตพัฒนบริหารศาสตร์ http://www. curadio.chula.ac.th/Program-Detail .php?id=8226 …", "date": "20-02-2019 10:02", "retweet": 1, "like": 0}, {"id": "1097451107712872453", "url": "https://twitter.com/curadio/status/1097451107712872453", "username": "", "text": "ได้เวลา! ประกาศชื่อผู้โชคดี จากรายการ #BizGenius ผู้ได้รับตั๋วเครื่องบิน Air Asia ไป-กลับ ในประเทศ ได้แก่... https://www. youtube.com/watch?v=gik3LK xeGRo&list=PL5uwh2DeRAxm7eH4qFDlPP1lS9s-Oel3-&index=28 …", "date": "18-02-2019 18:01", "retweet": 0, "like": 0}, {"id": "1097424878553067520", "url": "https://twitter.com/curadio/status/1097424878553067520", "username": "", "text": "#กาญจนบุรี ไม่เพียงเป็นพื้นที่ทางเศรษฐกิจที่สำคัญ แต่ยังแหล่งเรียนรู้ทางประวัติศาสตร์ โบราณคดี แหล่งท่องเที่ยวทางธรรมชาติ แหล่งทรัพยากรธรรมชาติ แม้แต่ในวรรณคดีขุนช้างขุนแผน ฉากสำคัญก็เกิดขึ้นที่กาญจนบุรี http://www. curadio.chula.ac.th/Program-Detail .php?id=5781 … pic.twitter.com/1MPHcF3aMw", "date": "18-02-2019 16:17", "retweet": 0, "like": 0}, {"id": "1097424655852265472", "url": "https://twitter.com/curadio/status/1097424655852265472", "username": "", "text": "เหตุที่ #รัชกาลที่3 โปรดเกล้าฯ ให้ย้ายเมืองกาญจนบุรีไปที่ปากแพรก #ปากแพรก จุดรวมของแม่น้ำแควน้อยและแควใหญ่ เป็นเส้นทางลำเลียงสินค้า ลงมาแม่น้ำแม่กลอง ลงไปสู่เมืองราชบุรี สมุทรสงคราม ทำให้ผู้คนจากผู้คนตอนในและริมฝั่งทะเลได้ติดต่อกัน http://www. curadio.chula.ac.th/Program-Detail .php?id=5781 … pic.twitter.com/ERV9Il5Rwg", "date": "18-02-2019 16:16", "retweet": 0, "like": 0}, {"id": "1097423816639148032", "url": "https://twitter.com/curadio/status/1097423816639148032", "username": "", "text": "รัชกาลที่ 3 ทรงพระกรุณาโปรดเกล้าฯ ให้ย้ายที่ตั้งเมืองกาญจนบุรีลงมาที่ #ปากแพรก จุดที่แม่น้ำแควน้อย-แควใหญ่บรรจบกัน เป็นแม่น้ำแม่กลอง และให้ก่อกำแพงล้อมเมืองปากแพรกเป็นเมืองกาญจนบุรีใหม่ http://www. curadio.chula.ac.th/Program-Detail .php?id=5781 … pic.twitter.com/HrJReKHdab", "date": "18-02-2019 16:13", "retweet": 0, "like": 1}, {"id": "1097423504461291520", "url": "https://twitter.com/curadio/status/1097423504461291520", "username": "", "text": "สมัยต้นรัตนโกสินทร์ #สงครามเก้าทัพ สมรภูมิสำคัญอยู่ที่เมืองกาญจนบุรี รัชกาลที่ 1 ทรงพระกรุณาโปรดเกล้าฯ ให้สมเด็จกรมพระราชวังบวรมหาสุรสิงหนาทยกกองทัพรับทัพหลวง กำลังพลนับแสนของพระเจ้าปดุง ที่เข้ามาทางด่านพระเจดีย์สามองค์ ในที่สุดกองทัพไทยได้รับชัยชนะ http://www. curadio.chula.ac.th/Program-Detail .php?id=5781 … pic.twitter.com/5rGcu9C5BJ", "date": "18-02-2019 16:12", "retweet": 3, "like": 4}, {"id": "1097423173434261504", "url": "https://twitter.com/curadio/status/1097423173434261504", "username": "", "text": "#กาญจนบุรี ในสมัยอยุธยาถึงต้นรัตนโกสินทร์ ไม่ได้มีอาณาเขตกว้างใหญ่ดังเช่นที่เป็นจังหวัดกาญจนบุรี กาญจนบุรีเมื่อครั้งกระโน้นไม่ได้อยู่ตรงอำเภอเมืองเช่นปัจจุบัน แต่ตั้งอยู่ตรงเชิง #เขาชนไก่ ริมแม่น้ำแควใหญ่ ชัยภูมิดี มองเห็นกำลังข้าศึก ค่อนข้างกันดาร http://www. curadio.chula.ac.th/Program-Detail .php?id=5781 … pic.twitter.com/1wFgQLKfXn", "date": "18-02-2019 16:10", "retweet": 1, "like": 1}, {"id": "1097423057604333568", "url": "https://twitter.com/curadio/status/1097423057604333568", "username": "", "text": "#กาญจนบุรี ในสมัยอยุธยามีความสำคัญในฐานะเมืองหน้าด่าน โดยเฉพาะเมื่อเกิดสงครามไทย-พม่า เนื่องจากเป็นเส้นทางเดินทัพของพม่า เข้ามาทาง #ด่านพระเจดีย์สามองค์ พม่าต้องยึดเมืองกาญจนบุรีให้ได้ก่อน ก่อนที่จะเดินทัพต่อเพื่อยึดเมืองราชบุรี สุพรรณบุรี และกรุงศรีอยุธยา http://www. curadio.chula.ac.th/Program-Detail .php?id=5781 … pic.twitter.com/MiYBiY929y", "date": "18-02-2019 16:10", "retweet": 0, "like": 2}, {"id": "1097348965031264256", "url": "https://twitter.com/curadio/status/1097348965031264256", "username": "", "text": "บทบาทของ #นักกายภาพบำบัด ใน #เด็กพัฒนาการล่าช้า | อ.ดร.ดวงพร สุริยาอมฤทธิ์ ภาควิชากายภาพบำบัด คณะสหเวชศาสตร์ จุฬาฯ http://www. curadio.chula.ac.th/Program-Detail .php?id=8224 …", "date": "18-02-2019 11:15", "retweet": 0, "like": 0}, {"id": "1097331276023885824", "url": "https://twitter.com/curadio/status/1097331276023885824", "username": "", "text": "ข้อคิดเห็นต่อ #ร่างพระราชบัญญัติข้าว ที่กำลังพิจารณาในสภานิติบัญญัติแห่งชาติ | ดร.เดชรัตน์ สุขกำเนิด คณะเศรษฐศาสตร์การเกษตร มหาวิทยาลัยเกษตรศาสตร์ -นาทีที่ 60 http://www. curadio.chula.ac.th/Program-Detail .php?id=8216 …", "date": "18-02-2019 10:05", "retweet": 1, "like": 1}]