[{"id": "1097760282498064384", "url": "https://twitter.com/d_sakow/status/1097760282498064384", "username": "", "text": "#ฟ้ารักพ่อเพราะนโยบายของพ่อ #ประโยคนึงสะดุ้งทั้งไทม์ไลน์ #ประโยคแซ่บแคปให้ด้วย #ประโยคจากหนังที่ฝังหัว #ประโยคหนึ่งสะดุ้งทั้งไทม์ไลน์ #ปล่อยของสะสมบังทัน #ปมรักสลับหัวใจ #แคปชั่นอ่อย #กรุงเทพ และปริมณฑล พิจารณาเป็นพิเศษ รับอายุ 18ปีขึ้นไป สนใจงานคลิก https:// bit.ly/2EAC3MC pic.twitter.com/6Ip8k1FQ35", "date": "19-02-2019 14:30", "retweet": 0, "like": 0}]