[{"id": "1099222092506050561", "url": "https://twitter.com/darin_indy/status/1099222092506050561", "username": "", "text": "เกิดเป็นคนมันไม่มีอะไรได้มาง่ายๆ มันต้องแลกมาด้วยความพยายาม . . . ถ้าชีวิตมันจะเรียบง่ายแสนดี เราก็คงไม่เริ่มต้นด้วยการร้องไห้ตั้งแต่ตอนที่ลืมตาดูโลก", "date": "23-02-2019 15:19", "retweet": 0, "like": 0}, {"id": "1099147254198284289", "url": "https://twitter.com/darin_indy/status/1099147254198284289", "username": "", "text": "ด...", "date": "23-02-2019 10:21", "retweet": 0, "like": 0}, {"id": "1098932603019620352", "url": "https://twitter.com/darin_indy/status/1098932603019620352", "username": "", "text": "ฮัลโหลลลลลลค่ะ", "date": "22-02-2019 20:08", "retweet": 0, "like": 0}, {"id": "1098615703672840194", "url": "https://twitter.com/darin_indy/status/1098615703672840194", "username": "", "text": "10.30 พรุ่งนี้ที่ กกต. มีหัวหน้าพรรครวมใจไทย จะเดินทางไปยื่นหนังสือต่อ กกต. ร้องเรียนให้ยุบ 12 พรรค // นี่มีข่าวร้องเรียนยุบพรรคกันแทบจะรายวัน อารมณ์แบบฉันยุบแกยุบ ยุบกันให้หมด ไม่ต้องล่งต้องเลือกกันล่ะจ่ะ #เลือกตั้ง2562", "date": "21-02-2019 23:09", "retweet": 0, "like": 0}, {"id": "1098610501288775681", "url": "https://twitter.com/darin_indy/status/1098610501288775681", "username": "", "text": "เปิดตัวตน-แก่นคิด “ป้ำ-เดชนัฐวิทย์” จากทายาท“บุญทรง” สู่ขั้วพรรคพลังประชารัฐ แม้ที่สุดแล้วพรรคจะไม่ส่งให้ลงชิงชัยเก้าอี้ ส.ส.ในพื้นที่เขต 7 เชียงใหม่ พื้นที่เดิมของนายบุญทรงแต่ก็ถือเป็นคนรุ่นใหม่ที่มีแนวคิดน่าจับตาในเส้นทางสายการเมือง https:// tpd.in.th/reviews/post/5 c6c1367aaf0dd002f2e059b …", "date": "21-02-2019 22:48", "retweet": 0, "like": 0}]