[{"id": "1099247510042767360", "url": "https://twitter.com/darkchocokiss86/status/1099247510042767360", "username": "", "text": "ชอบแท็กทุกอันเลย #อนาคตใหม่ #ฟ้ารักพ่อ #ช่อฟ้า #futurista #savethanathorn", "date": "23-02-2019 17:00", "retweet": 6, "like": 3}, {"id": "1099241115973087233", "url": "https://twitter.com/darkchocokiss86/status/1099241115973087233", "username": "", "text": "ผสานแบบโกงเค้ามา ผสานแบบโกงกติกา ผสานแบบปชชออกความคิดเห็นทางการเมืองไม่ได้ ผสานแบบใครพูดมึงไปเค้าคุก ผสานแบบตรวจสอบไม่ได้ ผสานมาก ผสานมากจริงๆ #อนาคตใหม่ #futurista #Savethanathorn pic.twitter.com/Ia3MUKh0yq", "date": "23-02-2019 16:34", "retweet": 13, "like": 6}, {"id": "1099150876348829697", "url": "https://twitter.com/darkchocokiss86/status/1099150876348829697", "username": "", "text": "อย่าใส่ใจเค้าเลยยยยย เค้ายังคิดว่าอนาคตใหม่=เสื้อแดงอยู่เลย อธิบายยังไงก็ไม่ฟังเหตุผลเราหรอกค่ะ555555555", "date": "23-02-2019 10:36", "retweet": 0, "like": 2}, {"id": "1098958281995837440", "url": "https://twitter.com/darkchocokiss86/status/1098958281995837440", "username": "", "text": "twitter header, facebook header #อนาคตใหม่ #ธนาธร #savethanathorn #ฟ้ารักพ่อ #ไทยรัฐเลือกตั้ง62 pic.twitter.com/JAJwhiCSYE", "date": "22-02-2019 21:50", "retweet": 140, "like": 78}, {"id": "1098958279311421440", "url": "https://twitter.com/darkchocokiss86/status/1098958279311421440", "username": "", "text": "แจก profile, wallpaper พรรค #อนาคตใหม่ (มีต่อข้างล่าง ) #ธนาธร #savethanathorn #ฟ้ารักพ่อ #ไทยรัฐเลือกตั้ง62 pic.twitter.com/62IOwTzLOi", "date": "22-02-2019 21:50", "retweet": 31, "like": 16}, {"id": "1098951289071796226", "url": "https://twitter.com/darkchocokiss86/status/1098951289071796226", "username": "", "text": "งงปัยเรยยยยยยยย55555555", "date": "22-02-2019 21:22", "retweet": 0, "like": 0}, {"id": "1098948437230252032", "url": "https://twitter.com/darkchocokiss86/status/1098948437230252032", "username": "", "text": "โง่แล้วยังปากดี #อนาคตใหม่ #ธนาธร #ไทยรัฐเลือกตั้ง62 pic.twitter.com/CRvChKJtyM", "date": "22-02-2019 21:11", "retweet": 109, "like": 22}, {"id": "1098901107810611200", "url": "https://twitter.com/darkchocokiss86/status/1098901107810611200", "username": "", "text": "ตารางงานศุกร์ เสาร์ และอาทิตย์นี้ ตามไปฟังนโยบาย และมีตติ้งกันได้ #อนาคตใหม่ #savethanathorn #ฟ้ารักพ่อ pic.twitter.com/pOJc6fMYbX", "date": "22-02-2019 18:03", "retweet": 43, "like": 24}, {"id": "1098880416512004096", "url": "https://twitter.com/darkchocokiss86/status/1098880416512004096", "username": "", "text": "ขอให้ทุกคนมีสติ เป็นคนที่เคารพความคิดเห็นของคนอื่น อย่าใส่ใจคนที่ไม่เห็นด้วยที่มาด้วยอารมณ์ อย่าทำให้ประเทศเสียหาย อย่าเป็นหมากตามเกมรัฐประหารและอภิสิทธิ์ชน มาช่วยกันทำการเมืองให้ไม่เหมือนที่ผ่านๆมา... วันนี้อาจจะยาก เพราะนี่คือจุดเริ่มต้นของการเปลี่ยนแปลงเท่านั้น #savetanathorn", "date": "22-02-2019 16:41", "retweet": 31, "like": 17}, {"id": "1098878556824694784", "url": "https://twitter.com/darkchocokiss86/status/1098878556824694784", "username": "", "text": "ขอให้ทุกคนมีสติ จงเป็นคนที่เคารพความคิดเห็นของคนอื่น อย่าใส่ใจคนที่ไม่เห็นด้วยที่มาด้วยอารมณ์ อย่าทำให้ประเทศเสียหาย อย่าเป็นหมากตามเกมรัฐประหารและอภิสิทธิ์ชน มาช่วยกันทำการเมืองให้ไม่เหมือนที่ผ่านๆมา... วันนี้อาจจะยาก เพราะนี่คือจุดเริ่มต้นของการเปลี่ยนแปลงเท่านั้น #savethanaton", "date": "22-02-2019 16:33", "retweet": 15, "like": 6}, {"id": "1098851388379914240", "url": "https://twitter.com/darkchocokiss86/status/1098851388379914240", "username": "", "text": "วันนี้ที่รังสิต และวันอาทิตย์พบกับโปรเจคใหม่ #อนาคตใหม่ #savethanaton #ฟ้ารักพ่อ pic.twitter.com/PW3CsacfVD", "date": "22-02-2019 14:46", "retweet": 89, "like": 39}, {"id": "1098848116629942276", "url": "https://twitter.com/darkchocokiss86/status/1098848116629942276", "username": "", "text": "แค่เค้าบอกว่ารังเกียจ จะไม่ร่วมงานด้วยนี่จะยุบพรรคเค้าเลยหรอ น่าสมเพช #savethanaton", "date": "22-02-2019 14:33", "retweet": 9, "like": 7}, {"id": "1098843138653732866", "url": "https://twitter.com/darkchocokiss86/status/1098843138653732866", "username": "", "text": "จะหน้าด้านไปไหน!!!!!!!!!! ทหารเรียนมายังไงอะ คนละหลักสูตรหรอออออ งงใจ!!!! #savethanaton pic.twitter.com/WM77dpfG8q", "date": "22-02-2019 14:13", "retweet": 70, "like": 36}, {"id": "1098832220519714816", "url": "https://twitter.com/darkchocokiss86/status/1098832220519714816", "username": "", "text": "แถมมมมมมมมมมมมมมม #อนาคตใหม่ #savethanaton pic.twitter.com/3Xz0uxsczU", "date": "22-02-2019 13:29", "retweet": 60, "like": 32}, {"id": "1098828204763009024", "url": "https://twitter.com/darkchocokiss86/status/1098828204763009024", "username": "", "text": "แจกฟอนต์ อนาคตใหม่ (Anakotmai) เผื่อใครอยากครีเอทโควทต่างๆ https://www. iphonemod.net/anakotmai-font -free-download-ios-macos-windows.html … (พร้อมรหัสสีส้ม f47933 รหัสสีน้ำเงิน 0a3456) #อนาคตใหม่ #savethanaton pic.twitter.com/VyeNyIsUM5", "date": "22-02-2019 13:13", "retweet": 82, "like": 42}, {"id": "1098807685783248896", "url": "https://twitter.com/darkchocokiss86/status/1098807685783248896", "username": "", "text": "เรื่องของมึงจ้าาาาาาาาา", "date": "22-02-2019 11:52", "retweet": 0, "like": 0}, {"id": "1098769795095289858", "url": "https://twitter.com/darkchocokiss86/status/1098769795095289858", "username": "", "text": "อปมาวันนี้แล้วด้วยยยยย กรี๊ดดเดดดด", "date": "22-02-2019 09:21", "retweet": 0, "like": 0}, {"id": "1098768990132793345", "url": "https://twitter.com/darkchocokiss86/status/1098768990132793345", "username": "", "text": "อสสสสสสส เลือกที่นโยบายโว้ยยยยย ไม่ได้อ่านประวัติแล้วเลือก ที่บอกว่าให้ยุบเพราะผิดกฎหมายนี่ก็โง่พอๆกับคนที่บอกว่าเลือกเพราะหน้าตาอะ เห้อออออออออออ #savethanaton", "date": "22-02-2019 09:18", "retweet": 3, "like": 1}, {"id": "1098768462703341568", "url": "https://twitter.com/darkchocokiss86/status/1098768462703341568", "username": "", "text": "เวลาติดแท็ก อย่าติดเยอะหลายๆแท็ก อาจถูกรองให้เป็นสแปม #savethanaton", "date": "22-02-2019 09:16", "retweet": 2, "like": 0}, {"id": "1098762126196301824", "url": "https://twitter.com/darkchocokiss86/status/1098762126196301824", "username": "", "text": "ก็คืออ้างความสงบ ความปรองดองไปเรื่อย บอกสร้างความแตกแยก ถ้าหูไม่ได้หนวกก็จะรู้ว่า #อนาคตใหม่ ไม่แบ่งสีเสื้อไม่แบ่งฝ่ายใดๆ อยู่ข้างประชาชน อยู่ข้างประชาธิปไตย แต่แค่ไม่อยู่ข้างมึง ข้างที่ขโมยอำนาจประชาชน ข้างรัฐประหาร จำ!!!!!!!! #savethanaton", "date": "22-02-2019 08:51", "retweet": 8, "like": 2}, {"id": "1098754396484030465", "url": "https://twitter.com/darkchocokiss86/status/1098754396484030465", "username": "", "text": "", "date": "22-02-2019 08:20", "retweet": 0, "like": 0}, {"id": "1098657246538428416", "url": "https://twitter.com/darkchocokiss86/status/1098657246538428416", "username": "", "text": "คลิปฉบับเต็มคืออันนี้ https:// youtu.be/R1IUpYOiiyc แต่ว่าช่วงนี้มันไม่มีเสียงพอดีค่ะ แล้วเราก็อัดทันมาได้แค่นี้ค่ะ อัพบน YouTube แล้ว https:// youtu.be/5tFHbtrmpbI #savethanathon #อนาคตใหม่ #ฟ้ารักพ่อ #ธนาธร", "date": "22-02-2019 01:54", "retweet": 30, "like": 26}, {"id": "1098612765692854273", "url": "https://twitter.com/darkchocokiss86/status/1098612765692854273", "username": "", "text": "“ถ้าเชื่อว่าอำนาจเป็นของประชาชน แล้วคนที่มาใช้อำนาจประชาชนที่ไม่ได้มาจากประชาชน นี่เรียกว่าเป็นประชาธิปไตยมั้ยครับ” Q: ถ้าได้เข้าไปในสภาแต่มีเสียงไม่มากพอที่จะทำตามความศรัทธา จะอยู่ในสภานี้ยังไง :รณรงค์สิครับ เรามีวิธีอื่นหรอ #ธนาธรคนจริง2019 #อนาคตใหม่ #savethanathon #ฟ้ารักพ่อ pic.twitter.com/R6UONg02A9", "date": "21-02-2019 22:57", "retweet": 94, "like": 36}, {"id": "1098612351857618944", "url": "https://twitter.com/darkchocokiss86/status/1098612351857618944", "username": "", "text": "“ถ้าเราเชื่อว่าทุกอย่างเป็นไปไม่ได้ เราก็จะเชื่อว่าการแก้ รฐน2560 เป็นไปไม่ได้” สร้างความเชื่อก่อน ต้องเชื่อว่ามันจะเปลี่ยนได้ สักวันมันจะเปลี่ยนได้ โอ้โหหหหหห (มีคลิปต่อข้างล่าง) #ธนาธรคนจริง2019 #อนาคตใหม่ #savethanathon #ฟ้ารักพ่อ #ธนาธร pic.twitter.com/gCdQeHSnDw", "date": "21-02-2019 22:56", "retweet": 131, "like": 71}, {"id": "1098593380257484801", "url": "https://twitter.com/darkchocokiss86/status/1098593380257484801", "username": "", "text": "ดูแต่ภาพ ถ้ามีสัญลักษณ์ นี่นึกว่างานเปิดตัวไอโฟนรุ่นใหม่ 555555555555555555555555555555555 ค่ดคูลลลลล #ฟ้ารักพ่อ #ธนาธร https:// twitter.com/darkchocokiss8 6/status/1098591343297875968 …", "date": "21-02-2019 21:40", "retweet": 1, "like": 1}, {"id": "1098591615910846465", "url": "https://twitter.com/darkchocokiss86/status/1098591615910846465", "username": "", "text": "เพิ่มเติมคือพ่อเท่มากกกกกก ค่ดเท่อะ ฮืออออออออออออ TvT #อนาคตใหม่", "date": "21-02-2019 21:33", "retweet": 80, "like": 64}, {"id": "1098591343297875968", "url": "https://twitter.com/darkchocokiss86/status/1098591343297875968", "username": "", "text": "คำถามจากชูวิทย์ คือ #อนาคตใหม่ จะสามารถทำงานร่วมกับพรรคไหนได้บ้าง พ่อตอบเหมือนเดิม คือแสดงจุดยืน ไม่ตอบว่าจะร่วมกับพรรคไหน แต่ตอบว่าไม่เอาพลังประชารัฐ 5555555555555555 #ธนาธรคนจริง2019 #savethanathon #ธนาธร #ฟ้ารักพ่อ #ช่อง9ดีเบต pic.twitter.com/l3CxK21HqK", "date": "21-02-2019 21:32", "retweet": 11437, "like": 2774}, {"id": "1098583491300581378", "url": "https://twitter.com/darkchocokiss86/status/1098583491300581378", "username": "", "text": "สุดจัดดดดด ดุ ดุ ดุ!!!!! #อนาคตใหม่ #ช่อง9ดีเบต", "date": "21-02-2019 21:01", "retweet": 1, "like": 0}, {"id": "1098574493633601538", "url": "https://twitter.com/darkchocokiss86/status/1098574493633601538", "username": "", "text": "พ่อจะมาแล้วววววว ช่อง9 (30) #อนาคตใหม่ #ฟ้ารักพ่อ #savethanathon #เลือกตั้ง62 https:// twitter.com/mcot_digital/s tatus/1098556271723110400 …", "date": "21-02-2019 20:25", "retweet": 7, "like": 5}, {"id": "1098572737230983168", "url": "https://twitter.com/darkchocokiss86/status/1098572737230983168", "username": "", "text": "โอโห พี่ฟิล์มทำงี้เลยอ่อ555555555555555", "date": "21-02-2019 20:18", "retweet": 0, "like": 0}, {"id": "1098551237883002880", "url": "https://twitter.com/darkchocokiss86/status/1098551237883002880", "username": "", "text": "รู้นะว่าจะแยกวงอะ มันมีสัญญาณบอกมาตลอด แต่เพิ่งรู้ตอนนี้ว่ามนอันฟอลไอจีทอมฟิล์มแล้ว งั้นงานนี้บอกเลยว่านี่ไม่ปกติ ถ้าแยกกันแล้วความสัมพันธ์มันปกติคนก็คงไม่อะไรแหละ อาจจะเสียดายบ้าง แต่นี่ไม่ปกติแน่ๆอะ ผิดหรอที่คนจะดราม่าอะ #Room39", "date": "21-02-2019 18:53", "retweet": 46, "like": 12}, {"id": "1098538012181389313", "url": "https://twitter.com/darkchocokiss86/status/1098538012181389313", "username": "", "text": "อีสัส พอ เลิก!!!!!!!! กูไม่แปลกใจในสมองมึงละ55555555555 คงพอๆกับผู้นำโง่ๆ บายยยยยยยย", "date": "21-02-2019 18:00", "retweet": 0, "like": 0}, {"id": "1098535263310045184", "url": "https://twitter.com/darkchocokiss86/status/1098535263310045184", "username": "", "text": "ก็คือเปลี่ยนเรื่องคุยอีก เกี่ยวไรกับการใช้รูปโปรๆวะ555555555 ทำเก๋าอีกกกก ฉลาดมากก็ตอบให้คนโง่อย่างกูรู้หน่อยว่าเกมคืออะไร ตอบสิจ๊ะ ตอบ!! ปล.ภาษาไทยเนี่ยเขียนให้ถูกก่อน ฉลาดนัก!!!! ปล.2 กูรู้แล้ว #อนาคตใหม่ เหนื่อยยังไง 555555", "date": "21-02-2019 17:49", "retweet": 0, "like": 0}, {"id": "1098530894720073728", "url": "https://twitter.com/darkchocokiss86/status/1098530894720073728", "username": "", "text": "เป็นเกมนะแต่ไม่ใช่ของเล่น เอ๊ะ งงจัง งั้นตอบสิ เกมในที่นี้คืออะไร", "date": "21-02-2019 17:32", "retweet": 0, "like": 0}, {"id": "1098521956297564160", "url": "https://twitter.com/darkchocokiss86/status/1098521956297564160", "username": "", "text": "#savethanathon https:// twitter.com/darkchocokiss8 6/status/1098105024154988544 …", "date": "21-02-2019 16:56", "retweet": 5, "like": 1}, {"id": "1098521148461965314", "url": "https://twitter.com/darkchocokiss86/status/1098521148461965314", "username": "", "text": "ถ้ามีอีกวงที่แยกย้ายเหมือน #Room39 และจะเศร้ามากก็คือ polycat อยู่ไปนานๆเด้ออออออออออออ", "date": "21-02-2019 16:53", "retweet": 1, "like": 1}, {"id": "1098520608512475136", "url": "https://twitter.com/darkchocokiss86/status/1098520608512475136", "username": "", "text": "pic.twitter.com/6GstRdIh8L", "date": "21-02-2019 16:51", "retweet": 0, "like": 1}, {"id": "1098519520757481472", "url": "https://twitter.com/darkchocokiss86/status/1098519520757481472", "username": "", "text": "อันแรก #savethanathorn อันสอง #savethanatorn ล่าสุด #savethanathon ตร่กกกกกกกกกก การสำรองแท็ก55555 ชื่อก็คือจะเปลี่ยนไปเรื่อยๆนะพ่อ #อนาคตใหม่ #ฟ้ารักพ่อ", "date": "21-02-2019 16:47", "retweet": 32, "like": 17}, {"id": "1098518804324216832", "url": "https://twitter.com/darkchocokiss86/status/1098518804324216832", "username": "", "text": "อีสัสนาโร้กกกกกกก เจ้าของทวิตคือแบบ หลุมมาก เอาไว้เงี่ยนอย่างเดียวอะ ต่ำตมฉิบหาย การศึกษาสำคัญมากจริงๆนะคะทุกคน เห้อมมมมม", "date": "21-02-2019 16:44", "retweet": 0, "like": 0}, {"id": "1098517231804198912", "url": "https://twitter.com/darkchocokiss86/status/1098517231804198912", "username": "", "text": "รับเกม?? การเมืองหรือวินนิ่งวะ 555555555555555555555555555555555555 เชิญค่ะ เอาที่สบายใจ #ฟ้ารักพ่อ pic.twitter.com/5EfZ7lPYKl", "date": "21-02-2019 16:38", "retweet": 0, "like": 0}, {"id": "1098511894439112704", "url": "https://twitter.com/darkchocokiss86/status/1098511894439112704", "username": "", "text": "พอถึงจุดๆหนึ่ง ทุกอย่างก็กลายเป็นประวัติศาสตร์ #Room39", "date": "21-02-2019 16:16", "retweet": 1, "like": 0}, {"id": "1098495766828466176", "url": "https://twitter.com/darkchocokiss86/status/1098495766828466176", "username": "", "text": "รปห ทำบ้านเมืองสงบ? วาทกรรม ปชธ = แตกแยก?? การเมืองไทยมีอะไรมากกว่านั้น... ??! อะไรล่ะอะไร การเมืองไทยมันมีอะไรที่ประชาชนยังไม่รู้ นอกจากประชาธิปไตย .... อำนาจอธิปไตยอยู่ที่ใคร?? สิ้นหวังแร้วนะะะะะ #savethanatorn #อนาคตใหม่ pic.twitter.com/ERAor6CLlH", "date": "21-02-2019 15:12", "retweet": 22, "like": 10}, {"id": "1098480726373093376", "url": "https://twitter.com/darkchocokiss86/status/1098480726373093376", "username": "", "text": "กูถัมจีงงงงงงงงงงงง???? #savethanatorn #อนาคตใหม่ pic.twitter.com/Yt0QUgIc07", "date": "21-02-2019 14:13", "retweet": 23, "like": 7}, {"id": "1098458084911898625", "url": "https://twitter.com/darkchocokiss86/status/1098458084911898625", "username": "", "text": "เผื่อไม่เคยเห็นค่ะ ถ้าไม่พอนี่คลิปเต็มนะคะ https:// youtu.be/aFNylTHE_R8 #savethanatorn #อนาคตใหม่ #ธนาธร #savethanathorn #ฟ้ารักพ่อ pic.twitter.com/wAXnZctpQ7", "date": "21-02-2019 12:43", "retweet": 53, "like": 31}, {"id": "1098454944967884800", "url": "https://twitter.com/darkchocokiss86/status/1098454944967884800", "username": "", "text": "ไปถามทหารผู้รักสถาบันยิ่งชีพเส่ะะะะ งงใจเหมือนกันค่ะ", "date": "21-02-2019 12:30", "retweet": 0, "like": 2}, {"id": "1098454460706115589", "url": "https://twitter.com/darkchocokiss86/status/1098454460706115589", "username": "", "text": "แยกแยะก่อน ทักษิณยิ่งลักษณ์ คนละคนกับ #ธนาธร สุดท้ายที่อ้างมานี่ก็คือคิดว่าธนาธร = เสื้อแดง? จบละ ไม่คุยคนไม่แยกแยะ ปัดตกนะคะ บายยยยย #savethanatorn", "date": "21-02-2019 12:28", "retweet": 5, "like": 3}, {"id": "1098448783837298689", "url": "https://twitter.com/darkchocokiss86/status/1098448783837298689", "username": "", "text": "#Savethanatorn https:// twitter.com/darkchocokiss8 6/status/1098415193241964544 …", "date": "21-02-2019 12:06", "retweet": 5, "like": 4}, {"id": "1098444411187253248", "url": "https://twitter.com/darkchocokiss86/status/1098444411187253248", "username": "", "text": "ใครขู่ฆ่า — แม่เขามั้ง ไม่ใช่ทหารหรอก สีส้มคงไม่สามารถพูดอะไรที่อยากจะพูดได้ — จะถูกจับขังอยู่ละ เขาเป็นทหารอย่าคิดว่าเขาอำมหิตสิคะ — อื้อออ ไม่เลยยยย คนที่น่ากลัวจริงๆ คือสคนที่ร้างวาทกรรมหลอกลวงเรื่องเท็จ — ล้มเจ้านี่นับมั้ยคะ #savethanatorn #savethanathorn #อนาคตใหม่ #ธนาธร https:// twitter.com/lovemamuay/sta tus/1098436612055126016 …", "date": "21-02-2019 11:48", "retweet": 11, "like": 6}, {"id": "1098442026578632704", "url": "https://twitter.com/darkchocokiss86/status/1098442026578632704", "username": "", "text": "ใช่เล้ยยยยย555555 แล้ววาทกรรมล้มเจ้านี่นับว่าหลอกลวงมั้ยคะ #savethanatorn", "date": "21-02-2019 11:39", "retweet": 4, "like": 7}, {"id": "1098439191396986881", "url": "https://twitter.com/darkchocokiss86/status/1098439191396986881", "username": "", "text": "เขาเป็นทหาร แต่วิจารณ์เขาไม่ได้ #ธนาธร ไม่ถูกฆ่าหรอกเนอะ แค่จะถูกขังเอง บ้าป่าว ไม่เห็นจะอำมหิตตรงไหนเลยยยย อืมมมมม #savethanatorn #อนาคตใหม่ #ฟ้ารักพ่อ https:// twitter.com/lovemamuay/sta tus/1098436612055126016 …", "date": "21-02-2019 11:28", "retweet": 6, "like": 3}, {"id": "1098435351163498497", "url": "https://twitter.com/darkchocokiss86/status/1098435351163498497", "username": "", "text": "เดินไปตบหัวเพื่อน เพื่อนไม่มีสิทธิ์โวยเพราะมันเคยให้เรายืมสี งี้หรอ งงใจมาก #savethanatorn", "date": "21-02-2019 11:12", "retweet": 1, "like": 1}, {"id": "1098434592439070720", "url": "https://twitter.com/darkchocokiss86/status/1098434592439070720", "username": "", "text": "เห้ยคุณ ที่เราด่านี่เพราะว่าได้อำนาจมาไม่ถูกต้อง และยังอยากดำรงอำนาจด้วยกลโกงที่สร้างมาเองโว้ยยยยยย ส่วนเรื่องที่ทำดีเรื่องต่างๆมันก็อีกส่วนป่าววะ ผิดก็ว่าไปตามผิดดิ จะมาอ้างเรื่องถูกอื่นๆมาลบล้างงี้ มันได้หรอ #savethanatorn", "date": "21-02-2019 11:09", "retweet": 13, "like": 0}, {"id": "1098415193241964544", "url": "https://twitter.com/darkchocokiss86/status/1098415193241964544", "username": "", "text": "เธอบอกเธอไม่ได้เป็นสส เธอเลยมาดีเบตไม่ได้มันผิดกฎหมาย แต่เธอลงแคนดิเดทนายกได้ เธอเป็นเหี้ยไรอะ #savethanatorn #savethanathorn", "date": "21-02-2019 09:52", "retweet": 133, "like": 42}, {"id": "1098406165954756608", "url": "https://twitter.com/darkchocokiss86/status/1098406165954756608", "username": "", "text": "มีเหตุการณ์ตลอดเวลาอะ กลัวอะดี๊ - #อนาคตใหม่ - #ฟ้ารักพ่อ , #พ่อก็รักฟ้า - #Savethanathorn , #Savethanatorn เหลือเวลาอีกเดือนนึง จนกว่าจะเลือกตั้ง ดูสิ้จะโกงอะไรยังไงอีก อยากยืมหน้าไปทำถนนให้ประเทศไทยจริงๆ #เลือกตั้ง2562 #เลือกตั้งปี62 #เลือกตั้ง62 pic.twitter.com/snYo1FkPd8", "date": "21-02-2019 09:16", "retweet": 14, "like": 12}, {"id": "1098232802724593664", "url": "https://twitter.com/darkchocokiss86/status/1098232802724593664", "username": "", "text": "#อนาคตใหม่ ไม่ใช่พรรคการเมือง แต่เป็นผู้คน #Savethanathorn", "date": "20-02-2019 21:47", "retweet": 2, "like": 0}, {"id": "1098217401819095040", "url": "https://twitter.com/darkchocokiss86/status/1098217401819095040", "username": "", "text": "เมนชั่นมาสิว่าพวกเราล้อมคุณไว้หมดแล้ว โปรดอยู่ในความสงบ — ชุมนุมยุค 4.0 และการสลายการชุมนุมยุค 4.0 #Savethanathorn", "date": "20-02-2019 20:46", "retweet": 1, "like": 2}, {"id": "1098188128857120768", "url": "https://twitter.com/darkchocokiss86/status/1098188128857120768", "username": "", "text": "#Savethanathorn", "date": "20-02-2019 18:50", "retweet": 1, "like": 1}, {"id": "1098175306416848896", "url": "https://twitter.com/darkchocokiss86/status/1098175306416848896", "username": "", "text": "นี่มันชุมนุมยุค 4.0 อีสัส ใครเค้ายังจะไปเดินชุมนุมบนถนน นอนไถมือถือแอร์เย็นๆไปดิ สบายจะตาย55555555555555555555555555555555 #Savethanathorn #อนาคตใหม่", "date": "20-02-2019 17:59", "retweet": 166, "like": 40}, {"id": "1098173847667277830", "url": "https://twitter.com/darkchocokiss86/status/1098173847667277830", "username": "", "text": "พวกมึงคิดกันบ้างป่าววะว่า..........อาจจะไม่ได้เลือกตั้งแล้วจริงๆ เหมือนฝ่ายนั้นกำลังเดินเกมตัวเองอยู่............ #Savethanathorn", "date": "20-02-2019 17:53", "retweet": 2, "like": 0}, {"id": "1098171428086501377", "url": "https://twitter.com/darkchocokiss86/status/1098171428086501377", "username": "", "text": "เธอต้องแยกแยะให้ออกก่อน ระหว่างความจริงในการวิจารณ์ กับความชอบของปชช เป็นคนละเรื่องกัน และ วิจารณ์ด้วยความจริงคือคำวิจารณ์ ส่วนวิจารณ์ด้วยความเท็จเพื่อเพิ่มความเกลียดชังคือสาดโคลน #savethanathorn https:// twitter.com/darkchocokiss8 6/status/1098105024154988544 …", "date": "20-02-2019 17:44", "retweet": 3, "like": 1}, {"id": "1098169184310050817", "url": "https://twitter.com/darkchocokiss86/status/1098169184310050817", "username": "", "text": "ก็บอกว่าให้บอกมาว่าใคร จะได้ตามไปดูด้วย", "date": "20-02-2019 17:35", "retweet": 1, "like": 2}, {"id": "1098168759846498304", "url": "https://twitter.com/darkchocokiss86/status/1098168759846498304", "username": "", "text": "อย่าลากมาถึงปชชเลย เราหมายถึงรัฐบาลกับพรรค ลากความเห็นปชชมารวมทำไม อันนั้นมันความเห็นปชช ไม่ใช่คำวิจารณ์ต่อพรรคหรือรัฐบาล ความชอบส่วนตัวเป็นอีกเรื่อง อันนี้พูดตามความจริงไม่ใช่ความชอบ", "date": "20-02-2019 17:33", "retweet": 10, "like": 44}, {"id": "1098165450767196160", "url": "https://twitter.com/darkchocokiss86/status/1098165450767196160", "username": "", "text": "ก็ต้องดูข้อมูลค่ะ ว่าที่กล่าวหามานั้นถูกต้องหรือไม่ และส่วนมากก็โดนสาดโคลนมา เค้าอาจจะแรงเพราะมันเป็นเรื่องเท็จนี่คะ", "date": "20-02-2019 17:20", "retweet": 1, "like": 17}, {"id": "1098164214177226752", "url": "https://twitter.com/darkchocokiss86/status/1098164214177226752", "username": "", "text": "ขอบคุณค่าาาา", "date": "20-02-2019 17:15", "retweet": 1, "like": 1}, {"id": "1098163336397479937", "url": "https://twitter.com/darkchocokiss86/status/1098163336397479937", "username": "", "text": "คนละเรื่องป่าวอะ นึกว่าพูดถึงสสในพรรคที่วิจารณ์ไม่ได้หรืออะไรทำนองนี้ อันนี้เกี่ยวไรด้วย งงปัยเรยยยยยยย", "date": "20-02-2019 17:11", "retweet": 6, "like": 29}, {"id": "1098161904155906048", "url": "https://twitter.com/darkchocokiss86/status/1098161904155906048", "username": "", "text": "อ๋อหรอคะ เยอะมากเลยจนยกตัวอย่างสักคนไม่ได้เลยหรอคะ", "date": "20-02-2019 17:06", "retweet": 0, "like": 7}, {"id": "1098161457517064193", "url": "https://twitter.com/darkchocokiss86/status/1098161457517064193", "username": "", "text": "แหมมมมมมมม กะอีแค่เว็บลงประวัติผิดประเทศมันก็จะฉิบหายเลยดิ? ความสามารถก็เห็นๆกันอยู่ ทีทรัพย์สินตรวจสอบไม่ได้ ทำตามสัญญาไม่ได้ทั้งที่ขอเวลาไปนานแล้ว มึงไม่เสนอหน้ามาบอกว่าจะฉิบหายต่อประเทศบ้างล่ะ สมอง #savethanathorn #อนาคตใหม่", "date": "20-02-2019 17:04", "retweet": 3, "like": 7}, {"id": "1098160117491453952", "url": "https://twitter.com/darkchocokiss86/status/1098160117491453952", "username": "", "text": "เธอเป็นเหี้ยอะไร เธออ้างว่าเขาทำให้เกิดความแตกแยก แต่เป็นเธอนั่นแหละที่สร้างความแตกแยก!!! #Savethanathorn pic.twitter.com/RvvT5XWrP6", "date": "20-02-2019 16:59", "retweet": 23, "like": 12}, {"id": "1098156830591660032", "url": "https://twitter.com/darkchocokiss86/status/1098156830591660032", "username": "", "text": "#savethanathorn https:// twitter.com/darkchocokiss8 6/status/1098102727186440192 …", "date": "20-02-2019 16:46", "retweet": 3, "like": 0}, {"id": "1098156613305741312", "url": "https://twitter.com/darkchocokiss86/status/1098156613305741312", "username": "", "text": "ใครคะ? บางคนนี่ใคร พูดมาเลยดีกว่าเนาะ", "date": "20-02-2019 16:45", "retweet": 0, "like": 4}, {"id": "1098117494831599616", "url": "https://twitter.com/darkchocokiss86/status/1098117494831599616", "username": "", "text": "#SaveThanathorn #อนาคตใหม่", "date": "20-02-2019 14:09", "retweet": 1, "like": 2}, {"id": "1098106781274857474", "url": "https://twitter.com/darkchocokiss86/status/1098106781274857474", "username": "", "text": "ละมีพบด้อมฟ้าที่สยามวันนี้ แหมมมมมมมม เหมาะเจาะจังเลยนะข่าวอะ ต้องการไรวะ สร้างความวุ่นวายชัวร์ #อนาคตใหม่ #ธนาธร #savethanathorn", "date": "20-02-2019 13:27", "retweet": 13, "like": 5}, {"id": "1098106117408706560", "url": "https://twitter.com/darkchocokiss86/status/1098106117408706560", "username": "", "text": "* #ฟ้ารักช่อ", "date": "20-02-2019 13:24", "retweet": 0, "like": 5}, {"id": "1098105857374445569", "url": "https://twitter.com/darkchocokiss86/status/1098105857374445569", "username": "", "text": "ดูเหมือนจะเป็นแผนการที่จะโยนว่าธนาธรสร้างความวุ่นวายนะ แล้วนางก็จะออกมารัฐประหารอีกแล้วอ้างความสงบ อีเหี้ย ใครที่วุ่นวาย คิดสิคิด!!!! #ธนาธร #อนาคตใหม่ #savethanathorn", "date": "20-02-2019 13:23", "retweet": 4284, "like": 672}, {"id": "1098105024154988544", "url": "https://twitter.com/darkchocokiss86/status/1098105024154988544", "username": "", "text": "เธอบอกเธอเคารพหลักประชาธิปไตย แต่วิจารณ์เธอไม่ได้ เธอเป็นเหี้ยไรอะ #savethanathorn #อนาคตใหม่", "date": "20-02-2019 13:20", "retweet": 36349, "like": 5039}, {"id": "1098102727186440192", "url": "https://twitter.com/darkchocokiss86/status/1098102727186440192", "username": "", "text": "น่ากลัวฉิบหายประเทศนี้ พ่อกูต้องเจอไรบ้าง - โดนขู่ฆ่า - โดนทำลายป้ายหาเสียง - โดนสาดโคลนต่างๆ นานา - วิจารณ์ คสช. ไม่ได้ (คสช.หรือราชวงศ์อะ ) - วิจารณ์ คสช. แล้วโดนจับเข้าคุก อีสัส นี่มีใครยังไม่ตาสว่างอีกบ้าง #ธนาธร #อนาคตใหม่ #ฟ้ารักพ่อ #ห้ารักช่อ pic.twitter.com/XJlR9G0ZTL", "date": "20-02-2019 13:11", "retweet": 7307, "like": 893}, {"id": "1098068936132722689", "url": "https://twitter.com/darkchocokiss86/status/1098068936132722689", "username": "", "text": "ไอดอลต้องหลั่งน้ามตาาาาา วันนี้สยามจะแตกมั้ยรอดู แต่ว่าฟ้ารอพ่อเดบิวท์เสตจอยู่นะคะ 555555555555555555 #ธนาธร #อนาคตใหม่ #เลือกตั้ง62 #ฟ้ารักพ่อ #พ่อก็รักฟ้า pic.twitter.com/1Vch7UD62L", "date": "20-02-2019 10:56", "retweet": 14, "like": 14}, {"id": "1097903678025953280", "url": "https://twitter.com/darkchocokiss86/status/1097903678025953280", "username": "", "text": "เหนื่อยหน่อยนะคะ สู้ๆค่ะ", "date": "20-02-2019 00:00", "retweet": 0, "like": 0}, {"id": "1097527238445064192", "url": "https://twitter.com/darkchocokiss86/status/1097527238445064192", "username": "", "text": "#เพื่อไทย บอกถ้าไม่ร่วมกับ #ประชาธิปัตย์ ก็เพราะต้องมีรักษาผลประโยชน์ของประชาชน เป็นกระบวนการของการตั้งรัฐบาลที่จะต้องมีฝ่ายค้าน แต่จะไม่ร่วมกับ #พลังประชารัฐ เพราะรังเกียจ อหหหหหหหหห แลงมากกกกกก555555555555", "date": "18-02-2019 23:04", "retweet": 2, "like": 1}, {"id": "1097519548926910464", "url": "https://twitter.com/darkchocokiss86/status/1097519548926910464", "username": "", "text": "อย่าเพิ่งหลับนะพ่อออออ คือหน้าไม่ไหวละ55555555555 #อนาคตใหม่ #ฟ้ารักพ่อ #ธนาธร pic.twitter.com/oKtRg1KDdk", "date": "18-02-2019 22:33", "retweet": 8, "like": 17}, {"id": "1097517659057352704", "url": "https://twitter.com/darkchocokiss86/status/1097517659057352704", "username": "", "text": "Q: คุณหนุนประยุทธ์ใช่มั้ย? ไพบูลย์: ผมไม่ได้หนุนท่านประยุทธ์ แต่ผมก็เห็นเขาเป็นคนดี เหมาะสม ??!!?? ว๊อทททท?!!!! หรือว่ากูโง่เองหรือเปล่าวะ #Brighttv20 #เลือกตั้ง62 #หนักแผ่นดิน pic.twitter.com/rxZLNG7Ay0", "date": "18-02-2019 22:26", "retweet": 105, "like": 27}, {"id": "1097514327907610625", "url": "https://twitter.com/darkchocokiss86/status/1097514327907610625", "username": "", "text": "เสียงของทุกคนเป็นเสียงที่จะเปลี่ยนบ้านเมือง~ให้ดี~~ขึ้นมาาาาาา~~~~ หลอนละเนี่ย #อนาคตใหม่ #เลือกตั้ง62", "date": "18-02-2019 22:13", "retweet": 2, "like": 2}, {"id": "1097512478991249408", "url": "https://twitter.com/darkchocokiss86/status/1097512478991249408", "username": "", "text": "ทั้งพ่อ ทั้งป๊า ใจเย็นๆนะคะ เหมือนจะพร้อมบวกแล้ว 55555555555555555555 #อนาคตใหม่ #เสรีรวมไทย #ธนาธร #เสรีพิศุทธ์ pic.twitter.com/xApJ4F79eS", "date": "18-02-2019 22:05", "retweet": 228, "like": 84}, {"id": "1097508196166422528", "url": "https://twitter.com/darkchocokiss86/status/1097508196166422528", "username": "", "text": "ไพบูลย์นี่ไปอยู่ในทุ่งลาเวนเดอร์เหอะ อิห่า พูดขึ้นมาแต่ละทีนี่ไม่โอเคสักอย่าง น้ำท่วมทุ่งมากเว่อ โคตรมนุษย์ไดโนเสาร์ ก็คือควรไปพัก!!!!!!!!! #หนักเเผ่นดิน #เลือกตั้ง62", "date": "18-02-2019 21:48", "retweet": 1, "like": 1}, {"id": "1097505831841480704", "url": "https://twitter.com/darkchocokiss86/status/1097505831841480704", "username": "", "text": "สามสี่วันนี่ก็คือพูดใส่ทวีตที่เสี้ยมใส่ร้าย #อนาคตใหม่ มาเยอะมากว่า เหนื่อยหน่อยนะคะ สู้ๆค่ะ", "date": "18-02-2019 21:39", "retweet": 2, "like": 1}, {"id": "1097502018837438465", "url": "https://twitter.com/darkchocokiss86/status/1097502018837438465", "username": "", "text": "พ่อเลยบอกว่ามันไม่ใช่ความขัดแย้งของประชาชนหรอก แต่เป็นความขัดแย้งของผู้เสียผลประโยชน์ของผู้มีอำนาจต่างหากกกกกก ดุ ดุ ดุ!!! ฟาดมาก!!! 555555 #อนาคตใหม่ #ธนาธร #เลือกตั้ง62", "date": "18-02-2019 21:24", "retweet": 87, "like": 35}, {"id": "1097502014446030849", "url": "https://twitter.com/darkchocokiss86/status/1097502014446030849", "username": "", "text": "T: ผมดีใจนะครับที่ #ประชาธิปัตย์ เห็นถึงความสำคัญของการปฏิรูปกองทัพ A: พวกเราเห็นถึงความสำคัญมานานแล้ว ก่อนที่พรรค #อนาคตใหม่ จะเกิดซะอีก ... แล้วอภิสิทธิ์ก็พยายามโยนว่าถ้ามันเกิดความขัดแย้งขึ้นมาจริงๆก็จะมาจากธนาธรอะ หน้าพ่อนี่แบบ ว๊อทททท!?! พ่อจะฟาด!!! #เลือกตั้ง62", "date": "18-02-2019 21:24", "retweet": 87, "like": 27}, {"id": "1097492815410454534", "url": "https://twitter.com/darkchocokiss86/status/1097492815410454534", "username": "", "text": "ไพบูลย์ “ผบ.ทบ.จะชอบเพลง #หนักแผ่นดิน ก็เป็นสิทธิ์ของเขาอะ เนื้อเพลงก็มีเนื้อหาให้รักชาติ อย่าไปคิดเยอะ” อีสัสสสสสสส ฮากว่านี้มีอีกมั้ยยยยยยย แม่งตอบเหี้ยไรก็บอกเป็นสิทธิ์ของเขาตั้งแต่ สว250ละ กูล่ะเพลียยยยยยยยย", "date": "18-02-2019 20:47", "retweet": 168, "like": 33}, {"id": "1097427806173028354", "url": "https://twitter.com/darkchocokiss86/status/1097427806173028354", "username": "", "text": "โง่ฉิบหาย จะด่าเค้าแต่ดันตีกลับเข้าโคตรเหง้าตัวเองหมด อีสัสเอ้ยยยยย เอาตีนก่ายหน้าผากกลุ้มแร้วมั้งงงงงงงงงงง 555555555 #หนักแผ่นดิน pic.twitter.com/F6ciVfrIPr", "date": "18-02-2019 16:29", "retweet": 1, "like": 0}, {"id": "1097427026233909248", "url": "https://twitter.com/darkchocokiss86/status/1097427026233909248", "username": "", "text": "ประชาชนทุกคนจงจำไว้ว่า พวกเราไม่เคยทะเลาะกัน มีแต่คนใช้พวกเราเป็นเครื่องมือเพื่อแสวงหาอำนาจและเงินทอง #หนักแผ่นดิน", "date": "18-02-2019 16:26", "retweet": 8, "like": 9}, {"id": "1097426269501681665", "url": "https://twitter.com/darkchocokiss86/status/1097426269501681665", "username": "", "text": "นาทีนี้ #เสรีพิศุทธ์ คือ ฟาด ฟาด ฟาดดดดดดดดดดดด #หนักแผ่นดิน เลิ่กลั่กแร้วมั้งงงงงงงงง 555555555555555", "date": "18-02-2019 16:23", "retweet": 2, "like": 2}, {"id": "1097425854395604992", "url": "https://twitter.com/darkchocokiss86/status/1097425854395604992", "username": "", "text": "เรื่องก็คือ มีคนมาเสือกในทวีตนี่ก่อน นี่ก็พยายามคุย อยากให้พูดตรงๆ ไม่ใช่อ้อมไปอ้อมมาจับใจความไม่ได้ พอจะคุยด้วยเหตุผลก็หายไป พอนี่จะไปเสือกบ้าง พยายามคุยด้วยเหตุผลเหมือนเดิม แต่เค้าก็ยังวกกลับไปที่เดิมคือ ธนาธรเพ้อเจ้อ ขายฝัน นี่แหละคือคนที่ไม่คิดจะเริ่มที่ตัวเอง #อนาคตใหม่", "date": "18-02-2019 16:21", "retweet": 1, "like": 1}, {"id": "1097405696931319809", "url": "https://twitter.com/darkchocokiss86/status/1097405696931319809", "username": "", "text": "ขอเป็นคุณเอก ธนาธร ได้ไหมคะ พลีสสสสสสสสสส อิ___อิ", "date": "18-02-2019 15:01", "retweet": 0, "like": 0}, {"id": "1097392749119033350", "url": "https://twitter.com/darkchocokiss86/status/1097392749119033350", "username": "", "text": "จากเหตุการณ์ที่ผ่านมาทั้งหมด ไม่รู้จริงๆหรอว่าใครที่ #หนักแผ่นดิน ประเทศไม่พัฒนาล้าหลังชาวบ้านเนี่ย เพราะใคร?", "date": "18-02-2019 14:09", "retweet": 1, "like": 1}, {"id": "1097389698337497088", "url": "https://twitter.com/darkchocokiss86/status/1097389698337497088", "username": "", "text": "พอมีคนไม่น้อยที่คิดไม่ได้ เลยบอกว่านโยบาย #อนาคตใหม่ เพ้อเจ้อ? ทำไม่ได้จริง? เนี่ยก็คือวกกลับมาที่เดิม จุดเริ่มต้นก็คือคิดไงคะ เริ่มคิด เริ่มคิดให้ได้ก่อน จะหาวิธีที่ทำให้คนพลิกความคิดพร้อมกันทั้งประเทศได้ยังไง คุณไม่มองความเป็นจริงข้อนี้บ้างล่ะ", "date": "18-02-2019 13:57", "retweet": 2, "like": 2}, {"id": "1097387666113421312", "url": "https://twitter.com/darkchocokiss86/status/1097387666113421312", "username": "", "text": "ถามจริงๆ ใครจะล้มเจ้าได้วะ ในเมื่อกูและพวกมึงทุกคนไม่มีใครคิดแบบนี้ ทุกคนรู้ดีว่าสถาบันสำคัญขนาดไหน แต่พอมีคนบอกว่า พวกนี้ พรรคนี้แม่งจะล้มเจ้า ถามหน่อย ถ้ามีคนคิดล้มจริงๆ พวกมันจะทำได้หรอ ในเมื่อกูและพวกมึงไม่เคยมีใครคิดแบบนั้น ใครจะยอม สติมีแยกแยะหน่อย #อนาคตใหม่ #เลือกตั้ง62", "date": "18-02-2019 13:49", "retweet": 10, "like": 11}, {"id": "1097386623778484224", "url": "https://twitter.com/darkchocokiss86/status/1097386623778484224", "username": "", "text": "อายุก็น่าจะมากกว่ากูแหละ แต่ตอบอะไรมาก็ยังงงๆ ยังขัดในตัวเองอยู่เลย ตกลงจะเอาไง? ขรรรรรรรรรมมมมมมมมมมม", "date": "18-02-2019 13:45", "retweet": 0, "like": 0}, {"id": "1097383453069238277", "url": "https://twitter.com/darkchocokiss86/status/1097383453069238277", "username": "", "text": "“เปลี่ยนได้แต่น้อยมาก” อย่างน้อยมันก็เริ่มเปลี่ยนหรือเปล่าล่ะ? “ไม่ได้บอกว่าไม่ให้เริ่ม”? แต่บอกว่า #อนาคตใหม่ เพ้อเจ้อ ไม่ดูความจริง ตกลงคุณอยากจะเปลี่ยนมันจริงๆรึเปล่า? ที่บอกว่าเป็นไปไม่ได้ ก็คิดแบบนี้ไงก็เลยเปลี่ยนไม่ได้จริงๆ คุณต้องเชื่อในตัวเองก่อนว่ามันเปลี่ยนได้", "date": "18-02-2019 13:32", "retweet": 3, "like": 7}, {"id": "1097381033941491713", "url": "https://twitter.com/darkchocokiss86/status/1097381033941491713", "username": "", "text": "ไม่เริ่มตอนนี้จะเริ่มให้คน “คิดได้” ตอนไหน? หรือ #อนาคตใหม่ ต้องรอให้คนที่คิดไม่ได้หายไปจากโลกนี้ก่อน? ตัองรออีกกี่ปี? นี่ก็แค่ก้าวแรกมันก็ต้องเริ่มที่ความคิดมั้ย? ไม่ประกาศไม่พูดแล้วใครจะเข้าใจ คนรุ่นเก่าๆที่คิดได้ก็มี อย่าเหมารวมเลยว่าคนรุ่นเก่าไม่มีใครคิดแบบ #ธนาธร", "date": "18-02-2019 13:23", "retweet": 5, "like": 4}, {"id": "1097357805164539904", "url": "https://twitter.com/darkchocokiss86/status/1097357805164539904", "username": "", "text": "ก่อนอื่น แยกแยะก่อน #ธนาธร ไม่ใช่ทักษิณ ตลกมาก พูดเหตุผลมาซะยืดยาว อ้างนโยบายต่างๆเป็นแบบนั้นเป็นแบบนี้เพื่อให้ดูดีดูคิดวิเคราะห์ เพื่อซับพอร์ตเหตุผลของตัวเองต่างๆ นานา แต่สุดท้ายก็คิดว่าธนาธรเหมือนทักษิณ ก็คือไปพักก่อน ไม่คุยคนไม่แยกแยะ #อนาคตใหม่ #ฟ้ารักพ่อ #เลือกตั้ง62", "date": "18-02-2019 11:51", "retweet": 18, "like": 11}, {"id": "1097350322278653954", "url": "https://twitter.com/darkchocokiss86/status/1097350322278653954", "username": "", "text": "วิถีที่บอกว่าทำไม่ได้ ทั้งๆที่ยังไม่ได้ลองทำคือวิถีลูซเซ่อค่ะ ประเทศจะพัฒนาได้ไหมอบบนั้น", "date": "18-02-2019 11:21", "retweet": 1, "like": 3}, {"id": "1097350115998617600", "url": "https://twitter.com/darkchocokiss86/status/1097350115998617600", "username": "", "text": "ขอเสือกบ้างละกัน คิดว่านโยบายขายฝัน เพ้อเจ้องี้สินะ “ถามว่าทำได้ไหม อาจได้ แต่กว่าจะได้คงหมดวาระ” การทำไม่สำเร็จในวาระ สามารถเป็นเหตุผลที่จะบอกว่าทำไม่ได้จริงงั้นหรอคะ? นโยบายในประเทศนี้ก็คือห้ามเกินวาระงั้นหรอ? #อนาคตใหม่ มองไกลกว่านั้น มองแบบนั้นอนาคตสั้นเกินค่ะ", "date": "18-02-2019 11:20", "retweet": 10, "like": 6}, {"id": "1097340641086820353", "url": "https://twitter.com/darkchocokiss86/status/1097340641086820353", "username": "", "text": "เหอะ ตลกจังเลยค่ะ จะรีบหนีไปไหนล่ะ 5555555555555555555555555555555555555", "date": "18-02-2019 10:42", "retweet": 0, "like": 0}, {"id": "1097340465295179776", "url": "https://twitter.com/darkchocokiss86/status/1097340465295179776", "username": "", "text": "ทำพูดมีหลักการ น้ำท่วมทุ่งจริงๆ ถามให้พูดตรงๆก็ไม่พูด อ้อมไปอ้อมมา ดื้องั้นดื้องี้ ถามใครดื้อก็ไม่พูด พูดออกมาสิธนาธรดื้อ คิดไม่เป็น เพ้อเจ้อ ทำไม่ได้จริง พูดออกมาเลย มันยากอะไรอะ และถ้าไม่คิดลงมือทำแล้วเมื่อไหร่ประเทศจะเดินไปในทางทีถูกสักที วิถีลูซเซ่อมากเว่อ เหนื่อยใจจริงๆ", "date": "18-02-2019 10:42", "retweet": 0, "like": 0}, {"id": "1097332830680436736", "url": "https://twitter.com/darkchocokiss86/status/1097332830680436736", "username": "", "text": "พูดมาตรงๆเลยค่ะ ว่าใครดื้อ ต้องการอะไรคะ??", "date": "18-02-2019 10:11", "retweet": 0, "like": 0}]