[{"id": "1099316056009523200", "url": "https://twitter.com/Deaw17/status/1099316056009523200", "username": "", "text": "โรงงานยาสูบฯรับมีแผนเตรียมมาขายกัญชา-กัญชงรับรัฐขึ้นภาษีบุหรี่ต.ค.นี้:Thairath", "date": "23-02-2019 21:32", "retweet": 0, "like": 0}, {"id": "1099273611754364929", "url": "https://twitter.com/Deaw17/status/1099273611754364929", "username": "", "text": "ผู้รับเหมาหญิงติดป้ายทวงหนี้3ปีเผยทั้งน้ำตาถูก ผอ.เบี้ยวค่าจ้าง5.2ล้าน:Thairath", "date": "23-02-2019 18:43", "retweet": 0, "like": 0}, {"id": "1099273382514778112", "url": "https://twitter.com/Deaw17/status/1099273382514778112", "username": "", "text": "พล.ต.อ.เสรีพิศุทธ์โวคนชื่อนำหน้า'ป.'แพ้ทางตนมาตลอดชี้ปัญหาเกิดจากทหาร:TR-Politic", "date": "23-02-2019 18:42", "retweet": 1, "like": 0}, {"id": "1099265826425778176", "url": "https://twitter.com/Deaw17/status/1099265826425778176", "username": "", "text": "หมอโรคหัวใจรพ.จุฬาฯดึง\"อนุทิน\"ร่วมรณรงค์บริจาคหัวใจ-อวัยวะให้สภากาชาด:TR-Politic", "date": "23-02-2019 18:12", "retweet": 0, "like": 1}, {"id": "1099250267042676736", "url": "https://twitter.com/Deaw17/status/1099250267042676736", "username": "", "text": "ลุงหื่นหลอกสาว16เข้าม่านรูดข่มขืนอ้างแก้กรรมเป่าของสงวนบอกอดใจไม่ไหว:Thairath", "date": "23-02-2019 17:11", "retweet": 0, "like": 0}, {"id": "1099214554628648961", "url": "https://twitter.com/Deaw17/status/1099214554628648961", "username": "", "text": "\"เจ๊หน่อย\"ควงโอ๊คหาเสียงหนองคายปลื้มเจ้าอาวาสวัดโพธิ์ชัยให้พรเป็นนายกฯ:TR-Politic", "date": "23-02-2019 14:49", "retweet": 0, "like": 0}, {"id": "1099214402203480064", "url": "https://twitter.com/Deaw17/status/1099214402203480064", "username": "", "text": "มาร์คนำปชป.หาเสียงเซนต์หลุยส์จี้บิ๊กตู่ตั้ง250ส.ว.มีผลประโยชน์ทับซ้อน:TR-Politic", "date": "23-02-2019 14:48", "retweet": 1, "like": 1}, {"id": "1099200754600968193", "url": "https://twitter.com/Deaw17/status/1099200754600968193", "username": "", "text": "ทองคำ23กพ.ขึ้น50บ.แท่งซื้อ19600ขาย19700รูปพรรณซื้อ19253.20ขาย20200:Posttoday", "date": "23-02-2019 13:54", "retweet": 0, "like": 1}, {"id": "1099200660027785216", "url": "https://twitter.com/Deaw17/status/1099200660027785216", "username": "", "text": "กรุงเทพโพลเผยลต.คน15.1%หนุนบิ๊กตู่นายก11%สุดารัตน์-ปชป.,พปชร.ไล่จี้พท.:Posttoday", "date": "23-02-2019 13:53", "retweet": 1, "like": 0}, {"id": "1099200439357063168", "url": "https://twitter.com/Deaw17/status/1099200439357063168", "username": "", "text": "พปชร.ชี้นายกฯคนต่อไปต้องไม่เคยขึ้นเวทีม็อบเหน็บพรรคหลอกด่า\"ประยุทธ์\":TR-Politic", "date": "23-02-2019 13:53", "retweet": 0, "like": 0}, {"id": "1099200284948017152", "url": "https://twitter.com/Deaw17/status/1099200284948017152", "username": "", "text": "รัฐบาลยันไม่มีโอน3พันบาทผ่านธนาคารออมสินเข้าบัตรคนจนชี้อาจเข้าใจผิด:TR-Politic", "date": "23-02-2019 13:52", "retweet": 0, "like": 0}, {"id": "1099200146087145472", "url": "https://twitter.com/Deaw17/status/1099200146087145472", "username": "", "text": "รถด่วนสปรินเตอร์ ชนรถเก๋งที่สุราษฎร์ฯ แม่พาลูกสาวเรียนพิเศษ ตาย 3 ศพ:Thairath", "date": "23-02-2019 13:51", "retweet": 0, "like": 0}, {"id": "1099154670306582528", "url": "https://twitter.com/Deaw17/status/1099154670306582528", "username": "", "text": "กู้ภัยฯงมศพชายโดดสะพานพระราม7 นั่งเฝ้าจนเช้า ไม่มีร้อยเวรมาพลิกศพ!:Thairath", "date": "23-02-2019 10:51", "retweet": 2, "like": 0}, {"id": "1099126341406838784", "url": "https://twitter.com/Deaw17/status/1099126341406838784", "username": "", "text": "หุ้นดาวโจนส์+181.18จุดปิด26,031.81จุด/น้ำมัน+0.30$ที่57.26$/ทอง+5$:Posttoday", "date": "23-02-2019 08:58", "retweet": 0, "like": 0}, {"id": "1099120738127114243", "url": "https://twitter.com/Deaw17/status/1099120738127114243", "username": "", "text": "ไฮไลต์การเมือง-บิ๊กตู่ปัดทำบัญชี ส.ว.ปั่นต้นทุน 250เสียง ไว้หนุนตัวเอง:TR-Politic", "date": "23-02-2019 08:36", "retweet": 0, "like": 0}, {"id": "1099120438985121792", "url": "https://twitter.com/Deaw17/status/1099120438985121792", "username": "", "text": "พาดหัววันนี้-ห้อยพระอยู่แล้วบิ๊กตู่เย้ยคนแช่งให้บินตก อย่าดูถูก250ส.ว.:Thairath", "date": "23-02-2019 08:35", "retweet": 0, "like": 0}, {"id": "1099100034270777345", "url": "https://twitter.com/Deaw17/status/1099100034270777345", "username": "", "text": "อุตุเผยไทยตอนบนอุณหภูมิสูงขึ้น-อีสานตอ.ใต้ฝนเล็กน้อย-กทม.ร้อนสุด38องศา:Posttoday", "date": "23-02-2019 07:14", "retweet": 0, "like": 0}, {"id": "1098959600403996674", "url": "https://twitter.com/Deaw17/status/1098959600403996674", "username": "", "text": "แถลงการณ์ฉ.3ฟ้าหญิงจุฬาภรณ์พระอาการดีขึ้นเลื่อนผ่าต้อกระจกไป6สัปดาห์:Thairath", "date": "22-02-2019 21:56", "retweet": 1, "like": 1}, {"id": "1098936170212339713", "url": "https://twitter.com/Deaw17/status/1098936170212339713", "username": "", "text": "แถลงการณ์การอักเสบพระกระดูกสันหลังเจ้าฟ้าหญิงจุฬาภรณ์มีพระอาการดีขึ้น:Posttoday", "date": "22-02-2019 20:22", "retweet": 0, "like": 2}, {"id": "1098925852610289665", "url": "https://twitter.com/Deaw17/status/1098925852610289665", "username": "", "text": "ธนาธรไม่กลัวคดียันอนาคตใหม่มีคนสานต่อแก้ปากท้องแทนย้ำไม่คิดหลอกลวงปชช.:Thairath", "date": "22-02-2019 19:41", "retweet": 0, "like": 0}, {"id": "1098925588780175366", "url": "https://twitter.com/Deaw17/status/1098925588780175366", "username": "", "text": "กกต.ยันบิ๊กตู่ร่วมดีเบตได้ฐานะแคนดิเดตนายกฯของพลังประชารัฐ ก.ม.ไม่ห้าม:Thairath", "date": "22-02-2019 19:40", "retweet": 0, "like": 0}, {"id": "1098925245191213058", "url": "https://twitter.com/Deaw17/status/1098925245191213058", "username": "", "text": "บิ๊กกบร่วมชมกำลังผสมฝึกยุทธวิธีใช้กระสุนจริงปิดยิ่งใหญ่คอบร้าโกลด์2019:TR-Politic", "date": "22-02-2019 19:39", "retweet": 0, "like": 0}, {"id": "1098924492611411968", "url": "https://twitter.com/Deaw17/status/1098924492611411968", "username": "", "text": "บิ๊กตู่อารมณ์ดีทำมินิฮาร์ทถ่ายรูปลั่นเดินหน้าปท.ต่อสู้กับปัญหาไม่ใช่คน:TR-Politic", "date": "22-02-2019 19:36", "retweet": 0, "like": 0}, {"id": "1098924364320272386", "url": "https://twitter.com/Deaw17/status/1098924364320272386", "username": "", "text": "กกต.จัดดีเบตนโยบายบริหารฯ54พรรคมาจับสลากคำถามไร้พรรคพูดเรื่องสาธารณสุข:TR-Politic", "date": "22-02-2019 19:36", "retweet": 0, "like": 0}, {"id": "1098886189921165312", "url": "https://twitter.com/Deaw17/status/1098886189921165312", "username": "", "text": "หุ้นปิด1,659.20บวก11.88จุดมูลค่า50,796.35ลบ.CPALL,PTTGC,PTT,AOT,PTTEP:Posttoday", "date": "22-02-2019 17:04", "retweet": 0, "like": 0}, {"id": "1098876543101591552", "url": "https://twitter.com/Deaw17/status/1098876543101591552", "username": "", "text": "ปอท.ยันไม่นิ่งนอนใจคดีคลิปหลุดนศ.สาวแจงต้องใช้เวลาแกะรอยล่าตัวคนทำผิด:Thairath", "date": "22-02-2019 16:25", "retweet": 0, "like": 0}, {"id": "1098863405010538496", "url": "https://twitter.com/Deaw17/status/1098863405010538496", "username": "", "text": "พฐ.9พบรถเก๋งชนร้านเฟอร์นิเจอร์ไหม้วอด80ล้านเหตุน้ำมันรั่วเจอประกายไฟ:Thairath", "date": "22-02-2019 15:33", "retweet": 0, "like": 0}, {"id": "1098862202780413952", "url": "https://twitter.com/Deaw17/status/1098862202780413952", "username": "", "text": "สลด แม่ค้าขายของริมหาดชะอำ นั่งพักริมทาง สายไฟแรงสูงขาดพาดคอ ช็อตดับ:Thairath", "date": "22-02-2019 15:28", "retweet": 0, "like": 0}, {"id": "1098849851394027521", "url": "https://twitter.com/Deaw17/status/1098849851394027521", "username": "", "text": "มาร์ค บุกสุโขทัย คุยนายกฯปชป.4คน ไม่เคยแปดเปื้อนทุจริต:TR-Politic", "date": "22-02-2019 14:39", "retweet": 0, "like": 0}, {"id": "1098849739770978304", "url": "https://twitter.com/Deaw17/status/1098849739770978304", "username": "", "text": "เจษฎ์ชี้โทษธนาธรไม่ถึงยุบพรรคหากผิดจริงคุก10ปีถอนสิทธิ์เลือกตั้ง20ปี:TR-Politic", "date": "22-02-2019 14:39", "retweet": 0, "like": 0}, {"id": "1098849381741031425", "url": "https://twitter.com/Deaw17/status/1098849381741031425", "username": "", "text": "โฆษกทอ.แจงซี-130เครื่องดับกลางอากาศใช้งานมานาน 40ปีชมนักบินตัดสินใจถูก:TR-Politic", "date": "22-02-2019 14:38", "retweet": 0, "like": 0}, {"id": "1098813849514369024", "url": "https://twitter.com/Deaw17/status/1098813849514369024", "username": "", "text": "คนไป”ดองกี้” เปิดวันแรก ทองหล่อซอย10 https:// twitter.com/Deaw17/status/ 1098813042471591936 …", "date": "22-02-2019 12:16", "retweet": 0, "like": 0}, {"id": "1098813042471591936", "url": "https://twitter.com/Deaw17/status/1098813042471591936", "username": "", "text": "12:10น. เพชรบุรี -เอกมัย-ทองหล่อ รถติดมาก เพราะไปซ.ทองหล่อกัน @js100radio pic.twitter.com/KdqqdGuQN6", "date": "22-02-2019 12:13", "retweet": 5, "like": 5}, {"id": "1098809802065510401", "url": "https://twitter.com/Deaw17/status/1098809802065510401", "username": "", "text": "พปชร. น่าจะได้สัก30เสียง เค้าว่ามา https:// twitter.com/ssynicall/stat us/1098808886016917506 …", "date": "22-02-2019 12:00", "retweet": 1, "like": 0}, {"id": "1098808504398143488", "url": "https://twitter.com/Deaw17/status/1098808504398143488", "username": "", "text": "สะพัด!โพลหยั่งเสียงกทม.'ปชป.'กวาด19เขต-เพื่อไทย11เขต'ไอติม'มาแรง'หมวดเจี๊ยบ'ส่อช้ำ https://www. thaipost.net/main/detail/29 621 …", "date": "22-02-2019 11:55", "retweet": 0, "like": 0}, {"id": "1098804027117121536", "url": "https://twitter.com/Deaw17/status/1098804027117121536", "username": "", "text": "นายกฯไม่ท้อคนแช่งเครื่องตกบอกห้อยพระเผยมีรายชื่อ194สว.แล้วขอทาบทาม:Posttoday", "date": "22-02-2019 11:37", "retweet": 0, "like": 0}, {"id": "1098800782864900096", "url": "https://twitter.com/Deaw17/status/1098800782864900096", "username": "", "text": "พณ.เผยสงครามการค้า-บาทแข็งฉุดส่งออกมค.ติดลบ5.65%ทำขาดดุล4,032ล.ดอลล์:Posttoday", "date": "22-02-2019 11:24", "retweet": 1, "like": 0}, {"id": "1098794345866489856", "url": "https://twitter.com/Deaw17/status/1098794345866489856", "username": "", "text": "นายกฯรับมอบวัตถุโบราณ104รายการ คืนเป็นสมบัติชาติ กระตุ้นเยาวชนหวงแหน:TR-Politic", "date": "22-02-2019 10:59", "retweet": 0, "like": 1}, {"id": "1098789916245258240", "url": "https://twitter.com/Deaw17/status/1098789916245258240", "username": "", "text": "หุ้นเช้า22กพ.เปิด1,647.79จุด+0.47จุด/ทองลง50บ.แท่งขาย19650รูปพรรณ20150:Posttoday", "date": "22-02-2019 10:41", "retweet": 1, "like": 0}, {"id": "1098775612422909953", "url": "https://twitter.com/Deaw17/status/1098775612422909953", "username": "", "text": "กำลังจะหาดูย้อนหลัง เมื่อคืนมัวแต่เสเพล อดดูสด", "date": "22-02-2019 09:44", "retweet": 0, "like": 0}, {"id": "1098775440498384897", "url": "https://twitter.com/Deaw17/status/1098775440498384897", "username": "", "text": "อภิสิทธิ์ ดีและเก่ง หรือ candidate คนอื่น ไม่มีเนื้อหา ไม่ทำการบ้าน ?", "date": "22-02-2019 09:44", "retweet": 0, "like": 0}, {"id": "1098773893903306752", "url": "https://twitter.com/Deaw17/status/1098773893903306752", "username": "", "text": "ดีเบต ช่อง9 เมื่อคืน เค้าว่า อภิสิทธิ์ทรงดีสุด จริงเท็จอย่างไร? เราไม่ได้ดู วานชี้แนะ", "date": "22-02-2019 09:38", "retweet": 0, "like": 0}, {"id": "1098760014817222657", "url": "https://twitter.com/Deaw17/status/1098760014817222657", "username": "", "text": "ไฮไลต์การเมือง-สูตรตุนแต้มส.ว.250เสียงแผนโหวตนายกฯเดินต่อตามกระบวนการ:TR-Politic", "date": "22-02-2019 08:42", "retweet": 1, "like": 0}, {"id": "1098759801364828160", "url": "https://twitter.com/Deaw17/status/1098759801364828160", "username": "", "text": "พาดหัววันนี้-ตู่ระทึกกลางเวหาซี130ใบพัดขัดข้องขณะลงใต้บินกลับเปลี่ยนลำ:Thairath", "date": "22-02-2019 08:42", "retweet": 0, "like": 0}, {"id": "1098743935780843520", "url": "https://twitter.com/Deaw17/status/1098743935780843520", "username": "", "text": "หุ้นดาวโจนส์-103.81จุดปิด25,850.63จุด/น้ำมัน-0.20$ที่56.96$/ทอง-20.10$:Posttoday", "date": "22-02-2019 07:39", "retweet": 0, "like": 0}, {"id": "1098736343008440320", "url": "https://twitter.com/Deaw17/status/1098736343008440320", "username": "", "text": "อุตุเผยไทยตอนบนร้อน-เหนือตอนบนเย็นตอนเช้า-อีสานกลางตอ.ใต้กทม.ฝนบางแห่ง:Posttoday", "date": "22-02-2019 07:08", "retweet": 0, "like": 0}, {"id": "1098547839251079168", "url": "https://twitter.com/Deaw17/status/1098547839251079168", "username": "", "text": "\"ธนาธร\"ไม่หวั่นโดนคดีพ.ร.บ.คอมฯหากถูกจับมีตัวแทนในพรรคทำหน้าที่แทนได้:TR-Politic", "date": "21-02-2019 18:39", "retweet": 0, "like": 0}, {"id": "1098547651287498752", "url": "https://twitter.com/Deaw17/status/1098547651287498752", "username": "", "text": "\"ชัชชาติ\"เชื่อไม่มีอะไรขวางกาบัตร24มี.ค.มั่นใจเพื่อไทยแกนนำตั้งรัฐบาล:TR-Politic", "date": "21-02-2019 18:39", "retweet": 0, "like": 1}, {"id": "1098547200341110785", "url": "https://twitter.com/Deaw17/status/1098547200341110785", "username": "", "text": "วธ.ประกาศ12ศิลปินแห่งชาติ61นางเอกเพชรา เชาวราษฎร์ ได้สาขาศิลปะ-การแสดง:Thairath", "date": "21-02-2019 18:37", "retweet": 0, "like": 0}, {"id": "1098512951462395904", "url": "https://twitter.com/Deaw17/status/1098512951462395904", "username": "", "text": "ผ่านมาชั่วเรากะพริบตาไงคับ", "date": "21-02-2019 16:21", "retweet": 0, "like": 0}, {"id": "1098511693150224389", "url": "https://twitter.com/Deaw17/status/1098511693150224389", "username": "", "text": "วันนี้ 21 กุมภาพันธ์ วันเข้าสู่ฤดูร้อนอย่างเป็นทางการ (เผื่อใครลืม)", "date": "21-02-2019 16:16", "retweet": 0, "like": 2}, {"id": "1098498694901424128", "url": "https://twitter.com/Deaw17/status/1098498694901424128", "username": "", "text": "บิ๊กตู่อ้อนคนสมุยอย่าเกลียดกันซี130เสียก็มาแจงเหตุจำเป็นซื้อยุทโธปกรณ์:Thairath", "date": "21-02-2019 15:24", "retweet": 1, "like": 0}, {"id": "1098495958155812864", "url": "https://twitter.com/Deaw17/status/1098495958155812864", "username": "", "text": "ลูกท็อปนำทีมชพน.หาเสียงมุ่งสานฝันบรรหารย้ำจ.สุพรรณบุรีใครมาลูบคมไม่ได้:TR-Politic", "date": "21-02-2019 15:13", "retweet": 0, "like": 0}, {"id": "1098485841616228352", "url": "https://twitter.com/Deaw17/status/1098485841616228352", "username": "", "text": "กห.เผยทลายยาเสพติด3เดือนยึดยาบ้าราว250ล้านไอซ์3.4พันกก.และกัญชา9พันกก.:TR-Politic", "date": "21-02-2019 14:33", "retweet": 0, "like": 0}, {"id": "1098481849158909952", "url": "https://twitter.com/Deaw17/status/1098481849158909952", "username": "", "text": "อภิสิทธิ์มั่นใจนโยบายปชป.ทำกองทัพเจ๋งห่วง ขรก.ไม่เป็นกลาง-เอื้อบางพรรค:TR-Politic", "date": "21-02-2019 14:17", "retweet": 0, "like": 0}, {"id": "1098455673933725696", "url": "https://twitter.com/Deaw17/status/1098455673933725696", "username": "", "text": "สุดสลด ตายายที่พิษณุโลก ครองรักจนแก่เฒ่า ยายเป็นลมตาย ตาผูกคอตายตาม:Thairath", "date": "21-02-2019 12:33", "retweet": 1, "like": 0}, {"id": "1098452834679349249", "url": "https://twitter.com/Deaw17/status/1098452834679349249", "username": "", "text": "ต่อเค้าเยอะ?", "date": "21-02-2019 12:22", "retweet": 0, "like": 0}, {"id": "1098426972584140800", "url": "https://twitter.com/Deaw17/status/1098426972584140800", "username": "", "text": "เกือบไปแล้วซี่ อิอิ", "date": "21-02-2019 10:39", "retweet": 0, "like": 1}, {"id": "1098426789880246273", "url": "https://twitter.com/Deaw17/status/1098426789880246273", "username": "", "text": "บอร์ด ทอท.ล้มประมูลแบบ \"กลุ่มดวงฤทธิ์\" เดินหน้าเทอร์มินอล 2 https:// news.thaipbs.or.th/content/277868 #ThaiPBS via @ThaiPBS", "date": "21-02-2019 10:38", "retweet": 2, "like": 0}, {"id": "1098423163044618240", "url": "https://twitter.com/Deaw17/status/1098423163044618240", "username": "", "text": "ตำรวจแม่จัน เชียงราย วิสามัญ1ศพพ่อค้ายาบ้า ขับปิกอัพขนมา5ล้านเม็ด:Thairath", "date": "21-02-2019 10:24", "retweet": 0, "like": 0}, {"id": "1098418333978832896", "url": "https://twitter.com/Deaw17/status/1098418333978832896", "username": "", "text": "หุ้นเช้า21กพ.เปิด1,646.24จุด+0.86/ทองคงที่แท่งขาย19750รูปพรรณ20250บ.:Posttoday", "date": "21-02-2019 10:05", "retweet": 0, "like": 0}, {"id": "1098415065810665472", "url": "https://twitter.com/Deaw17/status/1098415065810665472", "username": "", "text": "เครื่องบินC-130นำนายกฯไปสุราษฎร์ใบพัดขัดข้อง วกกลับกทม.มาเปลี่ยนอีกลำ:Thairath", "date": "21-02-2019 09:52", "retweet": 1, "like": 1}, {"id": "1098395926480052224", "url": "https://twitter.com/Deaw17/status/1098395926480052224", "username": "", "text": "ไฮไลต์การเมือง-นายกฯพูดเป็นนัยลากต่อเลยได้ แต่ตีตั๋วธรรมชาติสวยงามกว่า:TR-Politic", "date": "21-02-2019 08:36", "retweet": 0, "like": 0}, {"id": "1098394309324242945", "url": "https://twitter.com/Deaw17/status/1098394309324242945", "username": "", "text": "พาดหัววันนี้-แทบทุกพรรคร่วมแจมตัดงบกห.ว่าสามารถทำได้ มาร์คโวหั่นมาแล้ว:Thairath", "date": "21-02-2019 08:29", "retweet": 0, "like": 0}, {"id": "1098375810153570305", "url": "https://twitter.com/Deaw17/status/1098375810153570305", "username": "", "text": "อุตุเผยไทยตอนบนร้อนเหนืออีสานกลางตอ.ใต้มีฝน/ลำปางแผ่นดินไหวแล้ว20ครั้ง:Posttoday", "date": "21-02-2019 07:16", "retweet": 0, "like": 0}, {"id": "1098189813897809923", "url": "https://twitter.com/Deaw17/status/1098189813897809923", "username": "", "text": "คุมโมนาเข้าเรือนจำยื่น6แสนรอลุ้นประกัน สาวคนสนิท-น้องชายได้ประกันแล้ว:thairath", "date": "20-02-2019 18:57", "retweet": 0, "like": 0}, {"id": "1098189590437875712", "url": "https://twitter.com/Deaw17/status/1098189590437875712", "username": "", "text": "พรุ่งนี้ตี5ปตท.บางจากขึ้นน้ำมันโซฮอล์ดีเซลทุกชนิด40สต.เว้นE85ขึ้น20สต.:Thairath", "date": "20-02-2019 18:56", "retweet": 0, "like": 0}, {"id": "1098189364327137280", "url": "https://twitter.com/Deaw17/status/1098189364327137280", "username": "", "text": "ก.กลาโหมแจงรบ.จัดสรรงบโปร่งใสเล็งเชิญจาตุรนต์-เสรีพิศุทธ์ทำความเข้าใจ:Thairath", "date": "20-02-2019 18:55", "retweet": 1, "like": 0}, {"id": "1098189178452365312", "url": "https://twitter.com/Deaw17/status/1098189178452365312", "username": "", "text": "เสรีพิศุทธ์หาเสียงที่ประจวบฯชู6นโยบายพร้อมจองกฐินยุบศาลทหาร-บก.สูงสุด:TR-Politic", "date": "20-02-2019 18:54", "retweet": 0, "like": 0}, {"id": "1098147044735168513", "url": "https://twitter.com/Deaw17/status/1098147044735168513", "username": "", "text": "สนช.ยอมถอยทบทวนร่างพ.ร.บ.ข้าวโดยให้เลื่อนพิจารณาวาระ2-3ออกไปเป็น26ก.พ.:Thairath", "date": "20-02-2019 16:07", "retweet": 0, "like": 1}, {"id": "1098146055537942528", "url": "https://twitter.com/Deaw17/status/1098146055537942528", "username": "", "text": "ทีมกฎหมายไทยรักษาชาติยื่นคำชี้แจงแก้ข้อกล่าวหาคดียุบพรรคต่อศาลรธน.แล้ว:TR-Politic", "date": "20-02-2019 16:03", "retweet": 1, "like": 1}, {"id": "1098121453474504704", "url": "https://twitter.com/Deaw17/status/1098121453474504704", "username": "", "text": "ประชาชนเบื่อหน่าย วอนนักการเมืองและทหารไทย ไปดวลกันใน\"กิ๊กดู๋สงครามเพลง\" ให้สิ้นเรื่อง #หนักแผ่นดิน #ประเทศกูมี", "date": "20-02-2019 14:25", "retweet": 5, "like": 2}, {"id": "1098120801289527296", "url": "https://twitter.com/Deaw17/status/1098120801289527296", "username": "", "text": "\"หมวดเจี๊ยบ\"รุมต้านเพลงหนักแผ่นดิน/เปิดเพลง \"ประเทศกูมี\"หน้ากองทัพบก:TR-Politic", "date": "20-02-2019 14:22", "retweet": 0, "like": 1}, {"id": "1098120243874951169", "url": "https://twitter.com/Deaw17/status/1098120243874951169", "username": "", "text": "บิ๊กป้อมหลบกฐินปัดแนะนำเพลง-โต้นักการเมืองโจมตีบอกรู้อยู่แล้วยังมาถาม:TR-Politic", "date": "20-02-2019 14:20", "retweet": 0, "like": 1}, {"id": "1098092179417837568", "url": "https://twitter.com/Deaw17/status/1098092179417837568", "username": "", "text": "21ก.พ.นายกฯไปสุราษฎร์ฯ-กระบี่ตรวจราชการ เปิดท่อส่งน้ำประปาลอดใต้ทะเลTR-Politic", "date": "20-02-2019 12:29", "retweet": 0, "like": 0}, {"id": "1098076013529948160", "url": "https://twitter.com/Deaw17/status/1098076013529948160", "username": "", "text": "อภิสิทธิ์เห็นพ้องลดงบฯกห. ชวนประยุทธ์ร่วมดีเบตเพื่อให้สมเป็นผู้นำปชต.:TR-Politic", "date": "20-02-2019 11:24", "retweet": 0, "like": 1}, {"id": "1098055793369202689", "url": "https://twitter.com/Deaw17/status/1098055793369202689", "username": "", "text": "หุ้น20กพ.เปิด1,639.16จุด+3.45จุด/ทองขึ้น150บ.แท่งขาย19800รูปพรรณ20300:Posttoday", "date": "20-02-2019 10:04", "retweet": 0, "like": 0}, {"id": "1098023944609648640", "url": "https://twitter.com/Deaw17/status/1098023944609648640", "username": "", "text": "หุ้นดาวโจนส์+8.07จุดปิด25,891.32จุด/น้ำมัน+0.50$ที่56.09$/ทอง+22.70$:Posttoday", "date": "20-02-2019 07:58", "retweet": 0, "like": 0}, {"id": "1098023507542167552", "url": "https://twitter.com/Deaw17/status/1098023507542167552", "username": "", "text": "ไฮไลต์การเมือง-ทหารมองเกมออกแม้พลิกผันล้มกระดานอำนาจยังอยู่ในมือลุงตู่:TR-Politic", "date": "20-02-2019 07:56", "retweet": 0, "like": 0}, {"id": "1098023353586044928", "url": "https://twitter.com/Deaw17/status/1098023353586044928", "username": "", "text": "กทม.-ปริมณฑลมีเมฆบางส่วน ฝนฟ้าคะนอง10%ของพื้นที่ อุณหภูมิ23-36องศาฯ:Thairath", "date": "20-02-2019 07:55", "retweet": 0, "like": 1}, {"id": "1098023200670273536", "url": "https://twitter.com/Deaw17/status/1098023200670273536", "username": "", "text": "พาดหัววันนี้-ไม่ใช่คู่ขัดแย้งใครบิ๊กตู่โดดป้องอภิรัชต์น้องเลิฟถูกถล่ม:Thairath", "date": "20-02-2019 07:55", "retweet": 0, "like": 0}, {"id": "1097994654195187712", "url": "https://twitter.com/Deaw17/status/1097994654195187712", "username": "", "text": "กรมอุตุฯเผยภาคเหนืออากาศเย็นตอนเช้า-อีสานกลางตะวันออกใต้กทม.ตก10%:Posttoday", "date": "20-02-2019 06:01", "retweet": 0, "like": 0}, {"id": "1097947840414855169", "url": "https://twitter.com/Deaw17/status/1097947840414855169", "username": "", "text": "ยอดทีมกำลังลงสนาม #YNWA", "date": "20-02-2019 02:55", "retweet": 0, "like": 0}, {"id": "1097818845530664960", "url": "https://twitter.com/Deaw17/status/1097818845530664960", "username": "", "text": "รมช.พาณิชย์แจงปมพ.ร.บ.ข้าวลั่นเกษตรกรไม่กระทบยันเสนอแก้จุดมีปัญหาแล้ว:TR-Politic", "date": "19-02-2019 18:23", "retweet": 0, "like": 0}, {"id": "1097816372137025536", "url": "https://twitter.com/Deaw17/status/1097816372137025536", "username": "", "text": "กกต.รับรองผู้สมัครส.ส.แบ่งเขต10,792ไม่รับรอง 389ราย\"เพื่อนไทย\"หนักสุด:TR-Politic", "date": "19-02-2019 18:13", "retweet": 0, "like": 0}, {"id": "1097792871279652865", "url": "https://twitter.com/Deaw17/status/1097792871279652865", "username": "", "text": "พ่อของ'สอง'มือเบสพาราด็อกซ์จุดเตารมควันฆ่าตัวตายคารถในบ้านย่านนนทบุรี:Thairath", "date": "19-02-2019 16:39", "retweet": 0, "like": 0}, {"id": "1097743707875332099", "url": "https://twitter.com/Deaw17/status/1097743707875332099", "username": "", "text": "รถบรรทุกน้ำมันฯลงเขาเบรกแตก ชนสนั่นหน้าศาลปู่โทน ปราจีนฯตาย 2 สาหัส 3:Thairath", "date": "19-02-2019 13:24", "retweet": 0, "like": 0}, {"id": "1097743552749031424", "url": "https://twitter.com/Deaw17/status/1097743552749031424", "username": "", "text": "อภิสิทธิ์ชี้พรรคมีสิทธิเสนอนโยบายกองทัพ-ชวนบิ๊กตู่ถก ฐานะแคนดิเดตนายกฯ:TR-Politic", "date": "19-02-2019 13:23", "retweet": 0, "like": 0}, {"id": "1097712874015715328", "url": "https://twitter.com/Deaw17/status/1097712874015715328", "username": "", "text": "ต้นศรีมหาโพธิ์สืบจากสมัยพระเจ้าอโศกถูกปลุกที่อยุธยาเฉลิมพระเกียรติร.10:Posttoday", "date": "19-02-2019 11:21", "retweet": 0, "like": 1}, {"id": "1097708948419821568", "url": "https://twitter.com/Deaw17/status/1097708948419821568", "username": "", "text": "นายกฯปลูกหน่อต้นศรีมหาโพธิ์จากศรีลังกาที่วัดอยุธยา ยกเป็นของขวัญล้ำค่า:TR-Politic", "date": "19-02-2019 11:06", "retweet": 0, "like": 0}, {"id": "1097690239219392512", "url": "https://twitter.com/Deaw17/status/1097690239219392512", "username": "", "text": "ราคาทองปรับ+50บ.แท่งซื้อ19,500ขาย19,ุุ600รูปพรรณซื้อ19,147.08ขาย20,100:Posttoday", "date": "19-02-2019 09:52", "retweet": 0, "like": 0}, {"id": "1097685105223454721", "url": "https://twitter.com/Deaw17/status/1097685105223454721", "username": "", "text": "ประชาชนทั่วไทยทำบุญวันมาฆบูชา-'อัศวิน'นำตักบาตรพระ68รูปที่ลานคนเมือง:Thairath", "date": "19-02-2019 09:31", "retweet": 0, "like": 0}, {"id": "1097685020154589184", "url": "https://twitter.com/Deaw17/status/1097685020154589184", "username": "", "text": "พาดหัววันนี้-ฟัง'หนักแผ่นดิน'บิ๊กแดงฮึ่มฉะกลับเจ๊หน่อย นายกฯขย่มซ้ำ:Thairath", "date": "19-02-2019 09:31", "retweet": 0, "like": 0}, {"id": "1097684902093312000", "url": "https://twitter.com/Deaw17/status/1097684902093312000", "username": "", "text": "ชัชชาติควงโอ๊ค เดินหาเสียงในตลาดที่อุบลฯ ซื้อกล้วยแจก กินแก้เคล็ด:TR-Politic", "date": "19-02-2019 09:30", "retweet": 1, "like": 0}, {"id": "1097684792269713410", "url": "https://twitter.com/Deaw17/status/1097684792269713410", "username": "", "text": "ไฮไลต์การเมือง-ทีมงานนายใหญ่หันเกาะขอนไม้ 'ธนาธร' แนวต้าน ชิงทำลายเกม:TR-Politic", "date": "19-02-2019 09:30", "retweet": 0, "like": 1}, {"id": "1097667062548189185", "url": "https://twitter.com/Deaw17/status/1097667062548189185", "username": "", "text": "พุทธศาสนิกชนทั่วไทยร่วมทำบุญตักบาตรวันมาฆบูชา,จังหวัดชายแดนใต้คุมเข้ม:Posttoday", "date": "19-02-2019 08:19", "retweet": 0, "like": 1}, {"id": "1097666934311575553", "url": "https://twitter.com/Deaw17/status/1097666934311575553", "username": "", "text": "กรมอุตุฯเผยภาคกลาง,ตอ.กทม.และใต้มีฝนฟ้าคะนองให้เกษตรกรเฝ้าระวังผลผลิต:Posttoday", "date": "19-02-2019 08:19", "retweet": 0, "like": 0}, {"id": "1097533574578823168", "url": "https://twitter.com/Deaw17/status/1097533574578823168", "username": "", "text": "เมื่อนางยักษ์ ก็ไม่อยาก #หนักแผ่นดิน #ขายหัวเราะ pic.twitter.com/esqEbvqTFu", "date": "18-02-2019 23:29", "retweet": 15, "like": 10}, {"id": "1097445220206096389", "url": "https://twitter.com/Deaw17/status/1097445220206096389", "username": "", "text": "ตร.คุม'บังนัท'ฝากขังลวงด.ญ.12ข่มขืนในตึกร้างไร้ญาติประกัน-ส่งไปเรือนจำ:Thairath", "date": "18-02-2019 17:38", "retweet": 0, "like": 0}, {"id": "1097443944550420481", "url": "https://twitter.com/Deaw17/status/1097443944550420481", "username": "", "text": "นายกฯย้ำออกพ.ร.บ.ข้าวกันชาวนาถูกเอาเปรียบยันก.ม.ตอนนี้ยังไม่ใช่ตัวจริง:TR-Politic", "date": "18-02-2019 17:33", "retweet": 0, "like": 0}, {"id": "1097441431428333568", "url": "https://twitter.com/Deaw17/status/1097441431428333568", "username": "", "text": "หุ้นไทยปิด1,635.71ลบ1.23จุดมูลค่า34,318ล./PTT,EA,PTTEP,AOT,PTTGC:Posttody", "date": "18-02-2019 17:23", "retweet": 0, "like": 0}, {"id": "1097427820207198209", "url": "https://twitter.com/Deaw17/status/1097427820207198209", "username": "", "text": "จตุพรหวั่นเลือกตั้ง24มี.ค.ไปยากชี้ท่าทีแต่ละฝ่ายส่อล้มกระดานมีรปห.ซ้อน:TR-Politic", "date": "18-02-2019 16:29", "retweet": 0, "like": 1}, {"id": "1097416433489698817", "url": "https://twitter.com/Deaw17/status/1097416433489698817", "username": "", "text": "อย่ามาว่าแม่น้องจินนี่นะ #ปกป้อง", "date": "18-02-2019 15:44", "retweet": 0, "like": 2}, {"id": "1097385549218758657", "url": "https://twitter.com/Deaw17/status/1097385549218758657", "username": "", "text": "กิ่งมะขาม300ปีหักทับปลัดอ.มหาชนะชัยจนล้มหัวฟาดขอบปูนตายในงานแห่ข้าวตอก:Thairath", "date": "18-02-2019 13:41", "retweet": 1, "like": 0}, {"id": "1097363595464081408", "url": "https://twitter.com/Deaw17/status/1097363595464081408", "username": "", "text": "ธปท.ประกาศให้วันที่12เม.ย.62เป็นวันทำการปกติของธนาคาร-สถาบันการเงิน:Posttoday", "date": "18-02-2019 12:14", "retweet": 0, "like": 0}, {"id": "1097351492162310144", "url": "https://twitter.com/Deaw17/status/1097351492162310144", "username": "", "text": "สศช.คงคาดการณ์ศก.ปี62ที่โต3.5-4.5%จับตาศก.โลก-การเมืองหลังเลือกตั้ง:Posttoday", "date": "18-02-2019 11:25", "retweet": 0, "like": 0}, {"id": "1097346997663686656", "url": "https://twitter.com/Deaw17/status/1097346997663686656", "username": "", "text": "คุณหญิงหน่อย-ชัชชาติ ไปอุบลฯ ช่วยผู้สมัคร\"เพื่อไทย\"ลุยหาเสียง 6 อำเภอ:TR-Politic", "date": "18-02-2019 11:08", "retweet": 0, "like": 0}, {"id": "1097346481046970368", "url": "https://twitter.com/Deaw17/status/1097346481046970368", "username": "", "text": "ฝากนักข่าวไปถาม บิ๊กจิ๋ว , ชัยสิทธิ์ ชิณวัตร อดีต ผบ.ทบ., ฯลฯ ว่า ควรลดงบกองทัพหรือไม่ อย่างไร (อยากรู้มุมมองทหารฝ่ายพรรคเพื่อไทย)", "date": "18-02-2019 11:06", "retweet": 1, "like": 0}, {"id": "1097346066192621568", "url": "https://twitter.com/Deaw17/status/1097346066192621568", "username": "", "text": "ประเด็นจะลดงบกองทัพ ควรถกกันว่า ถ้าลดงบแล้ว ประชาชน-ประเทศไทย ได้อะไรบ้าง หรือ ถ้ายังคงงบฯเหมือนเดิม ข้อดี-ข้อเสีย เป็นอย่างไร แล้วจึงค่อยมาสรุปกัน จะดีกว่า", "date": "18-02-2019 11:04", "retweet": 1, "like": 0}, {"id": "1097339023599665152", "url": "https://twitter.com/Deaw17/status/1097339023599665152", "username": "", "text": "มท.1ปัดตอบ กรณีจี้นายกฯลาออก ชี้การลงพื้นที่ ไม่ใช่การไปหาเสียง:TR-Politic", "date": "18-02-2019 10:36", "retweet": 0, "like": 1}, {"id": "1097333134289395712", "url": "https://twitter.com/Deaw17/status/1097333134289395712", "username": "", "text": "\"บิ๊กแดง\"ไล่\"หญิงหน่อย\"ไปฟังเพลงหนักแผ่นดิน หลังชูนโยบายเลิกเกณฑ์ทหาร:TR-Politic", "date": "18-02-2019 10:13", "retweet": 0, "like": 0}, {"id": "1097332816759508992", "url": "https://twitter.com/Deaw17/status/1097332816759508992", "username": "", "text": "เนื้อร้อง #หนักแผ่นดิน pic.twitter.com/zz06MyJLrn", "date": "18-02-2019 10:11", "retweet": 8, "like": 2}, {"id": "1097331672318496768", "url": "https://twitter.com/Deaw17/status/1097331672318496768", "username": "", "text": "ผบ.ทบ.แนะพรรคการเมืองฟังเพลงหนักแผ่นดินหลังชงตัดงบกองทัพ-เลิกเกณฑ์ทหาร:Posttoday", "date": "18-02-2019 10:07", "retweet": 0, "like": 1}, {"id": "1097331482375254016", "url": "https://twitter.com/Deaw17/status/1097331482375254016", "username": "", "text": "หุ้นไทยเปิด1,647.57บวก10.63จุด/ทองขึ้น50บาทแท่งขาย19,600รูปพรรณ20,100:Posttoday", "date": "18-02-2019 10:06", "retweet": 0, "like": 0}, {"id": "1097327294853468160", "url": "https://twitter.com/Deaw17/status/1097327294853468160", "username": "", "text": "เดือด\"บิ๊กแดง\"ไล่ \"หญิงหน่อย\"ไปฟังเพลงหนักแผ่นดิน หลังชูเลิกเกณฑ์ทหาร:Thairath", "date": "18-02-2019 09:49", "retweet": 2, "like": 0}, {"id": "1097318749302972416", "url": "https://twitter.com/Deaw17/status/1097318749302972416", "username": "", "text": "ผีโละ \"ลูกากู\" หาทุน 75 ล้านป.ซิว \"ดิบาล่า-อิคาร์ดี\" https:// mgronline.com/sport/detail/9 620000016853 …", "date": "18-02-2019 09:15", "retweet": 0, "like": 0}, {"id": "1097318118119026688", "url": "https://twitter.com/Deaw17/status/1097318118119026688", "username": "", "text": "แรงไปไหม? มาตรการขั้นเด็ดขาด!! ตำรวจประกาศ \"ยิงขา\" สกัด \"แว้นทางเท้า\" https:// mgronline.com/live/detail/96 20000016781 …", "date": "18-02-2019 09:13", "retweet": 0, "like": 0}, {"id": "1097317816267501569", "url": "https://twitter.com/Deaw17/status/1097317816267501569", "username": "", "text": "พรรคใจไว้ที่เธอ!! รวมดาวสาวฮอต! ส่องนางฟ้าสนามเลือกตั้ง ไม่ใช่แค่สวย-หน้าตาดี **เทอร์มินอลป่าแหว่ง สุวรรณภูมิ ดิ้นอีกเฮือก ทอท. จะชงเข้าบอร์ดพุธนี้ **ปฏิบัติการจิตวิทยา!!\"ลุงตู่\" หอบหิ้ว \"บิ๊กป้อม-บิ๊กป๊อก\" ลงพื้นที่ชิงสยบ \"แผนเสี้ยม\" https:// mgronline.com/politics/detai l/9620000016884 …", "date": "18-02-2019 09:12", "retweet": 0, "like": 0}, {"id": "1097308781627625472", "url": "https://twitter.com/Deaw17/status/1097308781627625472", "username": "", "text": "อนุทิน นำทัพ\"ภูมิใจไทย\"ปราศรัยใหญ่เมืองคอน อาสาแก้ปัญหาราคายาง-ปาล์ม:TR-Politic", "date": "18-02-2019 08:36", "retweet": 0, "like": 0}, {"id": "1097308667097997313", "url": "https://twitter.com/Deaw17/status/1097308667097997313", "username": "", "text": "ไฮไลต์การเมือง-การเมืองถึงทางตัน หมดหวังเลือกตั้ง วางไข่รัฐบาลเฉพาะกิจ:TR-Politic", "date": "18-02-2019 08:35", "retweet": 0, "like": 0}, {"id": "1097308511078240256", "url": "https://twitter.com/Deaw17/status/1097308511078240256", "username": "", "text": "พาดหัววันนี้-แม่หน่อยควงจินนี่เอาใจโจ๋ เข้าค่ายปั้นเถ้าแก่ใหม่:Thairath", "date": "18-02-2019 08:35", "retweet": 0, "like": 0}, {"id": "1097295163372654592", "url": "https://twitter.com/Deaw17/status/1097295163372654592", "username": "", "text": "อุตุฯเตือนภาคเหนือ-อีสาน-กลางตอนล่าง-ตะวันออกมีฝนฟ้าคะนอง10%ของพื้นที่:Posttoday", "date": "18-02-2019 07:42", "retweet": 2, "like": 0}]