[{"id": "1099175926741401600", "url": "https://twitter.com/deemthai/status/1099175926741401600", "username": "", "text": "แค่นี้ก็รู้แล้วครับว่า ไม่เห็นหัวประชาชน พวกคุณจะทำงานเพื่อประชาชนจะไปดีเบตกันในไลน์ได้ยังไง คุณต้องแสดงทัศนคติ ให้ประชาชนเห็น ไม่ใช่พูดคุยกันในกลุ่มเล็กๆ // อ๋อ ผมลืมไปครับ จริงๆ พวกคุณก็สนับสนุนให้คณะเล็กๆ ยึดอำนาจประชาชนอยู่แล้ว", "date": "23-02-2019 12:15", "retweet": 2, "like": 4}, {"id": "1099167061702397952", "url": "https://twitter.com/deemthai/status/1099167061702397952", "username": "", "text": "ใช่ๆ อยู่นิ่งๆดีกว่าครับ เพราะเขาอยู่ในภาวะที่แยกอะไรไม่ค่อยออก", "date": "23-02-2019 11:40", "retweet": 2, "like": 0}, {"id": "1098888850389127168", "url": "https://twitter.com/deemthai/status/1098888850389127168", "username": "", "text": "จักษ์ไงจะใครละ! 555 อย่าลืมถามวลีรถไฟความเร็วสูงนะครับ ที่จะให้คนแก่ไปตายผมจำได้ https:// youtu.be/qTGnU-UzHus", "date": "22-02-2019 17:14", "retweet": 0, "like": 0}, {"id": "1098795272853835776", "url": "https://twitter.com/deemthai/status/1098795272853835776", "username": "", "text": "มันต้องดูที่เจตนาเป็นสำคัญ ถ้าไม่เจตนาก็ต้องดูว่าประมาทหรือไม่ แต่ถ้าไม่มีกฎหมายบัญญัติให้ต้องรับผิดฐานประมาท คุณก็ลงโทษเขาไม่ได้ นักกฎหมายยุค คสช. อย่าตีความมั่วไปหมด มันเสียหลักการ เสียระบบ ครับ", "date": "22-02-2019 11:03", "retweet": 18, "like": 13}, {"id": "1098592692701982722", "url": "https://twitter.com/deemthai/status/1098592692701982722", "username": "", "text": "จำนำข้าว รับประกันราคาข้าว อันนี้อะไรดี “แจกตัง” เลยดีไหม", "date": "21-02-2019 21:38", "retweet": 2, "like": 1}, {"id": "1098591469378699264", "url": "https://twitter.com/deemthai/status/1098591469378699264", "username": "", "text": "#เชียงใหม่ pic.twitter.com/sW6rZDFQ48", "date": "21-02-2019 21:33", "retweet": 0, "like": 0}, {"id": "1098522094487298050", "url": "https://twitter.com/deemthai/status/1098522094487298050", "username": "", "text": "ข้อจำกัดนั้น เป็นข้อจำกัดเดียวกันกับการไม่สมควรลงเล่นการเมือง (ลาออกสิ) // แล้วการที่ออกมาย้ำว่า “พรรคเราไม่สืบทอดอำนาจ” คุณเห็นประชาชนโง่หรือครับ เด็กก็ดูออก", "date": "21-02-2019 16:57", "retweet": 35, "like": 22}, {"id": "1098494097176707077", "url": "https://twitter.com/deemthai/status/1098494097176707077", "username": "", "text": "ตลกดีครับ 555 https:// twitter.com/thairath_tv/st atus/1098493891169271808 …", "date": "21-02-2019 15:06", "retweet": 0, "like": 0}, {"id": "1098387605077413889", "url": "https://twitter.com/deemthai/status/1098387605077413889", "username": "", "text": "ผมสงสารทหารไทยที่ต้องปฏิบัติหน้าที่ภาคใต้หรือชายแดน คุณเอาชีวิตไปเสี่ยงด้วยเงินหลักพัน บางท่านก็หมื่นหน่อยๆ แต่ทหารในเมือง ที่กำลังทำผิดบทบาทหน้าที่เงินเดือนหลักแสน ประชาชนไม่ได้เลือกไง ถ้าเลือกได้คงให้เงินเดือนพวกท่านมากกว่านี้ มีพรรคการเมืองที่มีนโยบายเพิ่มเงินพวกท่านอยู่นะ", "date": "21-02-2019 08:03", "retweet": 1, "like": 3}, {"id": "1098247533644529664", "url": "https://twitter.com/deemthai/status/1098247533644529664", "username": "", "text": "#พปชร บอกเราลดงบกองทัพไม่ได้ พายุปาบึก ถ้ำหลวงทหารก็ไปช่วย ฟังนะครับ ประชาชนเห็นใจ ทหารใต้ และทหารชายแดนหมด ในขณะที่ทหารในเมืองนั้งอ้วนเงินเดือนเป็นแสน ทหารชายแดนเสี่ยงตายเงินเดือนหลักพัน พวกคุณเอาหรือ? ส่งลูกหลานไปเสี่ยงแบบนั้น? มันต้องแก้ไขครับ มีพรรคที่มีนโยบายแก้ไขอยู่", "date": "20-02-2019 22:46", "retweet": 0, "like": 0}, {"id": "1098246276800368640", "url": "https://twitter.com/deemthai/status/1098246276800368640", "username": "", "text": "เมื่อกี้ดู #พปชร ในข่าว ช่อง AmarinTV พูดมาว่า “บัตรสวัสดิการแห่งรัฐของเรา” เดียวๆ ยังไงนะ 555555", "date": "20-02-2019 22:41", "retweet": 1, "like": 0}, {"id": "1098241264921632768", "url": "https://twitter.com/deemthai/status/1098241264921632768", "username": "", "text": "จริงๆ ถามไปแกก็จะตอบมาในทำนองว่า “ให้ไปถามหน่วยงานนู้นนี้ “ หรือ”ให้ไปดูกฎหมายว่าทำได้หรือไม่ “ ตอบได้แค่นี้จริงๆ 555", "date": "20-02-2019 22:21", "retweet": 1, "like": 16}, {"id": "1097858759567716352", "url": "https://twitter.com/deemthai/status/1097858759567716352", "username": "", "text": "คนนี้ก็อาจารย์ผม 555555 https:// twitter.com/nationweekend/ status/1097858396806475776 …", "date": "19-02-2019 21:01", "retweet": 0, "like": 0}, {"id": "1097839032220798976", "url": "https://twitter.com/deemthai/status/1097839032220798976", "username": "", "text": "มากครับเพิ่งกลับลงมาจากบนดอยที่เชียงใหม่ซึ่งมีค่า AQI 156 ผิดกับที่กรุงเทพที่แค่ 37 ลงจากเครื่องมางงเลย 55555 https:// twitter.com/hamzterzkub/st atus/1097816603951980544 …", "date": "19-02-2019 19:43", "retweet": 0, "like": 0}, {"id": "1097803887778492416", "url": "https://twitter.com/deemthai/status/1097803887778492416", "username": "", "text": "#หนักเเผ่นดิน แต่ถามว่าทำไมต้องเอาไปใช้ขนาดนั้น? แม้จะมีอัตราส่วนเท่าเดิมเมื่อเทียบกับความจำเป็นตามภาวะกาล ส่วนรูปที่ 2 ต้องตั้งคำถามว่าเราดูที่ GDP แล้วเราไปดูด้วยว่าเขาลดหรือเพิ่มงบอะไรตรงไหนมาแทน และความจำเป็นในภาวะบ้านเมืองเขา pic.twitter.com/JPiY3weEQw", "date": "19-02-2019 17:23", "retweet": 5, "like": 4}, {"id": "1097705607929290752", "url": "https://twitter.com/deemthai/status/1097705607929290752", "username": "", "text": "ฝากไว้ให้คิด @prayutofficial pic.twitter.com/et41eOQVw9", "date": "19-02-2019 10:53", "retweet": 0, "like": 0}, {"id": "1097533672146722817", "url": "https://twitter.com/deemthai/status/1097533672146722817", "username": "", "text": "ผมยกตัวอย่าง สั้นๆ ง่ายๆ แบบเด็กอนุบาลนะครับ การตอบแทนแผ่นดินระหว่าง 1. ช่วยกันดูแลประเทศ อนุลักษณ์ป่าและธรรมชาติ กับ 2. เกณฑ์ทหาร อันไหนเป็นการตอบแทนคุณแผ่นดินมากกว่ากัน", "date": "18-02-2019 23:29", "retweet": 1, "like": 3}, {"id": "1097468174667116544", "url": "https://twitter.com/deemthai/status/1097468174667116544", "username": "", "text": "คิดว่าคงไม่เป็นผลอะไรกับ พปชร. เพราะศาลรธน. ดันเคยไปวินิจฉัยรับรองการรัฐประหารว่า “สำเร็จแล้ว” และปรับใช้คำสั่ง คสช. เสมือนกฎหมายลายลักษณ์อักษรอื่นเพื่อปรับใช้กับคดี // ง่ายๆคือ ศาลเป็นกลไกของคสช. ไปเสียแล้วในทางข้อเท็จจริง", "date": "18-02-2019 19:09", "retweet": 292, "like": 29}, {"id": "1097375988587982848", "url": "https://twitter.com/deemthai/status/1097375988587982848", "username": "", "text": "เอิ่ม ดี้ นิติพงษ์ ชี้ มีคนไทยกลุ่มหนึ่งพยายามล้างสมองคนรุ่นใหม่ หลายคนติดยาบ้าการเมือง https://www. matichon.co.th/politics/news_ 1368359 …", "date": "18-02-2019 13:03", "retweet": 0, "like": 0}]