[{"id": "1097698502677655552", "url": "https://twitter.com/Delivery25/status/1097698502677655552", "username": "", "text": "หนังสือที่สอนให้คุณรวยรายวัน สนใจคลิ๊กดู ไม่เสียเงิน #ดวง #หนังสือเตรียมสอบมือสอง #ถ้าเราใสจะได้ใจใครบ้าง #เป๊กผลิตโชค #เต๋อใหม่ #เตนิว #เตโป๊ะแตก #ไส้กรอกซีพีxใส่ใจxแบมแบม #ใครๆก็ดูช่อง8 #ใต้เตียงดารา #แผนลวงรักฉบับพี่ชาย http://www. wealthaff.com/#a_aid=5c1d033 c714a2&a_bid=faf3f23a …", "date": "19-02-2019 10:24", "retweet": 0, "like": 0}, {"id": "1097698189375762432", "url": "https://twitter.com/Delivery25/status/1097698189375762432", "username": "", "text": "ขอสลัดลุกส์เดิมๆ มะนาว วิวาห์ล่ม สวยแซ่บขยี้ใจ เห็นแล้วแทบจำไม่ได้ #ฉันเห็น #ข่าววันนี้ #Alligator #ดาราไทย #กุเชอร์รี่ #NATsakdatorn #ข่าวกระแส #ภณณวัสน์ #ภาคินรมณ #ทุบประเด็น #มะมามากินข้าวมากินเหล้ามาอฟุงฟุงฟวยบะลั่กอุกอักอิ้กๆ http://www. socialhot24.com/news87675.html ?d=19022019&f=57438 …", "date": "19-02-2019 10:23", "retweet": 0, "like": 0}]