[{"id": "1097869710937415680", "url": "https://twitter.com/Deliver66519099/status/1097869710937415680", "username": "", "text": "ขอสลัดลุกส์เดิมๆ มะนาว วิวาห์ล่ม สวยแซ่บขยี้ใจ เห็นแล้วแทบจำไม่ได้ #magusMG #มะนาวภาคิน #ภาคินรมณ #ภาคีวีก็อตSurvivalSS2 #ภาคินหลุด #มะนาวงุย #ดาราแลนด์ #ดาราเดลี่ #ดาราไทย #ไทยรัฐ #ไทยรัฐทีวี #เดลินิวส์ #สปริงนิวส์ #ข่าววันนี้ http://www. socialhot24.com/news87675.html ?d=19022019&f=57438 …", "date": "19-02-2019 21:45", "retweet": 0, "like": 0}, {"id": "1097696470235410433", "url": "https://twitter.com/Deliver66519099/status/1097696470235410433", "username": "", "text": "หนังสือเปลี่ยนชีวิต.....ใครได้อ่านจะเป็นเศรษฐีคนต่อไป #วันนี้จะเป็นวันที่ดี #คำคมบอกรัก #ดวง #คำคมคิดถึง #ฉันเห็น #สปริงนิวส์ #NATsakdatorn #Alligator #เตะปาก #prtphotos #ทีมป๊อป #คมชัดลึก #ข่าวช่อง8 #ข่าววันนี้ #ข่าวค่ํามิติใหม่ทั่วไทย http://www. wealthaff.com/#a_aid=5c1d033 c714a2&a_bid=faf3f23a …", "date": "19-02-2019 10:16", "retweet": 0, "like": 0}]