[{"id": "1099227881836670976", "url": "https://twitter.com/demon15_j/status/1099227881836670976", "username": "", "text": "ถ้าจะให้เลือกพรรคเพื่อไทยจะเลือกเพราะมีชัชชาติล่ะ #เลือกตั้งปี62 #เลือกตั้ง62 #เลือกตั้งประเทศไทย2562 #เพื่อไทย pic.twitter.com/RHCsRWMEpD", "date": "23-02-2019 15:42", "retweet": 2, "like": 5}, {"id": "1099216054792769536", "url": "https://twitter.com/demon15_j/status/1099216054792769536", "username": "", "text": "พรรคลุงซื้อเสียงนะครับ #เลือกตั้งปี2562 #เลือกตั้ง62 https:// twitter.com/teenneediiz/st atus/1099213734889775104 …", "date": "23-02-2019 14:55", "retweet": 0, "like": 0}, {"id": "1099213882801803264", "url": "https://twitter.com/demon15_j/status/1099213882801803264", "username": "", "text": "ถ้าลุงได้เป็นอีกนะ ประเทศแตกแน่ #เลือกตั้ง62", "date": "23-02-2019 14:46", "retweet": 0, "like": 0}, {"id": "1099211812396879872", "url": "https://twitter.com/demon15_j/status/1099211812396879872", "username": "", "text": "อ้างรักชาติโถลุง แดรกภูเขาหมดเป็นลูกๆ แล้ว อ้างรักชาติ 5555 ช่องกนกก่าแต่พรรคอื่นนอกจากพรรคที่ไปเป่านกหวีดให้ไง #Savethanathorn #เลือกตั้ง62 #อนาคตใหม่ #ฟ้ารักพ่อ https:// twitter.com/xiaoyan1331727 1/status/1099186623562997760 …", "date": "23-02-2019 14:38", "retweet": 2, "like": 3}, {"id": "1099133942811189248", "url": "https://twitter.com/demon15_j/status/1099133942811189248", "username": "", "text": "เนชั่น ช่องข่าวของคนเป่านกหวีดมักจะมีข่าวโจมตีธนาธรตลอด #ฟ้ารักพ่อ #เลือกตั้ง62 #อนาคตใหม่", "date": "23-02-2019 09:28", "retweet": 2, "like": 0}, {"id": "1098823952246267904", "url": "https://twitter.com/demon15_j/status/1098823952246267904", "username": "", "text": "#พลังประชารัฐ pic.twitter.com/csZTAP4rtX", "date": "22-02-2019 12:57", "retweet": 0, "like": 0}, {"id": "1098823326581968896", "url": "https://twitter.com/demon15_j/status/1098823326581968896", "username": "", "text": "คุณเลือกพรรคไหนถ้าไม่มีการโกง #เลือกตั้งปี62 #เลือกตั้งประเทศไทย2562", "date": "22-02-2019 12:54", "retweet": 0, "like": 1}, {"id": "1098822681162506240", "url": "https://twitter.com/demon15_j/status/1098822681162506240", "username": "", "text": "ถ้าพรรคได้เป็นอีกไม่รู้จะว่าไงละ ยาบ้า โจร เต็มบ้านเต็มเมืองแล้วทำไรได้บ้าง #ประชารัฐ", "date": "22-02-2019 12:51", "retweet": 0, "like": 0}, {"id": "1098822291448688640", "url": "https://twitter.com/demon15_j/status/1098822291448688640", "username": "", "text": "ยังไม่ถึงเลือกตั้งเลย พรรคไหนฟรีเวอร์หน่อยก็จะยุบเขา ขี้โกงตั้งแต่ยังไม่ได้เลือก #ฟ้ารักพ่อ", "date": "22-02-2019 12:50", "retweet": 0, "like": 1}, {"id": "1097361000297185280", "url": "https://twitter.com/demon15_j/status/1097361000297185280", "username": "", "text": "ยิ่งใกล้เลือกตั้งก็จะมีข่าวปลอมๆจากฝ่ายหัวโบราณเดิมๆออกมากลั่นแกล้งกัน ใครไม่หัวแข็งและมีความคิดมากพอก็จะแชร์แบบโง่ๆออกมา #ฟ้ารักพ่อ", "date": "18-02-2019 12:03", "retweet": 0, "like": 1}, {"id": "1097359974756282368", "url": "https://twitter.com/demon15_j/status/1097359974756282368", "username": "", "text": "ลูกชายโตไปหล่อเหลาน่าดู #ฟ้ารักพ่อ pic.twitter.com/qe9V9WNSaP", "date": "18-02-2019 11:59", "retweet": 166, "like": 132}]