[{"id": "1099222990225469440", "url": "https://twitter.com/democratTH/status/1099222990225469440", "username": "", "text": "#เกิดปั๊บรับสิทธิ์เงินแสน แผ่นเดียวจบกับคำอธิบายครับ ไม่ใช่ประชานิยม แต่เป็น #สวัสดิการพื้นฐาน มาจากงานวิจัยสถาบันออกแบบอนาคตประเทศไทย ที่อ้างอิงงานของนักเศรษฐศาสตร์รางวัลโนเบล ว่าด้วยการพัฒนาคุณภาพเด็กปฐมวัย #เลือกตั้ง62 #ประชาธิปัตย์ #แก้จนสร้างคนสร้างชาติ pic.twitter.com/RHeS1FFE3C", "date": "23-02-2019 15:22", "retweet": 108, "like": 113}]