[{"id": "1099365781412941824", "url": "https://twitter.com/dheerapong/status/1099365781412941824", "username": "", "text": "นี้ถ้าป๊อปลงสมัครสมาชิกผู้แทนราษฏรนะ เขาจะได้แน่นอน แปบเดียว Hastag #ป๊อบปองกูล ทะลุมาก #เรื่องของเขา เราไม่เสือกเป็นพอ", "date": "24-02-2019 00:50", "retweet": 2, "like": 1}, {"id": "1099354506066829312", "url": "https://twitter.com/dheerapong/status/1099354506066829312", "username": "", "text": "ไปครัววันนี้กับกลิ่น #Apple pic.twitter.com/WcSZghyfQS", "date": "24-02-2019 00:05", "retweet": 0, "like": 2}, {"id": "1099346407599886336", "url": "https://twitter.com/dheerapong/status/1099346407599886336", "username": "", "text": "ยินดีครับ ข้อมูลที่รับรู้กับที่อ่านมาบางครั้งเราก็ไม่ทราบข้อมูลว่าเท็จจริงประการใด ผมเองไม่ได้รู้เรื่องนี้เท่าไหร่ก็อ่านตามข้อมูลที่อ่านได้ครับ แล้วก็ไม่ได้ปักใจเชื่อข้อมูลทั้งหมดเพราะยังไม่ได้อยู่ในเหตุการณ์ แต่ถ้าถามเรื่องระบบสนามบินผมยินดีตอบเลยครับว่าทำงานยังไง ระบบเป็นไง", "date": "23-02-2019 23:33", "retweet": 0, "like": 3}, {"id": "1099282075583201281", "url": "https://twitter.com/dheerapong/status/1099282075583201281", "username": "", "text": "นับแต่เดินทางโดยเครื่องบินมา เคยตกเครื่อง 2 ครั้ง ในและนอกอย่างล่ะ 1 -ในประเทศ ตกเพราะจำวันผิดจองเช้าไปขึ้นเย็น - ต่างประเทศ ตกเพราะ #Immigration ช้าคนเยอะ ตอนนั้นระบบ Egate ยังไม่ได้ใช้ วิ่งไปถึงหน้า #Gate ประตูกำลังปิด", "date": "23-02-2019 19:17", "retweet": 0, "like": 3}, {"id": "1099273797612507136", "url": "https://twitter.com/dheerapong/status/1099273797612507136", "username": "", "text": "ผมเคยแค่ต้องออกตั๋วใหม่ 8 ชั่วโมง เนื่องจากก่อนบินกลับคุณพ่อเสียชีวิต ทางสายการบินก็ออกตั๋วใหม่ให้ แต่เสียค่าส่วนต่างของตั๋ว 6,605 บาท ทางเจ้าหน้าที่ดูแลให้ดีมากยังรู้สึกชม จนท #OmanAir pic.twitter.com/IVoZXsmn4F", "date": "23-02-2019 18:44", "retweet": 0, "like": 4}, {"id": "1099269313842868225", "url": "https://twitter.com/dheerapong/status/1099269313842868225", "username": "", "text": "ว่าจะรีบอยู่ จะได้เอาเงินมาใส่ที่ใหม่", "date": "23-02-2019 18:26", "retweet": 0, "like": 0}, {"id": "1099268714288082945", "url": "https://twitter.com/dheerapong/status/1099268714288082945", "username": "", "text": "ปล่อยคอนโดแถววุฒากาศ เจ้าของซื้อมา 4 ปี อยู่อาศัย ไม่เกิน 20 วันตลอด 4 ปี #แบบนี้ได้ม่ะ", "date": "23-02-2019 18:24", "retweet": 0, "like": 0}, {"id": "1099267198114295808", "url": "https://twitter.com/dheerapong/status/1099267198114295808", "username": "", "text": "รับรองว่ารัฐจะได้เงินอีกมาก #ภาษีที่ดิน #ภาษีมรดก ที่คาราคาซังควรเอาเข้าระบบให้ถูกต้อง นโยบายการคลังของพรรคการเมืองจึงสำคัญนั้นจะทำให้ประเทศมีรายได้ที่สมบูรณ์ และนำไปใช้ให้เกิดประโยชน์ต่อประเทศชาติต่อไป #TaxThailand", "date": "23-02-2019 18:18", "retweet": 1, "like": 1}, {"id": "1099267196075814917", "url": "https://twitter.com/dheerapong/status/1099267196075814917", "username": "", "text": "ทุกคนรู้ว่า #ชนชั้นกลาง #WhiteCollar คือคนที่เข้าระบบภาษีถูกต้องมากที่สุด การที่รัฐบาลจะจัดเก็บภาษีใดๆ ในคนกลุ่มนี้มากขึ้นอีกอาจจะไม่ถูกต้องนัก เพราะยังมีธุรกิจอื่นๆ ที่ยังไม่เข้าระบบภาษีอย่างถูกต้องอีกมากมาย และควรหากระบวนการเพื่อจัดเก็บให้เป็นรูปธรรมมากขึ้น", "date": "23-02-2019 18:18", "retweet": 1, "like": 2}, {"id": "1099264895655297024", "url": "https://twitter.com/dheerapong/status/1099264895655297024", "username": "", "text": "เลือกตั้งรอบนี้ มีพรรคและคนอยู่ในใจแล้ว กับพื้นที่เขต 10 ดอนเมือง #เลือกตั้งปี62 แถมต้องไปเลือกก่อนด้วย", "date": "23-02-2019 18:09", "retweet": 0, "like": 1}, {"id": "1099264301137829889", "url": "https://twitter.com/dheerapong/status/1099264301137829889", "username": "", "text": "ดีตรงนี้", "date": "23-02-2019 18:06", "retweet": 0, "like": 0}, {"id": "1099263900606959616", "url": "https://twitter.com/dheerapong/status/1099263900606959616", "username": "", "text": "ขายของอีกแล้ว ขอ Quotation ด่วน", "date": "23-02-2019 18:05", "retweet": 0, "like": 0}, {"id": "1099248137372237824", "url": "https://twitter.com/dheerapong/status/1099248137372237824", "username": "", "text": "ครับ เขียนไว้แต่ก็ไม่ได้มีหลักฐานที่ชัดเจนว่าใครเริ่มก่อน ซึ่งอย่างที่ผมบอกว่าก่อนหน้านี้ ข้อมูลที่ให้ควรรอบด้าน ผมเองไม่ได้อยู่ในเหตุการณ์ไม่สามรถบอกได้ว่าใครเริ่มก่อน ดังนั้นอะไรที่ไม่รู้ต้องหาข้อมูลไม่ควรเดา ซึ่งถ้าผมเดาว่าเขมรเริ่มก่อนแต่ไปฟ้องศาลโลก คุณก็จะบอกว่าไหนหลักฐาน", "date": "23-02-2019 17:02", "retweet": 0, "like": 0}, {"id": "1099054602975145985", "url": "https://twitter.com/dheerapong/status/1099054602975145985", "username": "", "text": "นี้ถ้าสมมุติ ว่าเปิดกล้องส่องดูในคอนโดแล้วถ้าเกิดเจอใครเดินอยู่ทำไงหว่า #MiCamera pic.twitter.com/9ROmOvdL5r", "date": "23-02-2019 04:13", "retweet": 0, "like": 3}, {"id": "1099039106619846656", "url": "https://twitter.com/dheerapong/status/1099039106619846656", "username": "", "text": "ไอเดียน่าสน หลายประเทศก็ทำ https:// twitter.com/thaksinslife/s tatus/1098973703256375296 …", "date": "23-02-2019 03:11", "retweet": 0, "like": 2}, {"id": "1098993119574573061", "url": "https://twitter.com/dheerapong/status/1098993119574573061", "username": "", "text": "โหย งอซะน่ากลัว โชคดีของผมที่สั่งมาปกติไม่มีอาการงอ", "date": "23-02-2019 00:09", "retweet": 0, "like": 0}, {"id": "1098924047306551296", "url": "https://twitter.com/dheerapong/status/1098924047306551296", "username": "", "text": "ใจเย็นนะครับ ที่เสียเขาพระวิหารเพราะหลักฐานต่างๆ ที่ศาลโลกครับ ไม่เกี่ยวกับทหารมีมากมีน้อย pic.twitter.com/4s7lXh3yQj", "date": "22-02-2019 19:34", "retweet": 4, "like": 9}, {"id": "1098839783240093696", "url": "https://twitter.com/dheerapong/status/1098839783240093696", "username": "", "text": "อายุได้พอดีเลย 5555 แต่อย่างอื่นไม่น่าจะได้", "date": "22-02-2019 13:59", "retweet": 0, "like": 3}, {"id": "1098566243999760384", "url": "https://twitter.com/dheerapong/status/1098566243999760384", "username": "", "text": "อยากให้คิด #SaveThailand บ้าง", "date": "21-02-2019 19:52", "retweet": 0, "like": 0}, {"id": "1098562052061315073", "url": "https://twitter.com/dheerapong/status/1098562052061315073", "username": "", "text": "สุขภาพการเงินมีปัญหาเหรอธีรพงศ์ (Y x 40 /100) = 65,xxx) เลย https:// twitter.com/bankofthailand /status/1098552941873631232 …", "date": "21-02-2019 19:36", "retweet": 1, "like": 1}, {"id": "1098560219980984320", "url": "https://twitter.com/dheerapong/status/1098560219980984320", "username": "", "text": "เมื่อกี่ไปนั่งอ่าน FB อาจารย์ท่านลงข้อมูลเกี่ยวกับ Ranking ของมหาวิทยาลัยในไทยที่จัดโดย #THE แล้วก็มีคนใน FB อาจารย์มาถามว่า #แร๊งกิ้งต่างประเทศจะมีประโยชน์อันใดเมื่อในประเทศไม่รู้จัก แล้วเค้าก็เอา 10 มหาลัยที่ การไฟฟ้าให้ทุน ซึ่งไม่มีมหาลัยอันดับ 3 ที่ THE ใน List นั้น", "date": "21-02-2019 19:29", "retweet": 0, "like": 1}, {"id": "1098558381600714752", "url": "https://twitter.com/dheerapong/status/1098558381600714752", "username": "", "text": "ซึ่งพี่ว่าก็ดีแล้ว ที่สงสัย มันทำให้เราคิด แถมหาความรู้เพิ่มหากไม่เข้าใจซึ่งเป็นวิธีการเรียนรู้ที่ถูกครับ พี่เห็นด้วยเลย ทำต่อไปครับสิ่งที่เราชอบไม่เคยทำร้ายเรา อิอิ", "date": "21-02-2019 19:21", "retweet": 0, "like": 1}, {"id": "1098556292556353541", "url": "https://twitter.com/dheerapong/status/1098556292556353541", "username": "", "text": "ครับผม", "date": "21-02-2019 19:13", "retweet": 0, "like": 1}, {"id": "1098555216985763841", "url": "https://twitter.com/dheerapong/status/1098555216985763841", "username": "", "text": "นั่นคือสิ่งที่ต้องช่วยกันแก้ครับ ต้องอธิบายให้ทราบถึงปัญหาที่ตามมาหลังจากการรับเงินว่าเค้าเข้าไปหาผลประโยชน์ขนาดไหน ทำประเทศเสียผลประโยชน์อีกเท่าไหร่ ตัวอย่างมีให้เห็น บางคนอธิบายแล้วก็ไม่เข้าใจซึ่งก็มีเยอะเช่นกัน #คนรวยไม่โกง", "date": "21-02-2019 19:09", "retweet": 0, "like": 0}, {"id": "1098554527257710593", "url": "https://twitter.com/dheerapong/status/1098554527257710593", "username": "", "text": "ถามว่าจะได้ขึ้นไปถ่ายไม๊ก่อนดีกว่าสำหรับ Cockpit แต่สายการบินพานิชย์บางสายให้ถ่ายด้านในได้ อย่าง #โอมานแอร์ ที่ขออนุญาตแล้วเค้าให้ถ่ายครับ", "date": "21-02-2019 19:06", "retweet": 0, "like": 0}, {"id": "1098547117826686977", "url": "https://twitter.com/dheerapong/status/1098547117826686977", "username": "", "text": "แน่ใจว่านั่งประชุม นั่งดูเครื่องบินไปพลางๆ แก้เครียดนะ pic.twitter.com/TGYPKJ6Wih", "date": "21-02-2019 18:36", "retweet": 0, "like": 2}, {"id": "1098545482165563392", "url": "https://twitter.com/dheerapong/status/1098545482165563392", "username": "", "text": "เค้าว่างี้นะ ใครจะร้องเรียนต้องรอดูน่าจะมีแน่ๆ (เดาเอานะ) https:// twitter.com/firefoxchorme/ status/1098522743312531461 …", "date": "21-02-2019 18:30", "retweet": 0, "like": 0}, {"id": "1098544811911585793", "url": "https://twitter.com/dheerapong/status/1098544811911585793", "username": "", "text": "เวลาเครียดทุกครั้งจะไม่ชอบตัวเองเลย รู้สึกได้ว่ากลิ่นตัวไม่ปกติ วันนี้ก็เช่นกัน งานเยอะอีกแล้ว", "date": "21-02-2019 18:27", "retweet": 0, "like": 2}, {"id": "1098540446291247105", "url": "https://twitter.com/dheerapong/status/1098540446291247105", "username": "", "text": "ตอนนี้แลกทีใจหายใจคว่ำเลยครับ", "date": "21-02-2019 18:10", "retweet": 0, "like": 1}, {"id": "1098539645267308544", "url": "https://twitter.com/dheerapong/status/1098539645267308544", "username": "", "text": "ใช้เลยครับคุณแม่ คราวที่แล้วก็รอบหนึ่งแล้ว #ร้องไห้น้ำตาเป็นสายเลือด", "date": "21-02-2019 18:07", "retweet": 1, "like": 2}, {"id": "1098539315439824896", "url": "https://twitter.com/dheerapong/status/1098539315439824896", "username": "", "text": "บ้านพี่เป็นสลัมคลองเตยไปเลยอะ แค่ด้านนอกก็หรูแล้วอะ", "date": "21-02-2019 18:05", "retweet": 1, "like": 0}, {"id": "1098516653577588737", "url": "https://twitter.com/dheerapong/status/1098516653577588737", "username": "", "text": "ใช่ครับ ตอนนี้ที่กำลังสร้างอีก 3 ที่ที่ผมผ่านนะ แต่ขึ้นได้เร็วมากเหมือนกันครับ เพราะช่วงนี้อากาศไม่ร้อนสามารถทำงานได้ดี", "date": "21-02-2019 16:35", "retweet": 0, "like": 0}, {"id": "1098514578554662912", "url": "https://twitter.com/dheerapong/status/1098514578554662912", "username": "", "text": "เห็นด้วยครับ ยังแอบขำว่า เค้าไปเอาข้อมูลบอกว่าจะเจ๊งจากไหน", "date": "21-02-2019 16:27", "retweet": 0, "like": 0}, {"id": "1098514029671342080", "url": "https://twitter.com/dheerapong/status/1098514029671342080", "username": "", "text": "ใกล้บ้านพักผมนิดเดียวเอง ตอนนี้ใกล้เสร็จละ #AlWakraStadium https:// twitter.com/SCcorporate/st atus/1091956443681603585 …", "date": "21-02-2019 16:25", "retweet": 0, "like": 0}, {"id": "1098475399133175808", "url": "https://twitter.com/dheerapong/status/1098475399133175808", "username": "", "text": "หลายๆ คนบอกว่า เดี่ยวนี้เค้า กดปุ่มเดียวกันแล้ว เค้าดูหน้า sci-fi มากไปหรือเปล่า โอเคว่ามันมีอยู่จริง แต่ราคาเท่าไหร่ ที่บอกจะลดงบแล้วมาซื้ออันนี้อาจได้แค่ไม่กี่ชุด ศักยภาพเพียงพอหรือไม่ แล้วถามต่อว่าเค้าจะขายให้ใช่ม่ะ", "date": "21-02-2019 13:51", "retweet": 0, "like": 0}, {"id": "1098472606209056768", "url": "https://twitter.com/dheerapong/status/1098472606209056768", "username": "", "text": "#คคหสต ล้วนๆ ผมเห็นด้วยกับการลดงบประมาณ (ถ้าทำได้) แต่ขอให้มีศักยภาพมากขึ้นหรือไม่ด้อยกว่าเดิม นั้นหมายความว่า การบริหารต้องดีจริง และทุกคนพร้อมใจกันร่วมมือทำจริงจัง เอาง่ายๆ ลองไม่เข้ากระเป๋าใครสักคน ก็น่าจะลดไปได้พอสมควร #SaveThailand", "date": "21-02-2019 13:40", "retweet": 0, "like": 2}, {"id": "1098461900474642432", "url": "https://twitter.com/dheerapong/status/1098461900474642432", "username": "", "text": "มาเทสอัพเกรดตัว internet kiosk ครับ จะให้ Tecnician ทำ แต่คิดว่าทำเองก่อนตัวแรกจะได้ไปอัพเดทได้ถูกอะน้องลูกโซ่", "date": "21-02-2019 12:58", "retweet": 0, "like": 0}, {"id": "1098459841314648065", "url": "https://twitter.com/dheerapong/status/1098459841314648065", "username": "", "text": "น่าจะมี sensors รอบทิศทางไม๊อะ ป้องกันการชน และสิ่งกีด", "date": "21-02-2019 12:50", "retweet": 0, "like": 0}, {"id": "1098453247357079552", "url": "https://twitter.com/dheerapong/status/1098453247357079552", "username": "", "text": "คุณภาพชีวิตจะดีขึ้นถ้าทุกคนไม่ทิ้งขยะ และทิ้งให้ถูกที่ถูกทาง แยกขยะตามประเภท #ทุกอย่างมันเริ่มที่เรา https:// twitter.com/sunsernr/statu s/1098099169783214082 …", "date": "21-02-2019 12:23", "retweet": 0, "like": 0}, {"id": "1098452684196192256", "url": "https://twitter.com/dheerapong/status/1098452684196192256", "username": "", "text": "ไม่เลือกงานไม่ยากจนแหละ แต่เค้าจะเลือกเราให้ทำงานหรือเปล่า #อีกเรื่อง #สนามบินแห่งหนึ่งแถบทะเลทรายอันไกลโพ้น pic.twitter.com/ZtUnIqh2cU", "date": "21-02-2019 12:21", "retweet": 1, "like": 7}, {"id": "1098429118310502400", "url": "https://twitter.com/dheerapong/status/1098429118310502400", "username": "", "text": "ล้ำไปอี๊ก", "date": "21-02-2019 10:48", "retweet": 0, "like": 0}, {"id": "1098304386416214016", "url": "https://twitter.com/dheerapong/status/1098304386416214016", "username": "", "text": "เวลามีใครว่าในสิ่งที่เราไม่ได้ทำ แค่ไม่ต้องสนใจ ไม่ต้องเดือดร้อนอะไรเลย คนมักเดือดร้อนและคิดไปต่างๆ นานา #ใจเย็นกายก็เย็น #ราตรีสวัสดิ์", "date": "21-02-2019 02:32", "retweet": 3, "like": 3}, {"id": "1098252375230500864", "url": "https://twitter.com/dheerapong/status/1098252375230500864", "username": "", "text": "1 ใน 119,184 ขอใช้สิทธิ์สักหน่อย https:// twitter.com/jin_somroutai/ status/1098066283759714304 …", "date": "20-02-2019 23:05", "retweet": 0, "like": 0}, {"id": "1098232008013172736", "url": "https://twitter.com/dheerapong/status/1098232008013172736", "username": "", "text": "เลือกตั้งครั้งนี้ไม่รู้ว่าได้ใครเข้ามาโปรด #SaveThailand ด้วย พิจารณากันดีๆ ทุกคนมีเสียงเท่ากัน", "date": "20-02-2019 21:44", "retweet": 1, "like": 2}, {"id": "1098226016370282498", "url": "https://twitter.com/dheerapong/status/1098226016370282498", "username": "", "text": "หนูอายุเกินแล้ว ให้ 5000. เลยครับ", "date": "20-02-2019 21:21", "retweet": 0, "like": 0}, {"id": "1098203219199737856", "url": "https://twitter.com/dheerapong/status/1098203219199737856", "username": "", "text": "อ้าว ตอนแรกคิดว่ายกเลิกแล้วทำตามแผนที่เคยศึกษาไว้ นึกไม่ออกว่าตอนนั้นจะจ้างทำแผนโครงไว้ทำไม", "date": "20-02-2019 19:50", "retweet": 1, "like": 5}, {"id": "1098201348007444480", "url": "https://twitter.com/dheerapong/status/1098201348007444480", "username": "", "text": "เห็นตอนแรกนี้ค้านแบบหัวชนฝาเลยว่าต้องสร้างให้ได้ แปลกดีจริง ทั้งๆ ที่มีแผนแม่บทอยู่แล้วก็ไม่ทำตาม", "date": "20-02-2019 19:42", "retweet": 1, "like": 12}, {"id": "1098199406631940096", "url": "https://twitter.com/dheerapong/status/1098199406631940096", "username": "", "text": "อ้าวอยู่ดีๆ ยอมง่ายเชียว", "date": "20-02-2019 19:35", "retweet": 0, "like": 4}, {"id": "1098180300646072322", "url": "https://twitter.com/dheerapong/status/1098180300646072322", "username": "", "text": "สุดๆ เลยครับ", "date": "20-02-2019 18:19", "retweet": 0, "like": 1}, {"id": "1098180185776685056", "url": "https://twitter.com/dheerapong/status/1098180185776685056", "username": "", "text": "ใช่เลยครับ ขนาดผมเข้ามาทำงานปั๊บก็เจอเลยครับ โกงกันทุกรูปแบบจริงๆ ครับ", "date": "20-02-2019 18:18", "retweet": 0, "like": 0}, {"id": "1098169833865256960", "url": "https://twitter.com/dheerapong/status/1098169833865256960", "username": "", "text": "น่าเห็นใจคนที่ไม่เกี่ยวด้วย ส่วนคนที่เห็นดีเห็นงามนี้ก็นะ จิตใจต้องไม่ดีขนาดไหนถึงสะใจกับวาทกรรมของคนแบบนี้", "date": "20-02-2019 17:37", "retweet": 0, "like": 4}, {"id": "1098169456151461888", "url": "https://twitter.com/dheerapong/status/1098169456151461888", "username": "", "text": "หนักสุดที่เจอ #Turbulence น่าจะเป็นแถวๆ อินเดีย เจอหลายครั้งมาก https:// twitter.com/benriquedelkk/ status/1097976952982462464 …", "date": "20-02-2019 17:36", "retweet": 1, "like": 0}, {"id": "1098167369594257408", "url": "https://twitter.com/dheerapong/status/1098167369594257408", "username": "", "text": "ใช่เลยครับ ไม่ได้ทำผิดกฎหมายแต่ทำใส่สิ่งที่กฏหมายห้าม #แล้วไม่ผิดกฎหมาย งงกับเฉลิม", "date": "20-02-2019 17:27", "retweet": 0, "like": 1}, {"id": "1098167146499186689", "url": "https://twitter.com/dheerapong/status/1098167146499186689", "username": "", "text": "การอยู่ในช่วงใดช่วงหนึ่ง ทำให้ทราบถึงความเปลี่ยนแปลงที่เกิดขึ้นได้เยอะจริงๆ ครับ ผมมองว่าอดีตเป็นบทเรียนที่ดีของอนาคต แต่จะดีขึ้นมากน้อยแค่ไหนขึ้นกับการนำมาใช้และปรับปรุงให้ดีขึ้นครับ", "date": "20-02-2019 17:27", "retweet": 1, "like": 1}, {"id": "1098163916314677255", "url": "https://twitter.com/dheerapong/status/1098163916314677255", "username": "", "text": "ยังจำข่าวไอ้ปื้ดได้อยู่เลย", "date": "20-02-2019 17:14", "retweet": 0, "like": 1}, {"id": "1098161791782260736", "url": "https://twitter.com/dheerapong/status/1098161791782260736", "username": "", "text": "อ๋อครับ เป็นแบบนี้นี่เอง", "date": "20-02-2019 17:05", "retweet": 1, "like": 1}, {"id": "1098156283788750848", "url": "https://twitter.com/dheerapong/status/1098156283788750848", "username": "", "text": "ไม่รู้จะโพสต์อะไร งานเยอะ กลับบ้านยังต้องรีโมทมาสนามบินเพื่อทำงาน", "date": "20-02-2019 16:43", "retweet": 0, "like": 2}, {"id": "1098155310768889856", "url": "https://twitter.com/dheerapong/status/1098155310768889856", "username": "", "text": "นั่งเล่นทวิตเตอร์บอกไป ไม่ค่อยว่าง", "date": "20-02-2019 16:40", "retweet": 0, "like": 0}, {"id": "1098143587798269953", "url": "https://twitter.com/dheerapong/status/1098143587798269953", "username": "", "text": "พ่อผมก่อนท่านเสียก็เคยบอกผมว่าอยากไป แต่ช่วงนั้นติดหาหมอ เลยสัญญาว่าจะพาไปถ้าสุขภาพดีขึ้น แต่ท่านรีบเลยไปก่อน", "date": "20-02-2019 15:53", "retweet": 0, "like": 0}, {"id": "1098091595159740417", "url": "https://twitter.com/dheerapong/status/1098091595159740417", "username": "", "text": "ครั้งหนึ่งผมใช้ ช่อง Priority แต่ ผดส เยอะ จนท การท่าก็เปิดประตูให้เดินไป Autogate ครับ", "date": "20-02-2019 12:26", "retweet": 1, "like": 1}, {"id": "1098088393374867457", "url": "https://twitter.com/dheerapong/status/1098088393374867457", "username": "", "text": "ทำไมไม่ชอบ #คำโกหก ยิ่ง #นักการเมือง แค่ข้อมูลก็พยายามโกหกแล้ว", "date": "20-02-2019 12:14", "retweet": 0, "like": 1}, {"id": "1098076494822363137", "url": "https://twitter.com/dheerapong/status/1098076494822363137", "username": "", "text": "เพิ่งรู้ว่า #ธนาธร โคตรเก่งอะ เคยนั่งประธานสภาอุตสาหกรรมแห่งประเทศไทย 2 สมัยซ้อน โชคดีที่มหาวิทยาลัยมีประธานสภาอุต เป็นกรรมการโดยตำแหน่ง เลยรู้ว่า ปี 2551-2553 นานสันติ วิลาศศักดานนท์ ปี 2553-2555 นานพยุงศักดิ์ ชาติสุทธิผล แค่ข้อมูลส่วนตัวยัง #โกหก pic.twitter.com/Ess7y6nnRO", "date": "20-02-2019 11:26", "retweet": 5, "like": 3}, {"id": "1097835405997690880", "url": "https://twitter.com/dheerapong/status/1097835405997690880", "username": "", "text": "ถึงห้องทานยา ดูแลสุขภาพด้วยนะ ตอนแรกนึกว่าเครื่องบินไม่สบายเลยบินวน อิอิ", "date": "19-02-2019 19:28", "retweet": 0, "like": 1}, {"id": "1097831049458003968", "url": "https://twitter.com/dheerapong/status/1097831049458003968", "username": "", "text": "หมายถึงเครื่องบิน หรือคนที่ไม่ฉบาย", "date": "19-02-2019 19:11", "retweet": 0, "like": 0}, {"id": "1097830523429212162", "url": "https://twitter.com/dheerapong/status/1097830523429212162", "username": "", "text": "บินวนเล่นไปเรื่อยๆๆๆ Welcome กลับโฮมนะครับ", "date": "19-02-2019 19:09", "retweet": 1, "like": 0}, {"id": "1097760776482377728", "url": "https://twitter.com/dheerapong/status/1097760776482377728", "username": "", "text": "เมื่อวานตอนใครสักคนกำลังตอบ มีบ่นพึมพำคนเดียวตอนที่กล้องจับคนพูดกับธนาธรมาประกบกัน น่าจะกำลังเตรียมตัวหรือกำลังหาคำแย้งอยู่ก็เป็นไก่", "date": "19-02-2019 14:32", "retweet": 0, "like": 1}, {"id": "1097584337007136769", "url": "https://twitter.com/dheerapong/status/1097584337007136769", "username": "", "text": "ผมคนหนึ่งนะที่จะยกมือไหว้ผู้ใหญ่กว่าเสมอ และยกมือรับไหว้ผู้น้อยกว่าเสมอเช่นกัน", "date": "19-02-2019 02:51", "retweet": 2, "like": 7}, {"id": "1097567529738870791", "url": "https://twitter.com/dheerapong/status/1097567529738870791", "username": "", "text": "ผมใช้บริการมาตั้งแต่กลางปีที่แล้วก็ยังไม่มีมีทีท่าว่าจะเปิดเลยครับ", "date": "19-02-2019 01:44", "retweet": 0, "like": 0}, {"id": "1097566178103492614", "url": "https://twitter.com/dheerapong/status/1097566178103492614", "username": "", "text": "รู้สึกยังเปิดไม่ครบเลยครับคุณโย น่าจะมีชั้นบนอีกชั้น", "date": "19-02-2019 01:39", "retweet": 0, "like": 0}, {"id": "1097555094671896578", "url": "https://twitter.com/dheerapong/status/1097555094671896578", "username": "", "text": "คงามจริงแล้วนั้นจอง Mercedes Benz", "date": "19-02-2019 00:55", "retweet": 0, "like": 1}, {"id": "1097475131830611968", "url": "https://twitter.com/dheerapong/status/1097475131830611968", "username": "", "text": "#เพลงหนักแผนดิน จริงๆ เพลงนี้ต่อสู่กับคอมมิวนิสต์ มาก่อน ถ้าในสมัยปัจจุบัน ก็คงใช้ต่อสู่กับพวก #คอรัปชั่น #ทุจริต #โกงกินประเทศ หรือพวกที่ไม่ทำอะไร วันๆ เอาแต่ด่าคนอื่น ทำให้คนในประเทศเกลียดชั่งกันกระมัง #ไปทำงานดีกว่า", "date": "18-02-2019 19:37", "retweet": 0, "like": 0}, {"id": "1097473016869670913", "url": "https://twitter.com/dheerapong/status/1097473016869670913", "username": "", "text": "ขอบคุณครับ", "date": "18-02-2019 19:28", "retweet": 0, "like": 0}, {"id": "1097461493996630016", "url": "https://twitter.com/dheerapong/status/1097461493996630016", "username": "", "text": "เค้าเรียกว่า ช่วยกันในครอบครัวไง", "date": "18-02-2019 18:43", "retweet": 0, "like": 0}, {"id": "1097454630500483072", "url": "https://twitter.com/dheerapong/status/1097454630500483072", "username": "", "text": "ในตู้เย็นเราก็มี แม่ทำมาให้ 10 กิโลเลย #อวดกว่า", "date": "18-02-2019 18:15", "retweet": 0, "like": 0}, {"id": "1097454152895135744", "url": "https://twitter.com/dheerapong/status/1097454152895135744", "username": "", "text": "ขี้พูดไม่ได้. ถถถ", "date": "18-02-2019 18:13", "retweet": 0, "like": 0}, {"id": "1097452858943959041", "url": "https://twitter.com/dheerapong/status/1097452858943959041", "username": "", "text": "นั้นแหละครับต่อให้มีสติแต่อุปกรณ์ไม่ดีชีวิตก็อาจจะเปลี่ยนได้ เลยเปลี่ยนใหม่น่าจะปลอดภัยกว่า เพราะคลิกแล้วบางทีไม่ตอบสนอง", "date": "18-02-2019 18:08", "retweet": 0, "like": 0}, {"id": "1097450965698052096", "url": "https://twitter.com/dheerapong/status/1097450965698052096", "username": "", "text": "เดินมา 1 กม เพื่อมาเอาเมาส์ไปใช้ชั่วคราวก่อน ที่สั่งซื้อได้อาทิตย์หน้า จำใจใช้แบบสายไปก่อน #งานสำคัญคลิกผิดชีวิตอาจเปลี่ยน pic.twitter.com/V6llrt5bwI", "date": "18-02-2019 18:01", "retweet": 0, "like": 3}, {"id": "1097449610019250177", "url": "https://twitter.com/dheerapong/status/1097449610019250177", "username": "", "text": "ตอนแรกว่าจะถ่ายรูปปีกไก่ผัดกิมจิลง #Twitter แหละ แต่กินหมดลืมถ่าย อร่อยลืมบ้านเลขที่เลย", "date": "18-02-2019 17:55", "retweet": 0, "like": 0}, {"id": "1097449100306497538", "url": "https://twitter.com/dheerapong/status/1097449100306497538", "username": "", "text": "เสียในรูปแบบที่ไม่ใช่จากเงินรายได้ เรียกคืนไม่ได้สักบาท", "date": "18-02-2019 17:53", "retweet": 0, "like": 0}, {"id": "1097380688779718657", "url": "https://twitter.com/dheerapong/status/1097380688779718657", "username": "", "text": "ในที่ทำงานหนึ่งๆ คุณใช้กันกี่โดเมน ตอนนี้แค่ผมเองมี ​6 Domains เป็น. Production 4 และ Test 2", "date": "18-02-2019 13:21", "retweet": 0, "like": 1}, {"id": "1097359578671575040", "url": "https://twitter.com/dheerapong/status/1097359578671575040", "username": "", "text": "ไม่นับว่าถ้าจะ Run exe file ต้องส่งคำขออนุญาตอีกนะ และที่กล่าวมาข้างต้นคือ Domain Admin", "date": "18-02-2019 11:58", "retweet": 0, "like": 0}, {"id": "1097357145375424512", "url": "https://twitter.com/dheerapong/status/1097357145375424512", "username": "", "text": "ของสายการบินแถบตะวันออกกลางสายหนึ่งใช้ 2FA ในการ Authentication เข้าระบบ ถ้าเป็น Server Password จะถูก Reset ทุก 720 นาที การขอเข้าใช้ต้องมี Incident No. กว่าจะเสร็จขี้เกียจทำงานแล้ว 55555", "date": "18-02-2019 11:48", "retweet": 1, "like": 0}]