[{"id": "1097400136404062209", "url": "https://twitter.com/dhoundoun/status/1097400136404062209", "username": "", "text": "เหลืออีกไม่ถึง 2 วัน กับระบบลงทะเบียนขอใช้สิทธิเลือกตั้งล่วงหน้า หมดเขต 19.02.2019 เวลา 24.00 น. https:// election.bora.dopa.go.th/ectoutvote/ #เลือกตั้งประเทศไทย2562", "date": "18-02-2019 14:39", "retweet": 1, "like": 0}]