[{"id": "1098867966739832833", "url": "https://twitter.com/domandoom/status/1098867966739832833", "username": "", "text": "ใครจะดีใครเลวชั่งเขา ใจเราร่มเย็นเป็นพอ", "date": "22-02-2019 15:51", "retweet": 0, "like": 0}, {"id": "1098866690031443969", "url": "https://twitter.com/domandoom/status/1098866690031443969", "username": "", "text": "Everything will be alright. pic.twitter.com/kw5KVOKyCm", "date": "22-02-2019 15:46", "retweet": 0, "like": 0}, {"id": "1098809186891091968", "url": "https://twitter.com/domandoom/status/1098809186891091968", "username": "", "text": "เอาจริงๆน่ะ ถ้ายุบพรรคไหนพรรคหนึ่ง คือเเบบ พลังประชารัฐจะไร้จุดยืนมากกว่าเดิมอีกน่ะ", "date": "22-02-2019 11:58", "retweet": 0, "like": 1}, {"id": "1098419955920293888", "url": "https://twitter.com/domandoom/status/1098419955920293888", "username": "", "text": "อย่ามั่นให้มันมากน่ะ พลังประชารัฐ รัฐประหารเกิดได้การโกง การชุมนุม ของประชาชนจำนานมากก็เช่นกัน 16ตุลา พฤษภา ทมิฬก็เช่นกัน ประชาธิปไตยเกิดขึ้นโดยการเรียกร้องของประชาชน อย่างให้ต้องทนไม่ไหว", "date": "21-02-2019 10:11", "retweet": 1, "like": 4}, {"id": "1098180362176348161", "url": "https://twitter.com/domandoom/status/1098180362176348161", "username": "", "text": "ยิ่ง ทำเเบบนี้ยิ่งต้องเลือก คสช ไม่ใช่ พระมหากษัตริย์ อย่าทำตัวเทียบเท่า #Savethanathorn", "date": "20-02-2019 18:19", "retweet": 3, "like": 3}]