[{"id": "1099392673083871232", "url": "https://twitter.com/entkom/status/1099392673083871232", "username": "", "text": "\"ป๊อบ\" ปองกูล ออกมาประกาศยอมรับว่า \"โบว์\" คือแฟน ที่คบซ้อนกับ \"ปลา\" ที่คบมาก่อน #คมชัดลึก #บันเทิงคมชัดลึก #ป๊อบปองกูล http://www. komchadluek.net/news/ent/363580", "date": "24-02-2019 02:36", "retweet": 4, "like": 2}, {"id": "1099331687240986624", "url": "https://twitter.com/entkom/status/1099331687240986624", "username": "", "text": "งานเข้า \"ป๊อบ-ปองกูล\" โดนแฉคบซ้อน ทั้ง \"โบว์\" และ \"ปลา\" มาเป็น 10 ปี #คมชัดลึก #บันเทิงคมชัดลึก #ป๊อบปองกูล http://www. komchadluek.net/news/ent/363577", "date": "23-02-2019 22:34", "retweet": 2, "like": 2}, {"id": "1099195674518728705", "url": "https://twitter.com/entkom/status/1099195674518728705", "username": "", "text": "\"มาริโอ้\" ไม่ซีเรียสเรตติ้ง \"ทองเอกหมอยาท่าโฉลง\" ไม่คงที่ #คมชัดลึก #บันเทิงคมชัดลึก #มาริโอ้เมาเร่อ #ทองเอกหมอยาท่าโฉลง http://www. komchadluek.net/news/ent/363548", "date": "23-02-2019 13:34", "retweet": 1, "like": 0}, {"id": "1099188797760098304", "url": "https://twitter.com/entkom/status/1099188797760098304", "username": "", "text": "\"เบลล่า\" ราณี ไร้แพลนสวีท \"เวียร์\" #คมชัดลึก #บันเทิงคมชัดลึก #เวียร์เบลล่า http://www. komchadluek.net/news/ent/363546", "date": "23-02-2019 13:06", "retweet": 6, "like": 19}, {"id": "1099177533025660928", "url": "https://twitter.com/entkom/status/1099177533025660928", "username": "", "text": "สกู๊ปสัมภาษณ์พิเศษ : เปิดมุมมองผู้ชายอบอุ่นในแบบ \"นาย\" ณภัทร #คมชัดลึก #บันเทิงคมชัดลึก #นายณภัทร http://www. komchadluek.net/news/ent/363540", "date": "23-02-2019 12:22", "retweet": 10, "like": 10}, {"id": "1099177450364231680", "url": "https://twitter.com/entkom/status/1099177450364231680", "username": "", "text": "\"แสตมป์\" อภิวัชร์ เดือดกลางดึกฉุนโครงการหรูก่อสร้างยันตี 2 ตั้งคำถาม \"ผิดกฎหมายไหม\" #คมชัดลึก #บันเทิงคมชัดลึก #แสตมป์อภิวัชร์ http://www. komchadluek.net/news/ent/363537", "date": "23-02-2019 12:21", "retweet": 0, "like": 0}, {"id": "1099177368516681728", "url": "https://twitter.com/entkom/status/1099177368516681728", "username": "", "text": "\"โป๊ป\" ธนวรรธน์ ยอมรับมีทุกข์ในใจเพราะข่าว #คมชัดลึก #บันเทิงคมชัดลึก #โป๊ปธนวรรธน์ http://www. komchadluek.net/news/ent/363535", "date": "23-02-2019 12:21", "retweet": 0, "like": 0}, {"id": "1099177265437396992", "url": "https://twitter.com/entkom/status/1099177265437396992", "username": "", "text": "“หยาด” หยาดทิพย์ เผยความสัมพันธ์ที่ดีต้องมีแค่สองคน #คมชัดลึก #บันเทิงคมชัดลึก #หยาดทิพย์โจแม่สาย http://www. komchadluek.net/news/ent/363525", "date": "23-02-2019 12:20", "retweet": 0, "like": 0}, {"id": "1099177145446760448", "url": "https://twitter.com/entkom/status/1099177145446760448", "username": "", "text": "\"ต้นหอม\" ศกุนตลา ลั่นไม่ปล่อยคนปล่อยข่าวเท็จลอยนวล ลั่นฟ้องแน่กล่าวทำอย. ปลอม #คมชัดลึก #บันเทิงไทย #ต้นหอมอย .ปลอม http://www. komchadluek.net/news/ent/363523", "date": "23-02-2019 12:20", "retweet": 0, "like": 0}, {"id": "1099177069785665536", "url": "https://twitter.com/entkom/status/1099177069785665536", "username": "", "text": "\"ฐิสา\" วริฏฐิสา เผยสถานะ \"ปั้นจั่น\" ปรมะ อยู่ในช่วงค่อยๆ รู้จักกัน รับกลัวที่ฝ่ายชายออกตัวแรง #คมชัดลึก #บันเทิงคมชัดลึก #ฐิสาปั้นจั่น http://www. komchadluek.net/news/ent/363521", "date": "23-02-2019 12:20", "retweet": 1, "like": 2}, {"id": "1099152153854312448", "url": "https://twitter.com/entkom/status/1099152153854312448", "username": "", "text": "(คลิป) 'แดน' ประกาศชัดแต่ง 'แพตตี้' ไม่เกิน 3 ปี #คมชัดลึก #บันเทิงไทย #แดนแพตตี้ http://www. komchadluek.net/news/ent/363527 pic.twitter.com/8ZvD6p3656", "date": "23-02-2019 10:41", "retweet": 0, "like": 2}, {"id": "1099150983295250433", "url": "https://twitter.com/entkom/status/1099150983295250433", "username": "", "text": "อกหักครึ่งประเทศ “แดน” วรเวช ประกาศชัดแต่ง \"แพตตี้\" อังศุมาลิน ภายใน 3 ปี #คมชัดลึก #บันเทิงไทย #แดนแพตตี้ http://www. komchadluek.net/news/ent/363527", "date": "23-02-2019 10:36", "retweet": 0, "like": 2}, {"id": "1099142245943398401", "url": "https://twitter.com/entkom/status/1099142245943398401", "username": "", "text": "'นาย' ปลื้มขึ้นแท่นพระเอกร้อยล้าน #คมชัดลึก #บันเทิงไทย #นายณภัทร #FriendZone http://www. komchadluek.net/news/ent/363399 pic.twitter.com/l5mF8i7mF0", "date": "23-02-2019 10:01", "retweet": 0, "like": 1}, {"id": "1099141929004978176", "url": "https://twitter.com/entkom/status/1099141929004978176", "username": "", "text": "'จีดีเอช' ฉลองรอบพิเศษ 'Friend Zone ระวัง..สิ้นสุดทางเพื่อน' #คมชัดลึก #บันเทิงคมชัดลึก #'FriendZoneระวังสิ้นสุดทางเพื่อน http://www. komchadluek.net/news/ent/363472 pic.twitter.com/uAhpk3q80R", "date": "23-02-2019 10:00", "retweet": 0, "like": 0}, {"id": "1099141688365178885", "url": "https://twitter.com/entkom/status/1099141688365178885", "username": "", "text": "(คลิป) 'ฐิสา' รับแอบกลัว 'ปั้นจั่น' #คมชัดลึก #บันเทิงคมชัดลึก #ฐิสาปั้นจั่น http://www. komchadluek.net/news/ent/363521 pic.twitter.com/IPJn3autlY", "date": "23-02-2019 09:59", "retweet": 0, "like": 1}, {"id": "1099141481606959104", "url": "https://twitter.com/entkom/status/1099141481606959104", "username": "", "text": "(คลิป) 'ต้นหอม' เอาเรื่องคนปล่อยข่าวปลอม อย. #คมชัดลึก #บันเทิงไทย #ต้นหอมศกุลตลา http://www. komchadluek.net/news/ent/363523 pic.twitter.com/dXrNhfBoHD", "date": "23-02-2019 09:58", "retweet": 0, "like": 0}, {"id": "1099141319836876800", "url": "https://twitter.com/entkom/status/1099141319836876800", "username": "", "text": "'คิดถึง' เพลงใหม่ 'ปาล์มมี่' 1 วันทะลุ 2 ล้าน #คมชัดลึก #บันเทิงคมชัดลึก #คิดถึงปาล์มมี่ http://www. komchadluek.net/news/ent/363476 pic.twitter.com/sHiqE1xWhU", "date": "23-02-2019 09:58", "retweet": 2, "like": 4}, {"id": "1099141097723318272", "url": "https://twitter.com/entkom/status/1099141097723318272", "username": "", "text": "(คลิป) 'หยาด' อุบตอบเหตุรัก 'โจ แม่สาย' ล่ม #คมชัดลึก #บันเทิงคมชัดลึก #หยาดทิพย์โจแม่สาย http://www. komchadluek.net/news/ent/363525 pic.twitter.com/5fFA3bBNo1", "date": "23-02-2019 09:57", "retweet": 0, "like": 0}, {"id": "1098823161896816640", "url": "https://twitter.com/entkom/status/1098823161896816640", "username": "", "text": "ระทึก 'ดีเจเจ็ม' เห็นคาตา นาทีรถบรรทุกชักปืนยิงเก๋งกลางถนน #คมชัดลึก http://www. komchadluek.net/news/hotclip/3 63441 … pic.twitter.com/jFHgkHDE9t", "date": "22-02-2019 12:53", "retweet": 0, "like": 0}, {"id": "1098760163308138496", "url": "https://twitter.com/entkom/status/1098760163308138496", "username": "", "text": "'สิงโต' เผยหน้าที่ต้องมาก่อนเรื่อง 'ส่วนตัว' #คมชัดลึก #บันเทิงคมชัดลึก #singtoprachaya http://www. komchadluek.net/news/ent/363376 pic.twitter.com/7O3MjcNwr3", "date": "22-02-2019 08:43", "retweet": 74, "like": 50}, {"id": "1098759986652401664", "url": "https://twitter.com/entkom/status/1098759986652401664", "username": "", "text": "(คลิป) 'อั้ม' ไม่อยากเปิดตัวใครบ่อย #อั้มไฮโซพก #คมชัดลึก #บันเทิงไทย http://www. komchadluek.net/news/ent/363389 pic.twitter.com/K5FnC1z5xJ", "date": "22-02-2019 08:42", "retweet": 0, "like": 0}, {"id": "1098759795371175936", "url": "https://twitter.com/entkom/status/1098759795371175936", "username": "", "text": "'นาย' ปลื้มขึ้นแท่นพระเอกร้อยล้าน #คมชัดลึก #บันเทิงไทย #นายณภัทร #FriendZone http://www. komchadluek.net/news/ent/363399 pic.twitter.com/siL8SWISh0", "date": "22-02-2019 08:42", "retweet": 0, "like": 1}, {"id": "1098759582359289857", "url": "https://twitter.com/entkom/status/1098759582359289857", "username": "", "text": "'เลิฟอีส' ประกาศ 'ROOM39' ยุบวง #คมชัดลึก #บันเทิงคมชัดลึก #ROOM39 #LOVEis http://www. komchadluek.net/news/ent/363347 pic.twitter.com/Rspiv1Vowx", "date": "22-02-2019 08:41", "retweet": 1, "like": 0}, {"id": "1098580269404086272", "url": "https://twitter.com/entkom/status/1098580269404086272", "username": "", "text": "\"เลิฟอีส\" ประกาศ \"ทอม\" เป็นอิสระออกจากวง \"รูม39\" ลือสนั่นหันซบค่ายใหญ่ \"แกรมมี่ฯ\" #คมชัดลึก #บันเทิงคมชัดลึก #ทอมRoom39 http://www. komchadluek.net/news/ent/363357", "date": "21-02-2019 20:48", "retweet": 0, "like": 0}, {"id": "1098579707807727616", "url": "https://twitter.com/entkom/status/1098579707807727616", "username": "", "text": "\"สิงโต\" ปราชญา รับแอบสะเทือนใจไม่ได้ไปทำบุญครบรอบคุณแม่เหตุติดงาน #คมชัดลึก #บันเทิงคมชัดลึก #singtoprachaya http://www. komchadluek.net/news/ent/363376", "date": "21-02-2019 20:46", "retweet": 415, "like": 220}, {"id": "1098579534461325312", "url": "https://twitter.com/entkom/status/1098579534461325312", "username": "", "text": "แฟนคลับละคร 'บุพเพสันวาส' แห่โพสต์คิดถึงครบรอบ 1 ปี ร่วมกับ นักแสดง #คมชัดลึก #บันเทิงคมชัดลึก#ละครบุพเพสันนิวาส #ครบรอบ1ปีบุพเพสันนิวาส http://www. komchadluek.net/news/ent/363378", "date": "21-02-2019 20:45", "retweet": 8, "like": 5}, {"id": "1098490893827358720", "url": "https://twitter.com/entkom/status/1098490893827358720", "username": "", "text": "'มาร์กี้' ไร้กังวลภาวะเลือดจาง อุบชื่อลูก #คมชัดลึก #บันเทิงคมชัดลึก #มาร์กี้ราศรี http://www. komchadluek.net/news/ent/363300 pic.twitter.com/ZIBEL6IOtT", "date": "21-02-2019 14:53", "retweet": 0, "like": 0}, {"id": "1098423813191041024", "url": "https://twitter.com/entkom/status/1098423813191041024", "username": "", "text": "'มิ้นต์' ไม่รู้ 'สงกรานต์' ถูกย้ายเพราะ 'แมท' เจอกันไร้ปัญหา #คมชัดลึก #บันเทิงคมชัดลึก #มิ้นต์ชาลิดา #แมทสงกรานต์ http://www. komchadluek.net/news/ent/363250 pic.twitter.com/LhTEzuapwK", "date": "21-02-2019 10:26", "retweet": 2, "like": 8}, {"id": "1098377862174826497", "url": "https://twitter.com/entkom/status/1098377862174826497", "username": "", "text": "(คลิป) 'ณเดชน์' จอมวางแผน ซื้อของขวัญวาเลนไทน์ให้ 'ญาญ่า' #คมชัดลึก #บันเทิงคมชัดลึก #ณเดชน์ญาญ่า http://www. komchadluek.net/news/ent/363187 pic.twitter.com/zXeLeHMlo4", "date": "21-02-2019 07:24", "retweet": 33, "like": 77}, {"id": "1098377669761060865", "url": "https://twitter.com/entkom/status/1098377669761060865", "username": "", "text": "'ก้อง ห้วยไร่' รับแล้ว แต่งแฟนสาว 'เบลล์' มาเกือบ 2 ปี #คมชัดลึก #บันเทิงคมชัดลึก #ก้องห้วยไร่ http://www. komchadluek.net/news/ent/363226 pic.twitter.com/XhSUp5jJnE", "date": "21-02-2019 07:23", "retweet": 0, "like": 0}, {"id": "1098105964270501889", "url": "https://twitter.com/entkom/status/1098105964270501889", "username": "", "text": "'มาริโอ้' ได้เป็นหมอยาสมใจ แต่ถูก 'ปั้นจั่น' แย่ง 'คิม' #คมชัดลึก #บันเทิงคมชัดลึก #มาริโอ้เมาเร่อ http://www. komchadluek.net/news/ent/363134 pic.twitter.com/M6XM7NAZXX", "date": "20-02-2019 13:23", "retweet": 1, "like": 3}, {"id": "1098105625110708224", "url": "https://twitter.com/entkom/status/1098105625110708224", "username": "", "text": "ล่องเรือยอชต์ชมพระอาทิตย์ตก ทริปสุดฟินกับ 'มาร์ช–จุฑาวุฒิ' #คมชัดลึก #บันเทิงคมชัดลึก #มาร์ชจุฑาวุฒิ http://www. komchadluek.net/news/ent/363124 pic.twitter.com/n4Tt1vYN2r", "date": "20-02-2019 13:22", "retweet": 0, "like": 0}, {"id": "1098053864845017089", "url": "https://twitter.com/entkom/status/1098053864845017089", "username": "", "text": "'โดนัท'แฮปปี้เล่นคู่ 'ตุ้ย' ไร้ปัญหา #คมชัดลึก #บันเทิงไทย #โดนัทมนัสนันท์ http://www. komchadluek.net/news/ent/363096 pic.twitter.com/p3vE2oUBLz", "date": "20-02-2019 09:56", "retweet": 0, "like": 0}, {"id": "1098053535428530178", "url": "https://twitter.com/entkom/status/1098053535428530178", "username": "", "text": "เม้าท์นอกจอ วันพุธที่ 20 ก.พ. #เม้าท์นอกจอ #คมชัดลึก #บันเทิงไทย http://www. komchadluek.net/news/ent/363097 pic.twitter.com/WWRUOP4Hba", "date": "20-02-2019 09:55", "retweet": 0, "like": 0}, {"id": "1097764749746434049", "url": "https://twitter.com/entkom/status/1097764749746434049", "username": "", "text": "'แพนเค้ก' ภูมิใจ เข้าชิงกับดาราระดับโลกใน 'ศรีอโยธยา' #คมชัดลึก #บันเทิงคมชัดลึก #ศรีอโยธยา #แพนเค้กเขมนิจ http://www. komchadluek.net/news/ent/363045 pic.twitter.com/f2BEiKFtZe", "date": "19-02-2019 14:48", "retweet": 0, "like": 0}, {"id": "1097756384555233280", "url": "https://twitter.com/entkom/status/1097756384555233280", "username": "", "text": "\"เคน-ธีรเดช\" ควง \"หน่อย\" ฉลองครบรอบ 11 ปีแต่งงาน ไร้ของขวัญ #คมชัดลึก #บันเทิงคมชัดลึก #เคนธีรเดช http://www. komchadluek.net/news/ent/363040 pic.twitter.com/W96hDWhysL", "date": "19-02-2019 14:14", "retweet": 0, "like": 0}, {"id": "1097718302640492546", "url": "https://twitter.com/entkom/status/1097718302640492546", "username": "", "text": "ลือ วิวาห์ 'กวาง-น้ำหวาน' สินสอด 8 หลัก #คมชัดลึก #บันเทิงคมชัดลึก #กวางน้ำหวาน http://www. komchadluek.net/news/ent/363018 pic.twitter.com/eQnciZLRb2", "date": "19-02-2019 11:43", "retweet": 0, "like": 1}, {"id": "1097714508988993537", "url": "https://twitter.com/entkom/status/1097714508988993537", "username": "", "text": "เม้าท์นอกจอ วันอังคารที่ 19 กุมภาพันธ์ #คมชัดลึก #บันเทิงไทย #เม้าท์นอกจอ http://www. komchadluek.net/news/ent/362997 pic.twitter.com/c0F2efz0wU", "date": "19-02-2019 11:28", "retweet": 0, "like": 1}, {"id": "1097714381167636481", "url": "https://twitter.com/entkom/status/1097714381167636481", "username": "", "text": "'ปันปัน' ดราม่าขั้นสุด #คมชัดลึก #บันเทิงไทย #ปันปันนน http://www. komchadluek.net/news/ent/362851 pic.twitter.com/cP6ObFC6lV", "date": "19-02-2019 11:27", "retweet": 0, "like": 0}, {"id": "1097714216075550720", "url": "https://twitter.com/entkom/status/1097714216075550720", "username": "", "text": "'บูม' หยอดคำหวานอยากให้'กีฟ'อยู่ได้แม้วันที่ไม่มีผม #คมชัดลึก #บันเทิงไทย #บูมกิตตน์ก้อง http://www. komchadluek.net/news/ent/362942 pic.twitter.com/PQWXRGt7KL", "date": "19-02-2019 11:27", "retweet": 1, "like": 0}, {"id": "1097714001432141825", "url": "https://twitter.com/entkom/status/1097714001432141825", "username": "", "text": "'พรหมลิขิต (บุพเพสันนิวาส 2)' เน้นความเป็นอยุธยา #คมชัดลึก #บันเทิงคมชัดลึก #บุพเพสันนิวาส http://www. komchadluek.net/news/ent/362964 pic.twitter.com/nKpwhlTeiu", "date": "19-02-2019 11:26", "retweet": 2, "like": 5}, {"id": "1097713793042329600", "url": "https://twitter.com/entkom/status/1097713793042329600", "username": "", "text": "'ญาญ่า' เผยนาทีแพ้ยารอบสอง ปลื้ม 'ณเดชน์' ซื้อกล้องให้ #คมชัดลึก #บันเทิงคมชัดลึก #ญาญ่าอุรัสยา http://www. komchadluek.net/news/ent/362982 pic.twitter.com/Gc0TkRsAhC", "date": "19-02-2019 11:25", "retweet": 0, "like": 2}, {"id": "1097713613022740480", "url": "https://twitter.com/entkom/status/1097713613022740480", "username": "", "text": "'ชาม' ยอมรับห่าง 'สามี' แต่ไม่เลิก ปัดถูกซ้อม #บันเทิงคมชัดลึก #ชามไอวริญท์ http://www. komchadluek.net/news/ent/362983 pic.twitter.com/ZqNvQLkhMR", "date": "19-02-2019 11:24", "retweet": 0, "like": 0}, {"id": "1097567752447877120", "url": "https://twitter.com/entkom/status/1097567752447877120", "username": "", "text": "\"ชาม\" ไอยวริญท์ รอสถานะชัดเจนค่อยตอบ #คมชัดลึก #บันเทิงคมชัดลึก #ชามไอวริญท์ http://www. komchadluek.net/news/ent/362983", "date": "19-02-2019 01:45", "retweet": 0, "like": 0}, {"id": "1097567667253178370", "url": "https://twitter.com/entkom/status/1097567667253178370", "username": "", "text": "\"ญาญ่า\" อุรัสยา เชื่อแพ้ยาไม่น่าเกี่ยวกับเบญจเพส #คมชัดลึก #บันเทิงคมชัดลึก #ญาญ่าอุรัสยา http://www. komchadluek.net/news/ent/362982", "date": "19-02-2019 01:44", "retweet": 0, "like": 0}, {"id": "1097567591722151938", "url": "https://twitter.com/entkom/status/1097567591722151938", "username": "", "text": "\"หมอริท\" เรืองฤทธิ์ ขอบคุณทุกเสียงชื่นชม หลังช่วยเหลือคนเจ็บ #คมชัดลึก #บันเทิงคมชัดลึก #ริทเรืองฤทธิ์ #ริทเดอะสตาร์ http://www. komchadluek.net/news/ent/362965", "date": "19-02-2019 01:44", "retweet": 45, "like": 24}, {"id": "1097567497409126400", "url": "https://twitter.com/entkom/status/1097567497409126400", "username": "", "text": "เสียงชื่นชม “พัคโบกอม” ... “น่ารักมากพ่อเอ๊ย!” #คมชัดลึก #บันเทิงคมชัดลึก #ParkBoGum http://www. komchadluek.net/news/ent/362968", "date": "19-02-2019 01:44", "retweet": 1, "like": 1}, {"id": "1097567413640392705", "url": "https://twitter.com/entkom/status/1097567413640392705", "username": "", "text": "\"แดง\" ศัลยา แอบแซว \"โป๊ป\" ธนวรรธน์ และ \"เบลล่า\" ราณี ต้องดูเป็นเด็กจนถึงละคร \"พรหมลิขิต\" #คมชัดลึก #บันเทิงคมชัดลึก #บุพเพสันนิวาส http://www. komchadluek.net/news/ent/362964", "date": "19-02-2019 01:43", "retweet": 0, "like": 0}, {"id": "1097567314386382848", "url": "https://twitter.com/entkom/status/1097567314386382848", "username": "", "text": "ตอนจบละคร \"สารวัตรใหญ่\" เรตติ้งทะลุ 11 ไปอย่างสวยงาม #คมชัดลึก #บันเทิงคมชัดลึก #สารวัตรใหญ่ http://www. komchadluek.net/news/ent/362953", "date": "19-02-2019 01:43", "retweet": 0, "like": 1}, {"id": "1097567221725818880", "url": "https://twitter.com/entkom/status/1097567221725818880", "username": "", "text": "“บูม” กิตตน์ก้อง รับ “กีฟ” ดราภดา ตกใจโดนเซอร์ไพร์สวันเกิด แย้มแต่งแน่ไม่เกิน 3 ปี #คมชัดลึก #บันเทิงไทย #บูมกิตตน์ก้อง http://www. komchadluek.net/news/ent/362942", "date": "19-02-2019 01:43", "retweet": 0, "like": 0}, {"id": "1097397378213044224", "url": "https://twitter.com/entkom/status/1097397378213044224", "username": "", "text": "(คลิป) 'นิว' เผยสาเหตุไม่ต่อสัญญาช่อง 7HD #คมชัดลึก #บันเทิงคมชัดลึก #นิววงศกร http://www. komchadluek.net/news/ent/362838 pic.twitter.com/Nr9fgbnbEV", "date": "18-02-2019 14:28", "retweet": 0, "like": 1}, {"id": "1097379565628940294", "url": "https://twitter.com/entkom/status/1097379565628940294", "username": "", "text": "โผ 'ละครไทย' เข้าชิง 'คมชัดลึกอวอร์ด' รอบสุดท้าย #คมชัดลึก #บันเทิงคมชัดลึก #คมชัดลึกอวอร์ด http://www. komchadluek.net/news/ent/362882 pic.twitter.com/Cv2w2ESvGw", "date": "18-02-2019 13:17", "retweet": 4, "like": 1}, {"id": "1097320657237331969", "url": "https://twitter.com/entkom/status/1097320657237331969", "username": "", "text": "'อั้ม' หวานอวยพรวันเกิด 'ไฮโซพก' #คมชัดลึก #บันเทิงคมชัดลึก #อั้มไฮโซพก http://www. komchadluek.net/news/ent/362846 pic.twitter.com/Ypg54a7vF1", "date": "18-02-2019 09:23", "retweet": 0, "like": 0}, {"id": "1097320503373492224", "url": "https://twitter.com/entkom/status/1097320503373492224", "username": "", "text": "ประมวลภาพ \"โทรทัศน์ทองคำครั้งที่ 33 ประจำปี 2561\" #คมชัดลึก #บันเทิงคมชัดลึก #โทรทัศน์ทองคำครั้งที่33 http://www. komchadluek.net/news/ent/362812 pic.twitter.com/GCvM1P6pjG", "date": "18-02-2019 09:22", "retweet": 0, "like": 0}]