[{"id": "1099270931279564800", "url": "https://twitter.com/EspressoAmI/status/1099270931279564800", "username": "", "text": "โอ้โหถ้าแบบนี้ก็จบเห่ครับ แต่ถ้าไม่ใช่กาวก็ใช้วิธีที่แนะนำได้", "date": "23-02-2019 18:33", "retweet": 0, "like": 1}, {"id": "1099257055288819713", "url": "https://twitter.com/EspressoAmI/status/1099257055288819713", "username": "", "text": "ควรบูรณาการ ทุกๆสถานีตำรวจใน1จังหวัดรวมศูนย์เป็นสถานีตำรวจจังหวัดแล้วให้ สน อำเภอ ตำบลต่างๆเป็นศูนย์รับเรื่องดำเนินการจัดการโดยแจ้งผลมายังสถานีตำรวจจังหวัดของตนไม่ต้องเกี่ยงว่าพื้นที่ไหนรับผิดชอบเขตไหน โดยกำหนด kpi ว่า สน.ไหนรับเรื่องดำเนินการมากสุดไวสุดถือเป็นผลงานเลื่ิอนขั้น", "date": "23-02-2019 17:37", "retweet": 0, "like": 2}, {"id": "1099253982541766656", "url": "https://twitter.com/EspressoAmI/status/1099253982541766656", "username": "", "text": "ชีวิตไม่แน่นอน จะนอนแน่ๆก็ตอนสวดอภิธรรม", "date": "23-02-2019 17:25", "retweet": 1, "like": 3}, {"id": "1099243031897661440", "url": "https://twitter.com/EspressoAmI/status/1099243031897661440", "username": "", "text": "@js100radio พี่เขาบรรทุกมาขนาดนี้ได้เหรอ @ถนนศรีนครินทร์มุ่งหน้าซีคอน pic.twitter.com/UNcQgUqwMX", "date": "23-02-2019 16:42", "retweet": 0, "like": 0}, {"id": "1099149200317571072", "url": "https://twitter.com/EspressoAmI/status/1099149200317571072", "username": "", "text": "แก้ไขง่ายๆคนพับ ก่อนส่งธนาคารเสียเวลาใช้เตารีดรีดโดยวางธนบัตรให้เต็มผ้ารองรีดแล้วรีดทับสักนิดก็เรียบแล้ว", "date": "23-02-2019 10:29", "retweet": 0, "like": 0}, {"id": "1099116443344371712", "url": "https://twitter.com/EspressoAmI/status/1099116443344371712", "username": "", "text": "ควรใำ้ตุ๊กตุ๊ก ติดมิเตอร์ด้วย", "date": "23-02-2019 08:19", "retweet": 0, "like": 1}, {"id": "1099101977642917888", "url": "https://twitter.com/EspressoAmI/status/1099101977642917888", "username": "", "text": "การตัดต่อภาพแบบนี้ ทำให้ดูเหมือนนายกเห็นดีด้วย มันคงเป็นภาพคนละงานเลย", "date": "23-02-2019 07:21", "retweet": 0, "like": 0}, {"id": "1099101420530282497", "url": "https://twitter.com/EspressoAmI/status/1099101420530282497", "username": "", "text": "ดึงสติหน่อยอาจารย์", "date": "23-02-2019 07:19", "retweet": 0, "like": 0}, {"id": "1098846045830664192", "url": "https://twitter.com/EspressoAmI/status/1098846045830664192", "username": "", "text": "จะจริงหลอก บอกติดตาม ให้ถามไถ่ จริงเท็จไร ไร้กังขา พาฉงน หากพูดจริง สิ่งไหน ไร้กังวล กาลเปลี่ยนพ้น คำพูดตน ไม่ปนเปลี่ยน คำโกหก หมกหมุ่น วุ่นให้คิด แสร้งจริต บิดเบืิอน กลบเกลื่อนตน กาลเวลา พาเปลี่ยนไป ให้สับสน คำพูดตน ก็วนเวียน เปลี่ยนไปเรื่อย", "date": "22-02-2019 14:24", "retweet": 0, "like": 0}, {"id": "1098813202412892160", "url": "https://twitter.com/EspressoAmI/status/1098813202412892160", "username": "", "text": "เกลียดกลัวนักการเมืองประชาธิปไตยสันดานโจรมากกว่าเผด็จการที่ทำให้ปชชไม่ต้องผวาระเบิด เผาเมือง ยิงถล่มวัดพระแก้ว M79หน้าBig C ประตูน้ำ เผาCentral", "date": "22-02-2019 12:14", "retweet": 0, "like": 1}, {"id": "1098812625079623680", "url": "https://twitter.com/EspressoAmI/status/1098812625079623680", "username": "", "text": "แก้ไขง่ายๆคนพับ ก่อนส่งธนาคารเสียเวลาใช้เตารีดรีดโดยวางธนบัตรให้เต็มผ้ารองรีดแล้วรีดทับสักนิดก็เรียบแล้ว", "date": "22-02-2019 12:11", "retweet": 15, "like": 9}, {"id": "1098812053106548737", "url": "https://twitter.com/EspressoAmI/status/1098812053106548737", "username": "", "text": "ทุกๆพรรคการเมืองล้วนอยากเข้ามาเป็นรัฐบาลโดยไม่เคยมองตัวตนจริงๆเลยว่าตนเองและพวกตนมีความสามารถขนาดนั้นเลยรึ", "date": "22-02-2019 12:09", "retweet": 0, "like": 0}, {"id": "1098786957298098178", "url": "https://twitter.com/EspressoAmI/status/1098786957298098178", "username": "", "text": "ภาพแบบนี้เรียก อวยไส้แตก", "date": "22-02-2019 10:29", "retweet": 0, "like": 2}, {"id": "1098786853530959872", "url": "https://twitter.com/EspressoAmI/status/1098786853530959872", "username": "", "text": "Thailand 4.0 ยังมีคนหาของดำไหว้ราหู", "date": "22-02-2019 10:29", "retweet": 0, "like": 1}, {"id": "1098765009583108096", "url": "https://twitter.com/EspressoAmI/status/1098765009583108096", "username": "", "text": "พรรคนี้ชอบ รัก แจกหญ้าฟรีตลอดชีพ", "date": "22-02-2019 09:02", "retweet": 0, "like": 0}, {"id": "1098545236546969602", "url": "https://twitter.com/EspressoAmI/status/1098545236546969602", "username": "", "text": "ทุกอาชีพย่อมมีคุณค่าหากอยู่กรอบของกฎหมาย ควรถือว่าเป็นอาชีพสุจริต #พริตตี้", "date": "21-02-2019 18:29", "retweet": 0, "like": 0}, {"id": "1098400827310432256", "url": "https://twitter.com/EspressoAmI/status/1098400827310432256", "username": "", "text": "เหตุแผ่นดินไหว เพราะบางกลุ่มบางพวกหนักแผ่นดินกำลังจะกลับเข้าสภา", "date": "21-02-2019 08:55", "retweet": 0, "like": 0}, {"id": "1098377787486887936", "url": "https://twitter.com/EspressoAmI/status/1098377787486887936", "username": "", "text": "ประวัติตนเองยังผิดพลาดแล้วงานบริหารชาติจะไว้ใจมันได้ไง", "date": "21-02-2019 07:24", "retweet": 0, "like": 0}, {"id": "1098377279342665728", "url": "https://twitter.com/EspressoAmI/status/1098377279342665728", "username": "", "text": "สามัญสำนึก หล่นหาย", "date": "21-02-2019 07:22", "retweet": 0, "like": 1}, {"id": "1098377063524777984", "url": "https://twitter.com/EspressoAmI/status/1098377063524777984", "username": "", "text": "เวอร์ดีแท้", "date": "21-02-2019 07:21", "retweet": 0, "like": 0}, {"id": "1098370494259126272", "url": "https://twitter.com/EspressoAmI/status/1098370494259126272", "username": "", "text": "สามัญสำนึกขาดหาย ถึงแม้ว่าเป็นรปภ เข็นรถผู้พิการออกเมื่อคุณเห็นว่าเป็นที่จอดรถผู้พิการ ทำไมเข้าจอดละครับ", "date": "21-02-2019 06:55", "retweet": 0, "like": 1}, {"id": "1098370049037918212", "url": "https://twitter.com/EspressoAmI/status/1098370049037918212", "username": "", "text": "เข้าวัดวา พาทำบุญ หนุนบารมี เก็บตัวดี มีศรัทธา น่าเลื่อมใส เข้าทางธรรม ตัดกรรม ทำดีไซร์ หาเสียงไหง ทำไมมาร หางนางโผล่ นึกว่าดี มีบุญนำ กรรมขาดหาย ไหงกลับกลาย คล้ายชุบตัว ชั่วล้น อ้างศาสนา หาหนทาง มาพรางตน หนีไม่พ้น คนร่างมาร นางเสแสร้ง", "date": "21-02-2019 06:53", "retweet": 0, "like": 2}, {"id": "1098169041045209088", "url": "https://twitter.com/EspressoAmI/status/1098169041045209088", "username": "", "text": "ราคาค่าบริการวินกับ taxi แทบไม่ต่างกัน ไม่รีบนั่งtaxiดีกว่า", "date": "20-02-2019 17:34", "retweet": 0, "like": 0}, {"id": "1098044340998332416", "url": "https://twitter.com/EspressoAmI/status/1098044340998332416", "username": "", "text": "ยิ้มสยาม มาหยามกัน มันไทยฤา ไอ้กระบือ คือคนหมิ่น ถิ่นสยาม ประณามชน คนไทย ไร้หลักการ ส่อสันดาน มารเนรคุณ สถุลคน เกิดใต้ร่ม โพธิทอง ของถิ่นไทย กลับจัญไร ไม่เห็นค่า มาเสียดสี เหยียบย่ำไทย ให้ไร้ค่า หน้าทรพี ไอ้อัปรีย์ นี่โคตรใด ใครบอกที", "date": "20-02-2019 09:19", "retweet": 0, "like": 0}, {"id": "1098042963664429057", "url": "https://twitter.com/EspressoAmI/status/1098042963664429057", "username": "", "text": "ยุค 4.0 ยังมีคนแบบนี้ได้ไง", "date": "20-02-2019 09:13", "retweet": 0, "like": 0}, {"id": "1098028948036870144", "url": "https://twitter.com/EspressoAmI/status/1098028948036870144", "username": "", "text": "ยิ้มสยาม มาหยามกัน มันไทยฤา ไอ้กระบือ คือคนหมิ่น ถิ่นสยาม ประณามชน คนไทย ไร้หลักการ ส่อสันดาน มารเนรคุณ สถุลคน เกิดใต้ร่ม โพธิทอง ของถิ่นไทย กลับจัญไร ไม่เห็นค่า มาเสียดสี เหยียบย่ำไทย ให้ไร้ค่า หน้าทรพีไอ้อัปรีย์ นี่โคตรใด ใครบอกที", "date": "20-02-2019 08:17", "retweet": 0, "like": 2}, {"id": "1098025611816099840", "url": "https://twitter.com/EspressoAmI/status/1098025611816099840", "username": "", "text": "หลักการดี แต่บริหารทีไรหลักการเยอะจนงานไม่เดิน", "date": "20-02-2019 08:04", "retweet": 0, "like": 0}, {"id": "1098025258865647618", "url": "https://twitter.com/EspressoAmI/status/1098025258865647618", "username": "", "text": "อยากเห็นคนๆนี้เป็น ผบตร https:// twitter.com/SpringNews_TV/ status/1098012949396897792 …", "date": "20-02-2019 08:03", "retweet": 0, "like": 0}, {"id": "1098025172471140352", "url": "https://twitter.com/EspressoAmI/status/1098025172471140352", "username": "", "text": "คนนี้อยากให้เป็น ผบตร", "date": "20-02-2019 08:02", "retweet": 0, "like": 1}, {"id": "1098025031207014400", "url": "https://twitter.com/EspressoAmI/status/1098025031207014400", "username": "", "text": "ชาติจะแตกเพราะพวกหนักแผ่นดินจ้องทำลายชาติประชาชน เพลงสื่อถึงประเภทคนหนักแผ่นดิน ใครไม่เข้าข่ายจะเดือดร้อนทำไม", "date": "20-02-2019 08:02", "retweet": 1, "like": 1}, {"id": "1097724321307406336", "url": "https://twitter.com/EspressoAmI/status/1097724321307406336", "username": "", "text": "#กำแพงทรัมป์ กั้นสิทธิมนุษยชน #USAWall", "date": "19-02-2019 12:07", "retweet": 0, "like": 0}, {"id": "1097698234095431680", "url": "https://twitter.com/EspressoAmI/status/1097698234095431680", "username": "", "text": "ผวาเลย นโยบายมึง https:// twitter.com/thaipost/statu s/1097477779149357056 …", "date": "19-02-2019 10:23", "retweet": 0, "like": 0}, {"id": "1097697633643024384", "url": "https://twitter.com/EspressoAmI/status/1097697633643024384", "username": "", "text": "ฉิบหายเลย เอานรกเข้าประเทศ", "date": "19-02-2019 10:21", "retweet": 1, "like": 1}, {"id": "1097697344080863233", "url": "https://twitter.com/EspressoAmI/status/1097697344080863233", "username": "", "text": "พลาดมากที่วกกลับมาในวังวนการมือง เป็นอดีตผู้นำ กปปส มันสง่างามมาก", "date": "19-02-2019 10:20", "retweet": 0, "like": 0}, {"id": "1097440870956027904", "url": "https://twitter.com/EspressoAmI/status/1097440870956027904", "username": "", "text": "จะมาล้างแค้น รึ เป็น ผู้แทนประชาชน", "date": "18-02-2019 17:21", "retweet": 0, "like": 3}, {"id": "1097440215801556992", "url": "https://twitter.com/EspressoAmI/status/1097440215801556992", "username": "", "text": "จะมาล้างแค้น รึเป็นผู้แทนประชาชน #เลือกตั้ง2562 #เลือกตั้ง62", "date": "18-02-2019 17:18", "retweet": 0, "like": 0}, {"id": "1097440036616691712", "url": "https://twitter.com/EspressoAmI/status/1097440036616691712", "username": "", "text": "ไม่แค่หน่อย พูดพร่อยดี ตีฝีปาก สันติยาก หากแบ่งแยก ให้แปลกออก มิทันไร ไปตีกิน ลิ้นกระฉอก หางกลายงอก บอกสัญลักษณ์ พวกพักตร์มาร นโยบาย คล้ายๆกัน ยันตัวพ่อ สมองฝ่อ ดีแต่ป้อ พอสีสัน รับคำสั่ง ทั้งสาวก เช๊ารกนั่น จะยกมัน ผันตัวแทน แก้แค้นกัน เกมส์การเมืิอง เรื่องล้างแค้น แทนทำดี", "date": "18-02-2019 17:17", "retweet": 0, "like": 1}, {"id": "1097429388319027200", "url": "https://twitter.com/EspressoAmI/status/1097429388319027200", "username": "", "text": "วาทะกรรมควายๆ ผู้ที่ต้องการมีอำนาจบารมีอยู่เหนืิกลไกรัฐทั้งหมดก็พวกนักการเมืองเหี้ยๆนี่แหละ จะได้กำหนดนโยบายสร้างเงินในกระเป๋าให้โคตรมันจากงบประมาณแผ่นดินและ%จากภาคเอกชนในการลงทุนต่างๆ", "date": "18-02-2019 16:35", "retweet": 0, "like": 2}, {"id": "1097428279407955969", "url": "https://twitter.com/EspressoAmI/status/1097428279407955969", "username": "", "text": "แบบนี้ ต่อมสามัญสำนึกขาดหาย", "date": "18-02-2019 16:31", "retweet": 0, "like": 0}, {"id": "1097427952352907264", "url": "https://twitter.com/EspressoAmI/status/1097427952352907264", "username": "", "text": "ไม่รู้ ก็ต้องตรวจสอบ", "date": "18-02-2019 16:29", "retweet": 0, "like": 0}, {"id": "1097318852805853184", "url": "https://twitter.com/EspressoAmI/status/1097318852805853184", "username": "", "text": "รวมพลเอี้ย เตี่ยส่งลูก รุกลงช่วย พากันอวย ช่วยหาเสียง เหตุเพลี้ยงพล้ำ รักษาชาติ พลาดพลั้ง ทั้งขมำ โอ๊คอ๊ากจำ ทำแทนเตี่ย พาเอี้ยลุย หมดมุขแย่ แห่ลูกชาย ออกขายเร่ หวังเสียงเท เพทุบาย ชายต่างแดน ดิ้นสุดฤทธิ์ เร่งพิชิต คิดแก้แค้น อยู่ต่างแดน มันแสนเศร้า เฒ่าหนีคุก", "date": "18-02-2019 09:16", "retweet": 1, "like": 1}]