[{"id": "1099338591858085888", "url": "https://twitter.com/extra_JK/status/1099338591858085888", "username": "", "text": "ถ้าสนใจวันเสาร์ A1-3 ราคา 4500 DM มาได้นะคะ", "date": "23-02-2019 23:01", "retweet": 0, "like": 0}, {"id": "1099234318902222848", "url": "https://twitter.com/extra_JK/status/1099234318902222848", "username": "", "text": "ขอบคุณมากค่ะ", "date": "23-02-2019 16:07", "retweet": 0, "like": 0}, {"id": "1099221924465373184", "url": "https://twitter.com/extra_JK/status/1099221924465373184", "username": "", "text": "แล้วสรุปการรับบัตรแข็งนี่ยังไงหรอคะ ?? พอจะทราบข้อมูลกันมั้ยคะ ??", "date": "23-02-2019 15:18", "retweet": 0, "like": 1}, {"id": "1098843244346040320", "url": "https://twitter.com/extra_JK/status/1098843244346040320", "username": "", "text": "สุดๆ ไปเลยจ้า ปทท. #หยุดพรบมั่นคงไซเบอร์ pic.twitter.com/4bYnwm3tkZ", "date": "22-02-2019 14:13", "retweet": 4, "like": 1}, {"id": "1098630047676522496", "url": "https://twitter.com/extra_JK/status/1098630047676522496", "username": "", "text": "รอวันที่ 23 ก.พ เลยยยย อยากดูมากกก ยายเข้าใจคิดอ่ะ เอานักการเมืองมาออกรายการแบบนี้ คนจะได้เห็นมุมอื่นๆ บ้าง #ทอล์กกะเทย #อนาคตใหม่ #เพื่อไทย #ประชาธิปัตย์ #เลือกตั้ง62", "date": "22-02-2019 00:06", "retweet": 0, "like": 0}, {"id": "1097936177695358976", "url": "https://twitter.com/extra_JK/status/1097936177695358976", "username": "", "text": "ตี 2 แล้ว ทำไมกุต้องมาขำอะไรแบบนี้ 555555555555555 https:// twitter.com/hundredperx/st atus/1097502975566569472 …", "date": "20-02-2019 02:09", "retweet": 0, "like": 0}, {"id": "1097896444365684736", "url": "https://twitter.com/extra_JK/status/1097896444365684736", "username": "", "text": "ถ้ากดคิวได้ดี จะมารับกดบัตรเด้อ !! รับ 2-3 คนพอ เพราะต้องกดให้น้อง 1 ใบอยู่แล้ว มั่นหน้าในเน็ตบ้าน 55555 #PARKJIHOONinBANGKOK", "date": "19-02-2019 23:31", "retweet": 0, "like": 1}, {"id": "1097694036440170496", "url": "https://twitter.com/extra_JK/status/1097694036440170496", "username": "", "text": "คนน่ารัก ยังไงก็น่ารัก https:// twitter.com/kookpics/statu s/1097460790674767873 …", "date": "19-02-2019 10:07", "retweet": 0, "like": 0}]