[{"id": "1099305360706265088", "url": "https://twitter.com/fahskyx/status/1099305360706265088", "username": "", "text": "อยากกินหนมจีนสันป่าข่อย", "date": "23-02-2019 20:49", "retweet": 1, "like": 0}, {"id": "1099251496279932928", "url": "https://twitter.com/fahskyx/status/1099251496279932928", "username": "", "text": "มีใครที่แบบหิวข้าวแต่ไม่อยากไปคนเดียวชวนคนอื่นแล้วไม่ไปบ้างป่ะ แบบอยากรับงานไปกินข้าวเป็นเพื่อนค่าจ้างคือข้าว 555555555555555", "date": "23-02-2019 17:15", "retweet": 1, "like": 0}, {"id": "1099242919741992960", "url": "https://twitter.com/fahskyx/status/1099242919741992960", "username": "", "text": "เน็ตหอเธอเป็นเหี้ยอะไร", "date": "23-02-2019 16:41", "retweet": 1, "like": 0}, {"id": "1099187121313611776", "url": "https://twitter.com/fahskyx/status/1099187121313611776", "username": "", "text": "ชอบคำว่าไม่ให้ราคาค่ะ 55555555555", "date": "23-02-2019 13:00", "retweet": 0, "like": 0}, {"id": "1099174179427934208", "url": "https://twitter.com/fahskyx/status/1099174179427934208", "username": "", "text": "อย่าปิดวายฟายด้วย 555555555", "date": "23-02-2019 12:08", "retweet": 0, "like": 0}, {"id": "1099173619706388480", "url": "https://twitter.com/fahskyx/status/1099173619706388480", "username": "", "text": "สมุดหมดอีกแล้วโหวยยยยยยย", "date": "23-02-2019 12:06", "retweet": 0, "like": 0}, {"id": "1099139899322597376", "url": "https://twitter.com/fahskyx/status/1099139899322597376", "username": "", "text": "ความสามารถพิเศษ : ขี้ชิป pic.twitter.com/Kk9qmX2ewL", "date": "23-02-2019 09:52", "retweet": 0, "like": 0}, {"id": "1099138750028730368", "url": "https://twitter.com/fahskyx/status/1099138750028730368", "username": "", "text": "ก็วันนั้นไงที่เราเดินผ่าน แถวๆเชลเตอร์", "date": "23-02-2019 09:47", "retweet": 0, "like": 0}, {"id": "1099138658387427333", "url": "https://twitter.com/fahskyx/status/1099138658387427333", "username": "", "text": "ค้นพบแล้วว่าช่วงเวลาที่ดีที่สุดคือไม่ดึกมากๆก็เช้าไปเลย สงบสัสๆ อยากกลับบ้านเลยถ้าเป็นที่บ้านก็จะมีบรรยากาศดีๆอยู่ด้วย อห เดอะเบสอ่ะ", "date": "23-02-2019 09:47", "retweet": 0, "like": 0}, {"id": "1098893467382513664", "url": "https://twitter.com/fahskyx/status/1098893467382513664", "username": "", "text": "@_nenep https:// twitter.com/iampeenut_/sta tus/1097837921946591232 …", "date": "22-02-2019 17:33", "retweet": 0, "like": 0}, {"id": "1098660859792904192", "url": "https://twitter.com/fahskyx/status/1098660859792904192", "username": "", "text": "เชี่ยอย่างขาว อิเวง ไม่ไหวๆๆๆๆๆๆ pic.twitter.com/TjRyVfMUKT", "date": "22-02-2019 02:08", "retweet": 0, "like": 0}, {"id": "1098660265363566592", "url": "https://twitter.com/fahskyx/status/1098660265363566592", "username": "", "text": "พรุ่งนี้ต้องกินกาแฟแต่เช้าแน่ๆ", "date": "22-02-2019 02:06", "retweet": 0, "like": 0}, {"id": "1098659443552579589", "url": "https://twitter.com/fahskyx/status/1098659443552579589", "username": "", "text": "She is the Hidden Weapon of JYP! Hwang Ye Ji, Please Come Up on the Stag... https:// youtu.be/E-4ozjQMLU8 via @YouTube", "date": "22-02-2019 02:03", "retweet": 0, "like": 0}, {"id": "1098640586586742784", "url": "https://twitter.com/fahskyx/status/1098640586586742784", "username": "", "text": "อ้าว กูก็ไม่เคยถึงขั้นปิดทรศนะ แค่เปิดแอร์เพลนโหมดมาตลอด", "date": "22-02-2019 00:48", "retweet": 0, "like": 0}, {"id": "1098625932254834692", "url": "https://twitter.com/fahskyx/status/1098625932254834692", "username": "", "text": "'โคตรนักเลงหน้าบากจะแพ้ก็แค่เตียงนอน' 55555555555555 อห จบแล้ว https:// twitter.com/wan_soloist/st atus/1098475569644068864 …", "date": "21-02-2019 23:50", "retweet": 0, "like": 0}, {"id": "1098623390384939008", "url": "https://twitter.com/fahskyx/status/1098623390384939008", "username": "", "text": "ละคือใจเย็นแค่เรื่องอ่านหนังสือด้วยนะ ปกติหัวร้อนกับทุกสิ่ง", "date": "21-02-2019 23:40", "retweet": 0, "like": 0}, {"id": "1098623284545970176", "url": "https://twitter.com/fahskyx/status/1098623284545970176", "username": "", "text": "เกลียดความใจเย็นของตัวเอง", "date": "21-02-2019 23:39", "retweet": 0, "like": 0}, {"id": "1098556113362898944", "url": "https://twitter.com/fahskyx/status/1098556113362898944", "username": "", "text": "หลับแบบหลับสนิทสุดอ่ะ", "date": "21-02-2019 19:12", "retweet": 0, "like": 0}, {"id": "1098497324001636352", "url": "https://twitter.com/fahskyx/status/1098497324001636352", "username": "", "text": "เข้าไปดูมาละ หมดเวลาจองไปแล้วอิห้าาาา อยากไปๆๆๆ", "date": "21-02-2019 15:19", "retweet": 0, "like": 0}, {"id": "1098495552222826496", "url": "https://twitter.com/fahskyx/status/1098495552222826496", "username": "", "text": "อยากไปบาหลีอ่ะๆๆๆ", "date": "21-02-2019 15:12", "retweet": 0, "like": 0}, {"id": "1098495079956672512", "url": "https://twitter.com/fahskyx/status/1098495079956672512", "username": "", "text": "@Auy_z https:// twitter.com/tidpromo/statu s/1093813882940870656 …", "date": "21-02-2019 15:10", "retweet": 0, "like": 0}, {"id": "1098494177703165952", "url": "https://twitter.com/fahskyx/status/1098494177703165952", "username": "", "text": "อะไรคือการรีข่าวกฏหมายไอทีอยู่แล้วมีเบอร์แปลกแบบเลข 4 หลักโทรมาวะ", "date": "21-02-2019 15:06", "retweet": 0, "like": 0}, {"id": "1098459141259948032", "url": "https://twitter.com/fahskyx/status/1098459141259948032", "username": "", "text": "ตอนเลือกตั้งใครโกงเดี๋ยวรู้ กูจะรอดูตั้งแต่เปิดหน่วยยันนับคะแนนเสร็จส่งหีบ เดะมึงเจอกู๊", "date": "21-02-2019 12:47", "retweet": 1, "like": 1}, {"id": "1098250443723923456", "url": "https://twitter.com/fahskyx/status/1098250443723923456", "username": "", "text": "อัมมะ อัมมะ วอนเด้อเฟรมมม", "date": "20-02-2019 22:58", "retweet": 0, "like": 0}, {"id": "1098250106044702721", "url": "https://twitter.com/fahskyx/status/1098250106044702721", "username": "", "text": "คนไหน", "date": "20-02-2019 22:56", "retweet": 0, "like": 0}, {"id": "1098250076252557312", "url": "https://twitter.com/fahskyx/status/1098250076252557312", "username": "", "text": "โอ้ยพ่ออออออออ ความหน้าสด มีไรหนวดจางๆ กับการใส่เสื้อคลุมอาบน้ำที่แหวกให้เห็นแผงอกนี้ pic.twitter.com/Bmspj3kgvN", "date": "20-02-2019 22:56", "retweet": 1, "like": 0}, {"id": "1098245647558307840", "url": "https://twitter.com/fahskyx/status/1098245647558307840", "username": "", "text": "ไม่น่าเลย ในหัวมีแต่ไอเลิ้บมายเซลฟ์", "date": "20-02-2019 22:39", "retweet": 0, "like": 0}, {"id": "1098235370561359874", "url": "https://twitter.com/fahskyx/status/1098235370561359874", "username": "", "text": "คสชทำแบบนี้ก็เหมือนปลุกระดมให้คนเลือกธนาธรมากขึ้นเพราะมึงไม่เป็นธรรมอ่ะ ใครจะเข้าข้างมึ๊ง", "date": "20-02-2019 21:58", "retweet": 0, "like": 0}, {"id": "1098233231298555904", "url": "https://twitter.com/fahskyx/status/1098233231298555904", "username": "", "text": "@_nenep เดินระวังๆ นี่แค่ขนุน บ้านเธอทุเรียนเลยนะ 5555555555555555 https:// twitter.com/hbker07/status /1098196167018524672 …", "date": "20-02-2019 21:49", "retweet": 0, "like": 0}, {"id": "1098232976452677632", "url": "https://twitter.com/fahskyx/status/1098232976452677632", "username": "", "text": "มึงอยู่ไหนๆๆ กูขอเหมือนกัน", "date": "20-02-2019 21:48", "retweet": 0, "like": 0}, {"id": "1098219461448851456", "url": "https://twitter.com/fahskyx/status/1098219461448851456", "username": "", "text": "มีวันนี้ได้เพราะสไลด์เพื่อนจด ส่วนกูแอร์ดรอป 555555555555555", "date": "20-02-2019 20:54", "retweet": 0, "like": 0}, {"id": "1098203593130205184", "url": "https://twitter.com/fahskyx/status/1098203593130205184", "username": "", "text": "ลุกมั้ยลุก", "date": "20-02-2019 19:51", "retweet": 0, "like": 0}, {"id": "1098202425813389312", "url": "https://twitter.com/fahskyx/status/1098202425813389312", "username": "", "text": "ช่วงสอบเพื่อนก็จะเอฟเสื้อเก่งกว่าปกติ", "date": "20-02-2019 19:47", "retweet": 0, "like": 0}, {"id": "1098147570763714560", "url": "https://twitter.com/fahskyx/status/1098147570763714560", "username": "", "text": "ตั้งแต่อยู่เชียงใหม่นี่เจอแผ่นดินไหวจนไม่มองว่ามันแปลกแล้ว", "date": "20-02-2019 16:09", "retweet": 0, "like": 0}, {"id": "1097862931771940864", "url": "https://twitter.com/fahskyx/status/1097862931771940864", "username": "", "text": "จิกเก่ง pic.twitter.com/PtirDEZKeE", "date": "19-02-2019 21:18", "retweet": 0, "like": 0}, {"id": "1097862724304826369", "url": "https://twitter.com/fahskyx/status/1097862724304826369", "username": "", "text": "ได้จ้า", "date": "19-02-2019 21:17", "retweet": 0, "like": 0}, {"id": "1097862131653914625", "url": "https://twitter.com/fahskyx/status/1097862131653914625", "username": "", "text": "คือกูจะกินส้มโอได้ที่ไหน มึงแดกไปหมดรึยัง!!! @happeenness18", "date": "19-02-2019 21:15", "retweet": 0, "like": 0}, {"id": "1097797777080299520", "url": "https://twitter.com/fahskyx/status/1097797777080299520", "username": "", "text": "พึ่งสังเกตว่ากูเล่นทวิตตั้งแต่ปี 53 อมก เราอยู่ด้วยกันมานานเหลือเกิน pic.twitter.com/CKNltrVCXd", "date": "19-02-2019 16:59", "retweet": 0, "like": 0}, {"id": "1097748265125040128", "url": "https://twitter.com/fahskyx/status/1097748265125040128", "username": "", "text": "อยากกินหมูกรอบจุง", "date": "19-02-2019 13:42", "retweet": 0, "like": 0}, {"id": "1097609650722066432", "url": "https://twitter.com/fahskyx/status/1097609650722066432", "username": "", "text": "พรุ่งนี้เช้า dont weak me up นาจา ก็คือไม่เจ้มจ้นเราไม่นอนจีจี", "date": "19-02-2019 04:31", "retweet": 0, "like": 0}, {"id": "1097440149644894208", "url": "https://twitter.com/fahskyx/status/1097440149644894208", "username": "", "text": "ดูสามเหลี่ยมเอาละกัน 555555555", "date": "18-02-2019 17:18", "retweet": 0, "like": 0}, {"id": "1097433504353181696", "url": "https://twitter.com/fahskyx/status/1097433504353181696", "username": "", "text": "@molnmrak https:// twitter.com/mjcf3/status/1 095531518338859008 …", "date": "18-02-2019 16:51", "retweet": 0, "like": 0}, {"id": "1097432913040179203", "url": "https://twitter.com/fahskyx/status/1097432913040179203", "username": "", "text": "สำหรับพรรคไหนที่โกนกระแสบาปบุญคุณโทษ โหนกระแสศาสนา โหนกระแสตั่งต่าง บอกเลยกูไม่อินกับวิธีการเดิมๆแล้ว ประเทศกำลังพัฒนามากี่ปีๆแล้ว กำลังอยู่นั่นแหละ", "date": "18-02-2019 16:49", "retweet": 0, "like": 0}, {"id": "1097431163805655042", "url": "https://twitter.com/fahskyx/status/1097431163805655042", "username": "", "text": "นอนเตียงอิแอมระวังเชื้อนะมึง ผ่านมาหลายคนแล้ว 55555555555", "date": "18-02-2019 16:42", "retweet": 0, "like": 0}, {"id": "1097430350328778752", "url": "https://twitter.com/fahskyx/status/1097430350328778752", "username": "", "text": "เออ เรียกด้วย มึงไม่กลับบ้านหรอ", "date": "18-02-2019 16:39", "retweet": 0, "like": 0}, {"id": "1097430122636795904", "url": "https://twitter.com/fahskyx/status/1097430122636795904", "username": "", "text": "ปัยกะใคร ตอนไหน", "date": "18-02-2019 16:38", "retweet": 0, "like": 0}, {"id": "1097429635359330304", "url": "https://twitter.com/fahskyx/status/1097429635359330304", "username": "", "text": "ที่ไหนอ่ะ", "date": "18-02-2019 16:36", "retweet": 0, "like": 0}, {"id": "1097429487669497856", "url": "https://twitter.com/fahskyx/status/1097429487669497856", "username": "", "text": "แดกไร", "date": "18-02-2019 16:35", "retweet": 0, "like": 0}, {"id": "1097429422192246784", "url": "https://twitter.com/fahskyx/status/1097429422192246784", "username": "", "text": "กับอนาคตใหม่คือสร้างข่าวเท็จให้คนโง่หลงเชื่อ แต่กับอิตู่คือไม่ต้องสร้างหรอกข่าวเท็จอ่ะ อะไรเป็นอะไรเค้ารู้กันหมดแล้ว ได้สัมผัสมาด้วยตัวเอง 5 ปี ยังหาอะไรดีๆไม่ได้เลย อิเวง #เลือกตั้ง62 #อนาคตใหม่ #พลังประชารัฐ", "date": "18-02-2019 16:35", "retweet": 3, "like": 4}, {"id": "1097428598896480256", "url": "https://twitter.com/fahskyx/status/1097428598896480256", "username": "", "text": "มีแท็กให้เผือกอีกแล้วววว #หนักแผ่นดิน", "date": "18-02-2019 16:32", "retweet": 0, "like": 0}]