[{"id": "1099328542364512257", "url": "https://twitter.com/faithfai/status/1099328542364512257", "username": "", "text": ":): #faifeelfree https:// itunes.apple.com/th/album//1449 961255?i=1449961436 …", "date": "23-02-2019 22:22", "retweet": 1, "like": 0}, {"id": "1099327630707290112", "url": "https://twitter.com/faithfai/status/1099327630707290112", "username": "", "text": "สวัสดีค่ะ", "date": "23-02-2019 22:18", "retweet": 0, "like": 0}, {"id": "1099314174734172160", "url": "https://twitter.com/faithfai/status/1099314174734172160", "username": "", "text": "อยากช่วยเหลือผู้คนบนโลกให้ได้มากกว่านี้ค่ะ : )", "date": "23-02-2019 21:24", "retweet": 1, "like": 4}, {"id": "1099299654737420288", "url": "https://twitter.com/faithfai/status/1099299654737420288", "username": "", "text": "วันนี้พบปะเพื่อนฝูงวงการหมอตา เพื่อนชมเพลงเราเพราะด้วยนะ —เพลงเพื่อการผ่าตัดตา with alpha bineural beats ช่วยลดความวิตกกังวล ความดันโลหิต และชีพจรของคนไข้ ในสภาวะที่ตื่นค่ะ Lost in Paradise : Smooth Surgery on the Beach (instrumental guitar) https:// youtu.be/yEgPP-J8FGI via @YouTube", "date": "23-02-2019 20:27", "retweet": 1, "like": 2}, {"id": "1099291712613019648", "url": "https://twitter.com/faithfai/status/1099291712613019648", "username": "", "text": "“.. if you change the way you look at things, the things you look at will change ..” December 2018 : Akame, Mie, Tsu, Japan @Akame ４８ Water Falls In Mie Prefecture https://www. instagram.com/p/BuOZ2oUBvCi/ ?utm_source=ig_twitter_share&igshid=uk3ewnteshvk …", "date": "23-02-2019 19:55", "retweet": 0, "like": 1}, {"id": "1099290023097057281", "url": "https://twitter.com/faithfai/status/1099290023097057281", "username": "", "text": "23.2.2019 : วันนี้ NeuroOph Day ได้ของรางวัลเป็นกระเป๋าตัง Superdry จากอาจารย์อนุชิตด้วยจ้า ในฐานะลงทะเบียนเข้ามาเป็นคนแรกค่ะ ตกใจเล็กน้อย พอดีเป็นคนใฝ่รู้ใฝ่เรียนโอนเร็วทุกช่องทางค่ะ 5555 #faifeelgood", "date": "23-02-2019 19:48", "retweet": 0, "like": 1}, {"id": "1098972124105007105", "url": "https://twitter.com/faithfai/status/1098972124105007105", "username": "", "text": "Big Mama น่ารักขนาดนี้ เราจะไม่อยากกลับบ้านได้ไงอะคะ Big Mama ใส่ชุดนอน Big Mama ด้วย ยังค่ะ ยังไม่พอ ใส่กำไลนอนด้วย !!!! เยอะทั้งบ้านค่ะ บ้านนี้ 555555555… https://www. instagram.com/p/BuMIhc4Hyt8J eqzuX5QGLEMI02jZstklCixgNY0/?utm_source=ig_twitter_share&igshid=p6dydc6t6ujf …", "date": "22-02-2019 22:45", "retweet": 0, "like": 1}, {"id": "1098969166046871552", "url": "https://twitter.com/faithfai/status/1098969166046871552", "username": "", "text": "22.2.2019 : ipad ใหม่ใหญ่ดี จะตั้งใจ conquer ทุก journal แล้ว กราบขอบพระคุณบุพการีที่มีบุญคุณที่สุดในโลกค่ะ ดีใจที่สุดในรอบสองสัปดาห์นี้เลย บุญคุณนี้ทดแทนเท่าไหร่ก็คงไม่พอ #faifeelgood", "date": "22-02-2019 22:34", "retweet": 2, "like": 3}, {"id": "1098967415965118465", "url": "https://twitter.com/faithfai/status/1098967415965118465", "username": "", "text": "สนใจค่ะ ใกล้ๆรบกวนอีกทีค่า ขอบคุณมากค่า ( :", "date": "22-02-2019 22:27", "retweet": 0, "like": 1}, {"id": "1098963695453929477", "url": "https://twitter.com/faithfai/status/1098963695453929477", "username": "", "text": "ดีใจ ต้องการ 5 คนใช่ปะคะ", "date": "22-02-2019 22:12", "retweet": 0, "like": 0}, {"id": "1098938486957064194", "url": "https://twitter.com/faithfai/status/1098938486957064194", "username": "", "text": "ห้ามเด็ดขาดเลยค่ะ ยาแก้คันช่วยได้บางส่วน หลักๆเชื่อว่าอยู่ที่ใจนะคะ : )", "date": "22-02-2019 20:32", "retweet": 0, "like": 0}, {"id": "1098938002670141441", "url": "https://twitter.com/faithfai/status/1098938002670141441", "username": "", "text": "22.2.2019 : เฝ้ามองเครื่องบินและท้องฟ้ายามค่ำคืนกรุงเทพ-ขอนแก่น มาตลอดห้าปี ไม่รู้ตัวเหมือนกันว่าหลงเสน่ห์มันตอนไหน รู้ตัวอีกทีก็ใกล้หมดช่วงเวลาแบบนี้แล้วสิ ไม่เป็นไร ความทรงจำยังคงสวยงามเสมอ #faifeelgood", "date": "22-02-2019 20:30", "retweet": 0, "like": 3}, {"id": "1098935126119968769", "url": "https://twitter.com/faithfai/status/1098935126119968769", "username": "", "text": "มีคนหารยังคะ ถ้าไม่มี ทางนี้สนใจค่ะ : )", "date": "22-02-2019 20:18", "retweet": 0, "like": 1}, {"id": "1098934757633617920", "url": "https://twitter.com/faithfai/status/1098934757633617920", "username": "", "text": "โอยยยยย คิดถึงค่ะ https:// twitter.com/GerrardNan/sta tus/1098487281143312384 …", "date": "22-02-2019 20:17", "retweet": 0, "like": 2}, {"id": "1098919039802388482", "url": "https://twitter.com/faithfai/status/1098919039802388482", "username": "", "text": "ตอนแรก #อนาคตใหม่ เปิดตัวเป็นพรรคทางเลือกสำหรับคนรุ่นใหม่ ตอนนี้เกมพลิกผันหลายตลบ #ประชาธิปัตย์ เสนอตัวเป็นพรรคทางเลือกไปซะแล้ว อยู่ตรงกลางระหว่างฝ่ายเอาทหารกับฝ่ายไม่เอาทหาร", "date": "22-02-2019 19:14", "retweet": 1, "like": 3}, {"id": "1098827192669065217", "url": "https://twitter.com/faithfai/status/1098827192669065217", "username": "", "text": "คับพ่ม", "date": "22-02-2019 13:09", "retweet": 0, "like": 0}, {"id": "1098827151954989057", "url": "https://twitter.com/faithfai/status/1098827151954989057", "username": "", "text": "ในคนนี้ไม่ค่อยรุนแรงเท่าไหร่ค่า", "date": "22-02-2019 13:09", "retweet": 0, "like": 0}, {"id": "1098827036255150080", "url": "https://twitter.com/faithfai/status/1098827036255150080", "username": "", "text": "ขอให้ผลบุญแห่งความปรารถนาดีและความทุ่มเทดูแลคนไข้และรุ่นน้องทั้งหมดทั้งมวลของเรา ส่งผลหนุนนำให้การตัดสินใจครั้งนี้สำเร็จลุล่วงไปด้วยดีด้วยค่ะ สาธุ", "date": "22-02-2019 13:09", "retweet": 2, "like": 5}, {"id": "1098812876465164288", "url": "https://twitter.com/faithfai/status/1098812876465164288", "username": "", "text": "สายตาขี้เกียจถ้าเป็นตั้งแต่เด็ก แล้วตรวจพบตอนโต โอกาสกลับมามองเห็นน้อยค่ะ", "date": "22-02-2019 12:12", "retweet": 0, "like": 0}, {"id": "1098789268430811136", "url": "https://twitter.com/faithfai/status/1098789268430811136", "username": "", "text": "22.2.2019 : ระทึกมาก กับการวิ่งหนีสุนัขในคอนโดตัวเอง ตัวใหญ่มากสีดำ แต่มีปลอกคอนะ คือคอนโดเราเลี้ยงสัตว์ได้ แต่ไม่รู้ว่าคุณเค้าหลุดมาจากห้องไหนหรือเข้ามาจากข้างนอก หาทางเดินไปเอารถไม่ได้เลย สุดท้ายต้องวางแผนวิ่งออกประตูหน้า แล้ววิ่งอ้อมกลับมาเอารถ โดยไม่ผ่านเข้าคอนโด ระทึกแต่เช้า", "date": "22-02-2019 10:39", "retweet": 3, "like": 4}, {"id": "1098598792918695937", "url": "https://twitter.com/faithfai/status/1098598792918695937", "username": "", "text": "21.2.2019 : ข้อดีอย่างหนึ่งของการเลิกผ่าตัดดึกก็คือว่า ได้ออกมาสัมผัสอากาศเย็นสบายยามค่ำคืน แถมได้ชมพระจันทร์ ถ้าไม่เลิกค่ำคงไม่ได้ดู เพราะระเบียงบ้านเราไม่มีพระจันทร์ พระจันทร์วันนี้ลอยเหนือทิวสน สวยมากเลย #faifeelgood", "date": "21-02-2019 22:02", "retweet": 1, "like": 9}, {"id": "1098565164889124864", "url": "https://twitter.com/faithfai/status/1098565164889124864", "username": "", "text": "สินน้ำใจเล็กน้อยแบบนี้มีเป็นเรื่องปกติค่ะ แต่ถ้าจะว่ากันตามหลักการ ก็มีว่า แพทย์ห้ามรับของที่มูลค่าเกิน 3,000 บาทค่ะ", "date": "21-02-2019 19:48", "retweet": 44, "like": 7}, {"id": "1098564742539407360", "url": "https://twitter.com/faithfai/status/1098564742539407360", "username": "", "text": "ควรมาตรวจนะคะ", "date": "21-02-2019 19:46", "retweet": 0, "like": 0}, {"id": "1098564301554573312", "url": "https://twitter.com/faithfai/status/1098564301554573312", "username": "", "text": "ขอบคุณนะคะ ^^", "date": "21-02-2019 19:45", "retweet": 0, "like": 1}, {"id": "1098563757834264578", "url": "https://twitter.com/faithfai/status/1098563757834264578", "username": "", "text": "21.2.2019 : ผ่าตัดกล้ามเนื้อตาเด็กวันนี้เรียบร้อยดีค่ะ คิดว่าเริ่มคงที่แล้วสำหรับกล้ามเนื้อตา เฮ่ #faifeelgood", "date": "21-02-2019 19:43", "retweet": 1, "like": 7}, {"id": "1098469567158984704", "url": "https://twitter.com/faithfai/status/1098469567158984704", "username": "", "text": "“.. i don’t know but i believe that some things are meant to be ..” November 2017 : Central Park, New York City, USA @Central Park East New York https://www. instagram.com/p/BuIj-9FBFaG/ ?utm_source=ig_twitter_share&igshid=1tg9pcq95pzra …", "date": "21-02-2019 13:28", "retweet": 0, "like": 1}, {"id": "1098464203373858816", "url": "https://twitter.com/faithfai/status/1098464203373858816", "username": "", "text": "ไม่มีใครทำใจได้ตั้งแต่วันแรกหรอกค่ะ แต่ทุกอย่างดีขึ้นจากการเรียนรู้และปรับตัวค่ะ : )", "date": "21-02-2019 13:07", "retweet": 37, "like": 28}, {"id": "1098463051165052928", "url": "https://twitter.com/faithfai/status/1098463051165052928", "username": "", "text": "#faifeelfree https:// itunes.apple.com/th/album//1274 984425?i=1274985191 …", "date": "21-02-2019 13:02", "retweet": 0, "like": 2}, {"id": "1098429872936869888", "url": "https://twitter.com/faithfai/status/1098429872936869888", "username": "", "text": "สวยดีค่ะ ^^", "date": "21-02-2019 10:51", "retweet": 0, "like": 1}, {"id": "1098429634289385477", "url": "https://twitter.com/faithfai/status/1098429634289385477", "username": "", "text": "ถึงแม้คนไข้เราจะป่วย แต่เค้าเป็นคนที่โชคดีที่สุดคนหนึ่งเลย ที่ได้เจอความรักที่ดี : )", "date": "21-02-2019 10:50", "retweet": 6, "like": 7}, {"id": "1098428488841756672", "url": "https://twitter.com/faithfai/status/1098428488841756672", "username": "", "text": "เฝ้ามองประเทศไทย ระบอบประชาธิปไตย อันมีพระมหากษัตริย์เป็นประมุข #SaveThanathorn #เลือกตั้งปี62", "date": "21-02-2019 10:45", "retweet": 1, "like": 4}, {"id": "1098427914561810433", "url": "https://twitter.com/faithfai/status/1098427914561810433", "username": "", "text": "ยังไม่เคยเป็นเลยค่ะ แผนกปรึกษาโซน คงทรมานน่าดูนะคะ", "date": "21-02-2019 10:43", "retweet": 0, "like": 1}, {"id": "1098426298597203971", "url": "https://twitter.com/faithfai/status/1098426298597203971", "username": "", "text": "เติบโตมาเกือบครึ่งค่อนชีวิต โดยไม่เคยเปิดใจให้กับเรื่องของความรักเลย แต่ทันทีที่เราบังเอิญเปิดประตูให้มันเข้ามา หลังจากนั้นก็รู้เลยว่า ชีวิตนี้ไม่สามารถอยู่โดยปราศจากความรักได้อีกเลย .. — a hint of thought", "date": "21-02-2019 10:36", "retweet": 0, "like": 4}, {"id": "1098409174159941632", "url": "https://twitter.com/faithfai/status/1098409174159941632", "username": "", "text": "เรื่องนี้ไม่เชี่ยวชาญเลยค่ะ บางครั้งรับมือกับจิตใจตัวเองยังไม่ค่อยเก่งด้วยซ้ำค่ะ ขอเชิญอาจารย์โป้งมาตอบได้มั้ยคะ @drantoinetty plssss", "date": "21-02-2019 09:28", "retweet": 0, "like": 3}, {"id": "1098407357850124288", "url": "https://twitter.com/faithfai/status/1098407357850124288", "username": "", "text": "ส่วนตัวเป็นคนที่ผูกพันกับคนไข้ในระดับนึงนะคะ แต่โชคดีหน่อยที่โรคตาไม่มีความสูญเสียรุนแรง ทุกอย่างค่อยเป็นค่อยไปและทำนายผลลัพธ์ได้ค่ะ การรักษาอาศัยความร่วมมือทั้งหมอและคนไข้ ถ้าคนไข้ไม่ยอมรักษา หลายครั้งเสียใจ แต่ก็เข้าใจ พยายามหาจุดร่วมที่สมดุลระหว่างทั้งเราและครอบครัวคนไข้ค่ะ", "date": "21-02-2019 09:21", "retweet": 264, "like": 39}, {"id": "1098406012766216193", "url": "https://twitter.com/faithfai/status/1098406012766216193", "username": "", "text": "นิยมค่ะ แต่ไม่ใช่สำหรับผู้ใหญ่ที่บ้านค่ะ แหะๆ", "date": "21-02-2019 09:16", "retweet": 0, "like": 0}, {"id": "1098241836437499905", "url": "https://twitter.com/faithfai/status/1098241836437499905", "username": "", "text": "อันนี้น่าสนค่ะ ยังไม่เคยเลย ต้องทำส่งใน line group เป็น line ลูกโซ่ด้วยค่ะอาจารย์ จะให้ดีต้องฝากเพื่อนบ้านส่งมาให้อีกทอด คิดว่าอาจเห็นผลทันตาค่ะ 5555555", "date": "20-02-2019 22:23", "retweet": 0, "like": 0}, {"id": "1098240412555198467", "url": "https://twitter.com/faithfai/status/1098240412555198467", "username": "", "text": "อยากให้เป็นแบบนี้มากเลยค่ะ แต่บ้านฝั่งคุณยายครอบครัวใหญ่มาก พิธีรีตรองจัดเต็ม ธูปเทียน เผากระดาษ จุดประทัด มาหมดค่ะ อยากหาสิ่งอื่นทดแทนให้มากเลยค่ะ เพราะถ้าจะให้เลิกแบบไม่มีอะไรแทน คงยากค่ะอาจารย์", "date": "20-02-2019 22:18", "retweet": 0, "like": 0}, {"id": "1098195057230852096", "url": "https://twitter.com/faithfai/status/1098195057230852096", "username": "", "text": "มีแบบใส่ถ่าน ไม่เสียบสายไฟมั้ยคะ อารมณ์เหมือนธูปจริง เทียนจริง ปักกระถางได้ค่ะ", "date": "20-02-2019 19:17", "retweet": 0, "like": 0}, {"id": "1098194853563752450", "url": "https://twitter.com/faithfai/status/1098194853563752450", "username": "", "text": "บ้านเรา เชื่อเลยว่า ห้ามไม่ได้ค่ะ ศรัทธาแรงกล้า ถ้าจะไม่ให้จุดต้องหาอย่างอื่นมาทดแทนใหเ กำลังอยากได้แบบไฟฟ้ามากเลยค่ะ แพงหน่อยก็ยังถือว่าคุ้มอยู่ดี เพื่อลดมลภาวะค่ะ", "date": "20-02-2019 19:17", "retweet": 1, "like": 1}, {"id": "1098192851282751488", "url": "https://twitter.com/faithfai/status/1098192851282751488", "username": "", "text": "จะเป็นไปได้มั้ย ถ้าเรางดการจุดธูปเทียนไหว้พระ เพราะควันโขมงเลย โดยเฉพาะในวันพระใหญ่ หากมีผลต่อศรัทธาความเชื่อ ใช้ธูปเทียนแบบไฟฟ้าก็ได้ค่ะ ว่าแต่มีที่ไหนขายบ้างคะ จะไปหามาใช้นำร่องด่วนเลย", "date": "20-02-2019 19:09", "retweet": 37, "like": 15}, {"id": "1098183941524049920", "url": "https://twitter.com/faithfai/status/1098183941524049920", "username": "", "text": "หลายครั้งความรู้สึกทุกอย่างมันดีมาก จนเราอยากจะเก็บความสัมพันธ์ที่ดีแบบนี้ไว้ตลอดไป ด้วยคำว่า friendzone ... แต่สุดท้ายทุกอย่างมักจบลง โดยที่เค้าไม่ยอมให้เราเป็นแม้กระทั่ง คนรู้จัก zone", "date": "20-02-2019 18:33", "retweet": 8, "like": 5}, {"id": "1098181978459758592", "url": "https://twitter.com/faithfai/status/1098181978459758592", "username": "", "text": "คนไข้เรากระจกตาติดเชื้อ ขอกลับบ้านไปหยอดยาทุก 1 ชั่วโมงเอง เพราะสามีที่เฝ้าต้องกลับไปรับจ้างเลี้ยงควาย ทุกวันสามีจะพาคนไข้ไปทำงานด้วย ให้นั่งรอที่กระท่อมแถวนั้น ทุก 1 ชั่วโมงจะเดินมาหยอดยาให้ ทำแบบนี้ตลอด 1 สัปดาห์ วันนี้มาตรวจติดตาม ดีขึ้นมากจริงค่ะ ความรักมันวิเศษอย่างนี้นี่เอง", "date": "20-02-2019 18:26", "retweet": 34455, "like": 5826}, {"id": "1097880135766700032", "url": "https://twitter.com/faithfai/status/1097880135766700032", "username": "", "text": "มาฆบูชา ๒๕๖๒ @วัดหนองแวง พระอารามหลวง https://www. instagram.com/p/BuEX8clHlIHN wiWwVUok52mrIuU4_RND4Jlj1Q0/?utm_source=ig_twitter_share&igshid=1xijlw6fozav9 …", "date": "19-02-2019 22:26", "retweet": 0, "like": 2}, {"id": "1097878549921329153", "url": "https://twitter.com/faithfai/status/1097878549921329153", "username": "", "text": "น้องไปเวียนเทียน มาบอกว่าอธิษฐานเผื่อพี่ฝ้ายด้วย เอ๊ะ คิดอะไรกับข้าพเจ้าหรือเปล่า แต่ก็นะ อนุโมทนาสาธุค่ะ", "date": "19-02-2019 22:20", "retweet": 0, "like": 2}, {"id": "1097859666602803200", "url": "https://twitter.com/faithfai/status/1097859666602803200", "username": "", "text": "ปลาจุ่ม & เมี่ยงปลาทอด @ตุ๊กตาปลาจุ่มบึงแก่นนคร — at ตุ๊กตาปลาจุ่มบึงแก่นนคร https://www. facebook.com/25638205441372 7/posts/2348987318486513/ …", "date": "19-02-2019 21:05", "retweet": 0, "like": 2}, {"id": "1097859609757450242", "url": "https://twitter.com/faithfai/status/1097859609757450242", "username": "", "text": "ปลาจุ่ม & เมี่ยงปลาทอด @ตุ๊กตาปลาจุ่มบึงแก่นนคร https://www. instagram.com/p/BuEOmzsBzO5/ ?utm_source=ig_twitter_share&igshid=ra52dh943oc1 …", "date": "19-02-2019 21:05", "retweet": 0, "like": 2}, {"id": "1097771142595538946", "url": "https://twitter.com/faithfai/status/1097771142595538946", "username": "", "text": "ที่จริงเราถือคติ จะไม่มีการต่อว่า ไม่ชี้ผิดชี้ถูกให้ผู้อื่น เคารพความคิดและการแสดงออกของทุกคนค่ะ ถ้ามันไม่เป็นโทษต่อสังคมมากเกินไป เราก็จะไม่เข้าไปขัดแน่นอนค่ะ : ) #faifeelflourish", "date": "19-02-2019 15:13", "retweet": 0, "like": 2}, {"id": "1097767243574697985", "url": "https://twitter.com/faithfai/status/1097767243574697985", "username": "", "text": "Just posted a photo @เฮียอู๋ เกาเหลาเลือดหมู https://www. instagram.com/p/BuDkmyQhXDv/ ?utm_source=ig_twitter_share&igshid=tpakntqkzxj8 …", "date": "19-02-2019 14:58", "retweet": 0, "like": 0}, {"id": "1097766526508126208", "url": "https://twitter.com/faithfai/status/1097766526508126208", "username": "", "text": "ยินดีนะคะ : )", "date": "19-02-2019 14:55", "retweet": 0, "like": 0}, {"id": "1097764862183100416", "url": "https://twitter.com/faithfai/status/1097764862183100416", "username": "", "text": "ไม่ได้ใส่กลับเข้าไปค่ะ ปกติผู้บริจาคเปลือกตาจะปิดดูสวยงามอยู่แล้ว ถึงนำลูกตาออกไปแล้ว แต่ภายนอกก็ยังมีเปลือกตาปิดอยู่ ดูไม่ได้ผิดสังเกตอะไรค่ะ", "date": "19-02-2019 14:48", "retweet": 55, "like": 5}, {"id": "1097763155667693568", "url": "https://twitter.com/faithfai/status/1097763155667693568", "username": "", "text": "เบื้องต้นเอาลูกตาออกมาทั้งลูกก่อนค่ะ หลังจากนั้นจะนำมาแยกส่วน ใช้ได้เฉพาะส่วนกระจกตา และตาขาวค่ะ", "date": "19-02-2019 14:41", "retweet": 34, "like": 3}, {"id": "1097737392201453569", "url": "https://twitter.com/faithfai/status/1097737392201453569", "username": "", "text": "วงการทุเรียนทอด คือ วงการที่เข้าแล้วหาทางออกไม่ได้", "date": "19-02-2019 12:59", "retweet": 0, "like": 2}, {"id": "1097703595506421760", "url": "https://twitter.com/faithfai/status/1097703595506421760", "username": "", "text": "หนึ่งในช่วงชีวิตที่สุดเหวี่ยง และความทรงจำที่สุดยอด กับตำแหน่งประธานค่ายอยากเป็นหมอครั้งที่ 22 แก่แล้ว เริ่มระลึกความหลัง #faifeelgood https://www. facebook.com/story.php?stor y_fbid=10155814653081857&id=620266856 …", "date": "19-02-2019 10:45", "retweet": 0, "like": 2}, {"id": "1097702953987670016", "url": "https://twitter.com/faithfai/status/1097702953987670016", "username": "", "text": "ฝ้ายและเพื่อนนักดนตรีจากวง FWENDS ได้ร่วมกันทำดนตรี embedded with bineural beats ขึ้นมา เพื่อใช้เปิดขณะผ่าตัดตาค่ะ ขออนุญาตฝากผลงานให้ทุกคนได้ลองฟัง แชร์ และติชมนะคะ ขอบพระคุณมากค่ะ https://www. facebook.com/story.php?stor y_fbid=978064329060196&id=120327524833885 …", "date": "19-02-2019 10:42", "retweet": 1, "like": 0}, {"id": "1097697423395180546", "url": "https://twitter.com/faithfai/status/1097697423395180546", "username": "", "text": "โลกเรายังมีคนที่ทำความดีเพื่อส่วนรวมอีกมากมาย ขออนุโมทนาให้กับทุกความดีเหล่านั้นค่ะ : )", "date": "19-02-2019 10:20", "retweet": 0, "like": 1}, {"id": "1097514137872146438", "url": "https://twitter.com/faithfai/status/1097514137872146438", "username": "", "text": "ก๋วยเตี๋ยวปากหม้อต้มยำไข่ @ุคุณแจง ก๋วยเตี๋ยวปากหม้อเข้าวัง https://www. instagram.com/p/BuBxgSCB35a/ ?utm_source=ig_twitter_share&igshid=rljys2k9c4aj …", "date": "18-02-2019 22:12", "retweet": 0, "like": 2}, {"id": "1097482069876195328", "url": "https://twitter.com/faithfai/status/1097482069876195328", "username": "", "text": "#NewProfilePic pic.twitter.com/UtekJl8Oxn", "date": "18-02-2019 20:04", "retweet": 0, "like": 4}, {"id": "1097475599193366529", "url": "https://twitter.com/faithfai/status/1097475599193366529", "username": "", "text": "ที่จริง.. พระจันทร์จะสวยหรือไม่สวย ไม่ได้ขึ้นอยู่กับพระจันทร์หรอก ขึ้นกับคนที่ดูด้วยกันต่างหาก : )", "date": "18-02-2019 19:39", "retweet": 0, "like": 1}, {"id": "1097472985785524224", "url": "https://twitter.com/faithfai/status/1097472985785524224", "username": "", "text": "ว่าจะไปร้านนี้อยู่ แต่พลาดค่ะ 5555", "date": "18-02-2019 19:28", "retweet": 0, "like": 0}, {"id": "1097469214879698944", "url": "https://twitter.com/faithfai/status/1097469214879698944", "username": "", "text": "บางทีก็รู้สึกสับสน เมื่อเห็นผู้ใหญ่กลุ่มที่ว่าเด็กรุ่นใหม่ว่าไม่รู้จักแยกแยะผิดชอบชั่วดี หลงผิดเรื่องการเมือง เป็นผู้ใหญ่กลุ่มเดียวกับที่เชื่อเรื่องสุขภาพที่แชร์ตามกันมาอย่างหัวปักหัวปำ และบอกต่อไปอีกนับครั้งไม่ถ้วน", "date": "18-02-2019 19:13", "retweet": 0, "like": 2}, {"id": "1097467688740216832", "url": "https://twitter.com/faithfai/status/1097467688740216832", "username": "", "text": "แต่ปาล์มมี่คือที่สุดจริงค่ะ เข้าใกล้ความเป็นอมตะแล้ว ไม่น่าเชื่อว่าอายุ 40 แล้วนะ", "date": "18-02-2019 19:07", "retweet": 1, "like": 2}, {"id": "1097466208834580480", "url": "https://twitter.com/faithfai/status/1097466208834580480", "username": "", "text": "นักร้องมาเลย์คือน่ารักกกกกกกกกกมาก อรั๊ยยยยยยยย", "date": "18-02-2019 19:01", "retweet": 0, "like": 1}, {"id": "1097464792040652800", "url": "https://twitter.com/faithfai/status/1097464792040652800", "username": "", "text": "เป็นคนที่อินกับเพลงประกอบภาพยนตร์ทุกเรื่องที่ชอบ #faifeelfree https:// itunes.apple.com/th/album/%E0%B 8%84-%E0%B8%94%E0%B8%A1%E0%B8%B2%E0%B8%81-%E0%B9%80%E0%B8%9E%E0%B8%A5%E0%B8%87%E0%B8%9B%E0%B8%A3%E0%B8%B0%E0%B8%81%E0%B8%AD%E0%B8%9A%E0%B8%A0%E0%B8%B2%E0%B8%9E%E0%B8%A2%E0%B8%99%E0%B8%95%E0%B8%A3-friend-zone-%E0%B8%A3%E0%B8%B0%E0%B8%A7-%E0%B8%87-%E0%B8%AA-%E0%B8%99%E0%B8%AA-%E0%B8%94%E0%B8%97%E0%B8%B2%E0%B8%87%E0%B9%80%E0%B8%9E-%E0%B8%AD%E0%B8%99/1450485400?i=1450485401 …", "date": "18-02-2019 18:56", "retweet": 0, "like": 1}]