[{"id": "1099341030455795712", "url": "https://twitter.com/FCABHISITV/status/1099341030455795712", "username": "", "text": "ห๊ะคุณอภิสิทธิ์ชอบดูwebearbearหรอเนี่ยยย ไม่เคยรู้มาก่อน รู้แต่ว่าชอบดูโดเรมอน #ประชาธิปัตย์ #ทอล์กะเทย", "date": "23-02-2019 23:11", "retweet": 1, "like": 4}, {"id": "1098885471466180609", "url": "https://twitter.com/FCABHISITV/status/1098885471466180609", "username": "", "text": "วันนี้พี่น้องชาวสุโขทัยต้อนรับอย่างอบอุ่นมาก #ประชาธิปัตย์ #เลือกตั้ง2562 pic.twitter.com/q2Ds6vVOTV", "date": "22-02-2019 17:01", "retweet": 2, "like": 5}, {"id": "1098884808875302912", "url": "https://twitter.com/FCABHISITV/status/1098884808875302912", "username": "", "text": "#เลือกตั้ง2562 #ประชาธิปัตย์ #สุโขทัย pic.twitter.com/tzlvoSJWq4", "date": "22-02-2019 16:58", "retweet": 1, "like": 0}, {"id": "1098884111995826177", "url": "https://twitter.com/FCABHISITV/status/1098884111995826177", "username": "", "text": "สุโขทัย แดดแรง ถึงกับต้องปาดเหงื่อกันเลยทีเดียว สู้ๆค่ะ #เรียกผมพี่มาร์ค #มาร์คตัวจริง #ประชาธิปัตย์ https://twitter.com/FCABHISITV/status/1098883938351689728/photo/1 pic.twitter.com/BOUrM14P6U pic.twitter.com/JaYlRoZ9Df", "date": "22-02-2019 16:56", "retweet": 2, "like": 6}, {"id": "1098800299001622529", "url": "https://twitter.com/FCABHISITV/status/1098800299001622529", "username": "", "text": "*แก้คำผิด \"จะ\"", "date": "22-02-2019 11:23", "retweet": 0, "like": 0}, {"id": "1098800043065171968", "url": "https://twitter.com/FCABHISITV/status/1098800043065171968", "username": "", "text": "ภาพแรกคือเมื่อวาน ภาพสองคือวันนี้ \"คำถามคือ ท่านนอนวันละกี่ชม.คะ??\" เห็นลงพื้นที่แต่เช้าทุกวัน สิ้นสุดก็ดึกมากไหนตะดีเบตอีก OMG #ประชาธิปัตย์ #เลือกตั้ง2562 pic.twitter.com/s7XQywfbM6", "date": "22-02-2019 11:21", "retweet": 14, "like": 12}, {"id": "1098784535553093633", "url": "https://twitter.com/FCABHISITV/status/1098784535553093633", "username": "", "text": "ขอเพิ่มเติมว่า คลิปนี้ทำไมตัดมาแค่นี้ละคะ ไม่เอาคลิปที่คุณอภิสิทธิ์ตอบมาด้วยคะ เดี๋ยวจะเข้าใจผิดกันได้น้าาาา ตัดมาแค่นี้มันยังไงๆอยู่นะ #เลือกตั้ง2562 #ประชาธิปัตย์ https:// twitter.com/ngo_wannaluk/s tatus/1098781465448509440 …", "date": "22-02-2019 10:20", "retweet": 0, "like": 0}, {"id": "1098592219618004993", "url": "https://twitter.com/FCABHISITV/status/1098592219618004993", "username": "", "text": "ดีเบตวันนี้ ที่ช่อง mcothd #ประชาธิปัตย์ pic.twitter.com/OEEKGEWCyn", "date": "21-02-2019 21:36", "retweet": 3, "like": 8}, {"id": "1098583275629510656", "url": "https://twitter.com/FCABHISITV/status/1098583275629510656", "username": "", "text": "นอกจากคุณอภิสิทธิ์จะหาเสียงแล้ว ยังรับสายได้ด้วย เป็นทุกอย่างให้เธอแล้วจริงๆ #ประชาธิปัตย์ #เลือกตั้ง62 #เรียกผมพี่มาร์ค #มาร์คตัวจริง pic.twitter.com/uzb7vU6yc2", "date": "21-02-2019 21:00", "retweet": 3, "like": 7}, {"id": "1098555735665827841", "url": "https://twitter.com/FCABHISITV/status/1098555735665827841", "username": "", "text": "pic.twitter.com/BIjmV8GhDU", "date": "21-02-2019 19:11", "retweet": 10, "like": 6}, {"id": "1098544503600734208", "url": "https://twitter.com/FCABHISITV/status/1098544503600734208", "username": "", "text": "#งบกลาโหม", "date": "21-02-2019 18:26", "retweet": 0, "like": 1}, {"id": "1098544255964831745", "url": "https://twitter.com/FCABHISITV/status/1098544255964831745", "username": "", "text": "ฟังเรื่องเท็จไปแล้ว มาฟังเรื่องจริงกันบ้าง #ประชาธิปัตย์ #เลือกตั้ง62 #เรียกผมพี่มาร์ค pic.twitter.com/iat8tJltkR", "date": "21-02-2019 18:25", "retweet": 98, "like": 72}, {"id": "1098522174564880385", "url": "https://twitter.com/FCABHISITV/status/1098522174564880385", "username": "", "text": "เป็นทุกอย่างให้ประชาชนแล้วจริงๆ #เลือกตั้ง62 #ประชาธิปัตย์ #เรียกผมพี่มาร์ค https://www. facebook.com/17171146143/po sts/10156616816801144/?sfnsn=mo …", "date": "21-02-2019 16:57", "retweet": 1, "like": 2}, {"id": "1098253161880408072", "url": "https://twitter.com/FCABHISITV/status/1098253161880408072", "username": "", "text": "ไม่ได้มีแต่ selfies อย่างเดียวแล้วนะ มี Youfies,Wefies ด้วยนะ #อันนี้ได้ #อันนี้ผ่าน #เรียกผมพี่มาร์ค #มาร์คตัวจริง #ประชาธิปัตย์ pic.twitter.com/y2lKscRiJM", "date": "20-02-2019 23:08", "retweet": 1, "like": 2}, {"id": "1098217548904972289", "url": "https://twitter.com/FCABHISITV/status/1098217548904972289", "username": "", "text": "วันนี้คุณอภิสิทธิ์ช่วยลูกพรรคหาเสียง นอกจากจะหาเสียงแล้ว ก็ต้องไปดีเบตต่ออีก อึดจริงๆหัวหน้าเรา #DPZone #เรียกผมพี่มาร์ค #ประชาธิปัตย์ pic.twitter.com/ZKRE3khVsl", "date": "20-02-2019 20:47", "retweet": 4, "like": 9}, {"id": "1097838933851795457", "url": "https://twitter.com/FCABHISITV/status/1097838933851795457", "username": "", "text": "มาดูมุมน่ารักๆของคุณอภิสิทธิ์กันในขณะหาเสียง #เรียกผมพี่มาร์ค #มาร์คตัวจริง pic.twitter.com/nfcb0ZMQLN", "date": "19-02-2019 19:42", "retweet": 12, "like": 24}, {"id": "1097533946726772736", "url": "https://twitter.com/FCABHISITV/status/1097533946726772736", "username": "", "text": "เราเน้นความชิล #เรียกผมพี่มาร์ค #พักเรื่องการเมือง pic.twitter.com/FuuvPPwptx", "date": "18-02-2019 23:30", "retweet": 6, "like": 10}, {"id": "1097330460743458817", "url": "https://twitter.com/FCABHISITV/status/1097330460743458817", "username": "", "text": "เก็บตกจากการหาเสียง #เลือกตั้ง62 #ประชาธิปไตยสุจริต pic.twitter.com/M2ZAx6FlsL", "date": "18-02-2019 10:02", "retweet": 5, "like": 5}]