[{"id": "1099357261086900225", "url": "https://twitter.com/FirefoxChorme/status/1099357261086900225", "username": "", "text": "ผลของการเกลียดลุงตู่จะทำให้สมองเสื่อมคิดอะไรแค่ตื้นๆ โรงงานจะตั้งง่ายตั้งยากไม่สำคัญ ความสำคัญอยู่ที่ระเบียบการกำจัดมลพิษซึ่งขึ้นอยู่กับกรมโรงงาน มีหน้าที่ออกตรวจสอบน้ำเสียควันพิษต่างๆ ไม่ได้ขึ้นอยู่กับใบอนุญาติตั้งโรงงาน เหมือนได้ใบอนุญาติขับรถแต่รถมึงควันดำก็โดนตร.จับ https:// twitter.com/konmeaw55/stat us/1099292769573433346 …", "date": "24-02-2019 00:16", "retweet": 5, "like": 3}, {"id": "1099353413941223424", "url": "https://twitter.com/FirefoxChorme/status/1099353413941223424", "username": "", "text": "ปี2555 ถ้าจำได้ของพาเหรดกันขึ้นราคา เจ๊ปูบอกแพงเพราะชาวบ้านคิดไปเอง โดนสื่อเล่นหนักขึ้น เศรษฐีหมื่นล้านต้องออกหน้าช่วยน้าปู นั่งกินก๋วยเตี๋ยว 30บ โชว์ซะเลย pic.twitter.com/swRUlMiEdN", "date": "24-02-2019 00:00", "retweet": 4, "like": 4}, {"id": "1099341305996406784", "url": "https://twitter.com/FirefoxChorme/status/1099341305996406784", "username": "", "text": "คุยเรื่องประชามติ ไม่ได้คุยเรื่องข้อดีข้อเสีย รธน.", "date": "23-02-2019 23:12", "retweet": 1, "like": 0}, {"id": "1099337584596025344", "url": "https://twitter.com/FirefoxChorme/status/1099337584596025344", "username": "", "text": "หม่อมโจ้แกบอกอยากจะเฉย เจอนายปิ๊ เข้าไปตบะแตกเลย pic.twitter.com/0lAvWjEBPZ", "date": "23-02-2019 22:57", "retweet": 1, "like": 2}, {"id": "1099335731833491457", "url": "https://twitter.com/FirefoxChorme/status/1099335731833491457", "username": "", "text": "น่าจะเหนื่อยละงานนี้ เชื่อว่าอีกสองสามวัน แก้ตัวกันวุ่น pic.twitter.com/U2yYylyBRp", "date": "23-02-2019 22:50", "retweet": 5, "like": 5}, {"id": "1099335170438516736", "url": "https://twitter.com/FirefoxChorme/status/1099335170438516736", "username": "", "text": "ถ้าเป็นนายมาร์คไปทำแบบนี้ พวกสื่ออวยแม้ว จะบอกว่า ปัญญาอ่อน ทันที", "date": "23-02-2019 22:48", "retweet": 0, "like": 2}, {"id": "1099318857179705345", "url": "https://twitter.com/FirefoxChorme/status/1099318857179705345", "username": "", "text": "ดูๆนะ ท่าจะแรงสูงละข่าวนี้ pic.twitter.com/FgFxlTtbZ7", "date": "23-02-2019 21:43", "retweet": 5, "like": 4}, {"id": "1099315655264727040", "url": "https://twitter.com/FirefoxChorme/status/1099315655264727040", "username": "", "text": "ไอ้ปิ๊หวังใช้วาทกรรมหลอกคนอีสาน มีเม้นนึง ซัดไปถึง ไอ้แม้ว ไอ้ตู่ ไอ้เต้น pic.twitter.com/FA0TDoYaA2", "date": "23-02-2019 21:30", "retweet": 6, "like": 7}, {"id": "1099300900550565888", "url": "https://twitter.com/FirefoxChorme/status/1099300900550565888", "username": "", "text": "ปิ๊ยะบุตร โดนคนอีสานตอกกลับมากมาย ไอ้เวรไปสร้างวาทกรรมน้ำเน่า โยนขี้ให้รัฐบาลกลางว่าคนอีสานเป็นตัวตลก แล้วเอาดีใส่ตัวจะเข้ามาแก้ไข มึงนี่สันดานเลวเสี้ยมให้แตกแยก pic.twitter.com/hNoyVzuc1E", "date": "23-02-2019 20:32", "retweet": 106, "like": 93}, {"id": "1099283508290187264", "url": "https://twitter.com/FirefoxChorme/status/1099283508290187264", "username": "", "text": "บ้านเมืองสงบ จัดระเบียบชายหาด เท่าที่นึกได้แค่นี้ก็น่าจะสร้างความมั่นใจให้นทท พอสมควร", "date": "23-02-2019 19:23", "retweet": 0, "like": 1}, {"id": "1099267390808813568", "url": "https://twitter.com/FirefoxChorme/status/1099267390808813568", "username": "", "text": "พ่อผมเคยบอกไว้และจำมาถึงทุกวันนี้ ทำบุญอย่าไปทำในวันที่คนแห่กันไปในวันสำคัญโดยเฉพาะอาหารดีๆ (คนเราจะคัดเลือกของดีที่สุดให้พระก่อน) เหลือทิ้งหลังวัดแล้วน่าเสียดาย สู้ไปทำบุญวันที่วัดโล่งๆดีกว่า ยิ่งวัดยากจนยิ่งน่าไปช่วย ใส่กล่องช่วยค่าน้ำค่าไฟ แค่นี้ใจก็เป็นสุข https:// twitter.com/auuee/status/1 099263351870242816 …", "date": "23-02-2019 18:19", "retweet": 5, "like": 4}, {"id": "1099265994436927489", "url": "https://twitter.com/FirefoxChorme/status/1099265994436927489", "username": "", "text": "ผบ.ทบ.คงไม่โง่ไปเดินซี้ซั้วในหมู่บ้านหรือบ้านส่วนตัวทั่วๆไป เกิดทหารแตงโมจะยึดอำนาจซ้อน มันก็เอาปืนไปจี้จับผบ.ทบ.ไปกักตัวไว้เป็นตัวประกัน ระบบสั่งงานสูงสุดของทบ.ก็เป็นอันล้มเหลว ผบ.ทบ.จึงต้องอยู่ในที่ปลอดภัยและไว้ใจได้มากที่สุด https:// twitter.com/tigeryellowliv e/status/1098265465422561280 …", "date": "23-02-2019 18:13", "retweet": 0, "like": 1}, {"id": "1099201659828297728", "url": "https://twitter.com/FirefoxChorme/status/1099201659828297728", "username": "", "text": "เน้อๆจริงๆด้วย บ้าไสยขนาดนี้ไม่น่ามาเป็นนายก pic.twitter.com/U1Ttojq8DJ", "date": "23-02-2019 13:57", "retweet": 2, "like": 2}, {"id": "1099200775077548032", "url": "https://twitter.com/FirefoxChorme/status/1099200775077548032", "username": "", "text": "โอ๊ยยยยย ไอ้แม้วนี่มันขนาดคลั่งเลย ไม่เห็นหมาตัวไหนติติง pic.twitter.com/QBR7pbz0eo", "date": "23-02-2019 13:54", "retweet": 5, "like": 3}, {"id": "1099199460557565952", "url": "https://twitter.com/FirefoxChorme/status/1099199460557565952", "username": "", "text": "อีดอกทง อย่าเหมารวมกรู pic.twitter.com/saYIbAdZNC", "date": "23-02-2019 13:49", "retweet": 23, "like": 23}, {"id": "1099192666418343936", "url": "https://twitter.com/FirefoxChorme/status/1099192666418343936", "username": "", "text": "คงมัวแต่อยู่ในสังคมก้มหน้าน่ะสิ สื่อทุกชนิดออกกันทุกวัน และคุณไปคิดแทนคนอื่นได้ไงว่า\"บางคนก็เข้าใจว่าถ้ารับคือจะมีการเลือกตั้ง\" บางคนคือใครคนไหน ยกตัวอย่างให้ดูหน่อยครับ", "date": "23-02-2019 13:22", "retweet": 0, "like": 4}, {"id": "1099191705671061504", "url": "https://twitter.com/FirefoxChorme/status/1099191705671061504", "username": "", "text": "\"เพราะ ประชามตินั้นนั้นเป็นประชามติที่มัดมือชก\" ช่างกล้าพูดกล้าเขียนนะ ...ใครไปมัดมือคุณมึงในคูหาประชามติ บอกหน่อยได้มั๊ย? บอกหน่อยได้มั๊ย?", "date": "23-02-2019 13:18", "retweet": 1, "like": 1}, {"id": "1099190346129408000", "url": "https://twitter.com/FirefoxChorme/status/1099190346129408000", "username": "", "text": "ทั่วไป มันจะสับขาหลอกตรงวลี\"ไม่ลดสปีด\"เออก็ใช่ แต่ไม่ลดในจำนวนที่ให้มา หลังจากนั้นก็ยืนงงในดงกล้วย", "date": "23-02-2019 13:12", "retweet": 0, "like": 0}, {"id": "1099189446778413057", "url": "https://twitter.com/FirefoxChorme/status/1099189446778413057", "username": "", "text": "จากประสบการณ์จริง ถูกและดีจึงบอกต่อ http://www. mybycat.com/th/PrePay.php? package=90_%E0%B9%81%E0%B8%9E%E0%B9%87%E0%B8%81%E0%B9%80%E0%B8%81%E0%B8%88%E0%B9%80%E0%B8%AA%E0%B8%A3%E0%B8%B4%E0%B8%A1-my-%E0%B9%80%E0%B8%99%E0%B9%87%E0%B8%95%E0%B9%80%E0%B8%9E%E0%B8%A5%E0%B8%B4%E0%B8%99-1,-4,-6-Mbps … pic.twitter.com/xR5a3wFuVe", "date": "23-02-2019 13:09", "retweet": 2, "like": 1}, {"id": "1099175603360608257", "url": "https://twitter.com/FirefoxChorme/status/1099175603360608257", "username": "", "text": "รบกวนท่านผู้จัดงาน ตั้งกติกาให้ผู้แสดงความคิดเห็น พูดแต่ประเด็นของพรรคตัวเองเท่านั้น จะดูสร้างสรรค์ อย่าปล่อยให้พูดแขวะแซะออกไปนอกเรื่องวิจารณ์คนนอกพรรค", "date": "23-02-2019 12:14", "retweet": 0, "like": 0}, {"id": "1099174626054139904", "url": "https://twitter.com/FirefoxChorme/status/1099174626054139904", "username": "", "text": "\"จับปากกาฆ่าเผด็จการ\"เห็นมันใช้วลีนี้กันจัง ...เข้าคูหาใครเอาปืนไปจี้หัวพวกเมิงรึ? ถ้าจับปากกาฆ่าเผด็จการใช้ได้ แล้ว จับปากกาผ่านประชามติ ทำไมใช้ไม่ได้วะ ตอบ!!! เลิกอ้างโง่ๆออกมาต้านแล้วโดนจับ โดนจับมันเกี่ยวอะไรวะ ในเมื่อมรึงก็ไปลงประชามติได้ เค้าไม่ได้ตัดสิทธื์พวกเมิง", "date": "23-02-2019 12:10", "retweet": 6, "like": 9}, {"id": "1099172316519354368", "url": "https://twitter.com/FirefoxChorme/status/1099172316519354368", "username": "", "text": "ใช่สิ เรียกร้องให้ตรวจสอบ แต่ที่เวลาพรรคเพื่อไทยจะถูกตรวจสอบ M.79 วิ่งว่อน ปปช.โดนไปกี่ลูก ช่วงตรวจสอบจำนำข้าวอีเจ๊ปู ศาลรธน.จะตรวจสอบก็ปล่อยเสื้อแดงไปล้อมกดดันศาล ไล่ล่าตุลาการ", "date": "23-02-2019 12:01", "retweet": 0, "like": 1}, {"id": "1099161925517160450", "url": "https://twitter.com/FirefoxChorme/status/1099161925517160450", "username": "", "text": "นางสาวยิ่งลักษณ์ ชินวัตร นายกรัฐมนตรี มีผัวมีลูก แต่ไม่จดทะเบียนสมรส โคตรจะเป็นตัวอย่างที่ดีสำหรับสาวไทย", "date": "23-02-2019 11:19", "retweet": 0, "like": 0}, {"id": "1099156930457612288", "url": "https://twitter.com/FirefoxChorme/status/1099156930457612288", "username": "", "text": "เย้ๆๆๆๆฟฟ เอาอีกเอาอีก ถ้านักการชั่ว ทหารต้องออกมาไล่มัน", "date": "23-02-2019 11:00", "retweet": 3, "like": 1}, {"id": "1098994610666237952", "url": "https://twitter.com/FirefoxChorme/status/1098994610666237952", "username": "", "text": "pic.twitter.com/kc3KPTIrdU", "date": "23-02-2019 00:15", "retweet": 9, "like": 13}, {"id": "1098991019759001600", "url": "https://twitter.com/FirefoxChorme/status/1098991019759001600", "username": "", "text": "เห็นมีคนแขวะรัฐบาลทหาร5ปี ไม่มีอะไรเปลี่ยนแปลง สงสัยที่บ้านไม่มีไฟฟ้าใช้ ไม่มีโซเชียล ลุงตู่แกทำไว้นิดหน่อย pic.twitter.com/jQ21LgzMX3", "date": "23-02-2019 00:00", "retweet": 5, "like": 5}, {"id": "1098987949658537985", "url": "https://twitter.com/FirefoxChorme/status/1098987949658537985", "username": "", "text": "เป็นแค่สส.แต่ป่าวประกาศบอกคนอื่นว่าเป็นประธานสภา 555หนุกดีๆ", "date": "22-02-2019 23:48", "retweet": 0, "like": 4}, {"id": "1098986373841702912", "url": "https://twitter.com/FirefoxChorme/status/1098986373841702912", "username": "", "text": "ครับ พอเคยได้อ่านเจอครับ แต่ก็แค่อยากให้ปลอดภัยมากที่สุดครับ", "date": "22-02-2019 23:42", "retweet": 0, "like": 0}, {"id": "1098971251068919808", "url": "https://twitter.com/FirefoxChorme/status/1098971251068919808", "username": "", "text": "https:// youtu.be/gWge5vgKXOM", "date": "22-02-2019 22:42", "retweet": 1, "like": 1}, {"id": "1098951242947035137", "url": "https://twitter.com/FirefoxChorme/status/1098951242947035137", "username": "", "text": "เดินทางไกลระหว่างประเทศ ส่วนตัวคิดว่าไปเครื่อง 4เครื่องยนต์หรือ4ไอพ่นน่าจะปลอดภัยกว่า 4เครื่องยนต์ ถ้ามันขัดข้องไปบ้างบางเครื่องมันยังบินไปหาที่ลงจอดได้ครับ เหมือนกรณีC130 ที่ลุงตู่เพิ่งเจอปัญหาไปพัดขัดข้อง บินกลับมาลงได้สบายๆ", "date": "22-02-2019 21:22", "retweet": 0, "like": 0}, {"id": "1098934713811529729", "url": "https://twitter.com/FirefoxChorme/status/1098934713811529729", "username": "", "text": "7วันก่อนเลือกตั้ง ต้องเอาอดีตมาโยนใส่พวกอีแอบประชาธิปไตย", "date": "22-02-2019 20:17", "retweet": 0, "like": 3}, {"id": "1098934138306887680", "url": "https://twitter.com/FirefoxChorme/status/1098934138306887680", "username": "", "text": "#หนักแผ่นดิน https:// twitter.com/r5ih8kUSCtfujG X/status/1098913154220810241 …", "date": "22-02-2019 20:14", "retweet": 0, "like": 0}, {"id": "1098813876575981568", "url": "https://twitter.com/FirefoxChorme/status/1098813876575981568", "username": "", "text": "เครื่องบำรุงสมองเค้าไม่กินกันหรอกครับ เค้ากินแต่เครื่องดื่มของแกนนำ pic.twitter.com/UEXEmHkJSG", "date": "22-02-2019 12:16", "retweet": 12, "like": 21}, {"id": "1098800603302481920", "url": "https://twitter.com/FirefoxChorme/status/1098800603302481920", "username": "", "text": "คิดแทนคนอื่นก็ได้เหรอ? https:// twitter.com/VeeraSiri/stat us/1098749507494264832 …", "date": "22-02-2019 11:24", "retweet": 1, "like": 3}, {"id": "1098698223600820224", "url": "https://twitter.com/FirefoxChorme/status/1098698223600820224", "username": "", "text": "รู้จักอู๊ดด้า น้อยไปซะแล้วไอ้สื่อขี้ข้าแม้ว", "date": "22-02-2019 04:37", "retweet": 1, "like": 7}, {"id": "1098692630727118849", "url": "https://twitter.com/FirefoxChorme/status/1098692630727118849", "username": "", "text": "คนกันเองทั้งนั้น ตอนนี้แห่มา #savethanathorn ก็เจือกแกว่งตีน เอ๊ย ปากไปหาเสี้ยน โดนเสี้ยนตำปาก สาวกเจ็บแทนกันยกใหญ่ pic.twitter.com/KyDQoQPzrI", "date": "22-02-2019 04:15", "retweet": 4, "like": 7}, {"id": "1098675825652621312", "url": "https://twitter.com/FirefoxChorme/status/1098675825652621312", "username": "", "text": "มองๆคนรอบๆตัว ผัวเมียรับราชการที่เดียวกันไปรถคันเดียว ข้าราชการทำงานคนละที่ไปรถคันเดียวส่งเมียก่อนแล้วไปทำงาน เห็นอยู่กันไม่มีปัญหา", "date": "22-02-2019 03:08", "retweet": 1, "like": 1}, {"id": "1098675355785678849", "url": "https://twitter.com/FirefoxChorme/status/1098675355785678849", "username": "", "text": "ถ้าจะอยู่กันได้ยาวๆ ต้องทำงานอะไรทำด้วยกัน อยู่ใกล้กันตลอด ถ้าออกจากบ้านแล้วแยกกันไปทำงาน มันก็จะมีเรื่องแทรกซ้อนได้ ความพึงใจมันห้ามใจยาก ตบมือข้างเดียวไม่ดังตบบ่อยๆมันมีโอกาสโดน และนั่นคือจุดเริ่มต้นของไฟเผาครอบครัว ถ้าดับไม่ได้คือพัง", "date": "22-02-2019 03:06", "retweet": 2, "like": 3}, {"id": "1098672400147701760", "url": "https://twitter.com/FirefoxChorme/status/1098672400147701760", "username": "", "text": "คำถามแบบนี้มันปลายเปิด คงต้องย้อนให้คิด เจ๊หน่อย ชัชชาติ จาตุรนต์ จตุพร นัฐวุฒ ธนาธร ปิยะบุตร ปรีชาพล ฯลฯ เคยทำประโยชน์อะไรให้แผ่นดิน เฮ้ออออ", "date": "22-02-2019 02:54", "retweet": 0, "like": 0}, {"id": "1098641728997810177", "url": "https://twitter.com/FirefoxChorme/status/1098641728997810177", "username": "", "text": "ลุงตู่แกก็จะพอทำได้นิดๆหน่อยแค่นี้เองครับ #ลุงตู่สู้ๆ pic.twitter.com/IyXYi1SsGD", "date": "22-02-2019 00:52", "retweet": 27, "like": 22}, {"id": "1098640320944717824", "url": "https://twitter.com/FirefoxChorme/status/1098640320944717824", "username": "", "text": "#ลุงตู่สู้ๆ https:// twitter.com/SupermadApple/ status/1098630860042002432 …", "date": "22-02-2019 00:47", "retweet": 0, "like": 0}, {"id": "1098640082355945472", "url": "https://twitter.com/FirefoxChorme/status/1098640082355945472", "username": "", "text": "c130 มัน4เครื่องยนต์ เสียไปฝั่งละเครื่อง ยังไปต่อสบายๆ", "date": "22-02-2019 00:46", "retweet": 0, "like": 0}, {"id": "1098639520247963648", "url": "https://twitter.com/FirefoxChorme/status/1098639520247963648", "username": "", "text": "#ลุงตู่สู้ๆ pic.twitter.com/XsM41Q4woz", "date": "22-02-2019 00:44", "retweet": 3, "like": 1}, {"id": "1098622154931752960", "url": "https://twitter.com/FirefoxChorme/status/1098622154931752960", "username": "", "text": "ยกมือ", "date": "21-02-2019 23:35", "retweet": 0, "like": 0}, {"id": "1098588924333551616", "url": "https://twitter.com/FirefoxChorme/status/1098588924333551616", "username": "", "text": "ประเทศเค้าไม่มีนักการเมืองเลวๆเหมือนพรรคเพื่อไทยครับ พรรคเพื่อไทยเป็นพรรคที่คนในพรรคมีคดีคอรัปชั่นมากที่สุด ติดคุกมากที่สุด และหนีคดีมากที่สุด ในประเทศไทย", "date": "21-02-2019 21:23", "retweet": 0, "like": 0}, {"id": "1098576714903371776", "url": "https://twitter.com/FirefoxChorme/status/1098576714903371776", "username": "", "text": "ลุงตู่นี่ช่างรู้ว่าอะไรควรไม่ควรจริง เยี่ยมเด็กโดนหมากัด ถ้าข่าวออกไปนทท.ทั่วโลกรับรู้ โดยเฉพาะคนฟินแลนด์ คำว่า เด็ก ช่วยเด็ก เยี่ยมเด็ก คุ้มแสนคุ้มแค่เสียเวลาเยี่ยมนิดเดียว", "date": "21-02-2019 20:34", "retweet": 7, "like": 14}, {"id": "1098540217357631488", "url": "https://twitter.com/FirefoxChorme/status/1098540217357631488", "username": "", "text": "น่ารักเนอะ อิอิ pic.twitter.com/EdL3yLbS07", "date": "21-02-2019 18:09", "retweet": 0, "like": 0}, {"id": "1098522743312531461", "url": "https://twitter.com/FirefoxChorme/status/1098522743312531461", "username": "", "text": "ตามกฎหมายเลือกตั้งส.ส.มาตรา 73 (5 ) กำหนดห้ามไม่ให้ผู้สมัครจูงใจผู้มีสิทธิ์เลือกตั้งด้วยการหลอกลวง ซึ่ง ความผิดดังกล่าวมีโทษถึงขั้นยุบพรรค จึงต้องติดตามดูว่าจะมีผู้ใดไปยื่นคำร้องเรื่องนี้ต่อกกต. หรือไม่ #Savethanatorn https://www. thaipost.net/main/detail/29 634 …", "date": "21-02-2019 17:00", "retweet": 26, "like": 37}, {"id": "1098477236607307776", "url": "https://twitter.com/FirefoxChorme/status/1098477236607307776", "username": "", "text": "ฟิตร่างกายก่อนงานแต่งลูก ป๋าแม้วคงรอตัวปชต.ไปงานลูกมัน แล้วคงลากตัวปชต.เข้าโรงแรมแบบไอ้ไก่", "date": "21-02-2019 13:59", "retweet": 0, "like": 1}, {"id": "1098476443565051906", "url": "https://twitter.com/FirefoxChorme/status/1098476443565051906", "username": "", "text": "คุณพอมีหลักฐานเป็นรูปธรรมมั๊ยครับ ใครโกง โกงยังไง ใครชี้มูล", "date": "21-02-2019 13:56", "retweet": 0, "like": 1}, {"id": "1098438783958114304", "url": "https://twitter.com/FirefoxChorme/status/1098438783958114304", "username": "", "text": "การพัฒนาขีดความสามารถกองทัพคือการที่ไม่ต้องไปรบกับใคร แต่ถ้าไปลดกำลังพลและไม่พัฒนาอาวุธ นั่นแหละคือการเรียกโจรมาปล้นบ้าน", "date": "21-02-2019 11:26", "retweet": 0, "like": 2}, {"id": "1098434685141577728", "url": "https://twitter.com/FirefoxChorme/status/1098434685141577728", "username": "", "text": "ได้มีสาวกพรรคอนาคตใหม่ ที่ไม่พอใจ ที่ความจริงถูกเปิดโปง จึงได้เข้ามาโจมตีด้วยคำหยาบคาย ผรุสวาท สบประมาท เหยียดยามต่างๆ นานาในเพจส่วนตัวของผม Cr.Kittitouch Chaiprasith pic.twitter.com/eQV5lHohew", "date": "21-02-2019 11:10", "retweet": 1, "like": 2}, {"id": "1098314462900117504", "url": "https://twitter.com/FirefoxChorme/status/1098314462900117504", "username": "", "text": "#หนักแผ่นดิน pic.twitter.com/ACtQlZKTQw", "date": "21-02-2019 03:12", "retweet": 11, "like": 16}, {"id": "1098309400551280640", "url": "https://twitter.com/FirefoxChorme/status/1098309400551280640", "username": "", "text": "ข้อมูลจากสื่อควายแดง ชาวบ้านเค้าไม่สนใจหรอก", "date": "21-02-2019 02:52", "retweet": 0, "like": 0}, {"id": "1098309049173499904", "url": "https://twitter.com/FirefoxChorme/status/1098309049173499904", "username": "", "text": "+-มีนายกพลเรือน 42ปี ถ้ามันดีจริง ประเทศไทยคงเป็นมหาอำนาจไปแล้ว", "date": "21-02-2019 02:50", "retweet": 0, "like": 0}, {"id": "1098282752787439616", "url": "https://twitter.com/FirefoxChorme/status/1098282752787439616", "username": "", "text": "กล่าวหากันว่าลุงตู่สืบทอดอำนาจ แล้วตอนเลือกตั้ง2554 เจ๊ปูมันโผล่มาจากใหน ความรู้เรื่องการเมืองการปกครองไม่กระดิกหู การเมืองท้องถิ่นก็ไม่เคยมี เห็นหน้าแค่49วัน ก็ได้เป็นนายก ไม่เรียกสืบทอดอำนาจตระกูลชิน แล้วจะให้เรียกอะไร ...เพราะว่า ถ้าเจ๊ปู ไม่ใช่นามสกุลชินวัตร ใครมันจะไปแล", "date": "21-02-2019 01:06", "retweet": 19, "like": 25}, {"id": "1098261735184560134", "url": "https://twitter.com/FirefoxChorme/status/1098261735184560134", "username": "", "text": "https://www. thaipost.net/main/detail/88 46 …", "date": "20-02-2019 23:42", "retweet": 4, "like": 3}, {"id": "1098253298090397696", "url": "https://twitter.com/FirefoxChorme/status/1098253298090397696", "username": "", "text": "บอกข่าวดีแฟนๆแกนนำพธม. ติดคุกแค่ 70วัน จากที่ศาลลงไว้ 8เดือน https://www. thaipost.net/main/detail/29 172 … pic.twitter.com/dTmfH53YB5", "date": "20-02-2019 23:09", "retweet": 3, "like": 8}, {"id": "1098251301320675328", "url": "https://twitter.com/FirefoxChorme/status/1098251301320675328", "username": "", "text": "อีกข้อ อยากรู้...ใครเป็นผู้เสนอพระนาม \"ทูลกระหม่อมหญิง\" ต่อที่ประชุมคณะกรรมการบริหารพรรค? และใคร เป็นผู้ไปกราบทูลเชิญ \"ทูลกระหม่อมหญิง\" มาเป็นแคนดิเดตนายกฯ ของพรรค? เอาล่ะ ไว้รอฟังคณะพรรคไทยรักษาชาติเขาแจกแจงต่อศาล Cr. เปลว สีเงิน https://www. thaipost.net/main/detail/29 172 … pic.twitter.com/eaUaqAyyeE", "date": "20-02-2019 23:01", "retweet": 6, "like": 7}, {"id": "1098201153198710784", "url": "https://twitter.com/FirefoxChorme/status/1098201153198710784", "username": "", "text": "จีน เวียดนาม ลาว ไม่มีเลือกตั้ง เป็นไงตอนนี้จีนไปไกลแล้ว เวียดนามระบบการศึกษาน่าจะแซงไทยไปแล้ว ฟุตบอลก็ดีกว่าไทย ส่วนปชต.แบบไทยๆทำระยำจนปชช.แบ่งฝ่ายแยกสีเพราะนักการเมืองประชาธิปไตย pic.twitter.com/WB3UOED4qw", "date": "20-02-2019 19:42", "retweet": 39, "like": 23}, {"id": "1098197084430229504", "url": "https://twitter.com/FirefoxChorme/status/1098197084430229504", "username": "", "text": "เมื่อเด็กอมมือทะลึ่ง ผู้ใหญ่เลยตบบ้องหูซะหน้าชา pic.twitter.com/e1afUSGPov", "date": "20-02-2019 19:26", "retweet": 42, "like": 33}, {"id": "1098194238452379649", "url": "https://twitter.com/FirefoxChorme/status/1098194238452379649", "username": "", "text": "กระต่ายในจันทร์ https:// youtu.be/r9_rxUULITc", "date": "20-02-2019 19:14", "retweet": 1, "like": 1}, {"id": "1098186180405784576", "url": "https://twitter.com/FirefoxChorme/status/1098186180405784576", "username": "", "text": "ทำรายการแกว่งตีนหาเสี้ยน เสี้ยนมันก็ตำเอาเสือกออกมาร้องทำห่าอะไร อิดก https:// twitter.com/TLHR2014/statu s/1098104106470653952 …", "date": "20-02-2019 18:42", "retweet": 0, "like": 0}, {"id": "1098056901844131841", "url": "https://twitter.com/FirefoxChorme/status/1098056901844131841", "username": "", "text": "ไม่ต่างกับผีห่ากินเมือง #หนักเเผ่นดิน https:// twitter.com/FirefoxChorme/ status/1097927532370833408 …", "date": "20-02-2019 10:09", "retweet": 1, "like": 1}, {"id": "1098056106352361473", "url": "https://twitter.com/FirefoxChorme/status/1098056106352361473", "username": "", "text": "ตอนเข้าคูหา ใครไปบังคับคุณเหรอครับ โลกโซเชี่ยลยุคนี้ถึงกันหมด อย่าตื้นครับอย่าตื้นที่จะไปคิดว่า ร่างรธน.จะเผยแพร่ไม่ได้ คนโหวตโน มันมีกี่ตัวครับ คุญกำลังพยายามแถและดูถูกประชาชน", "date": "20-02-2019 10:05", "retweet": 0, "like": 0}, {"id": "1097938086929915904", "url": "https://twitter.com/FirefoxChorme/status/1097938086929915904", "username": "", "text": "ปปช.ก็ตีตกไปแล้ว ไอ้เต้นก็รั้นไปยื่นอีก ปปช.ก็ไม่รับอีก https://www. naewna.com/politic/347024", "date": "20-02-2019 02:16", "retweet": 2, "like": 0}, {"id": "1097934380163489794", "url": "https://twitter.com/FirefoxChorme/status/1097934380163489794", "username": "", "text": "555 ก็สถานะการมันฉุกเฉินเกิดขึ้นหรือยัง? มโนกันไปเอง และจริงชัตดาวน์ก็สงบดี ไม่มีการเผาบ้ายเผาเมืองเหมือนพวกควายแดง pic.twitter.com/3wpHwa2Wyj", "date": "20-02-2019 02:02", "retweet": 0, "like": 0}, {"id": "1097931842462789632", "url": "https://twitter.com/FirefoxChorme/status/1097931842462789632", "username": "", "text": "คุณๆทั้งหลายเรียกเค้าว่ารัฐบาล\"เผด็จการ\"ใช่มั๊ยครับ? ถ้าตอบว่า\"ใช่\" คุณก็คงเข้าใจนะครับ แต่เผด็จการแบบลุงตู่แกไม่โหดร้าย เพราะเห็นด่าเผด็จการกันจังก็ยังกินอิ่มนอนหลับสบาย ...ถ้าลุงตู่แกเป็นแบบเผด็จการจีนหรือเกาหลี ไอ้พวกที่ด่าแกคงได้ไปนอนคุยกับปลวก", "date": "20-02-2019 01:52", "retweet": 0, "like": 0}, {"id": "1097927532370833408", "url": "https://twitter.com/FirefoxChorme/status/1097927532370833408", "username": "", "text": "นอกจากจะไม่แสดงความฉลาดในการหาเงินแล้ว บางพรรคยังจะทำลายเศรษฐกิจในอนาคตโดยประกาศว่าจะล้มเลิกการส่งเสริมการลงทุนข้ามชาติที่ประเทศไทยเราเพียรสร้างสิ่งนี้มาหลายสิบปีก่อนคนที่พูดจะเกิดเสียด้วยซ้ำไป ไม่ต่างกับผีห่ากินเมืองจริงๆ ถ้าพวกนี้เข้ามาเป็นรัฐบาลได้ https://www. facebook.com/photo.php?fbid =2305766772800254&set=a.112655038778116&type=3&fref=mentions … pic.twitter.com/XXf0CRehrb", "date": "20-02-2019 01:34", "retweet": 11, "like": 9}, {"id": "1097897101432745984", "url": "https://twitter.com/FirefoxChorme/status/1097897101432745984", "username": "", "text": "โถๆๆ สมองนะสมอง ดูเมกาบุกอิรัค พวกปุ่มกดปล่อยจรวดเสร็จ หลังจากนั้นก็ต้องใช้ทหารกองกำลังภาคพื้นดินเข้าไปอยู่ดีนั่นแหละ อ่านซะไอ้หนู pic.twitter.com/xMh1Y6XGUC", "date": "19-02-2019 23:34", "retweet": 8, "like": 16}, {"id": "1097891923463888897", "url": "https://twitter.com/FirefoxChorme/status/1097891923463888897", "username": "", "text": "#หนักเเผ่นดิน pic.twitter.com/4LMhNJfCxu", "date": "19-02-2019 23:13", "retweet": 4, "like": 0}, {"id": "1097891138076200960", "url": "https://twitter.com/FirefoxChorme/status/1097891138076200960", "username": "", "text": "จาตุรนต์เป็นรัฐมนตรีกระทรวงศึกษา ...ทำไมปล่อยให้นักศึกษาถูกฆ่าตาย", "date": "19-02-2019 23:10", "retweet": 0, "like": 0}, {"id": "1097871697628151808", "url": "https://twitter.com/FirefoxChorme/status/1097871697628151808", "username": "", "text": "เคยอ่านเจอในพันทิปค้าขายใกล้ๆเซเว่นแต่ทำเป็นสู้เซเว่นได้สบาย อาแป่ะในซอยบ้านก็มีร้านนึงอยู่ได้สบาย เอาของแมคโครมาขาย ของแกทุกชนิดจจะถูกกว่าเซเว่น 1บาทเป็นอย่างน้อย ตั้งวงเหล้าต้องไปซื้อแก เหล้าน้ำแข็งโซดา ประหยัดได้หลาย", "date": "19-02-2019 21:53", "retweet": 8, "like": 2}, {"id": "1097861702660440064", "url": "https://twitter.com/FirefoxChorme/status/1097861702660440064", "username": "", "text": "ตร.จับได้หลังจากทหารเข้าควบคุมการปกครองแล้วนะครับ", "date": "19-02-2019 21:13", "retweet": 0, "like": 0}, {"id": "1097859825138991106", "url": "https://twitter.com/FirefoxChorme/status/1097859825138991106", "username": "", "text": "คุณดูดีๆครับ ฝ่ายกปปส.บาดเจ็บล้มตายจากการลอบทำร้ายโดยไม่รู้ตัว แต่ป๊อปคอนนั่นเป็นการยิงต่อสู้กัน ทั้งนี้ทั้งนั้นใครกระทำต้องรับโทษ ประเด็นผมคือ ตำรวจเลือกข้างและทำน่าเกลียดมาก 700กว่าจับไม่ได้ ป๊อปคร์อนตามจับได้ แต่ไอ้คนที่ยิงกับปอปคอร์นตร.หาไม่เจอ", "date": "19-02-2019 21:05", "retweet": 1, "like": 0}, {"id": "1097851664290074624", "url": "https://twitter.com/FirefoxChorme/status/1097851664290074624", "username": "", "text": "ก็อย่างว่านะถ้ามนุษย์บางคนมันอยู่ข้างเหี้ย ไม่สนใจคนไทยที่โดนเหี้ยทำร้าย อ้างแต่รัฐประหารผิดกฎหมาย ก็ช่างมันเพราะมันศีลเสมอเหี้ย", "date": "19-02-2019 20:33", "retweet": 0, "like": 2}, {"id": "1097791921139793921", "url": "https://twitter.com/FirefoxChorme/status/1097791921139793921", "username": "", "text": "ดูตามโพลมีเหตุผล เพราะคราว2554 เจ๊ปูชนะคะแนนปาร์ตี้ลิสปชป.4ล้านเศษ มาคราวนี้พปชร.เป็นตัวแทรกมาตัดคะแนน ประกอบพท.กระแสตก แต่ปชป.คงใกล้เคียงของเดิม ผลจึงเป็นตามโพล", "date": "19-02-2019 16:36", "retweet": 0, "like": 4}, {"id": "1097790486528442368", "url": "https://twitter.com/FirefoxChorme/status/1097790486528442368", "username": "", "text": "จะลดงบทหาร แต่จะไปเพิ่มเงินจูงใจให้คนสมัครทหาร เดิมๆทหารเกณฑ์ได้ประมาณ9000 ต้องเกทับไปประมาณ15000 ทหารแสนคนคูณเอาแล้วกัน ให้สิทธิ์เท่าข้าราชการ พ่อแม่ลูกป่วยรักษาฟรี นี่นะลดงบทหาร นอกจากลดไม่ได้คงต้องเพิ่มซะมากกว่า", "date": "19-02-2019 16:30", "retweet": 4, "like": 7}, {"id": "1097788809800892418", "url": "https://twitter.com/FirefoxChorme/status/1097788809800892418", "username": "", "text": "pic.twitter.com/PCIgD1kiGD", "date": "19-02-2019 16:23", "retweet": 0, "like": 0}, {"id": "1097788698899341312", "url": "https://twitter.com/FirefoxChorme/status/1097788698899341312", "username": "", "text": "#หนักแผ่นดิน ขายฝันทำไม่ได้จริง pic.twitter.com/8CVWofbMBE", "date": "19-02-2019 16:23", "retweet": 0, "like": 0}, {"id": "1097759358111297536", "url": "https://twitter.com/FirefoxChorme/status/1097759358111297536", "username": "", "text": "งานที่ไหนครับจะหลงเหลืออีกสองสามแสนตำแหน่ง หรือพวกที่จบๆกันมาก่อนหน้านี้มันไม่หางานทำ", "date": "19-02-2019 14:26", "retweet": 0, "like": 0}, {"id": "1097758701086171136", "url": "https://twitter.com/FirefoxChorme/status/1097758701086171136", "username": "", "text": "สมัยก่อนเคยได้ยิน พูดคุยเอาเงินติดสินบนให้เจ้าตัวไม่รับ มันเล่นเอาตู้เย็นไปฝากคุณนาย พอกลับไปคุณนายเปิดตู้เย็นเงินเต็มตู้ เรื่องเล่าครับไม่รู้จริงหรือปล่าว", "date": "19-02-2019 14:24", "retweet": 1, "like": 1}, {"id": "1097757831074205696", "url": "https://twitter.com/FirefoxChorme/status/1097757831074205696", "username": "", "text": "ว่าด้วยเรื่องสลายชุมนุม10เม.ย.53 ฝ่ายวางแผนมันโง่ไอ้พวกถือปืนสงครามก็อยากโชว์ให้เสื้อแดงเห็น โถๆไอ้โง่เอ๊ย ถ้ามึงแอบบนตึกยิงเสื้อแดงอย่างเดียว ป่านนี้ทหารกับมาร์คซวยไปแล้ว แต่ข้อเท็จจริงกลับมีข่าวเห็นคนถือปืนยั้วเยี้ยทหารก็บาดเจ็บล้มตาย แผนมึงจึงล้มเหลวว่ะไอ้แม้ว", "date": "19-02-2019 14:20", "retweet": 25, "like": 31}, {"id": "1097753055464849408", "url": "https://twitter.com/FirefoxChorme/status/1097753055464849408", "username": "", "text": "pic.twitter.com/kES8eEfflz", "date": "19-02-2019 14:01", "retweet": 7, "like": 2}, {"id": "1097752857963446272", "url": "https://twitter.com/FirefoxChorme/status/1097752857963446272", "username": "", "text": "pic.twitter.com/52kl8Uoroz", "date": "19-02-2019 14:00", "retweet": 7, "like": 4}, {"id": "1097750328127057920", "url": "https://twitter.com/FirefoxChorme/status/1097750328127057920", "username": "", "text": "คนละยุคครับ นปช.จบไปตั้งแต่ปี53", "date": "19-02-2019 13:50", "retweet": 0, "like": 0}, {"id": "1097719890608238593", "url": "https://twitter.com/FirefoxChorme/status/1097719890608238593", "username": "", "text": "ฝ่ายรปภ คงประเมินแล้ว มันเสือกเข้ามาในงานไม่มีใครเชิญ", "date": "19-02-2019 11:49", "retweet": 0, "like": 0}, {"id": "1097719293821636608", "url": "https://twitter.com/FirefoxChorme/status/1097719293821636608", "username": "", "text": "เอากฎหมายข้อไหนเข้าสลาย โถๆๆไอ้พวกฝ่ายกฎหมายพรรคเพื่อทุยมันอยากสลายใจจะขาดรอนๆนะจ๊ะ คุณแค่พวกเสื้อแดงปลายแถวก็ได้แต่เอาสะใจ โยนขี้ใส่มัน ฮ่าๆๆๆ จิตใจต่ำนะคุณ", "date": "19-02-2019 11:47", "retweet": 0, "like": 0}, {"id": "1097718483838615553", "url": "https://twitter.com/FirefoxChorme/status/1097718483838615553", "username": "", "text": "อ๊าววว ก็ผู้ชุมนุมเค้าอยู่เฉย มีฝูงเหี้ยลอบทำร้ายไง บาดเจ็บล้มตาย700กว่าคน หาข้อมูลได้ที่ศูนย์เอราวัณ", "date": "19-02-2019 11:44", "retweet": 0, "like": 0}, {"id": "1097716958982631424", "url": "https://twitter.com/FirefoxChorme/status/1097716958982631424", "username": "", "text": "คงต้องระวังไอ้พวกพระยาละแวก ไทยมีปัญหาภายใน ไอ้พวกห่านั่นขยับ https:// twitter.com/WassanaNanuam/ status/1097715970087374848 …", "date": "19-02-2019 11:38", "retweet": 1, "like": 2}, {"id": "1097715799215624192", "url": "https://twitter.com/FirefoxChorme/status/1097715799215624192", "username": "", "text": "อ๊ะอ้าววว คุณมีสิทธิ์อะไรเข้าประชิดตัวเค้า คุณก็ไปยืนโชว์ห่างๆก็ได้นี่ครับ หรือกลัวไม่ถูกจับ", "date": "19-02-2019 11:33", "retweet": 0, "like": 0}, {"id": "1097715322717519872", "url": "https://twitter.com/FirefoxChorme/status/1097715322717519872", "username": "", "text": "โหๆๆ ฝ่ายประชาธิปไตยใจร้ายจัง ถึงขั้นจะเอา \"ไม้ไล่ทุบยิงน้ำขี้ใส่ก็ออกหมด\" นั่นมันคนไทยด้วยกันนะ แค่เขาเห็นต่างกับคุณ สงสัยคนใกล้ตัวคุณคงต้องระวังแล้วละ ถ้าเห็นต่างคงโดนขี้ป้ายหัว #หนักแผ่นดิน", "date": "19-02-2019 11:31", "retweet": 0, "like": 0}, {"id": "1097710584382902273", "url": "https://twitter.com/FirefoxChorme/status/1097710584382902273", "username": "", "text": "มันโดนจับกี่คน ข้อหาอะไรครับ เอาชัดๆสิ", "date": "19-02-2019 11:12", "retweet": 0, "like": 0}, {"id": "1097708981810749440", "url": "https://twitter.com/FirefoxChorme/status/1097708981810749440", "username": "", "text": "รัฐบาลทหารนี่ครับ ไม่ใช่เหตุการณ์ปกติ แต่ถ้าอยากจะฟ้องร้องก็ได้นี่ กระบวนการแจ้งความร้องทุกข์ที่โรงพักยังมีปกติทุกอย่าง", "date": "19-02-2019 11:06", "retweet": 0, "like": 0}, {"id": "1097698761881444353", "url": "https://twitter.com/FirefoxChorme/status/1097698761881444353", "username": "", "text": "ก็ออกมาสิครับ แต่เค้าห้ามเกิน5คน ถ้ามีหลักฐานเด็ดๆทหารคนไหนชั่ว ไล่ได้นะครับ ส่วนนักการเมืองชั่ว มันยุบสภาเองครับ เพื่อเลือกตั้งใหม่ฟอกขาวให้ตัวเองเพราะรู้ๆอยู่เลือกตั้งชนะแน่ๆ แต่คนรู้ทันเค้าไล่ให้ลาออกรับผิดชอบความผิด แล้วเขียนกติกาใหม่ ค่อยเลือกตั้งครับ pic.twitter.com/jL3GxUK0Sk", "date": "19-02-2019 10:25", "retweet": 1, "like": 1}, {"id": "1097696989188259840", "url": "https://twitter.com/FirefoxChorme/status/1097696989188259840", "username": "", "text": "นักข่าวก็ชอบเล่นข่าว ทำให้ตื่นเต้นกันซะงั๊น จริงๆพวกคุณก็รู้ว่าใครรับผิดชอบ โทรไปถามซะก่อนก็ได้ พวกนี้ชอบให้บานปลายแล้วมาแก้ข่าวทีหลัง", "date": "19-02-2019 10:18", "retweet": 0, "like": 5}, {"id": "1097696395677462528", "url": "https://twitter.com/FirefoxChorme/status/1097696395677462528", "username": "", "text": "#เลือกตั้งปี62 https:// twitter.com/ThailandCaptia n/status/1097511918317649920 …", "date": "19-02-2019 10:16", "retweet": 0, "like": 0}, {"id": "1097692805424590849", "url": "https://twitter.com/FirefoxChorme/status/1097692805424590849", "username": "", "text": "แล้วก็ถึงขั้นทหารต้องประกาศกฎอัยการศึกแล้วเรียกฝ่ายการเมือง ฝ่ายผชน.ทุกสีเข้าไปคุยกัน ต่างฝ่ายต่างไม่ยอมกันขืนปล่อยให้เนิ่นนานไปบ้านเมืองเสียหายอาจเกิดการเข้าฆ่าแกงกันโดยคนไทยด้วยกัน ทหารจึงไม่มีทางเลือกอื่น ต้องใช้ยาแรงระงับความเสียหาย ...ครับ บริบทก่อนเกิดรัฐประหารก็ประมาณนี้", "date": "19-02-2019 10:02", "retweet": 0, "like": 0}, {"id": "1097691816671928320", "url": "https://twitter.com/FirefoxChorme/status/1097691816671928320", "username": "", "text": "ทหารออกมาพูดประมาณบ้านเมืองเกิดจลาจลด้วยเหตุมีประชาชนบาดเจ็บล้มตายจำนวนมากถือว่า\"เป็นจลาจลแล้ว\"ขอให้รัฐบาลดำเนินการหาคนผิดมาลงโทษ รัฐบาลก็ไม่สนใจ ท้ายที่สุดเกิดเหตุการร้ายแรงกลางดึกอาวุธสงครามถล่มใส่ผู้ชุมนุมที่กำลังนอนหลับ ทหารจึงต้องออกมารักษาความสงบ https://www. khaosod.co.th/view_newsonlin e.php?newsid=TVRRd01ERXhNREl5T1E9PQ==&catid=01 …", "date": "19-02-2019 09:58", "retweet": 0, "like": 0}, {"id": "1097690359809769472", "url": "https://twitter.com/FirefoxChorme/status/1097690359809769472", "username": "", "text": "เริ่มชุมนุมต้านนิรโทษล้างผิด ซึ่งถ้ากฎหมายผ่าน ข้าราชการทึกชนิด ที่ปปช.กำลังสอบหรือฟ้องแล้วหรือศาลตัดสินแล้ว พ้นผิดหมดสองหมื่นกว่าคน ชุมนุมไปไม่นานก็เริ่มมีคนลอบทำร้ายตร.จับใครไม่ได้ คนร้ายได้ใจเพราะตร.วางเฉย บาคเจ็บล้มตายเยอะ ทหารเตือนหลายครั้งขอตร.จับคนร้าย ตร.นิ่ง (ต่อ)", "date": "19-02-2019 09:52", "retweet": 0, "like": 0}, {"id": "1097688715957161984", "url": "https://twitter.com/FirefoxChorme/status/1097688715957161984", "username": "", "text": "ใครเรียกครับ เรียกเมื่อไหร่ วันเวลาไหนครับ เนื่องผชน.กปปส.โดนทั้งระเบิดอาวุธนาๆชนิดยิงเข้าใส่บาดเจ็บล้มตาย800กว่าคน ตร.จับใครไม่ได้เลย ตร.เลือกข้างปล่อยผชน.เผชิญความตายซึ่งมาจากแนวร่วมพวกฝ่ายเสื้อแดง จึงเรียกร้องให้ทหารมาช่วยปชช.กปปส. https://www. isranews.org/isranews-news/ 26838-ss_26838.html … pic.twitter.com/s2uac03NpO", "date": "19-02-2019 09:45", "retweet": 0, "like": 1}, {"id": "1097685967731707905", "url": "https://twitter.com/FirefoxChorme/status/1097685967731707905", "username": "", "text": "คุณนิธิ คุณอย่างเบี่ยงเบน กปปส.เค้าเป่านกหวีดลงถนนปชช.ร่วมด้วยมากมายเพราะกฎหมายพรบ.นิรโทษล้างผิดคนทำผิดกฎหมาย คุณน่าจะรู้ถ้ากฎหมายนิรโทษผ่าน ข้าราชการทุกฝ่าย สองหมื่นกว่าคนที่ปปช.กำลังสอบสวนหรือฟ้องไปแล้วและตัดสินไปแล้ว พ้นผิดหมด ก็ดีครับจะได้รู้กันใครเป็นใคร #เลือกตั้ง62 pic.twitter.com/0VbmporuO8", "date": "19-02-2019 09:35", "retweet": 2, "like": 2}, {"id": "1097684477533253632", "url": "https://twitter.com/FirefoxChorme/status/1097684477533253632", "username": "", "text": "เรื่องสาดโคลนบางคนในพรรคคุณก็ไม่เบานะครับ อย่างนายคนนี้ผ่านมาตั้งหลายปีไม่พูดอะไร พอลงการเมืองพรรคคุณเท่านั้นแหละ ฟูมฟายเป็นว่าหลงผิดโดนหลอกกลับใจแล้วขอเป็นคนดี 4ปีกว่าไม่รู้ตัวมารู้ตอนลงปาร์ตี้ลิส #เลือกตั้ง62 pic.twitter.com/D3znpCtZdj", "date": "19-02-2019 09:29", "retweet": 2, "like": 1}, {"id": "1097675934667177984", "url": "https://twitter.com/FirefoxChorme/status/1097675934667177984", "username": "", "text": "คนไทยก็เป็นอย่างนี้แหละ รักฝั่งไหนก็เชียร์และปกป้องกันจนขัดแย้งกับฝ่ายเห็นต่าง หลังจากผ่านเลือกตั้งไปแล้วก็จะคล้ายๆคลื่นกระทบฝั่ง ดูฝ่ายเสื้อแดงกับสีอื่นสิครับ พอจบม๊อบต่างคนก็แยกย้ายทำมาหากิน ที่เราเห็นๆมันนักเลงคีย์บอร์ดไม่ประชิดตัวกันเลยเก่งๆทั้งนั้น", "date": "19-02-2019 08:55", "retweet": 2, "like": 5}, {"id": "1097674510491217920", "url": "https://twitter.com/FirefoxChorme/status/1097674510491217920", "username": "", "text": "เฉพาะนิรโทษ พรรคปชป.โดนด่ากรณีโยนแฟ้มหาว่าอันธพาลรัฐสภา ปชป.เตือนหลายครั้งอย่าผ่านกฎหมายวาระ3 ไม่งั๊นจะเป่าหวีดลงถนนฟ้องปชช. ถ้าพรรคแม้วยอมฟังในวันนั้น ป่านนี้มันก็ยังเป็นรัฐบาลลุงตู่ก็ไม่ได้เป็นนายกหรอก เพราะกฎหมายนิรโทษพวกมันและคนโดนคดีปปช.อีกสองหมื่นกว่าคนหลุดหมด #หนักแผ่นดิน pic.twitter.com/s05QzV7Co8", "date": "19-02-2019 08:49", "retweet": 69, "like": 49}, {"id": "1097668420093370368", "url": "https://twitter.com/FirefoxChorme/status/1097668420093370368", "username": "", "text": "ป้าวนจะแถว่า \"แดงเทียมหรือทหารแฝงตัวมายิงใส่ร้ายเสื้อแดง\" ฟันธง!!! #หนักแผ่นดิน", "date": "19-02-2019 08:25", "retweet": 0, "like": 0}, {"id": "1097580665304887298", "url": "https://twitter.com/FirefoxChorme/status/1097580665304887298", "username": "", "text": "ลองถามคนแก่ใกล้ตัวคุณซึ่งน่าจะมีไม่น้อย คุณพ่อแม่ลุงป้าน้าอาทั้งของคุณและแฟนและเพื่อน ที่อยู่ข้างฝ่ายทหารดูครับ", "date": "19-02-2019 02:36", "retweet": 0, "like": 0}, {"id": "1097574183632924673", "url": "https://twitter.com/FirefoxChorme/status/1097574183632924673", "username": "", "text": "เอาไปบริษัทมึงก่อนเลย เอามาเพ่นพล่านทั่วไป ไม่พอใจอะไรเดี๋ยวมันเผาวัดหรือไปเข้าร่วมกับโจรใต้ ไอ้ตี๋มึงรับผิดชอบได้เระ pic.twitter.com/fnEbEkG5il", "date": "19-02-2019 02:10", "retweet": 3, "like": 2}, {"id": "1097572277174992897", "url": "https://twitter.com/FirefoxChorme/status/1097572277174992897", "username": "", "text": "pic.twitter.com/IAXotJiwnx", "date": "19-02-2019 02:03", "retweet": 0, "like": 3}, {"id": "1097572231410905090", "url": "https://twitter.com/FirefoxChorme/status/1097572231410905090", "username": "", "text": "pic.twitter.com/qoqvbbMMaD", "date": "19-02-2019 02:03", "retweet": 0, "like": 2}, {"id": "1097568158712360960", "url": "https://twitter.com/FirefoxChorme/status/1097568158712360960", "username": "", "text": "หญิงหน่อย+ธนาธร #หนักแผ่นดิน มากกว่าลุงป้อม", "date": "19-02-2019 01:46", "retweet": 1, "like": 2}, {"id": "1097567095720574978", "url": "https://twitter.com/FirefoxChorme/status/1097567095720574978", "username": "", "text": "#หนักแผ่นดิน pic.twitter.com/CwuSLniFis", "date": "19-02-2019 01:42", "retweet": 5, "like": 9}, {"id": "1097566863125405696", "url": "https://twitter.com/FirefoxChorme/status/1097566863125405696", "username": "", "text": "ขอดัดแปลงเอาไปเผยแพร่หน่อยครับ pic.twitter.com/0LLTVCB158", "date": "19-02-2019 01:41", "retweet": 8, "like": 9}, {"id": "1097562625355837440", "url": "https://twitter.com/FirefoxChorme/status/1097562625355837440", "username": "", "text": "เดี๋ยวมึงเจอกูแน่ ต่อยให้ไข่แตกเลยมรึง pic.twitter.com/BpEqBYvqkn", "date": "19-02-2019 01:24", "retweet": 1, "like": 2}, {"id": "1097546418166714368", "url": "https://twitter.com/FirefoxChorme/status/1097546418166714368", "username": "", "text": "คุณดูเอาเอง ที่ผมวงกลมไว้ ม๊อบเสื้อแดงยิงอาวุธสงครามออกมาใส่ชาวบ้านบาดเจ็บล้มตาย ดูเวลาลูกระเบิดวิ่งตามในรูปได้ประกอบคลิปจริง หลายฝ่ายเค้าตรวจสอบแล้ว มีอาวุธสงครามอยู่ในม๊อบ จึงไม่ใช่การชุมนุมโดยสงบตามกฎหมาย https:// youtu.be/RLeZZ6LBusc pic.twitter.com/xYWSUs3atQ", "date": "19-02-2019 00:20", "retweet": 0, "like": 0}, {"id": "1097545360451371008", "url": "https://twitter.com/FirefoxChorme/status/1097545360451371008", "username": "", "text": "จะกระทำทุกอย่างต้องพิจารณาอย่างรอบคอบ ไม่งั๊นเข้าตัวโดนคดีกันทั้งนั้น ไม่ว่ารัฐบาลไหนๆ http:// library2.parliament.go.th/wichakarn/cont ent-digest/digest006-3.pdf …", "date": "19-02-2019 00:16", "retweet": 0, "like": 0}, {"id": "1097544601169096708", "url": "https://twitter.com/FirefoxChorme/status/1097544601169096708", "username": "", "text": "ม๊อบทุกม๊อบ รัฐบาลทุกรัฐบาล ต้องว่ากันตามกฎหมาย ถึงจะเข้าสลายการชุมนุมได้ ไม่ใช่ถือว่ามีอาวุธ จะไปไล่ทุบตีให้ปชช.ออกจากที่ชุมนุมได้ตามอำเภอใจ", "date": "19-02-2019 00:13", "retweet": 0, "like": 0}, {"id": "1097544100075589632", "url": "https://twitter.com/FirefoxChorme/status/1097544100075589632", "username": "", "text": "pic.twitter.com/Y2Zhp5lHO7", "date": "19-02-2019 00:11", "retweet": 0, "like": 0}, {"id": "1097542954925752320", "url": "https://twitter.com/FirefoxChorme/status/1097542954925752320", "username": "", "text": "อ่านก่อนครับ อ่านช้าๆให้เข้าใจ ศาลท่านวินิจฉัยว่ายังไง? อย่าไปคิดเองเออเองโดยไม่สนใจกฎหมาย http://www. komchadluek.net/news/politic/5 4923 …", "date": "19-02-2019 00:06", "retweet": 0, "like": 1}, {"id": "1097536827316039682", "url": "https://twitter.com/FirefoxChorme/status/1097536827316039682", "username": "", "text": "ก็ความหมายของคุณธีรัต ก็ประมาณว่า ทำโปสเตอร์มาให้ชาวบ้านถือ ก็คล้ายๆกันแหละครับ ไปงานไหนๆไม่ว่าสีใหนจะเชียร์ใคร มันก็ทำแบบนี้กันทั้งนั้นแหละ ไม่ว่าบ้านนอกในกรุง ประชาธิปไตยหรือเผด็จการ มันเป็นคล้ายๆงานอีเวนท์ มีคนจัดการทำมาแล้วก็หาคนมาถิอ ไม่ต้องไปจริงจังหรอกครับ เซมๆ", "date": "18-02-2019 23:42", "retweet": 3, "like": 0}, {"id": "1097533403514036229", "url": "https://twitter.com/FirefoxChorme/status/1097533403514036229", "username": "", "text": "เสื้อแดงชุมนุมหลายเดือนตั้งแต่แยกผ่านฟ้าน่าจะต้นมีนา แล้วย้ายไปยึดราชประสงค์ ตลอดการชุมนุประมาณ3ด.ไม่มีระเบิดหรือกระสุนปืนตกใส่แม้แต่นัดเดียวนะ จนรัฐเข้าสลาย ส่วนกปปส.193วัน ทั้งปืนทั้งระเบิดหล่นใส่บาดเจ็บและตาย800กว่า ...บริบทมันต่างกันครับ", "date": "18-02-2019 23:28", "retweet": 0, "like": 0}, {"id": "1097501087420956672", "url": "https://twitter.com/FirefoxChorme/status/1097501087420956672", "username": "", "text": "รอดูวันเลือกตั้งเถอะ พรรคส้มมันจะโดนอีกเยอะ โดยเฉพาะจะยกเลิกบัตรสวัสดิการแห่งรัฐ ชาวบ้านรายได้น้อยคงไม่มีใครเลือกพวกมัน", "date": "18-02-2019 21:20", "retweet": 1, "like": 2}, {"id": "1097500134789672960", "url": "https://twitter.com/FirefoxChorme/status/1097500134789672960", "username": "", "text": "#หนักแผ่นดิน ไอ้พวกนี้มันมีความรู้สูง อ่านที่มันเขียนดูก็รู้ พูดให้ผู้ฟังดูดีมีศักดิ์ศรี แล้วก็ตบท้ายว่าฝ่ายรัฐดูถูกพวกคุณ นี่มันเป็นพูดยัดเยียดความเกลียดชังโดยตั้งใจที่จะทำ https:// twitter.com/joom_nisa/stat us/1097474437488664582 …", "date": "18-02-2019 21:16", "retweet": 2, "like": 6}, {"id": "1097498830440779776", "url": "https://twitter.com/FirefoxChorme/status/1097498830440779776", "username": "", "text": "รู้นะ แอบชอบน้องตั๊น", "date": "18-02-2019 21:11", "retweet": 0, "like": 1}, {"id": "1097498202314399745", "url": "https://twitter.com/FirefoxChorme/status/1097498202314399745", "username": "", "text": "ถ้านักการเมือง ไม่ทำชั่ว ทหารก็ไม่มีเงื่อนไขทำรัฐประหาร ลองสังเกตุดูสิครับ 2549 ก็ดอกไม้ประชาชนเอาไปให้ปลายปืน ส่วน 2557 ก็ไม่มีประชาชนออกไปต่อต้าน ดอกไม้ก็มีให้ คือต้องดูบริบทก่อนหน้านั้นด้วยครับ ...ทั้งสองครั้งหลัง มีเหตุการณ์คล้ายๆกันคือ คนไทยด้วยกันจะเข้าห้ำหั่นกัน pic.twitter.com/xocoOEXARD", "date": "18-02-2019 21:08", "retweet": 12, "like": 8}, {"id": "1097495530542776320", "url": "https://twitter.com/FirefoxChorme/status/1097495530542776320", "username": "", "text": "ต้องไปถามไอ้ทักษิณกับพวก มันขอสัมปทานเผด็จการมันจ่ายไว้เท่าไหร่ ยุคนั้นก็รู้ๆอยู่ ควายแดงเงียบกริบเหมือนหมาหงอย หมายถึงควายแดงนะแม่เย็ด #หนักแผ่นดิน pic.twitter.com/JXIdKVHa5F", "date": "18-02-2019 20:58", "retweet": 0, "like": 0}, {"id": "1097476466894225408", "url": "https://twitter.com/FirefoxChorme/status/1097476466894225408", "username": "", "text": "เห็นว่าทักษิณและลิ่วล้อรวมทั้งสื่อฝ่ายทักษิณ เกลียดมากสินะ ทหารที่ทำรัฐประหาร ทำคนเราเวลาเปลี่ยน สันดานมันก็เปลี่ยนไปตามกาลเวลา pic.twitter.com/HCeyuT7wR3", "date": "18-02-2019 19:42", "retweet": 13, "like": 14}, {"id": "1097474413140664320", "url": "https://twitter.com/FirefoxChorme/status/1097474413140664320", "username": "", "text": "พวกนักการเมืองบางคนมันเป็นยังไงแค่บอกให้ฟังเพลง #หนักแผ่นดิน ทำไมออกอาการเหมือนผีโดนข้าวสารเสก เห็นนักการเมืองส่วนมากเค้าก็เฉยๆนะ https:// twitter.com/weeranan/statu s/1097457845677711360 …", "date": "18-02-2019 19:34", "retweet": 2, "like": 8}, {"id": "1097470179091480581", "url": "https://twitter.com/FirefoxChorme/status/1097470179091480581", "username": "", "text": "แผ่นพับของพรรคเจ๊ นี่มันโกรธเกลียดทหารมาตั้งแต่ชาติปางไหน pic.twitter.com/FNO1FdPxjT", "date": "18-02-2019 19:17", "retweet": 73, "like": 24}, {"id": "1097469148844613633", "url": "https://twitter.com/FirefoxChorme/status/1097469148844613633", "username": "", "text": "#หนักแผ่นดิน pic.twitter.com/JhOPCG6Q8Z", "date": "18-02-2019 19:13", "retweet": 0, "like": 0}, {"id": "1097468756228333569", "url": "https://twitter.com/FirefoxChorme/status/1097468756228333569", "username": "", "text": "#หนักแผ่นดิน pic.twitter.com/kISKNOElzB", "date": "18-02-2019 19:11", "retweet": 30, "like": 39}, {"id": "1097468380829777920", "url": "https://twitter.com/FirefoxChorme/status/1097468380829777920", "username": "", "text": "#หนักแผ่นดิน pic.twitter.com/beW6QBR9p9", "date": "18-02-2019 19:10", "retweet": 3, "like": 4}, {"id": "1097468144002592768", "url": "https://twitter.com/FirefoxChorme/status/1097468144002592768", "username": "", "text": "#หนักแผ่นดิน pic.twitter.com/M5PR2p65aw", "date": "18-02-2019 19:09", "retweet": 2, "like": 2}, {"id": "1097467991980105728", "url": "https://twitter.com/FirefoxChorme/status/1097467991980105728", "username": "", "text": "#หนักแผ่นดิน pic.twitter.com/Hg7NYYLmSF", "date": "18-02-2019 19:08", "retweet": 10, "like": 13}, {"id": "1097467346984198144", "url": "https://twitter.com/FirefoxChorme/status/1097467346984198144", "username": "", "text": "#หนักแผ่นดิน pic.twitter.com/HWObQbG5Ba", "date": "18-02-2019 19:06", "retweet": 27, "like": 18}, {"id": "1097466878333599745", "url": "https://twitter.com/FirefoxChorme/status/1097466878333599745", "username": "", "text": "ปล่อยมันเหอะ ซ่ามากเดี๋ยวก็ตกม้าตาย", "date": "18-02-2019 19:04", "retweet": 2, "like": 2}, {"id": "1097466659932057600", "url": "https://twitter.com/FirefoxChorme/status/1097466659932057600", "username": "", "text": "pic.twitter.com/o1wTiKEFjg", "date": "18-02-2019 19:03", "retweet": 1, "like": 2}, {"id": "1097462690421735424", "url": "https://twitter.com/FirefoxChorme/status/1097462690421735424", "username": "", "text": "ดูอีกคลิป ในกลุ่มคนเสื้อแดง มีคนใช้อาวุธสงครามยิงใส่ใคร แนวนั้นถ้าใครอยู่ในแนวก็ตาย https:// youtu.be/0otOIZZZO70", "date": "18-02-2019 18:47", "retweet": 9, "like": 13}, {"id": "1097437806740131840", "url": "https://twitter.com/FirefoxChorme/status/1097437806740131840", "username": "", "text": "แสดงว่าเสียงของประชาชน ไร้ศักดิ์ศรีมากๆๆๆ pic.twitter.com/0sDeJPorVJ", "date": "18-02-2019 17:08", "retweet": 0, "like": 0}, {"id": "1097436645945630720", "url": "https://twitter.com/FirefoxChorme/status/1097436645945630720", "username": "", "text": "มันก็พอๆกันแหละครับ ฟอนต์เดียวกัน กุหลาบจากเข่งเดียวกัน pic.twitter.com/CeCtGm1ueU", "date": "18-02-2019 17:04", "retweet": 9, "like": 5}, {"id": "1097435295539023872", "url": "https://twitter.com/FirefoxChorme/status/1097435295539023872", "username": "", "text": "วิถีระเบิดm.79 วิ่งมาคนละทิศทางกัน แสดงว่าจุดยิงมาสองจุดต่างกัน", "date": "18-02-2019 16:58", "retweet": 3, "like": 2}, {"id": "1097434828910166017", "url": "https://twitter.com/FirefoxChorme/status/1097434828910166017", "username": "", "text": "ลูกต่อมาเห็นค่อนข้างชัด เห็นควันของลูกระเบิดยาวไป แล้วก็มีเสียงระเบิดตามมาทันที https:// youtu.be/RLeZZ6LBusc pic.twitter.com/rDPgaqWwAt", "date": "18-02-2019 16:57", "retweet": 13, "like": 5}, {"id": "1097433617716768768", "url": "https://twitter.com/FirefoxChorme/status/1097433617716768768", "username": "", "text": "เอาไว้ดูเป็นหลักฐาน M.79 ยิงออกจากที่ชุมนุมคนเสื้อแดง ใส่ชาวบ้านบริเวณสถานีรถไฟฟ้า bts สีลม ตั้งใจดูดีๆจะเห็นลูกระเบิดวิ่งเป็นทางมีควันตามลูกระเบิดจึงมองเห็น ดูคลิปครับ 0.58 วิ คนถ่ายอยู่ในที่ชุมนุมคนเสื้อแดง https:// youtu.be/RLeZZ6LBusc pic.twitter.com/3F0fUMdA9c", "date": "18-02-2019 16:52", "retweet": 55, "like": 39}, {"id": "1097429319691816960", "url": "https://twitter.com/FirefoxChorme/status/1097429319691816960", "username": "", "text": "ฝากขังมือยิง M79ถล่มบีทีเอส ศาลาแดง https:// youtu.be/FB6RdZNnZYQ", "date": "18-02-2019 16:35", "retweet": 1, "like": 2}, {"id": "1097424232756129793", "url": "https://twitter.com/FirefoxChorme/status/1097424232756129793", "username": "", "text": "เอาไงดี? pic.twitter.com/5CrzpmFdmX", "date": "18-02-2019 16:15", "retweet": 32, "like": 25}, {"id": "1097423740747403265", "url": "https://twitter.com/FirefoxChorme/status/1097423740747403265", "username": "", "text": "เออ....นั่นน่ะสิ แล้วใครยิงใคร? ทหารยิงโจรหรือโจรยิงกับทหาร มีการตายทั้งสองฝ่าย ทหารก็ตาย ตำรวจก็ตาย ปชช.ก็ตาย ก็แสดงว่ามันต้องมีการยิงต่อสู้กัน pic.twitter.com/f6WhgTF2yT", "date": "18-02-2019 16:13", "retweet": 23, "like": 22}, {"id": "1097416972097048576", "url": "https://twitter.com/FirefoxChorme/status/1097416972097048576", "username": "", "text": "ถ้าได้เป็นรัฐบาล ฝากปฎิรูปตำรวจ เพราะตำรวจเป็นต้นทางความยุติธรรม ควรแยกฝ่ายสอบสวนไปตั้งหน่วยงานต่างหาก ทุกวันนี้ จับเองแล้วสอบเองมันยัดเยียดดัดแปลงเขียนสำนวนช่วยกันได้ ยกตัวอย่าง สายสืบยัดยาให้ชาวบ้าน แต่ถ้าฝ่ายสอบสวนไม่เล่นด้วยก็ทำไม่ได้ ฝ่ายจับกุมกับฝ่ายสอบสวนต้องอยู่คนละหน่วย", "date": "18-02-2019 15:46", "retweet": 0, "like": 0}, {"id": "1097412457138552833", "url": "https://twitter.com/FirefoxChorme/status/1097412457138552833", "username": "", "text": "พวกหน้าใหนที่คิด ลดกำลังทหาร ลดงบทหาร เกิดศึกสงครามฉับพลันความพร้อมรบไม่พอ พวกมันก็เหมือน พระยาจักรีกลับชาติมาเกิด เปิด(การป้องกันประเทศอ่อนแอ)ประตูเมืองให้ศัตรู", "date": "18-02-2019 15:28", "retweet": 1, "like": 1}, {"id": "1097401370267639810", "url": "https://twitter.com/FirefoxChorme/status/1097401370267639810", "username": "", "text": "อยากจะร้องดังๆ ที่ตอนพวกเมิงแหกปากว่า อภิสิทธิ์สั่งฆ่าประชาชน แล้วโดนคดีหมิ่นจนติดคุก 1ปี ไม่บอกชาวบ้านเค้าบ้างล่ะ pic.twitter.com/4L7zusIiv2", "date": "18-02-2019 14:44", "retweet": 2, "like": 5}, {"id": "1097400738399973376", "url": "https://twitter.com/FirefoxChorme/status/1097400738399973376", "username": "", "text": "การเสียภาษีเป็นหน้าที่ ไม่ใช่บุญคุณ ไม่ใช่เงินบริจาค เงินตอบแทน ไม่มีใครได้เงินฟรีๆ โดยไม่ต้องทำอะไรเลย", "date": "18-02-2019 14:41", "retweet": 3, "like": 1}, {"id": "1097399745717317634", "url": "https://twitter.com/FirefoxChorme/status/1097399745717317634", "username": "", "text": "การเสียภาษีเป็นหน้าที่ ไม่ใช่บุญคุณ ไม่ใช่เงินบริจาค ข้าราชการทุกคน ทำงานแลกเงิน ภาษีเค้าก็เสียเหมือนคนทั่วๆไป เอ่อ...ถ้าจะทวงบุญคุณต้องทวงกับหมาในบ้าน เพราะเลี้ยงมันดูแลมัน มันต้องเชื่อฟัง ถ้ามันไม่ทำตามที่สั่ง ทวงบุญคุณมันได้", "date": "18-02-2019 14:37", "retweet": 2, "like": 10}, {"id": "1097398475556237312", "url": "https://twitter.com/FirefoxChorme/status/1097398475556237312", "username": "", "text": "เฮ้ยยย ทหารเคยไปกินข้าวแดงแกงร้อนของใครฟรีๆเหรอ?...555", "date": "18-02-2019 14:32", "retweet": 1, "like": 7}, {"id": "1097389806684844032", "url": "https://twitter.com/FirefoxChorme/status/1097389806684844032", "username": "", "text": "ใครเลี้ยงดูทหารเหรอ ตลกคาเฟ่รึไง 555", "date": "18-02-2019 13:58", "retweet": 1, "like": 2}, {"id": "1097381225029722113", "url": "https://twitter.com/FirefoxChorme/status/1097381225029722113", "username": "", "text": "รีบทำคะแนนกันหน่อย จำนวนราษฎรโดยเฉลี่ย 189,110 คน ต่อสมาชิกสภาผู้แทนราษฎร 1 คน", "date": "18-02-2019 13:24", "retweet": 0, "like": 0}, {"id": "1097374280772251649", "url": "https://twitter.com/FirefoxChorme/status/1097374280772251649", "username": "", "text": "ว้าวววว เป็นถึงสื่อแก่ๆทำงานมาตั้งนานไม่รู้เหรอ ใครเป็นกรรมการสรรหา สว.555 ไม่บอก ไปหาความรู้เอาเอง เวรกรรมจริงๆ ไม่รู้แต่มโนไปเองมั่วๆ", "date": "18-02-2019 12:56", "retweet": 0, "like": 1}, {"id": "1097367202724950016", "url": "https://twitter.com/FirefoxChorme/status/1097367202724950016", "username": "", "text": "คณะกรรมการสรรหา เค้าหามาให้ลุงตู่เลือก ไม่ใช่ลุงตู่เดินไปเลือกเองมาจากตลาดนัดซักหน่อย เป็นสื่อแก่ๆอยู่วงการมานานน่ารู้นะว่า กรรมการสรรหาเค้ามีความรู้ความสามารถขนาดใหน ...เดี๋ยวไอ้พวกต้านมันก็ไปแขวะกรรมการสรรหาต่อไปอีก ฮาๆๆๆ", "date": "18-02-2019 12:28", "retweet": 3, "like": 6}, {"id": "1097345198634426368", "url": "https://twitter.com/FirefoxChorme/status/1097345198634426368", "username": "", "text": "นายกฯได้ถ่ายภาพร่วมคณะเป็นที่ระลึก พร้อมกล่าวว่า คนไทยมีเสน่ห์ที่รอยยิ้ม https://www. thaipost.net/main/detail/29 359 … pic.twitter.com/OXgVemIbpD", "date": "18-02-2019 11:00", "retweet": 1, "like": 2}, {"id": "1097343361420152833", "url": "https://twitter.com/FirefoxChorme/status/1097343361420152833", "username": "", "text": "ลองลดดูนะ ลดให้เหลือซัก5หมื่นคนก็พอมั๊ง แต่พวกอาวุธและยานยนต์สงครามติดอาวุธยังอยู่ เมื่อไหร่นักการเมืองทำเลวๆ ก็ยึดอำนาจได้อยู่ดีนั่นแหละ การยึดอำนาจใช้ทหารไม่กี่พันคนหรอก ไอ้ที่ออกมาเย้วๆจะลดโน่นลดนี่ทหาร มันไม่มีผลอะไรหรอก พูดเอามันสะใจแค่นั้นเอง และก็นะจะปลดใครเค้ามั่วๆก็ระวัง pic.twitter.com/5jxzjwcbh7", "date": "18-02-2019 10:53", "retweet": 1, "like": 1}, {"id": "1097336569315258368", "url": "https://twitter.com/FirefoxChorme/status/1097336569315258368", "username": "", "text": "มันเขียนนโยบายหลอกคนที่ไม่รู้ทัน พอๆกับพรรคเพื่อทุย ฟุ้งเฟ้อไว้20กว่านโยบายมั๊ง ไอ้ที่สำเร็จไปได้ซัก20%ก็คุยโวกันได้ตลอด ไอ้ที่เจ๊งๆ80%มันเงียบ", "date": "18-02-2019 10:26", "retweet": 2, "like": 13}, {"id": "1097333712751013888", "url": "https://twitter.com/FirefoxChorme/status/1097333712751013888", "username": "", "text": "...ลดสิทธิประโยชน์ BOI (30,000 ล้านบาท)... สงสัยนโยบายตัวนี้ บ.ของตระกูลร่ำรวยแล้ว ปัจจุบันยังใช้บริการของ BOI แต่ไม่ใช้ก็ได้เพราะอยู่ได้อย่างมั่นคงแล้ว แต่ต้องออกนโยบายนี้เพราะต้องการบอนไซบ.คู่แข่งที่เกิดใหม่หรือปล่าว? https://www. boi.go.th/index.php?page =search_promoted&primary_select=C_NAME&primary_sort=asc&secondary_select=OFF_PRO&secondary_sort=asc&language_search=Thai&province=%E0%B8%A3%E0%B8%B0%E0%B8%A2%E0%B8%AD%E0%B8%87&keyword=&language=th&currentpage=13 … pic.twitter.com/fyfpHn9Qvx", "date": "18-02-2019 10:15", "retweet": 38, "like": 25}, {"id": "1097331447172481028", "url": "https://twitter.com/FirefoxChorme/status/1097331447172481028", "username": "", "text": "อนาคตใหม่... ลดงบกระทรวงกลาโหม (50,000 ล้านบาท) ลดงบกองทุนสวัสดิการแห่งรัฐ (40,000 ล้านบาท) ลดสิทธิประโยชน์ BOI (30,000 ล้านบาท) ลดสิทธิลดหย่อนภาษีบางส่วน (58,000 ล้านบาท) ลดงบประจำและงบกลาง (110,000 ล้านบาท) ขึ้นภาษีที่ดิน (40,000 ล้านบาท) เอาหวยขึ้นมาไว้บนดิน (42,000 ล้านบาท)", "date": "18-02-2019 10:06", "retweet": 58, "like": 21}, {"id": "1097330929540902914", "url": "https://twitter.com/FirefoxChorme/status/1097330929540902914", "username": "", "text": "พรรคอนาคตใหม่ มันจะ ลดจำนวนนายพลจากปัจจุบัน 1,600 คน ให้เหลือเพียง 400 คน ...อยากจะถามว่า มันจะทำยังไง?", "date": "18-02-2019 10:04", "retweet": 5, "like": 12}, {"id": "1097318537482317824", "url": "https://twitter.com/FirefoxChorme/status/1097318537482317824", "username": "", "text": "ตอนกำลังอาบน้ำ คุณก็เอาสบู่โยนลงพื้น แล้วให้คนพิเศษหันหลังก้มลงไปเก็บสิ พอจะรู้แล้วนะ สบู่ใช้ยังไง", "date": "18-02-2019 09:15", "retweet": 155, "like": 45}, {"id": "1097316832287944704", "url": "https://twitter.com/FirefoxChorme/status/1097316832287944704", "username": "", "text": "จริงครับ ของแท้แน่นอน แผ่นเต็มมีรูปผู้สมัครในเขตเลยตัดออก", "date": "18-02-2019 09:08", "retweet": 2, "like": 3}, {"id": "1097315506170646529", "url": "https://twitter.com/FirefoxChorme/status/1097315506170646529", "username": "", "text": "24 มี.ค.62 บุคคลเหล่านี้จะเลือกฝ่ายไหน คงประเมินไม่ยาก pic.twitter.com/eqFBydEuIl", "date": "18-02-2019 09:02", "retweet": 0, "like": 1}, {"id": "1097314630412623872", "url": "https://twitter.com/FirefoxChorme/status/1097314630412623872", "username": "", "text": "หลังจากนั้นมันก็ยึดอำนาจแย่งชิงอำนาจกันเองมาอีกหลายสิบปี ปฎิวัติแล้วก็ตั้งรัฐบาลกันเอง ปชช.ไม่รู้เรื่อง ไม่มีการเลือกตั้ง มันเอาปชต.มาให้ใคร ให้พวกมันเองรึไง", "date": "18-02-2019 08:59", "retweet": 4, "like": 5}, {"id": "1097314023865864192", "url": "https://twitter.com/FirefoxChorme/status/1097314023865864192", "username": "", "text": "ทักษิณมีรายจ่ายมหาศาล ต้องจ่ายให้บรรดาลูกพรรค จ่ายในการทำม๊อบ ใช้ซื้อข้าราชการ ทหาร ตำรวจ องค์กรตรวจสอบ บางส่วน เป็นไปไม่ได้ที่จะรับเงินเดือนแค่แสนกว่าบาทมาใช้จ่าย จึงต้องระดมทุนเพื่อสืบทอดอำนาจเพื่อใช้ทุจริตเชิงนโยบายในระยะยาว ส่วนปชช.ก็เอางบหลวงเทให้ซื้อใจ pic.twitter.com/lFqBRJqL36", "date": "18-02-2019 08:57", "retweet": 0, "like": 0}, {"id": "1097312979438075904", "url": "https://twitter.com/FirefoxChorme/status/1097312979438075904", "username": "", "text": "รู้จักคำว่า โจรใส่สูท มั๊ยครับ พวกนี้อาจไม่ต้องลงมือด้วยตัวเอง ใช้วิธีสั่งการผ่านตัวแทน หรือย้ายข้าราชการที่ขวางแล้วเอาพวกตัวเองเข้ามา มีผลประโยชน์ทับซ้อน pic.twitter.com/u0O58wluRS", "date": "18-02-2019 08:52", "retweet": 0, "like": 0}, {"id": "1097298341346463745", "url": "https://twitter.com/FirefoxChorme/status/1097298341346463745", "username": "", "text": "ตำรวจอยู่จะไปยิงสกัดไม่ได้หรอก คนฟังก็ต้องรู้จักคิด ตร.ที่พูดน่ะพูดสั้นไปจนความหมายเปลี่ยน ต้องเป็นกรณี ต่อสู้ขัดขวางโดยมีอาวุธ(ขับมอเตอร์ไซค์พุ่งชน หรือ อาวุธโดยสภาพการใช้ ไขควง คีมล๊อค ฆ้อน มีด)ของพวกนี้ถ้าวางเฉยๆไม่ใช่อาวุธ แต่ถ้าใช้จะเข้าต่อสู้มันคืออาวุธ", "date": "18-02-2019 07:54", "retweet": 0, "like": 1}, {"id": "1097296611812622336", "url": "https://twitter.com/FirefoxChorme/status/1097296611812622336", "username": "", "text": "ไม่ต้องอ้อมค้อม\"จะนำทักษิณกลับบ้าน\" pic.twitter.com/EdCl9J6f3E", "date": "18-02-2019 07:47", "retweet": 0, "like": 6}]