[{"id": "1099360220264841216", "url": "https://twitter.com/flukxs/status/1099360220264841216", "username": "", "text": "หรือจะต้องมี #BoycottTheFace ก่อน ชีเต้ถึงจะทำอะไรสักอย่าง ตอนเปิดตัวเมนเทอร์ ก็อึ้งละ มาวีคแรก คือ อิหยังวะ ที่แท้ทรู โทนี่ก็ดูเหมือนมาผิดที่ผิดทาง แบงค์จีน่าก็มาเพราะร้อนเงิน มารีญาก็อยากจะจิดกัดตลอดเวลาแต่เลเวลอนุบาลมาก #TheFaceThailand5 กฏคัดใหม่ก็เฮงซวย ว่าไงชีเต้", "date": "24-02-2019 00:27", "retweet": 2, "like": 1}, {"id": "1099330816604172289", "url": "https://twitter.com/flukxs/status/1099330816604172289", "username": "", "text": "เสาร์ อาทิตย์ อย่ามาตลาดนัดรัชดา อหหหหหหห คนจีนเยอะม๊ากกกกกกกก ใต้ดินก็เยอะ รถก็เยอะ แท็กซี่จอดขวางเลนส์รถเมล์ อหหหห ขึ้นรถเมล์ต้องวิ่งไปกลางถนน คือแบบ พอกันที !!!", "date": "23-02-2019 22:31", "retweet": 0, "like": 0}, {"id": "1099282263148122112", "url": "https://twitter.com/flukxs/status/1099282263148122112", "username": "", "text": ". นาทีนี้ #ใครว่าแน่เจอแม่ช่อ @Pannika_FWP . #อนาคตใหม่ #พรรคอนาคตใหม่ pic.twitter.com/NrGn3nsz3F", "date": "23-02-2019 19:18", "retweet": 3, "like": 7}, {"id": "1099263115798016000", "url": "https://twitter.com/flukxs/status/1099263115798016000", "username": "", "text": ". นโยบายทางด้านกัญชา จากคุณทิม ผู้ซึ่งผ่านประสบการณ์การเป็นผู้ป่วยโรคลมชักที่จำเป็นต้องใช้ \"กัญชา\" ในการรักษา #พรรคอนาคตใหม่ #อนาคตใหม่ pic.twitter.com/pJu8wct2gy", "date": "23-02-2019 18:02", "retweet": 19, "like": 8}, {"id": "1099180393666772992", "url": "https://twitter.com/flukxs/status/1099180393666772992", "username": "", "text": "ร้อนป๊ายยยยยยยยยย", "date": "23-02-2019 12:33", "retweet": 0, "like": 0}, {"id": "1099168394572517376", "url": "https://twitter.com/flukxs/status/1099168394572517376", "username": "", "text": "เอาจริงๆ เราชอบแนวคิด ชอบวิธีพูด การดีเบต ต่างๆของไอติมมาก เราว่าน้องเค้าพื้นฐานดี จิตใจดี ครอบครัวดี และยังแชร์สิ่งดีๆได้อีกเยอะ ด้วยอายุ ด้วยแบ๊คต่างๆ ถ้ารักษาจิตใจและตัวตน ใช้เวลาเป็นเครื่องพิสูจน์ฝีมือ เส้นทางการเมืองสดใสแน่นอน #เลือกตั้ง62 #ประชาธิปัตย์ pic.twitter.com/5mVKmk51eo", "date": "23-02-2019 11:45", "retweet": 13, "like": 17}, {"id": "1099159926260228096", "url": "https://twitter.com/flukxs/status/1099159926260228096", "username": "", "text": "วิ่งขนาดนี้ ไม่ผอมหรอกจ้ะ แดกเค้กทุกวัน เด้ออออ ชาบู 3 วันที อยากเย็บปากตัวเองมากเว่อร์", "date": "23-02-2019 11:12", "retweet": 0, "like": 0}, {"id": "1099157548299517954", "url": "https://twitter.com/flukxs/status/1099157548299517954", "username": "", "text": "เวลาจะคุยโทรศัพท์ทำไมถึงชอบเดินเข้าห้องน้ำกันวะ ห้องน้ำไม่ใช่ที่โทรศัพท์ กูไม่อยากได้ยินธุระเมิง กูอยากขี้เงียบๆ โอเคร๊", "date": "23-02-2019 11:02", "retweet": 0, "like": 0}, {"id": "1098973226426716165", "url": "https://twitter.com/flukxs/status/1098973226426716165", "username": "", "text": "เหมือนฝนจะตก ลมดีม๊ากกกกกกก", "date": "22-02-2019 22:50", "retweet": 0, "like": 0}, {"id": "1098962925383897088", "url": "https://twitter.com/flukxs/status/1098962925383897088", "username": "", "text": "รอวนไปปปป ไม่ไหวบอกไหวววววววว สู้ตายแต่ไม่ตาย เพราะยังไม่ได้กิน", "date": "22-02-2019 22:09", "retweet": 0, "like": 1}, {"id": "1098948210121265153", "url": "https://twitter.com/flukxs/status/1098948210121265153", "username": "", "text": "น้ำผึ้งกระเทียมมมมม จะไปลอง จะไปถล่ม บัตรบีทีเอสในมือสั่นยิ่งกว่าแผ่นดินไหวละแม่", "date": "22-02-2019 21:10", "retweet": 0, "like": 1}, {"id": "1098874909999026181", "url": "https://twitter.com/flukxs/status/1098874909999026181", "username": "", "text": "ป๊าทิมของหนูวววววว", "date": "22-02-2019 16:19", "retweet": 0, "like": 0}, {"id": "1098874493043277824", "url": "https://twitter.com/flukxs/status/1098874493043277824", "username": "", "text": "ปิคนิค อนาคตใหม่ พรุ่งนี้ ส้มตำ ไก่ย่าง ต้องมาาาา กินแซนวิช ไม่ถนัดดด 5555", "date": "22-02-2019 16:17", "retweet": 0, "like": 0}, {"id": "1098873297490460672", "url": "https://twitter.com/flukxs/status/1098873297490460672", "username": "", "text": "พรุ่งนี้ อนาคตใหม่จัดปิคนิค น่าสนนนนนนน ไปหาพี่ทิม", "date": "22-02-2019 16:13", "retweet": 0, "like": 0}, {"id": "1098805314936139777", "url": "https://twitter.com/flukxs/status/1098805314936139777", "username": "", "text": "ก้าวข้ามการใส่กรอบในรูปไอจีได้สักที เพราะพอใช้มือถือจอใหญ่ขึ้น เพิ่งเห็นว่า พอใช้แอพใส่กรอบให้รูป มันลดความคมรูปลงไปต่อหน้าต่อตา เปลี่ยนแอพก็แล้วยอมแพ้", "date": "22-02-2019 11:42", "retweet": 0, "like": 0}, {"id": "1098790572846866432", "url": "https://twitter.com/flukxs/status/1098790572846866432", "username": "", "text": "ถ้าไซส์ไม่ใหญ่มาก นี่กินทั้งเปลือก เผลอๆ หางก็กินเด้อ 555555555 https:// twitter.com/prodpn/status/ 1098637933458800640 …", "date": "22-02-2019 10:44", "retweet": 0, "like": 0}, {"id": "1098783348808245248", "url": "https://twitter.com/flukxs/status/1098783348808245248", "username": "", "text": "การตามติ่งดารา แล้วแบบพอเจอหน้า ก็ปรี่เข้าไปหา พร้อมคำถามที่ว่า จำชื่อหนูได้มั้ย ชื่อไรรรรรร จำไม่ได้จะงอนละนะ อหหหหห มีใครเคยบอกมึงมะ มันไม่ได้น่ารัก อะไรเลยยย มันดูเสร่อมากหนู หนูไม่ใช่ญาติโก โหติกา เค้าเด้อ เค้าจำหน้าได้ เค้ายิ้มให้ ก็โอเคแล้วววว เค้าจำได้เดี๋ยวเค้าเรียกเอง", "date": "22-02-2019 10:15", "retweet": 1, "like": 0}, {"id": "1098777314102456321", "url": "https://twitter.com/flukxs/status/1098777314102456321", "username": "", "text": "ซีรี่ส์ Empire นี่สนุกมั้ยตกลง ดูไปแปปนึงละเฉยมากกก แต่ดูเพราะชอบเพลง พอไปอ่านในพันทิบ เอ่า เสียงว่าดี", "date": "22-02-2019 09:51", "retweet": 0, "like": 0}, {"id": "1098775759978524672", "url": "https://twitter.com/flukxs/status/1098775759978524672", "username": "", "text": "ตอนนี้ในเฟส คือเราโพสการเมืองเบาลงนิดหน่อย รู้สึกค่อนไปทางสิ้นหวัง ปล่อยไปตามเวร ตามกรรม", "date": "22-02-2019 09:45", "retweet": 0, "like": 0}, {"id": "1098772836133433350", "url": "https://twitter.com/flukxs/status/1098772836133433350", "username": "", "text": "อ่ะ เช้านี่คิว อหหห นั่นอบรมเด็ก อ่ะ วันนค้วันเกิดหัวหน้า อ่ะ ทายสิ๊ ใครอาสาออกไปซื้อเค้ก ในเวลางาน ก็ อหหหห นั่น เจ้าเดิม กูยอมใจแล้ว อหหหห", "date": "22-02-2019 09:33", "retweet": 0, "like": 0}, {"id": "1098772467546415105", "url": "https://twitter.com/flukxs/status/1098772467546415105", "username": "", "text": "ทะเลริษยา คือพล็อตละครที่เชยม๊ากกกกกกกกกกก จนไม่นึกว่าจะมีใครรีเมค แต่ก็มี", "date": "22-02-2019 09:32", "retweet": 0, "like": 1}, {"id": "1098765175719481345", "url": "https://twitter.com/flukxs/status/1098765175719481345", "username": "", "text": "อยากเจอละอ่าาาาา เสาร์ อาทิตย์ ขอคิวหน่อยยยยยยย", "date": "22-02-2019 09:03", "retweet": 0, "like": 0}, {"id": "1098432962809348097", "url": "https://twitter.com/flukxs/status/1098432962809348097", "username": "", "text": "คอลลาเจนเลือกเอาไทป์ 3 เด้อออออ ถึงจะพอเห็นผลบ้างไทป์ 2 เอาไปข้อต่อ ต่างๆ คอลลาเจนแบบธรรมดา พักก่อน", "date": "21-02-2019 11:03", "retweet": 0, "like": 0}, {"id": "1098431923301494784", "url": "https://twitter.com/flukxs/status/1098431923301494784", "username": "", "text": "สิวที่คอ ที่ทายาเอย ทาครีมเอย แบบครึ่งปี ไม่มีดีขึ้น เจออาหารเสริมต่างๆเข้าไป เอ้าาา ดีขึ้นเฉยยยย ตอนเด็กๆไม่ค่อยกินนะ เพราะรูเสึกไม่เห็นความต่างแบบที่คุ้มกะเงินที่เสียไป พอเริ่มจะแก่ มันเห็นผลชัดขึ้นจริงงงงงง ผิวลื่นเชียว", "date": "21-02-2019 10:59", "retweet": 0, "like": 0}, {"id": "1098215505435885570", "url": "https://twitter.com/flukxs/status/1098215505435885570", "username": "", "text": "วิ่งไป 7 โล โล่งงงงงง", "date": "20-02-2019 20:39", "retweet": 0, "like": 0}, {"id": "1098082945162567680", "url": "https://twitter.com/flukxs/status/1098082945162567680", "username": "", "text": "ถึงกับต้องไป วิกิพีเดีย ดูประวัติการศึกษา ก็สูงหนิ... ละทำไมได้ผลลัพธ์แบบนี้นะ", "date": "20-02-2019 11:52", "retweet": 5, "like": 7}, {"id": "1098071079422066689", "url": "https://twitter.com/flukxs/status/1098071079422066689", "username": "", "text": "ว่าก็ว่าเถอะ เมื่อวานเป็นการเวียนเทียนที่บาปมาก เดินๆอยู่ คนเยอะมากกกก เดี๋ยวก็โดนเบียด โดนตัดหน้า เด็กก็พอเด็ก แก่ก็พอแก่ ในใจก็เต็มไปด้วยคำว่า อิเหี้ย อิสัส กราบลา มาทำบาปชัดๆ 5555555", "date": "20-02-2019 11:05", "retweet": 0, "like": 0}, {"id": "1098069663295008768", "url": "https://twitter.com/flukxs/status/1098069663295008768", "username": "", "text": "เมื่อคืนโหดม๊ากกกกกกกกกกก ฝันว่าเป็นคนทำถล่มใส่คน แต่โชคดีเค้าไม่ตาย ละไปไหว้ขอโทษเค้าทุกคน พอตื่นมายังพะวงว่าจะมีตำรวจมาเคาะห้องมั้ย พอหลับต่อ ฝันเรื่องเดิม จ้า ที่เดิม ทำเหตุการณ์ใหม่ ถล่มอีก กรี้ดดดด กูเพิ่งไปเวียนเทียนมานะ ทำบุญมานะ หื้ออออ", "date": "20-02-2019 10:59", "retweet": 0, "like": 0}, {"id": "1097856897896480768", "url": "https://twitter.com/flukxs/status/1097856897896480768", "username": "", "text": "กะไว้แล้ววววว ว่าไอติมจะต้องอ่านเสื้อที่ใส่ไป แต่ตอนเจอคือลืมไปละนะ จนตอนถ่ายรูป ไอติมพลิกตัวเรา ละอ่านเสื้อ Mind over matter เสร็จ นางบอก เห็นด้วย 5555555", "date": "19-02-2019 20:54", "retweet": 0, "like": 0}, {"id": "1097801439613603842", "url": "https://twitter.com/flukxs/status/1097801439613603842", "username": "", "text": "วัด อยู่ห่างออกไป 20 กิโล แคร์มั้ย พูดดดดดดด", "date": "19-02-2019 17:13", "retweet": 0, "like": 0}, {"id": "1097711871736442880", "url": "https://twitter.com/flukxs/status/1097711871736442880", "username": "", "text": "สรุป ได้ไปจริงๆ น้องตกลงง่ายละเกินนน", "date": "19-02-2019 11:17", "retweet": 0, "like": 0}, {"id": "1097709203362242560", "url": "https://twitter.com/flukxs/status/1097709203362242560", "username": "", "text": "ตอนเย็นอยากไปเวียนเทียนนนนกะไอติม", "date": "19-02-2019 11:07", "retweet": 0, "like": 0}, {"id": "1097462784017686530", "url": "https://twitter.com/flukxs/status/1097462784017686530", "username": "", "text": "ขี้โกงจังงงงงงง", "date": "18-02-2019 18:48", "retweet": 0, "like": 0}, {"id": "1097454896469557248", "url": "https://twitter.com/flukxs/status/1097454896469557248", "username": "", "text": "แงงงง เค้าลงป้ายก่อน", "date": "18-02-2019 18:16", "retweet": 0, "like": 0}, {"id": "1097450341635743744", "url": "https://twitter.com/flukxs/status/1097450341635743744", "username": "", "text": "ผู้ชายบางคนื พอมีผมหงอกๆแซม คือ โคตรดี 55555 ดูเท่ สุขุม มั่นคง น่าฝากชีวิต /ใช่ๆเราเดิมตามเข้าขึ้นมาบนรถเมล์ 55555", "date": "18-02-2019 17:58", "retweet": 0, "like": 0}, {"id": "1097395397796933632", "url": "https://twitter.com/flukxs/status/1097395397796933632", "username": "", "text": "ใจเย็นๆ ละค่อยพิมพ์ครับพี่", "date": "18-02-2019 14:20", "retweet": 0, "like": 0}, {"id": "1097326682128605184", "url": "https://twitter.com/flukxs/status/1097326682128605184", "username": "", "text": "ถ้าลุงเล่นโซเชี่ยลเป็น ลุงจะรู้ ว่าชาวบ้านชาวช่อง เค้ามองว่าใครกันแน่ ที่หนักแผ่นดิน !!!!!!!!! https:// twitter.com/WassanaNanuam/ status/1097306313271328768 …", "date": "18-02-2019 09:47", "retweet": 0, "like": 0}]