[{"id": "1099111856839389185", "url": "https://twitter.com/flukeccn/status/1099111856839389185", "username": "", "text": "เอาดิ ส่งมา", "date": "23-02-2019 08:01", "retweet": 0, "like": 0}, {"id": "1098962954295205888", "url": "https://twitter.com/flukeccn/status/1098962954295205888", "username": "", "text": "มีงานด้วยหรอ 5555", "date": "22-02-2019 22:09", "retweet": 0, "like": 0}, {"id": "1097748703345954816", "url": "https://twitter.com/flukeccn/status/1097748703345954816", "username": "", "text": "เมื่อเช้า พอน้องรู้ว่าคุณอภิสิทธิ์ @Abhisit_DP มาหาเสียงเเถวบ้าน...ก็รีบลุกจากเตียง ล้างหน้าเเปรงฟันเเล้ววิ่งมารอขอถ่ายรูปทันทีครับ #ประชาธิปัตย์ พรรคของคนทุกรุ่น-นโยบายเพื่อคนทุกวัย pic.twitter.com/MZA5Xl0RnT – bei ตลาดตรอกหม้อ (Trok Mo Market)", "date": "19-02-2019 13:44", "retweet": 24, "like": 66}]