[{"id": "1099361674752978946", "url": "https://twitter.com/frozenology/status/1099361674752978946", "username": "", "text": "So sad for your efforts by making this another lifeless generic coop game. I would like to see Bioware glory games like old days.", "date": "24-02-2019 00:33", "retweet": 0, "like": 0}, {"id": "1099360959657693185", "url": "https://twitter.com/frozenology/status/1099360959657693185", "username": "", "text": "#AnthemGame is boring like all Coop games. less engage quest for players and so much generic quests. @bioware @anthemgame go do more Single Player RPG Games.", "date": "24-02-2019 00:30", "retweet": 0, "like": 0}, {"id": "1099359822309249024", "url": "https://twitter.com/frozenology/status/1099359822309249024", "username": "", "text": "@bioware Please return to your roots by making RPG narrative games with romanceable characters.", "date": "24-02-2019 00:26", "retweet": 0, "like": 0}, {"id": "1098441295595417600", "url": "https://twitter.com/frozenology/status/1098441295595417600", "username": "", "text": "กลียุคจากพวกป้าที่ออกไปเป่านกหวีดชุมนุมไม่ยอมเลือกตั้งนั้นแหละ มันเลยมีคนอ้างทำรัฐประหารได้", "date": "21-02-2019 11:36", "retweet": 1, "like": 3}, {"id": "1098282012853424128", "url": "https://twitter.com/frozenology/status/1098282012853424128", "username": "", "text": "เดียวตาลุงก็ใช้ ม 44 ละเว้นให้ตัวเอง 5555", "date": "21-02-2019 01:03", "retweet": 0, "like": 0}, {"id": "1098280743204139008", "url": "https://twitter.com/frozenology/status/1098280743204139008", "username": "", "text": "เตือนไว้เลย #เลือกตั้ง #เลือกตั้ง62 ครั้งนี้เป็นการเอาชนะเผด็จการแค่ยกแรก เพราะถ้ายังไม่แก้ รัฐธรรมนูญ 60 ที่ทหารอ้างว่าประชามติมา แต่ฝ่ายองค์กรตรวจสอบตอนนี้เป็นของทหารทั้งหมด สามารถสอยรัฐบาลประชาธิปไตยได้ง่ายๆ อย่างน้อยเสียงประชาชนต้องชนะอีก 2 ยก เตรียมอุดมการณ์ไว้เลย", "date": "21-02-2019 00:58", "retweet": 4, "like": 0}, {"id": "1098279663531524096", "url": "https://twitter.com/frozenology/status/1098279663531524096", "username": "", "text": "ถือว่าเป็นบทเรียนราคาแพงใน 5 ปีก่อน ที่ออกมาเป่านกหวีดกัน จากกาที่กลัวแพ้การเลือกตั้ง ของกลุ่มคนเก่าๆ และพรรคการเมืองเก่าแก่ที่แพ้ซ้ำซากไม่ปรับปรุงตัว ดันมาจนสุดทางจึงมีวันนี้ #SaveThailand #SaveThanathorn #อนาคตใหม่ #เพื่อไทย #เสรีรวมไทย", "date": "21-02-2019 00:54", "retweet": 6, "like": 8}, {"id": "1098218583304298496", "url": "https://twitter.com/frozenology/status/1098218583304298496", "username": "", "text": "มันหาทางแบ่งแน่นอนอยู่แล้ว อย่างกรณีพรรคขี้แพ้ และพวกสุเทพ เป็นพวกที่หาทางแบ่งประชาชนมาหลายสมัยแล้ว แต่แอบอ้างว่าฝั่งตรงข้ามทุจริตและโหนเจ้าตลอด", "date": "20-02-2019 20:51", "retweet": 0, "like": 0}, {"id": "1098170015465988098", "url": "https://twitter.com/frozenology/status/1098170015465988098", "username": "", "text": "ความที่จะเริ่มต้นสะสางคนกลุ่มอำนาจนิยมเหล่านี้ได้แล้วนะ", "date": "20-02-2019 17:38", "retweet": 0, "like": 1}, {"id": "1098169806291820544", "url": "https://twitter.com/frozenology/status/1098169806291820544", "username": "", "text": "บอกเลยว่าทุเรศมาก คิดจะละเมิดสิทธิประชาชน โดยอ้างเพื่อความมั่นคง(ของคนบางกลุ่ม) ไปถึงไหน https:// twitter.com/johnwinyu/stat us/1098142681874685952 …", "date": "20-02-2019 17:37", "retweet": 0, "like": 0}, {"id": "1098145175828746241", "url": "https://twitter.com/frozenology/status/1098145175828746241", "username": "", "text": "@Thanathorn_FWP #พรรคอนาคตใหม่ หวั่นๆว่า ถ้าคุณโดนเริ่มต้นด้วย พรบ. คอมฯ ตอนนี้ มีแววยุบไปทั้งพรรคได้เนี้ยสิ", "date": "20-02-2019 15:59", "retweet": 0, "like": 0}, {"id": "1098066495593111552", "url": "https://twitter.com/frozenology/status/1098066495593111552", "username": "", "text": "ทำมาตั้งแต่ยุคแรกๆที่เปลี่ยนแปลงระบอบ เช่น ตะโกนในโรงหนัง", "date": "20-02-2019 10:47", "retweet": 0, "like": 1}, {"id": "1098065321208950784", "url": "https://twitter.com/frozenology/status/1098065321208950784", "username": "", "text": "ทั้งสองอย่างมันมีเหตุและผลซึ่งกันและกัน", "date": "20-02-2019 10:42", "retweet": 0, "like": 0}, {"id": "1098065109149052928", "url": "https://twitter.com/frozenology/status/1098065109149052928", "username": "", "text": "เอาแค่ว่า ปชป เขากล้าประกาศจุดยืนทางการเมืองไหมว่าจะไม่เข้ากับ พรรคของพวก คสช เด็ดขาด", "date": "20-02-2019 10:41", "retweet": 0, "like": 0}, {"id": "1097946093881516032", "url": "https://twitter.com/frozenology/status/1097946093881516032", "username": "", "text": "เหมือนเขายังงงกับตำแหน่งที่เขาอยู่ เลยบอกๆว่า เข้าไปเป็น สส ก่อนแล้วค่อยว่ากัน", "date": "20-02-2019 02:48", "retweet": 0, "like": 0}, {"id": "1097913592664317952", "url": "https://twitter.com/frozenology/status/1097913592664317952", "username": "", "text": "#ถามตรงๆ มีคนโดนเชือดสินะ เหมือนขึ้นเขียงซับเป็นชิ้นย่อยๆ", "date": "20-02-2019 00:39", "retweet": 0, "like": 0}, {"id": "1097904780775645184", "url": "https://twitter.com/frozenology/status/1097904780775645184", "username": "", "text": "remake 3 ?", "date": "20-02-2019 00:04", "retweet": 0, "like": 0}, {"id": "1097786734580948993", "url": "https://twitter.com/frozenology/status/1097786734580948993", "username": "", "text": "ตอนนี้ต่อให้ ฝ่าย #ประชาธิปไตย จับมือกัน ยังมีโอกาศจะแพ้ เพราะพรรคเผด็จการ+ ประชาธิปัตย์ + แถม สว 250 ต้องให้ขอให้เกิด landslide จริงๆ", "date": "19-02-2019 16:15", "retweet": 0, "like": 1}, {"id": "1097582584576454656", "url": "https://twitter.com/frozenology/status/1097582584576454656", "username": "", "text": "ปัญหาต่อไปคือ ค่ารถไฟฟ้าแพง ซึ่งควรแก้เรื่องนี้เพื่อให้คนในเมืองหันมาใช้มากขึ้นและลดจำนวนรถยนต์บนถนนลง แต่ดูแล้วเป็นไปได้ยาก", "date": "19-02-2019 02:44", "retweet": 0, "like": 0}, {"id": "1097581660437008384", "url": "https://twitter.com/frozenology/status/1097581660437008384", "username": "", "text": "บางทีก็ท้อเหมือนกันนะ เกิดมาในประเทศที่ไม่เคารพเสียงประชาชน ในขณะที่ประเทศอื่นๆเขาไปถึงไหนต่อไหนแล้ว แต่ประเทศเราดันวนอยู่ในอ่าง และที่สำคัญประเทศเราปล่อยให้คนไร้วิสัยทัศน์จูงจมูก บังคับให้ประชาชนเชื่อฟัง ไปเรื่อยๆ #เลือกตั้ง #เลือกตั้ง62 @prayutofficial", "date": "19-02-2019 02:40", "retweet": 3, "like": 0}, {"id": "1097580693025021952", "url": "https://twitter.com/frozenology/status/1097580693025021952", "username": "", "text": "จะ #เลือกตั้ง #เลือกตั้ง62 อยู่แล้ว รัฐบาลลุงตู่ยังขยันออกกฏหมายเรื่อยๆไปจนถึงไหนนะ", "date": "19-02-2019 02:36", "retweet": 0, "like": 0}, {"id": "1097580164156862464", "url": "https://twitter.com/frozenology/status/1097580164156862464", "username": "", "text": "เราเชื่อว่า ถ้าได้พรรคแนวประชาธิปไตยเข้ามาทำงาน นโยบายต่างประเทศดีขึ้น เจรจาง่ายขึ้น เหมือนตอนนายกจากการเลือกตั้งเข้ามาทำงาน https:// twitter.com/pswguide/statu s/1097538537027596290 …", "date": "19-02-2019 02:34", "retweet": 0, "like": 0}, {"id": "1097579677995040769", "url": "https://twitter.com/frozenology/status/1097579677995040769", "username": "", "text": "แต่ #อภิสิทธิ์ #ประชาธิปัตย์ ใช้กระสุนจริงกับประชาชน ก็ไม่น่าลืมนะเช่นกันนะ ไม่ได้เห็นด้วยกับม๊อบ แต่ก็ไม่ควรใช้ความรุนแรงกับประชาชนเช่นกัน", "date": "19-02-2019 02:32", "retweet": 0, "like": 0}, {"id": "1097551705665720320", "url": "https://twitter.com/frozenology/status/1097551705665720320", "username": "", "text": "สมัยเรียนโคตรคิดถึงคนที่ชอบเลย #อาทิตย์ก้องภพ นี่พาให้กลับไปสมัยเรียนอีกครั้ง", "date": "19-02-2019 00:41", "retweet": 1, "like": 1}, {"id": "1097549067230441472", "url": "https://twitter.com/frozenology/status/1097549067230441472", "username": "", "text": "#อาทิตย์ก้องภพ มีตอนใหม่หรือ?!!?", "date": "19-02-2019 00:31", "retweet": 0, "like": 0}, {"id": "1097397362585026561", "url": "https://twitter.com/frozenology/status/1097397362585026561", "username": "", "text": "#เกณฑ์ทหาร จนเป็นสิ่งที่คนในสังคมต้องทำมา ถูกสร้างขึ้นเพื่อให้ชั้นผู้น้อยต้องสยบชั้นผู้ใหญ่ โดยอ้างว่ารับใช้ชาติ เป็นหน้าที่ผู้ชาย ตามแบบความเป็นไทยที่ปลูกฝังกันมา แต่เมื่อมีคนมาพยายามแก้ไขให้เป็นระบบทหารอาชีพ หลุดจากรอบนั้น โดนต่อต้านไม่แปลก เพราะคนเหล่านี้สูญเสียผลประโยชน์มาก https:// twitter.com/KPuvaphat/stat us/1097372491951951874 …", "date": "18-02-2019 14:28", "retweet": 0, "like": 1}, {"id": "1097396229598633984", "url": "https://twitter.com/frozenology/status/1097396229598633984", "username": "", "text": "เราเองก็เป็นคนอายุกลางๆ แล้ว เรียกว่าถ้าแอบชอบอนุรักษ์นิยม ก็ไม่แปลกหรอก แต่สุดท้าย เมื่อได้พบได้เจอความสวยงามนอกกะลา โดนเปิดหูเปิดตา ความเป็นไทยที่บอกมามันก็แค่กรง เอาไว้ครอบแค่นั้น สุดท้ายก็หลุดพ้นจากกรอบ #อนุรักษ์นิยม ได้ #แม่ประไพ", "date": "18-02-2019 14:23", "retweet": 8, "like": 11}, {"id": "1097395686943772673", "url": "https://twitter.com/frozenology/status/1097395686943772673", "username": "", "text": "ไม่แปลกใจหรอก คนรุ่นเก่า ระดับ 35 อัพมักจะชอบแนวอนุรักษ์นิยม ความเป็นไทยแบบห้ามคิด ห้ามถาม ห้ามสงสัย ห้ามต่อต้าน เพราะช่วงนั้นมีการส่งเสริมให้เสี้ยมสอนความคลั่งชาติแนวนี้อยู่ค่อนข้างมาก #แม่ประไพ", "date": "18-02-2019 14:21", "retweet": 186, "like": 29}, {"id": "1097347539299254272", "url": "https://twitter.com/frozenology/status/1097347539299254272", "username": "", "text": "ปล่อยไว้มีการยึดอำนาจอีกในอนาคตแน่ https:// twitter.com/johnwinyu/stat us/1097340204485148672 …", "date": "18-02-2019 11:10", "retweet": 0, "like": 0}, {"id": "1097340265411399680", "url": "https://twitter.com/frozenology/status/1097340265411399680", "username": "", "text": "ทหารไทย ยังจมปลักกับอำนาจนิยม พอ #เพื่อไทย #อนาคตใหม่ หรือใครคิดจะปฏิรูปทำให้เป็นทหารสมัยใหม่ ก็ด่าดร่านว่า #หนักแผ่นดิน สินะ https:// twitter.com/WassanaNanuam/ status/1097306313271328768 …", "date": "18-02-2019 10:41", "retweet": 24, "like": 1}]