[{"id": "1099259948498743296", "url": "https://twitter.com/G_Bank/status/1099259948498743296", "username": "", "text": "https://www. facebook.com/story.php?stor y_fbid=2283569271694763&id=183958704989174 …", "date": "23-02-2019 17:49", "retweet": 0, "like": 0}, {"id": "1099190277489647616", "url": "https://twitter.com/G_Bank/status/1099190277489647616", "username": "", "text": "ทีมข่าวไทยพีบีเอส ลงพื้นที่สำรวจสนามสอบที่โรงเรียนหอวัง ซึ่งวันนี้ (23 ก.พ.) เป็นวันแรกที่มีการจัดสอบ GAT-PAT ของนักเรียนชั้น ม.6 https:// news.thaipbs.or.th/content/277938 #ThaiPBS https:// news.thaipbs.or.th/content/277938", "date": "23-02-2019 13:12", "retweet": 0, "like": 0}, {"id": "1099190046379261957", "url": "https://twitter.com/G_Bank/status/1099190046379261957", "username": "", "text": "ธนาคารออมสิน ออกประกาศเตือนประชาชนอย่าหลงเชื่อข่าวลือ กรณีเปิดบัญชีกับธนาคารออมสิน รับเงิน 3,000 บาทจากรัฐ ระบุไม่เป็นความจริง https:// news.thaipbs.or.th/content/277940 #ThaiPBS https:// news.thaipbs.or.th/content/277940", "date": "23-02-2019 13:11", "retweet": 0, "like": 0}, {"id": "1099001777574371332", "url": "https://twitter.com/G_Bank/status/1099001777574371332", "username": "", "text": "10 วัน 1000 นาที ชี้อนาคตประเทศไทย​ #ThaiPBS จัดเวทีรับฟังวิสัยทัศน์ ประชันนโยบายพรรคการเมือง และฟังเสียงประชาชน ศึกเลือกตั้ง 2562 ภายใต้รูปแบบคุยกัน 10 วัน 10 เวที วันละ 100 นาที... https://www. facebook.com/teeneethaipbs/ videos/2273171069621431/ …", "date": "23-02-2019 00:43", "retweet": 0, "like": 0}, {"id": "1098974508566831105", "url": "https://twitter.com/G_Bank/status/1098974508566831105", "username": "", "text": "Thai PBS world daily 22 Feb 2019: Questions on dissolution cases https://www. facebook.com/teeneethaipbs/ videos/286612965367520/ …", "date": "22-02-2019 22:55", "retweet": 0, "like": 0}, {"id": "1098973837629239302", "url": "https://twitter.com/G_Bank/status/1098973837629239302", "username": "", "text": "C-Site report ให้ความรู้เรื่องประชาธิปไตย และการเมืองแก่ผู้ต้องขังใกล้พ้นโทษก่อนเลือกตั้ง #ที่นี่ThaiPBS #ThaiPBS https://www. facebook.com/teeneethaipbs/ videos/364362414167073/ …", "date": "22-02-2019 22:52", "retweet": 0, "like": 0}, {"id": "1098973153777324034", "url": "https://twitter.com/G_Bank/status/1098973153777324034", "username": "", "text": "ชาวนาพิจิตร สะท้อนความกังวล ร่าง พ.ร.บ.ข้าว #ที่นี่ThaiPBS #ThaiPBS https://www. facebook.com/teeneethaipbs/ videos/293017531371866/ …", "date": "22-02-2019 22:49", "retweet": 0, "like": 0}, {"id": "1098972850613075969", "url": "https://twitter.com/G_Bank/status/1098972850613075969", "username": "", "text": "ภาพวาดลายพู่กัน หลวงปู่ติช นัท ฮันห์ สะท้อนตื่นรู้ทุกอิริยาบถ #ที่นี่ThaiPBS #ThaiPBS https://www. facebook.com/teeneethaipbs/ videos/405456720024377/ …", "date": "22-02-2019 22:48", "retweet": 0, "like": 0}, {"id": "1098970983573213186", "url": "https://twitter.com/G_Bank/status/1098970983573213186", "username": "", "text": "คิม จอง อึน ผู้นำเกาหลีเหนือ อาจนั่งรถไฟไปประชุมที่เวียดนาม #ที่นี่ThaiPBS https://www. facebook.com/teeneethaipbs/ videos/2152125728213562/ …", "date": "22-02-2019 22:41", "retweet": 0, "like": 0}, {"id": "1098967886582947840", "url": "https://twitter.com/G_Bank/status/1098967886582947840", "username": "", "text": "เขต 2 กทม. ผู้สมัครหญิงเกือบครึ่ง สะท้อนพื้นที่การมีส่วนร่วมทางการเมือง #ที่นี่ThaiPBS #ThaiPBS https://www. facebook.com/teeneethaipbs/ videos/798864627127816/ …", "date": "22-02-2019 22:28", "retweet": 0, "like": 0}, {"id": "1098966700215730176", "url": "https://twitter.com/G_Bank/status/1098966700215730176", "username": "", "text": "หลายพรรคถูกร้องเรียน ลุ้น \"แพ้ฟาวล์\" ก่อนเลือกตั้ง #ที่นี่ThaiPBS #ThaiPBS https://www. facebook.com/teeneethaipbs/ videos/416846382421591/ …", "date": "22-02-2019 22:24", "retweet": 0, "like": 0}, {"id": "1098965943391342592", "url": "https://twitter.com/G_Bank/status/1098965943391342592", "username": "", "text": "กรรมการบริหารพรรคไทยรักษาชาติ ประกาศไม่ร่วมเวทีปราศรัยใหญ่ หลังชี้แจงเหตุเสนอแคนดิเดตนายกฯ ต่อศาล #ที่นี่ThaiPBS #ThaiPBS https://www. facebook.com/teeneethaipbs/ videos/319863481997182/ …", "date": "22-02-2019 22:21", "retweet": 0, "like": 0}, {"id": "1098953265520230400", "url": "https://twitter.com/G_Bank/status/1098953265520230400", "username": "", "text": "[Live] #ที่นี่ThaiPBS 21.30 - 22.10 น. (22 ก.พ. 62) • กก.บห. พรรคไทยรักษาชาติ ไม่ร่วมปราศรัยใหญ่ • เปิดพื้นที่การเมือง เขต 2 กทม. ผู้สมัครหญิงเกือบครึ่ง • \"คิม จอง อึน\" ไปประชุมที่เวียดนาม • ภาพวาดลายพู่กัน... https://www. facebook.com/teeneethaipbs/ videos/608101762949982/ …", "date": "22-02-2019 21:30", "retweet": 0, "like": 0}, {"id": "1098617677269078017", "url": "https://twitter.com/G_Bank/status/1098617677269078017", "username": "", "text": "กองทัพกับการเมืองในเอเชียตะวันออกเฉียงใต้ #ที่นี่ThaiPBS #เลือกตั้ง #เลือกตั้ง62 https://www. facebook.com/teeneethaipbs/ videos/548891675629904/ …", "date": "21-02-2019 23:17", "retweet": 0, "like": 0}, {"id": "1098610827270201344", "url": "https://twitter.com/G_Bank/status/1098610827270201344", "username": "", "text": "สหรัฐฯ รัสเซีย จุดสงครามให้ความช่วยเหลือบนวิกฤตเวเนซูเอลา #ที่นี่ThaiPBS #ThaiPBS https://www. facebook.com/teeneethaipbs/ videos/313136246219687/ …", "date": "21-02-2019 22:50", "retweet": 0, "like": 0}, {"id": "1098609590575554561", "url": "https://twitter.com/G_Bank/status/1098609590575554561", "username": "", "text": "C-Site report สื่อพลเมืองคนรุ่นใหม่ มหาวิทยาลัยราชภัฎสุรินทร์กับความคาดหวังต่อการเลือกตั้ง #ที่นี่ThaiPBS #ThaiPBS https://www. facebook.com/teeneethaipbs/ videos/640256449749569/ …", "date": "21-02-2019 22:45", "retweet": 0, "like": 0}, {"id": "1098609008691343360", "url": "https://twitter.com/G_Bank/status/1098609008691343360", "username": "", "text": "ไม่หวังพรรคการเมืองแก้ปัญหา 3 จังหวัดชายแดนใต้ #ที่นี่ThaiPBS #ThaiPBS https://www. facebook.com/teeneethaipbs/ videos/778211932537062/ …", "date": "21-02-2019 22:42", "retweet": 0, "like": 0}, {"id": "1098604455044493313", "url": "https://twitter.com/G_Bank/status/1098604455044493313", "username": "", "text": "ข้อสังเกต \"อนาคตใหม่ และธนาธร จึงรุ่งเรืองกิจ\" ตกเป็นเป้าทางการเมือง กลยุทธ์หรือไม่ #ที่นี่ThaiPBS #ThaiPBS https://www. facebook.com/teeneethaipbs/ videos/392802061282875/ …", "date": "21-02-2019 22:24", "retweet": 0, "like": 0}, {"id": "1098603316609728517", "url": "https://twitter.com/G_Bank/status/1098603316609728517", "username": "", "text": "กองทัพกางงบประมาณชี้แจง หลังกลุ่มการเมืองชูนโยบายปฏิรูป #ที่นี่ThaiPBS #ThaiPBS https://www. facebook.com/teeneethaipbs/ videos/403807763686694/ …", "date": "21-02-2019 22:20", "retweet": 0, "like": 0}, {"id": "1098602341299818497", "url": "https://twitter.com/G_Bank/status/1098602341299818497", "username": "", "text": "ผู้บัญชาการทหารบก โชว์ฟิต ทดสอบร่างกายตามนโยบายสมาร์ทโซลเยอร์-สตรองอาร์มี ย้ำ ทหารรักกันดี #ที่นี่ThaiPBS #ThaiPBS https://www. facebook.com/teeneethaipbs/ videos/2196470593935762/ …", "date": "21-02-2019 22:16", "retweet": 0, "like": 0}, {"id": "1098591537368166400", "url": "https://twitter.com/G_Bank/status/1098591537368166400", "username": "", "text": "[Live] #ที่นี่ThaiPBS 21.30 - 22.10 น. (21 ก.พ. 62) • ผบ.ทบ.โชว์ทดสอบร่างกาย \"Smart Soldier\" • กองทัพชี้แจงงบประมาณ • \"อนาคตใหม่ - ธนาธร\" เป้าทางการเมือง • วิกฤตเวเนซูเอลา • สื่อพลเมืองคนรุ่นใหม่... https://www. facebook.com/teeneethaipbs/ videos/340639329898161/ …", "date": "21-02-2019 21:33", "retweet": 0, "like": 0}, {"id": "1098259352434212866", "url": "https://twitter.com/G_Bank/status/1098259352434212866", "username": "", "text": "C-Site report คนรุ่นใหม่คิดอย่างไรกับปัญหาคอร์รัปชัน #ที่นี่ThaiPBS #ThaiPBS https://www. facebook.com/teeneethaipbs/ videos/2317861011580592/ …", "date": "20-02-2019 23:33", "retweet": 0, "like": 0}, {"id": "1098258701134323712", "url": "https://twitter.com/G_Bank/status/1098258701134323712", "username": "", "text": "ลงทะเบียนเลือกตั้งล่วงหน้า และนอกราชอาณาจักรทะลุเกือบ 2 ล้าน 8 แสนคน สะท้อนความตื่นตัว และการมีส่วนร่วม #ที่นี่ThaiPBS #ThaiPBS https://www. facebook.com/teeneethaipbs/ videos/285015775526127/ …", "date": "20-02-2019 23:30", "retweet": 0, "like": 0}, {"id": "1098258584251629570", "url": "https://twitter.com/G_Bank/status/1098258584251629570", "username": "", "text": "ชาวสุโขทัยเสนอนักการเมืองแก้ปัญหาลุ่มน้ำยม #ที่นี่ThaiPBS #ThaiPBS https://www. facebook.com/teeneethaipbs/ videos/962733717267769/ …", "date": "20-02-2019 23:30", "retweet": 0, "like": 0}, {"id": "1098257222986096642", "url": "https://twitter.com/G_Bank/status/1098257222986096642", "username": "", "text": "ประชันเพลงหน้ากองบัญชาการกองทัพบก กลุ่มเคลื่อนไหวเปิดเพลงประเทศกูมีเจ้าหน้าที่เปิดความฝันอันสูงสุดแทรก #ที่นี่ThaiPBS #ThaiPBS https://www. facebook.com/teeneethaipbs/ videos/1930644667063759/ …", "date": "20-02-2019 23:25", "retweet": 0, "like": 0}, {"id": "1098254576099184642", "url": "https://twitter.com/G_Bank/status/1098254576099184642", "username": "", "text": "สุเทพ เทือกสุบรรณ ประกาศสนับสนุน \"บิ๊กตู่\" มั่นใจจะได้กลับมาเป็นนายกฯ อีกครั้ง #ที่นี่ThaiPBS #ThaiPBS https://www. facebook.com/teeneethaipbs/ videos/1964373667192611/ …", "date": "20-02-2019 23:14", "retweet": 0, "like": 0}, {"id": "1098254483912564738", "url": "https://twitter.com/G_Bank/status/1098254483912564738", "username": "", "text": "พรรคไทยรักษาชาติ ยื่นหนังสือแก้ข้อกล่าวหา #ที่นี่ThaiPBS #ThaiPBS https://www. facebook.com/teeneethaipbs/ videos/2310281402581880/ …", "date": "20-02-2019 23:14", "retweet": 0, "like": 0}, {"id": "1098244386280730624", "url": "https://twitter.com/G_Bank/status/1098244386280730624", "username": "", "text": "https://www. facebook.com/story.php?stor y_fbid=2279396565445367&id=183958704989174 …", "date": "20-02-2019 22:34", "retweet": 0, "like": 0}, {"id": "1098228877338595328", "url": "https://twitter.com/G_Bank/status/1098228877338595328", "username": "", "text": "[Live] #ที่นี่ThaiPBS 21.30 - 22.10 น. (20 ก.พ. 62) • เคลื่อนไหวคัดค้านเปิดเพลง \"หนักแผ่นดิน • จุดยืนกองทัพบนเวทีเลือกตั้ง • \"สุเทพ\" ประกาศสันบสนุน \"บิ๊กตู่\" เป็นนายกฯ •... https://www. facebook.com/teeneethaipbs/ videos/325427701417782/ …", "date": "20-02-2019 21:32", "retweet": 0, "like": 0}, {"id": "1098186080048672769", "url": "https://twitter.com/G_Bank/status/1098186080048672769", "username": "", "text": "กรมอุตุนิยมวิทยา ประกาศแผ่นดินไหว ขนาด 4.9 อ.วังเหนือ จ.ลำปาง ระดับความลึก 21 กิโลเมตร เกิดบริเวณรอยเลื่อนพะเยา ที่เคยเกิดแผ่นดินไหวขนาดรุนแรง 5.1 เมื่อวันที่ 11 ก.ย.25537 โดยรู้สึกถึงแรงสั่นสะเทือนที่จ.เชียงใหม่ เชียงราย และพะเยา #ThaiPBSnews http:// news.thaipbs.or.th/content/277867", "date": "20-02-2019 18:42", "retweet": 0, "like": 0}, {"id": "1098167269597896704", "url": "https://twitter.com/G_Bank/status/1098167269597896704", "username": "", "text": "สุเทพ ประกาศ! สนับสนุน “บิ๊กตู่” เป็นนายกฯ ...มั่นใจ กลับมาเป็นผู้นำรัฐบาลได้อีกครั้งหลังเลือกตั้ง #ที่นี่ThaiPBS คืนนี้ 21.30 น. เทพชัย หย่อง คุยกับ “สุเทพ เทือกสุบรรณ” ผู้ร่วมก่อตั้งพรรครวมพลังประชาชาติไทย #เลือกตั้ง #เลือกตั้ง62 #เลือกตั้ง2562 https://www. facebook.com/teeneethaipbs/ videos/252597755661758/ …", "date": "20-02-2019 17:27", "retweet": 0, "like": 0}, {"id": "1098167000780689408", "url": "https://twitter.com/G_Bank/status/1098167000780689408", "username": "", "text": "สุเทพ ประกาศ! สนับสนุน “บิ๊กตู่” เป็นนายกฯ ...มั่นใจ กลับมาเป็นผู้นำรัฐบาลได้อีกครั้งหลังเลือกตั้ง #ที่นี่ThaiPBS คืนนี้ 21.30 น. เทพชัย หย่อง คุยกับ “สุเทพ เทือกสุบรรณ” ผู้ร่วมก่อตั้งพรรครวมพลังประชาชาติไทย #เลือกตั้ง #เลือกตั้ง62 #เลือกตั้ง2562 pic.twitter.com/KcfzhH1S7K", "date": "20-02-2019 17:26", "retweet": 0, "like": 0}, {"id": "1098138675345412096", "url": "https://twitter.com/G_Bank/status/1098138675345412096", "username": "", "text": "จับตาแผ่นดินไหวลำปางที่เกิดจากรอยเลื่อนพะเยา หลังเกิดอาฟเตอร์ช็อกถี่ ซึ่งเป็นรอยเลื่อนเดียวกับที่เกิดแผ่นดินไหวครั้งใหญ่เมื่อปี 2557 ใน อ.พาน จ.เชียงราย #ThaiPBSnews https:// news.thaipbs.or.th/content/277861", "date": "20-02-2019 15:33", "retweet": 0, "like": 0}, {"id": "1098108771648172032", "url": "https://twitter.com/G_Bank/status/1098108771648172032", "username": "", "text": "กลุ่มคนอยากเลือกตั้ง อ่านจดหมายเปิดผนึกให้ ผบ.ทบ.ยกเลิกเปิดเพลงหนักแผ่นดิน โดยทำกิจกรรมเชิงสัญลักษณ์ และเปิดเพลงประเทศกูมี แต่เจ้าหน้าที่เปิดเพลงความฝันอันสูงสุด ประชันกับกลุ่มผู้ชุมนุม #ThaiPBSnews #เลือกตั้ง62 http:// news.thaipbs.or.th/content/277851", "date": "20-02-2019 13:35", "retweet": 0, "like": 0}, {"id": "1098107710002802689", "url": "https://twitter.com/G_Bank/status/1098107710002802689", "username": "", "text": "วันนี้ (20 ก.พ.) ระหว่างกลุ่มคนอยากเลือกตั้ง ทำกิจกรรมต่อต้านการเปิดเพลง #หนักแผ่นดิน ที่กองบัญชาการกองทัพบก โดยเปิดเพลง #ประเทศกูมี แต่ถูกเจ้าหน้าที่เข้าระงับเหตุประชันเสียงเพลง ด้วยการเปิดเพลง \"ความฝันอันสูงสุด\"... https://www. facebook.com/teeneethaipbs/ posts/2278870638831293 …", "date": "20-02-2019 13:30", "retweet": 0, "like": 0}, {"id": "1097902439708180486", "url": "https://twitter.com/G_Bank/status/1097902439708180486", "username": "", "text": "ระบบเกณฑ์ทหารและงบประมาณกลาโหมในประเทศอาเซียน #ที่นี่ThaiPBS #ThaiPBS https://www. facebook.com/teeneethaipbs/ videos/773167629715323/ …", "date": "19-02-2019 23:55", "retweet": 0, "like": 0}, {"id": "1097900799668178945", "url": "https://twitter.com/G_Bank/status/1097900799668178945", "username": "", "text": "C-Site report ฟังเสียงคนรุ่นใหม่กลุ่มชาติพันธุ์ม้ง นโยบายแบบไหนที่อยากเห็น #ที่นี่ThaiPBS #ThaiPBS https://www. facebook.com/teeneethaipbs/ videos/640581649714146/ …", "date": "19-02-2019 23:48", "retweet": 0, "like": 0}, {"id": "1097900002779844608", "url": "https://twitter.com/G_Bank/status/1097900002779844608", "username": "", "text": "ยอดลงทะเบียนเลือกตั้งล่วงหน้า เกือบ 2 ล้าน 5 แสนคน #ที่นี่ThaiPBS #ThaiPBS https://www. facebook.com/teeneethaipbs/ videos/1988330158135853/ …", "date": "19-02-2019 23:45", "retweet": 0, "like": 0}, {"id": "1097899434732634113", "url": "https://twitter.com/G_Bank/status/1097899434732634113", "username": "", "text": "จับตากองทัพบนเวทีการเมือง 2562 #ที่นี่ThaiPBS #ThaiPBS https://www. facebook.com/teeneethaipbs/ videos/398675117346178/ …", "date": "19-02-2019 23:43", "retweet": 0, "like": 0}, {"id": "1097899330114080769", "url": "https://twitter.com/G_Bank/status/1097899330114080769", "username": "", "text": "พรรคการเมืองเสนอนโยบายด้านกองทัพกดดัน ตามกระแส หรือแก้ไขระบบ #ที่นี่ThaiPBS #ThaiPBS https://www. facebook.com/teeneethaipbs/ videos/2035892656464023/ …", "date": "19-02-2019 23:42", "retweet": 0, "like": 0}, {"id": "1097866865890783233", "url": "https://twitter.com/G_Bank/status/1097866865890783233", "username": "", "text": "[Live] #ที่นี่ThaiPBS 21.30 - 22.10 น. (19 ก.พ. 62) • พรรคการเมืองเสนอนโยบายปฏิรูปกองทัพ • กองทัพบนเวทีการเมือง 62 • ระบบเกณฑ์ทหารและงบฯ กลาโหมในอาเซียน • สรุปลงทะเบียนเลือกตั้งล่วงหน้า - นอกเขต •... https://www. facebook.com/teeneethaipbs/ videos/378263749620963/ …", "date": "19-02-2019 21:33", "retweet": 0, "like": 0}, {"id": "1097520966924754944", "url": "https://twitter.com/G_Bank/status/1097520966924754944", "username": "", "text": "Thai PBS world daily 18 Feb 2019: Army's reaction over Pheu Thai proposal to cut military budget https://www. facebook.com/teeneethaipbs/ videos/368436883978795/ …", "date": "18-02-2019 22:39", "retweet": 0, "like": 0}, {"id": "1097519735040892928", "url": "https://twitter.com/G_Bank/status/1097519735040892928", "username": "", "text": "C-site report เปิดซิงการเมือง เวทีเพื่อคนรุ่นใหม่มหาวิทยาลัยพะเยา #ที่นี่ThaiPBS #ThaiPBS https://www. facebook.com/teeneethaipbs/ videos/1973299426312318/ …", "date": "18-02-2019 22:34", "retweet": 0, "like": 0}, {"id": "1097518862034239488", "url": "https://twitter.com/G_Bank/status/1097518862034239488", "username": "", "text": "เสนอเมืองหาดใหญ่ เป็นเขตเศรษฐกิจพิเศษ #ที่นี่ThaiPBS #ThaiPBS https://www. facebook.com/teeneethaipbs/ videos/305308123356978/ …", "date": "18-02-2019 22:31", "retweet": 0, "like": 0}, {"id": "1097518260495572992", "url": "https://twitter.com/G_Bank/status/1097518260495572992", "username": "", "text": "ทรัมป์ประกาศสถานการณ์ฉุกเฉิน ดึงงบสร้างกำแพง #ที่นี่ThaiPBS #ThaiPBS https://www. facebook.com/teeneethaipbs/ videos/1467606820038653/ …", "date": "18-02-2019 22:28", "retweet": 0, "like": 0}, {"id": "1097517083036971010", "url": "https://twitter.com/G_Bank/status/1097517083036971010", "username": "", "text": "สมเกียรติ ตั้งกิจวานิชย์ คิดยกกำลังสอง พลิกวิกฤติเป็นโอกาส พัฒนาขนส่งสาธารณะ ช่วยลดฝุ่นพิษ PM 2.5 #ที่นี่ThaiPBS #ThaiPBS https://www. facebook.com/teeneethaipbs/ videos/2110127365739677/ …", "date": "18-02-2019 22:23", "retweet": 0, "like": 0}, {"id": "1097516408706134018", "url": "https://twitter.com/G_Bank/status/1097516408706134018", "username": "", "text": "คนรุ่นใหม่รวมตัว สร้างสื่อข้อมูลการเลือกตั้งแบบเข้าใจง่าย #ที่นี่ThaiPBS #ThaiPBS https://www. facebook.com/teeneethaipbs/ videos/401463320423816/ …", "date": "18-02-2019 22:21", "retweet": 0, "like": 0}, {"id": "1097514966717001728", "url": "https://twitter.com/G_Bank/status/1097514966717001728", "username": "", "text": "มองบทบาทนายกรัฐมนตรี ขั้วการเมืองวิจารณ์การลงพื้นที่ ปฏิบัติราชการ หรือ หาเสียง #ที่นี่ThaiPBS #ThaiPBS https://www. facebook.com/teeneethaipbs/ videos/1997627507022950/ …", "date": "18-02-2019 22:15", "retweet": 0, "like": 0}, {"id": "1097513445468057601", "url": "https://twitter.com/G_Bank/status/1097513445468057601", "username": "", "text": "ยกเลิกเปิดเพลง \"หนักแผ่นดิน\" ทางสถานีวิทยุของกองทัพบก / เปิดเฉพาะเสียงตามสายภายในกองบัญชาการกองทัพบก #ที่นี่ThaiPBS #ThaiPBS https://www. facebook.com/teeneethaipbs/ videos/383776679079997/ …", "date": "18-02-2019 22:09", "retweet": 0, "like": 0}, {"id": "1097504357594030080", "url": "https://twitter.com/G_Bank/status/1097504357594030080", "username": "", "text": "[Live] #ที่นี่ThaiPBS 21.30 - 22.10 น. (18 ก.พ. 62) • ยกเลิกเปิดเพลง \"หนักแผ่นดิน\" เปิดทางสถานีวิทยุ ทบ. • บทบาทนายกฯ ปฏิบัติราชการ หรือหาเสียง • คนรุ่นใหม่รวมตัวทำสื่อข้อมูลเลือกตั้ง • \"ทรัมป์\" ประกาศภาวะฉุกเฉิน... https://www. facebook.com/teeneethaipbs/ videos/379124179333962/ …", "date": "18-02-2019 21:33", "retweet": 0, "like": 0}, {"id": "1097454305018146816", "url": "https://twitter.com/G_Bank/status/1097454305018146816", "username": "", "text": "https://www. facebook.com/teeneethaipbs/ posts/2276257332425957 …", "date": "18-02-2019 18:14", "retweet": 0, "like": 0}, {"id": "1097417554144813057", "url": "https://twitter.com/G_Bank/status/1097417554144813057", "username": "", "text": "ติดเทรนด์โซเชียล #หนักแผ่นดิน ภายในชั่วโมง ทำให้เพลงที่ถูกแต่งขึ้นตั้งแต่ปี 2518 กลับมาอยู่ในกระแสอีกครั้ง #ThaiPBSnews #เลือกตั้ง62 http:// news.thaipbs.or.th/content/277811", "date": "18-02-2019 15:48", "retweet": 0, "like": 0}, {"id": "1097417335655215104", "url": "https://twitter.com/G_Bank/status/1097417335655215104", "username": "", "text": "พรรค #ไทยรักษาชาติ ประชุมพิจารณาร่างคำชี้แจงข้อกล่าวหายุบพรรค ยืนยัน ส่งทันตามกรอบกำหนดเวลา 7 วันแน่นอน ขณะที่ผู้สมัครของพรรคยังคงลงพื้นที่หาเสียงตามปกติ #ThaiPBSnews #เลือกตั้ง2562 http:// news.thaipbs.or.th/content/277813", "date": "18-02-2019 15:47", "retweet": 0, "like": 1}, {"id": "1097417254617047040", "url": "https://twitter.com/G_Bank/status/1097417254617047040", "username": "", "text": "นายเรืองไกร ลีกิจวัฒนา สมาชิกพรรค #ไทยรักษาชาติ พร้อมด้วย พล.ต.อ.เสรีพิศุทธิ์ เตมียาเวส หัวหน้าพรรค #เสรีรวมไทย เข้ายื่นหนังสือถึง กกต.ขอให้พิจารณาส่งศาลรัฐธรรมนูญยุบพรรค #พลังประชารัฐ #ThaiPBSnews #เลือกตั้ง2562 http:// news.thaipbs.or.th/content/277814", "date": "18-02-2019 15:47", "retweet": 1, "like": 2}]