[{"id": "1098809252838166528", "url": "https://twitter.com/GdmAun/status/1098809252838166528", "username": "", "text": "ยุบแมร่งหมดทุกพรรคเลยครับ.. แล้วก็สถาปนาตัวเองขึ้นเป็นนายกฯ...ออกกฎหมายให้นายกฯดำรงตำแหน่งซัก 20 ปีให้แมร่งแก่ตายคาเกาอี้นายกไปเลย #พลังประชารัฐ #พรรคเพื่อไทย #อนาคตใหม่ #ไทยรักษาชาติ #เลือกตั้ง2562 #savethanaton pic.twitter.com/2eyPMltT6i", "date": "22-02-2019 11:58", "retweet": 11, "like": 8}, {"id": "1098474235519893504", "url": "https://twitter.com/GdmAun/status/1098474235519893504", "username": "", "text": "ยุบมันหมดทุกพรรคโลดครับ #ไทยรักษาชาติ #พรรคอนาคตใหม่ #พรรคเพื่อไทย #ประชาธิปัตย์ ยุบให้หมด ละกะตั้งเจ้าของเป็นนายกเองโลดคับ 55555 เซาแข่งกะพวกมันเถอะ ยอมๆ #ทีมปีศาจ #พลังประชารัฐ #คสช", "date": "21-02-2019 13:47", "retweet": 2, "like": 3}, {"id": "1098253182528937985", "url": "https://twitter.com/GdmAun/status/1098253182528937985", "username": "", "text": "ดีครับ", "date": "20-02-2019 23:08", "retweet": 0, "like": 0}, {"id": "1098230351472689153", "url": "https://twitter.com/GdmAun/status/1098230351472689153", "username": "", "text": "เอาจริงๆ แอบคิดนะครับ ว่ารัฐบาล คสช. ตั้งใจทำให้ ปปช.เกลียดชัง ทำให้ ปชช. แบ่งฝ่าย พยายามสร้างความวุ่นวายให้มากที่สุด เพราะทุกครั้งที่มีการ #รัฐประหาร เกิดจากความรุนแรงที่ ปชช. ออกมาสู้กับรัฐ จนต้องทำรัฐประหาร แบบนนี้มีโอกาส #รัฐประหารซ้อน #savethanathorn #เลือกตั้งปี2562", "date": "20-02-2019 21:38", "retweet": 8, "like": 10}, {"id": "1098148917516984320", "url": "https://twitter.com/GdmAun/status/1098148917516984320", "username": "", "text": "ข้ามเขตไปเลือกได้มั้ย พรรคเพื่อเธอ #พรรคเพื่อไทย #เลือกตั้งประเทศไทย2562 #เลือกตั้ง pic.twitter.com/eArjJqxcQa", "date": "20-02-2019 16:14", "retweet": 0, "like": 1}, {"id": "1097711767990358016", "url": "https://twitter.com/GdmAun/status/1097711767990358016", "username": "", "text": "#หนักเเผ่นดิน แท็กนี้ มาแรงต่อเนื่อง ตอนนี้ได้รับความนิยมอันดับ 1 แสดงถึงความรุนแรง ความขัดแย้งที่มากขึ้นเรื่อยๆ ในบ้านเมืองเรา อนาคตอันใกล้นี้ อาจจะมี #ยึดอำนาจ #รัฐประหารซ้อน #เลื่อนการเลือกตั้ง ก็เป็นไปได้ #เลือกตั้งปี62 #เลือกตั้ง2562", "date": "19-02-2019 11:17", "retweet": 1, "like": 6}]