[{"id": "1099306791056228352", "url": "https://twitter.com/Golff_Phakphum/status/1099306791056228352", "username": "", "text": "ใครทำน้อง", "date": "23-02-2019 20:55", "retweet": 0, "like": 0}, {"id": "1099195768261423106", "url": "https://twitter.com/Golff_Phakphum/status/1099195768261423106", "username": "", "text": "ให้หนูหีจัดการ", "date": "23-02-2019 13:34", "retweet": 0, "like": 1}, {"id": "1099161641617215489", "url": "https://twitter.com/Golff_Phakphum/status/1099161641617215489", "username": "", "text": "โดนจนได้ pic.twitter.com/oUaMX70R8C", "date": "23-02-2019 11:18", "retweet": 0, "like": 0}, {"id": "1099161345843290113", "url": "https://twitter.com/Golff_Phakphum/status/1099161345843290113", "username": "", "text": "รบหีแตดอะไร น่ารำคาน สร้างกระแสอยู่นั่น บ้านเมืองเดินหน้าไม่ได้เพราะลัทธิพวกนี้แหละ https://www. matichon.co.th/social/news_13 75783 …", "date": "23-02-2019 11:17", "retweet": 0, "like": 0}, {"id": "1098922548740247553", "url": "https://twitter.com/Golff_Phakphum/status/1098922548740247553", "username": "", "text": "ใช้ไอโฟนมา 5ปี ชอบระบบ IOS และการออกแบบที่เรียบหรู แต่ต้องยอมรับตอนนี้มันไม่ว้าวแล้วแถมแพงสุด วันนี้ตัดสินใจย้ายไปซัมซุง ถ้าอนาคตถ้าไอโฟนมีอะไรว้าวมากขึ้นสัญญาว่าจะพิจารณา", "date": "22-02-2019 19:28", "retweet": 1, "like": 1}, {"id": "1098920643972624384", "url": "https://twitter.com/Golff_Phakphum/status/1098920643972624384", "username": "", "text": "จะอ้วก", "date": "22-02-2019 19:21", "retweet": 0, "like": 0}, {"id": "1098915583200874496", "url": "https://twitter.com/Golff_Phakphum/status/1098915583200874496", "username": "", "text": "ขอยืมหัวใจหน่อย", "date": "22-02-2019 19:01", "retweet": 0, "like": 0}, {"id": "1098898321395990528", "url": "https://twitter.com/Golff_Phakphum/status/1098898321395990528", "username": "", "text": "สวยมากกกกก", "date": "22-02-2019 17:52", "retweet": 0, "like": 0}, {"id": "1098875539731886080", "url": "https://twitter.com/Golff_Phakphum/status/1098875539731886080", "username": "", "text": "ขายครับ ได้ประมาน 23000-25000 ใช้โปรของ AIS เพิ่มเงินอีกพันกว่าบาทเอง", "date": "22-02-2019 16:21", "retweet": 0, "like": 1}, {"id": "1098873991563898880", "url": "https://twitter.com/Golff_Phakphum/status/1098873991563898880", "username": "", "text": "S10+ 126GB สีขาวครับ ใช้โปร AIS ได้ราคาประมาน 28,000", "date": "22-02-2019 16:15", "retweet": 0, "like": 0}, {"id": "1098873233602793472", "url": "https://twitter.com/Golff_Phakphum/status/1098873233602793472", "username": "", "text": "จองไปแล้ว 5555", "date": "22-02-2019 16:12", "retweet": 0, "like": 0}, {"id": "1098858476011311105", "url": "https://twitter.com/Golff_Phakphum/status/1098858476011311105", "username": "", "text": "แต่โปรนี้ไม่ได้ Galaxy Watch แอบเสียดายอยู่", "date": "22-02-2019 15:14", "retweet": 0, "like": 0}, {"id": "1098857279464517632", "url": "https://twitter.com/Golff_Phakphum/status/1098857279464517632", "username": "", "text": "สงสัยจิโดนโปรนี้แน่ๆ #GalaxyS10TH #AIS pic.twitter.com/9nSDjqCOda", "date": "22-02-2019 15:09", "retweet": 37, "like": 26}, {"id": "1098619768234336257", "url": "https://twitter.com/Golff_Phakphum/status/1098619768234336257", "username": "", "text": "ส่งให้พี่ด้วย", "date": "21-02-2019 23:25", "retweet": 0, "like": 0}, {"id": "1098589105984811008", "url": "https://twitter.com/Golff_Phakphum/status/1098589105984811008", "username": "", "text": "ร้ายอ่ะ", "date": "21-02-2019 21:23", "retweet": 0, "like": 0}, {"id": "1098576625166241794", "url": "https://twitter.com/Golff_Phakphum/status/1098576625166241794", "username": "", "text": "อ้อนเหรอ", "date": "21-02-2019 20:34", "retweet": 0, "like": 0}, {"id": "1098523889397714944", "url": "https://twitter.com/Golff_Phakphum/status/1098523889397714944", "username": "", "text": "เอียงสุด ละไม่มีวันโดนปิดด้วย https:// twitter.com/JJayz_Tp/statu s/1098179603946909697 …", "date": "21-02-2019 17:04", "retweet": 0, "like": 1}, {"id": "1098499282062036992", "url": "https://twitter.com/Golff_Phakphum/status/1098499282062036992", "username": "", "text": "เมื่อกี้เข้าห้างแวะไปเชยชม #GalaxyS10 เกือบหน้ามืดจองแล้ว มันดีมากจริงๆเบาบางจอใหญ่ กล้องโคตรแหล่ม ขอกลับมานอนคิดก่อนนะ", "date": "21-02-2019 15:26", "retweet": 0, "like": 3}, {"id": "1098492304464068608", "url": "https://twitter.com/Golff_Phakphum/status/1098492304464068608", "username": "", "text": "อยากได้ด้วย อิอิ", "date": "21-02-2019 14:59", "retweet": 0, "like": 1}, {"id": "1098470942592757760", "url": "https://twitter.com/Golff_Phakphum/status/1098470942592757760", "username": "", "text": "#GalaxyS10 กล้องถ่ายเห็นดาวเหมือนหัวเว่ยไหม ใครรู้บ้าง pic.twitter.com/aLRlZdKMiv", "date": "21-02-2019 13:34", "retweet": 2, "like": 5}, {"id": "1097889647198330880", "url": "https://twitter.com/Golff_Phakphum/status/1097889647198330880", "username": "", "text": "เดียว นั่นคนละผี", "date": "19-02-2019 23:04", "retweet": 0, "like": 0}, {"id": "1097878298397298691", "url": "https://twitter.com/Golff_Phakphum/status/1097878298397298691", "username": "", "text": "ขอบคุณครับ", "date": "19-02-2019 22:19", "retweet": 0, "like": 0}, {"id": "1097871279753912323", "url": "https://twitter.com/Golff_Phakphum/status/1097871279753912323", "username": "", "text": "ผู้กำกับหนังเป็นหนึ่งในความฝันสมัยเด็กเลย https:// twitter.com/zentradies/sta tus/1097756036298006528 …", "date": "19-02-2019 21:51", "retweet": 0, "like": 0}, {"id": "1097786540996980737", "url": "https://twitter.com/Golff_Phakphum/status/1097786540996980737", "username": "", "text": "pic.twitter.com/9i8Gca3tBj", "date": "19-02-2019 16:14", "retweet": 0, "like": 1}, {"id": "1097751752940482560", "url": "https://twitter.com/Golff_Phakphum/status/1097751752940482560", "username": "", "text": "น่ารักเก่ง", "date": "19-02-2019 13:56", "retweet": 0, "like": 0}, {"id": "1097708237036576768", "url": "https://twitter.com/Golff_Phakphum/status/1097708237036576768", "username": "", "text": "ญาติเหรอครับ เห็นวันก่อนทวิตอยู่ 5555", "date": "19-02-2019 11:03", "retweet": 0, "like": 0}, {"id": "1097704544023175169", "url": "https://twitter.com/Golff_Phakphum/status/1097704544023175169", "username": "", "text": "แจกเงินเหรอ พร้อมเพย์ 0819662xxx", "date": "19-02-2019 10:48", "retweet": 0, "like": 0}, {"id": "1097703612296220674", "url": "https://twitter.com/Golff_Phakphum/status/1097703612296220674", "username": "", "text": "ทำไมเด๋อ 5555", "date": "19-02-2019 10:45", "retweet": 0, "like": 0}, {"id": "1097703545426436096", "url": "https://twitter.com/Golff_Phakphum/status/1097703545426436096", "username": "", "text": "ถูกต้องนะค้าบบบ", "date": "19-02-2019 10:44", "retweet": 0, "like": 0}]