[{"id": "1099412164626927616", "url": "https://twitter.com/goodlavel/status/1099412164626927616", "username": "", "text": "ทุกวันป่ะ", "date": "24-02-2019 03:54", "retweet": 0, "like": 0}, {"id": "1098830286983389185", "url": "https://twitter.com/goodlavel/status/1098830286983389185", "username": "", "text": "จะยุบให้หมดทุกพรรคเลยป่ะ ยุบปชร.ด้วยเลยดิ ยุบให้หมดเล้ยยยยยย https:// twitter.com/TheStandardPod /status/1098224031982006274 …", "date": "22-02-2019 13:22", "retweet": 0, "like": 0}, {"id": "1098117156846284802", "url": "https://twitter.com/goodlavel/status/1098117156846284802", "username": "", "text": "เครียดไป เหอะ", "date": "20-02-2019 14:08", "retweet": 0, "like": 0}, {"id": "1098114949170118658", "url": "https://twitter.com/goodlavel/status/1098114949170118658", "username": "", "text": "เหนื่อยนิดห", "date": "20-02-2019 13:59", "retweet": 0, "like": 0}, {"id": "1098089754250211329", "url": "https://twitter.com/goodlavel/status/1098089754250211329", "username": "", "text": "เรียนลูกค้าที่น่ารัก เราขายในราคาที่เราพอใจจะขายแล้ว หากซื้อหลายชิ้นสามารถต่อรองได้ \"พอประมาณ\" ต่อราคากรุณามีมารยาท 5900 ต่อ 5000 รบกวนไปซื้อที่อื่นค่ะ", "date": "20-02-2019 12:19", "retweet": 0, "like": 0}, {"id": "1097826143296618497", "url": "https://twitter.com/goodlavel/status/1097826143296618497", "username": "", "text": "ตอนนี้ธนาธรทำตัวเหมือนตัวเองเป็นแคสนิดเอเวอดีนอ่ะ กูผู้กอบกู้มากๆ พ่อไม่ใช่นอมินีท่านลอร์ดจิงอ่ออออ", "date": "19-02-2019 18:52", "retweet": 0, "like": 0}, {"id": "1097823989051740161", "url": "https://twitter.com/goodlavel/status/1097823989051740161", "username": "", "text": "นี่กูดมฝิ่นมากไปป่ะ โลกสวยมากไปป่ะ #เลือกตั้ง62", "date": "19-02-2019 18:43", "retweet": 0, "like": 0}, {"id": "1097823987021668354", "url": "https://twitter.com/goodlavel/status/1097823987021668354", "username": "", "text": "เป็นไปได้ป่ะว่าคนที่เชียร์พปชร. ตอนนี้คือแกล้งให้เค้าตายใจคิดว่าแผนสะกดจิตหมู่ของเค้าได้ผล จะได้ปล่อยให้มีการเลือกตั้ง แล้วสว.250 ก็แกล้งเออออไปงั้นเอง พอถึงเวลาก็จะเลือกฝ่ายประชาธิปไตย", "date": "19-02-2019 18:43", "retweet": 0, "like": 0}, {"id": "1097808136218398721", "url": "https://twitter.com/goodlavel/status/1097808136218398721", "username": "", "text": "ตัวกับกระเป๋าอะไรจะแตกก่อนกันอ่ะ", "date": "19-02-2019 17:40", "retweet": 0, "like": 0}, {"id": "1097401146816135169", "url": "https://twitter.com/goodlavel/status/1097401146816135169", "username": "", "text": "แงงง https:// twitter.com/toobtub3434/st atus/1073856012875030528 …", "date": "18-02-2019 14:43", "retweet": 0, "like": 0}, {"id": "1097368436181590016", "url": "https://twitter.com/goodlavel/status/1097368436181590016", "username": "", "text": "รำคาญ มีเงินนิดหน่อยทำท่าอย่างกับเป็นเจ้าสัวซีพี", "date": "18-02-2019 12:33", "retweet": 0, "like": 0}, {"id": "1097364202409287680", "url": "https://twitter.com/goodlavel/status/1097364202409287680", "username": "", "text": "I tell you why. You said you understand but you don't.", "date": "18-02-2019 12:16", "retweet": 0, "like": 0}, {"id": "1097344016050401280", "url": "https://twitter.com/goodlavel/status/1097344016050401280", "username": "", "text": "ถ้าคุณนายหยุดแชร์ความเอียงทางการเมืองไม่ได้นี่ก็ว่าจะหนีออกจากบ้านแล้ว กลัวบ้านนู้นส่งคนมายิง", "date": "18-02-2019 10:56", "retweet": 0, "like": 0}, {"id": "1097343792779128833", "url": "https://twitter.com/goodlavel/status/1097343792779128833", "username": "", "text": "งงนิดหน่อยแต่ไม่เข้าใจมากๆ ต้องยืมแคปชั่นพี่เอกเพราะมันตรงสุดดด", "date": "18-02-2019 10:55", "retweet": 0, "like": 0}]