[{"id": "1099214872712101888", "url": "https://twitter.com/grumpyNutcha/status/1099214872712101888", "username": "", "text": "#กยูจองคนจริง2019 อยู่กันดีๆไม่ได้ก็ไม่ต้องคบ! pic.twitter.com/XWc3IsZu3R", "date": "23-02-2019 14:50", "retweet": 0, "like": 0}, {"id": "1098241914657075200", "url": "https://twitter.com/grumpyNutcha/status/1098241914657075200", "username": "", "text": "นอนๆ แล้วพรุ่งนี้8โมงตื่นไปเรียนวิเด็กะเราาา", "date": "20-02-2019 22:24", "retweet": 0, "like": 0}, {"id": "1097892565393666054", "url": "https://twitter.com/grumpyNutcha/status/1097892565393666054", "username": "", "text": "สุดจัด นี่กะเปลี่ยนวอลเล่นขำๆ รอเพื่อนทักว่าเสริมดวงหรอแล้วค่อยเปลี่ยนกลับ...แต่มึง มึ๊งงงงง อหหหหห #ทีมไม่งมงาย #แต่ได้จริงก็ดีนะ pic.twitter.com/3HoXSIyltk", "date": "19-02-2019 23:16", "retweet": 1, "like": 1}, {"id": "1097508481257463808", "url": "https://twitter.com/grumpyNutcha/status/1097508481257463808", "username": "", "text": "ไพบูลย์...ไปพักเถอะ... #เลือกตั้ง62 pic.twitter.com/tZa0toTUSS", "date": "18-02-2019 21:49", "retweet": 0, "like": 0}, {"id": "1097507146734874624", "url": "https://twitter.com/grumpyNutcha/status/1097507146734874624", "username": "", "text": "ป๊าได้แอร์ไทม์แล้วว และจุดยืนป๊าแน่วแน่มาก ใครใคร่ทุบใครทุบ แต่ป๊ามาเพื่อทุบคสช.", "date": "18-02-2019 21:44", "retweet": 0, "like": 0}, {"id": "1097499749156933632", "url": "https://twitter.com/grumpyNutcha/status/1097499749156933632", "username": "", "text": "ทั้งนี้ทั้งนั้น ขอแอร์ไทม์ให้ป๊าด้วยโว้ยยย", "date": "18-02-2019 21:15", "retweet": 0, "like": 0}, {"id": "1097499432075984896", "url": "https://twitter.com/grumpyNutcha/status/1097499432075984896", "username": "", "text": "พ่อใจเย็นนาาาาาา พักก่อนนาาาาาาา", "date": "18-02-2019 21:13", "retweet": 0, "like": 0}, {"id": "1097499017087311872", "url": "https://twitter.com/grumpyNutcha/status/1097499017087311872", "username": "", "text": "แต่แบบ เข้าใจเลย ปชปนี่มีจุดขายคือเป็นsafe havenของคนไม่อยากปะทะ", "date": "18-02-2019 21:12", "retweet": 0, "like": 0}, {"id": "1097498159842906112", "url": "https://twitter.com/grumpyNutcha/status/1097498159842906112", "username": "", "text": "วันนี้ธนาธรกะมาร์คงัดกันรัวๆเลยว่ะ โหพ่อ ใจเย็นๆนาา เข้าผิดเหลี่ยมมีเจ็บนาาา", "date": "18-02-2019 21:08", "retweet": 0, "like": 0}, {"id": "1097496075403878400", "url": "https://twitter.com/grumpyNutcha/status/1097496075403878400", "username": "", "text": "ธนาธรมองแรงล้าว", "date": "18-02-2019 21:00", "retweet": 0, "like": 0}, {"id": "1097437128240164866", "url": "https://twitter.com/grumpyNutcha/status/1097437128240164866", "username": "", "text": "อีซอกมินเป็นชายผู้เป็นดั่งข้อยกเว้น...เป็นคนที่ตอนแรกเราเข้าใจผิดว่าคงเป็นคนแซ่บๆ อายุ20ยังแซ่บขนาดนี้ อายุ30จะแซ่บขนาดไหน แล้วก็มารู้ทีหลังว่าไม่ใช่ เป็นคนใสๆขี้แงอีกตังหาก...รู้สึกเหมือนโดนหลอก แต่ก็ยังชอบต่อไป555555555 pic.twitter.com/PegDSy34sM", "date": "18-02-2019 17:06", "retweet": 0, "like": 0}, {"id": "1097399643699204097", "url": "https://twitter.com/grumpyNutcha/status/1097399643699204097", "username": "", "text": "ป๊านี่คือแบบ เออ ก็มาดิมึง ประเทศไทยใครก็ได้", "date": "18-02-2019 14:37", "retweet": 0, "like": 0}]