[{"id": "1099375079203299328", "url": "https://twitter.com/haneul_cyl/status/1099375079203299328", "username": "", "text": "C E G", "date": "24-02-2019 01:26", "retweet": 0, "like": 1}, {"id": "1099331205688832000", "url": "https://twitter.com/haneul_cyl/status/1099331205688832000", "username": "", "text": "เป็นคนขยันทำมากิน ได้เป็นแฟนก้คือเจริญรุ่งเรืองนะคะ pic.twitter.com/vB7T1WBjsA", "date": "23-02-2019 22:32", "retweet": 1, "like": 0}, {"id": "1099209955339526144", "url": "https://twitter.com/haneul_cyl/status/1099209955339526144", "username": "", "text": "มาแล้วจ้าาาาาา ของจริงงามมาก จัดส่งภายในวันเสาร์หน้านะคะ มีพร้อมส่งด้วยนิดหน่อยน้าาาาา เดี๋ยวค่ำๆมาเปิดฟอร์มรอบ2นะค้าบบบ สามเมมของ #WayV สั่งวาดแล้วนะคะ จะได้ช่วงต้นเดือนมี.ค. เลย #NCT #NCT127 #NCT_DREAM #NCT_U #NCT127Japan1stTour #NCTFanart #NCT2018 #NCT2019 #nctzen #ตลาดนัดnct pic.twitter.com/3AvCAlblaK", "date": "23-02-2019 14:30", "retweet": 5, "like": 3}, {"id": "1098973302226219008", "url": "https://twitter.com/haneul_cyl/status/1098973302226219008", "username": "", "text": "เคทสเปซ 890 เอ้าท์เลท นี่มันแท้ปะวะ ชาลแอนคิส ก้ 890 เอ้าท์เลทมันถูกขนาดนี้จีงๆปะ", "date": "22-02-2019 22:50", "retweet": 0, "like": 0}, {"id": "1098914967942717441", "url": "https://twitter.com/haneul_cyl/status/1098914967942717441", "username": "", "text": "ก็คือวอลเปเปอร์มงคล สำหรับคนเกิดวันอังคาร ไปจ้าาาา ใส่พื้นหลังสีฟ้า https:// twitter.com/limeharu/statu s/1098908611101700102 …", "date": "22-02-2019 18:58", "retweet": 0, "like": 0}, {"id": "1098851105813884929", "url": "https://twitter.com/haneul_cyl/status/1098851105813884929", "username": "", "text": "เลือกสิ่ ผช.หรือน้อง", "date": "22-02-2019 14:44", "retweet": 0, "like": 0}, {"id": "1098844705809264640", "url": "https://twitter.com/haneul_cyl/status/1098844705809264640", "username": "", "text": "เอาอีกล้าวววว จ้างวาดเฮนเดอรี่ หยางหยาง เสี่ยวจวิ้น ไปแน้ววววว", "date": "22-02-2019 14:19", "retweet": 0, "like": 0}, {"id": "1098843820731449344", "url": "https://twitter.com/haneul_cyl/status/1098843820731449344", "username": "", "text": "มาคอน 55555", "date": "22-02-2019 14:15", "retweet": 0, "like": 0}, {"id": "1098835662038392832", "url": "https://twitter.com/haneul_cyl/status/1098835662038392832", "username": "", "text": "อยากทำพกจ.หลินโฮ ว่าละก้จ้างวาด", "date": "22-02-2019 13:43", "retweet": 0, "like": 0}, {"id": "1098835580882804736", "url": "https://twitter.com/haneul_cyl/status/1098835580882804736", "username": "", "text": "บอกให้มาเรียนกรุงเทพ ไม่มา ถ้ามานี่พาเข้าร้านบุฟเฟ่อะ", "date": "22-02-2019 13:43", "retweet": 0, "like": 0}, {"id": "1098834942337798149", "url": "https://twitter.com/haneul_cyl/status/1098834942337798149", "username": "", "text": "ใช่สิ่ ฉันเคยเก็บเงินเธอหรอห้ะ ส่งพร้อมออดินารี่นะ ที่อยุ่หอปะ", "date": "22-02-2019 13:40", "retweet": 0, "like": 0}, {"id": "1098827379508633600", "url": "https://twitter.com/haneul_cyl/status/1098827379508633600", "username": "", "text": "ซื้อฉันสิ่", "date": "22-02-2019 13:10", "retweet": 0, "like": 0}, {"id": "1098796382532456448", "url": "https://twitter.com/haneul_cyl/status/1098796382532456448", "username": "", "text": "ใช้เงินเก่ง หาเงินเข้าตัวเก่ง หาเงินเข้าประเทศบ้างลุงงงงงง", "date": "22-02-2019 11:07", "retweet": 4, "like": 6}, {"id": "1098792553388724224", "url": "https://twitter.com/haneul_cyl/status/1098792553388724224", "username": "", "text": "แง จวิ้นน่ารักมาก แจมินกะน่ายักกกกก pic.twitter.com/zH9r3cWf0G", "date": "22-02-2019 10:52", "retweet": 1, "like": 0}, {"id": "1098590280834535431", "url": "https://twitter.com/haneul_cyl/status/1098590280834535431", "username": "", "text": "ฮื่อ เอาน่ะแบบลิ้นพันกันๆ", "date": "21-02-2019 21:28", "retweet": 0, "like": 0}, {"id": "1098586643005464576", "url": "https://twitter.com/haneul_cyl/status/1098586643005464576", "username": "", "text": "สู้ค่ะ เราเข้าใจคุณ ต้องการต้นไม้บอกพี่", "date": "21-02-2019 21:14", "retweet": 0, "like": 0}, {"id": "1098561161593671682", "url": "https://twitter.com/haneul_cyl/status/1098561161593671682", "username": "", "text": "ทางร้านแจ้งมาว่าผลิตเสร็จแล้วนะคะ ตอนนี้รอจัดส่งมาให้เราอยู่นะคะ", "date": "21-02-2019 19:32", "retweet": 0, "like": 0}, {"id": "1098501298758930433", "url": "https://twitter.com/haneul_cyl/status/1098501298758930433", "username": "", "text": "ไม่ใช่สั่งซื้อเครื่องบินใหม่นะ https:// twitter.com/Stone_nayouung /status/1098415446292746240 …", "date": "21-02-2019 15:34", "retweet": 1, "like": 0}, {"id": "1098501083410780161", "url": "https://twitter.com/haneul_cyl/status/1098501083410780161", "username": "", "text": "ยิ่งอยู่ยิ่งทำงานชุ่ย น่ารำคานๆๆๆๆๆ", "date": "21-02-2019 15:34", "retweet": 0, "like": 0}, {"id": "1098426322609553409", "url": "https://twitter.com/haneul_cyl/status/1098426322609553409", "username": "", "text": "เป็นคนน่ารำคานไรขนาดนี้อะ pic.twitter.com/jpnLgbJsVV", "date": "21-02-2019 10:36", "retweet": 0, "like": 2}, {"id": "1098424498603253760", "url": "https://twitter.com/haneul_cyl/status/1098424498603253760", "username": "", "text": "อยากไปอีกกกกกก https:// twitter.com/fairzs/status/ 1098068667500158976 …", "date": "21-02-2019 10:29", "retweet": 0, "like": 1}, {"id": "1098166235844337665", "url": "https://twitter.com/haneul_cyl/status/1098166235844337665", "username": "", "text": "แต่เหมือนมาก แบบหัวปีท้ายปีก้ได้อะ", "date": "20-02-2019 17:23", "retweet": 0, "like": 0}, {"id": "1098165514608664576", "url": "https://twitter.com/haneul_cyl/status/1098165514608664576", "username": "", "text": "เล่อ กับ แดฮวี ก็คือลูกแฝดมั้ย", "date": "20-02-2019 17:20", "retweet": 0, "like": 0}, {"id": "1098165329073557504", "url": "https://twitter.com/haneul_cyl/status/1098165329073557504", "username": "", "text": "ทำอะไรโง่ๆมากอะเอาจริง", "date": "20-02-2019 17:19", "retweet": 0, "like": 0}, {"id": "1097549903411081216", "url": "https://twitter.com/haneul_cyl/status/1097549903411081216", "username": "", "text": "จองจากแอคน้องนึ่น ลดปะจ้ะ", "date": "19-02-2019 00:34", "retweet": 0, "like": 0}, {"id": "1097549739828989953", "url": "https://twitter.com/haneul_cyl/status/1097549739828989953", "username": "", "text": "จ้า จองไปแล้วจ้า 55555", "date": "19-02-2019 00:33", "retweet": 0, "like": 0}, {"id": "1097549599042990080", "url": "https://twitter.com/haneul_cyl/status/1097549599042990080", "username": "", "text": "อันนี้ตอนเรียนๆ ทำงานกลุ่ม ละตอนนั้นคือ3ทุ่มได้อะ อยุ่ทำยันห้าทุ่ม อีนี่หนีไปร้องห่มร้องไห้ เพื่อนในกลุ่มมันกลับก่อน ดีสุดดดดดด", "date": "19-02-2019 00:33", "retweet": 0, "like": 0}, {"id": "1097530768035729408", "url": "https://twitter.com/haneul_cyl/status/1097530768035729408", "username": "", "text": "ตอนนี้ทางร้านไดคัทเสร็จเรียบร้อยแล้วน้า กำลังดำเนินการผลิตนะคะ", "date": "18-02-2019 23:18", "retweet": 0, "like": 0}, {"id": "1097530042865741824", "url": "https://twitter.com/haneul_cyl/status/1097530042865741824", "username": "", "text": "โอ๋นะคะ ไม่เท่าพี่หรอก พี่นั่งทำงานกัน มันไปร้องไห้กับรุ่นพี่ ทั้งๆที่แบบห่างกันสามโต๊ะ มาช้วยงานสิ่อีสัส", "date": "18-02-2019 23:15", "retweet": 0, "like": 0}, {"id": "1097522715735379968", "url": "https://twitter.com/haneul_cyl/status/1097522715735379968", "username": "", "text": "แงงง ขอบคุณมากๆเลยค้าบบบบบ", "date": "18-02-2019 22:46", "retweet": 0, "like": 0}, {"id": "1097411510043734017", "url": "https://twitter.com/haneul_cyl/status/1097411510043734017", "username": "", "text": "ชิชะยัยทัวดี เกิดวันเสาสิ่ เนี่ยทำเองแล้ว pic.twitter.com/B7VA6y8M0z", "date": "18-02-2019 15:24", "retweet": 0, "like": 0}, {"id": "1097372105446809600", "url": "https://twitter.com/haneul_cyl/status/1097372105446809600", "username": "", "text": "อยากเดินปากคลอง อยากจัดดอกไม้", "date": "18-02-2019 12:47", "retweet": 0, "like": 0}, {"id": "1097339305440161792", "url": "https://twitter.com/haneul_cyl/status/1097339305440161792", "username": "", "text": "เกลียดเธอตอนนี้ทันรึปะะะะ", "date": "18-02-2019 10:37", "retweet": 0, "like": 0}, {"id": "1097338679654199302", "url": "https://twitter.com/haneul_cyl/status/1097338679654199302", "username": "", "text": "ไก่งามเพราะขน คนงามเพราะค่าทำผม 1พันบาท ร้องงงงงง pic.twitter.com/lBrhi4NkjT", "date": "18-02-2019 10:35", "retweet": 0, "like": 0}, {"id": "1097338531268124673", "url": "https://twitter.com/haneul_cyl/status/1097338531268124673", "username": "", "text": "จะให้น้องนึ่นสวยด้วยกะดั้ยค่ะะะ พิสวยเชื่อพิสิ่ pic.twitter.com/wBTHYbTouN", "date": "18-02-2019 10:34", "retweet": 0, "like": 0}, {"id": "1097336891504877568", "url": "https://twitter.com/haneul_cyl/status/1097336891504877568", "username": "", "text": "ชั่ยเยยย คนสวยเกิดวันเสาค่ะ", "date": "18-02-2019 10:27", "retweet": 0, "like": 0}]