[{"id": "1098180916520853504", "url": "https://twitter.com/hipptonn/status/1098180916520853504", "username": "", "text": "ปิดเพจไปเลย...", "date": "20-02-2019 18:21", "retweet": 0, "like": 0}, {"id": "1098180769036541952", "url": "https://twitter.com/hipptonn/status/1098180769036541952", "username": "", "text": "ในกลุ่ม line ของ condo grade A สาทรวันนี้ลูกบ้านท่านหนึ่งเสนอให้นิติให้เช่าลานจอดรถเป็น 7-11 พอโดนแย้งว่าพท. ไม่พอ เลยเปลี่ยนมาเป็นโชว์ห่วย แล้วจบด้วยจะขอตู้หยอดเหรียญ ทั้งๆ ที่เดินไปไม่เกิน 100 เมตรมีร้านขนาบสองข้าง.. ใจคอพี่จะไม่เดินเลยใช่ไหม", "date": "20-02-2019 18:21", "retweet": 0, "like": 1}, {"id": "1097540522980327424", "url": "https://twitter.com/hipptonn/status/1097540522980327424", "username": "", "text": "ฉีกแนวมากกกกก ไปกันคนละทางเลย ฮ่าๆๆๆ", "date": "18-02-2019 23:57", "retweet": 0, "like": 0}, {"id": "1097389615684747264", "url": "https://twitter.com/hipptonn/status/1097389615684747264", "username": "", "text": "เอาเวลาไปหาเสียงดีกว่านะลุงเสรี", "date": "18-02-2019 13:57", "retweet": 0, "like": 6}, {"id": "1097296118302543872", "url": "https://twitter.com/hipptonn/status/1097296118302543872", "username": "", "text": "เอิ้ก!", "date": "18-02-2019 07:45", "retweet": 0, "like": 0}, {"id": "1097293915319910401", "url": "https://twitter.com/hipptonn/status/1097293915319910401", "username": "", "text": "ก็ยัง 8 เหมือนเดิมนะ", "date": "18-02-2019 07:37", "retweet": 0, "like": 1}]