[{"id": "1099298664978104320", "url": "https://twitter.com/i5tay/status/1099298664978104320", "username": "", "text": "เอาจริฝ จีน่า เรียวกว่าแบงค์ แต่ดูแล้ว แบงค์จะคุมจีน่า555 #TheFaceThailand5", "date": "23-02-2019 20:23", "retweet": 0, "like": 1}, {"id": "1099294993737342977", "url": "https://twitter.com/i5tay/status/1099294993737342977", "username": "", "text": "ฟังอองตอนแล้วไม่ค่อยรื่นหูอ่ะ เสียงขุนน่าฟังกว่า #TheFaceThailand5", "date": "23-02-2019 20:08", "retweet": 2, "like": 0}, {"id": "1099294688610144256", "url": "https://twitter.com/i5tay/status/1099294688610144256", "username": "", "text": "โอ๊ย ทำไมต้องแบงค์ อาติล่า ไรงี้ยังดีกว่าอีกกกกก อยากเห็น โทนี่ แบค์ฟูเทิน ใส่ส้นสูงอะค้าาา #TheFaceThailand5", "date": "23-02-2019 20:07", "retweet": 1, "like": 0}, {"id": "1099116010647351296", "url": "https://twitter.com/i5tay/status/1099116010647351296", "username": "", "text": "ล้ำไปอีก กล่าวแบบนี้แหละ ครวโดน พรบ.คอม https:// twitter.com/ThailandCaptia n/status/1098953852647133185 …", "date": "23-02-2019 08:17", "retweet": 0, "like": 0}, {"id": "1098967307412418564", "url": "https://twitter.com/i5tay/status/1098967307412418564", "username": "", "text": "อยากให้ป้าบุ๋ม รณรงค์ รัฐประหาร = ประหาร จังเรยค้าาา", "date": "22-02-2019 22:26", "retweet": 1, "like": 4}, {"id": "1098966997537251330", "url": "https://twitter.com/i5tay/status/1098966997537251330", "username": "", "text": "อวยผลงาน ยุทธ จบด้วยการโหน เครจ้า", "date": "22-02-2019 22:25", "retweet": 0, "like": 0}, {"id": "1098962977380720640", "url": "https://twitter.com/i5tay/status/1098962977380720640", "username": "", "text": "อยากให้ติดตาม พรบไซเบอร์ ครับ", "date": "22-02-2019 22:09", "retweet": 0, "like": 2}, {"id": "1098958065649442816", "url": "https://twitter.com/i5tay/status/1098958065649442816", "username": "", "text": "พวกเดียวกัน ปรี๊ดๆๆ ใครๆๆก็รุ้ง่า ว่า ปชป ยังไงก็รวมกับ พลังประชารัฐ", "date": "22-02-2019 21:49", "retweet": 2, "like": 0}, {"id": "1098957715269808129", "url": "https://twitter.com/i5tay/status/1098957715269808129", "username": "", "text": "เสรีพิบอก ไม่สมครวไล่ออก สมครว เอาไปติดคุกด้วย เฮ้ๆๆๆๆๆๆๆๆ #ไทยรัฐเลือกตั้ง62", "date": "22-02-2019 21:48", "retweet": 11, "like": 10}, {"id": "1098957389615656960", "url": "https://twitter.com/i5tay/status/1098957389615656960", "username": "", "text": "ประเทศเพื่อนบ้านกัมพูชา กะลาแลนด์ บอกไม่เห็นต้องแคร์อียูเรยคะ 5555", "date": "22-02-2019 21:47", "retweet": 1, "like": 1}, {"id": "1098957158664658944", "url": "https://twitter.com/i5tay/status/1098957158664658944", "username": "", "text": "#อนาคตใหม่ ฟ้องเจษ แม่งเรย", "date": "22-02-2019 21:46", "retweet": 0, "like": 1}, {"id": "1098956647915896832", "url": "https://twitter.com/i5tay/status/1098956647915896832", "username": "", "text": "อภิสิทธิ์ประกาศค้าน รธน แล้วไม่โดน ม.44 นี่ไม่อยากพูดเพราะอะไร ปรี๊ดๆๆๆ รักชาติ #ไทยรัฐเลือกตั้ง62", "date": "22-02-2019 21:44", "retweet": 4, "like": 5}, {"id": "1098954396170256386", "url": "https://twitter.com/i5tay/status/1098954396170256386", "username": "", "text": "คลิปขนาดนั้น เย็ดปลอมแบบหนังหม่อมน้อยมั่ง", "date": "22-02-2019 21:35", "retweet": 0, "like": 1}, {"id": "1098954218029821953", "url": "https://twitter.com/i5tay/status/1098954218029821953", "username": "", "text": "นั้นนะสิ", "date": "22-02-2019 21:34", "retweet": 0, "like": 1}, {"id": "1098954170592243712", "url": "https://twitter.com/i5tay/status/1098954170592243712", "username": "", "text": "จข : งูเห่า มีคนบอกให้จับตา ไม่รู้ไปฝากเลี้ยงพรรคไหนบ้าง ปลอด : พรรคผมไม่มีมันไปหมดแล้ว #ไทยรัฐเลือกตั้ง62", "date": "22-02-2019 21:34", "retweet": 9, "like": 4}, {"id": "1098950461309149184", "url": "https://twitter.com/i5tay/status/1098950461309149184", "username": "", "text": "อ่านไลน์ที่ส่งเข้าไปเจอประโยค “ปชป ไม่ทีประวัติ คอรัปชั่นคะ “ นี่เธอ ไปอยู่ไหนมา มันมีคดีฟ้องกันอยู่ แต่ ปปช แม่งไม่ยอมทำงานไง #ไทยรัฐเลือกตั้ง62", "date": "22-02-2019 21:19", "retweet": 19, "like": 20}, {"id": "1098949343006969858", "url": "https://twitter.com/i5tay/status/1098949343006969858", "username": "", "text": "ปชป บอกอยู่ข้างประชาธิปไตย แล้วตอนนั้นที่แห่ไปเป่านกหวีด นี่คืออะไรคะ #ไทยรัฐเลือกตั้ง62", "date": "22-02-2019 21:15", "retweet": 1, "like": 7}, {"id": "1098948202592518145", "url": "https://twitter.com/i5tay/status/1098948202592518145", "username": "", "text": "เสรี แขวะ พลังประชารัฐเจ็บ คามนุษย์นี่หว่า55 #ไทยรัฐเลือกตั้ง62", "date": "22-02-2019 21:10", "retweet": 7, "like": 8}, {"id": "1098945942349176832", "url": "https://twitter.com/i5tay/status/1098945942349176832", "username": "", "text": "ทำไม ฟังๆๆแล้วเวทีนี่เหมือนเอา จักร พรรคสุเทพมายำ #ไทยรัฐเลือกตั้ง62", "date": "22-02-2019 21:01", "retweet": 0, "like": 1}, {"id": "1098945848912695298", "url": "https://twitter.com/i5tay/status/1098945848912695298", "username": "", "text": "อย่ามาทำเป็นไม่รวมมือกับพรรคระบบทักษิณ บอกมาเรยว่าสนับสนุนประยุทธ์ เท่านั้น สิ จักร #ไทยรัฐเลือกตั้ง62", "date": "22-02-2019 21:01", "retweet": 2, "like": 5}, {"id": "1098945375103201280", "url": "https://twitter.com/i5tay/status/1098945375103201280", "username": "", "text": "อยากเห็นเสรีพิ กับ อุตตม ก่อนเรยครัช น่าจะมันส์555", "date": "22-02-2019 20:59", "retweet": 2, "like": 2}, {"id": "1098943949744496646", "url": "https://twitter.com/i5tay/status/1098943949744496646", "username": "", "text": "อยากเห็น เสรี พิ ดีเบตกับ อุตมต่ำ ว่ะ คงจะมันส์ #ไทยรัฐเลือกตั้ง62", "date": "22-02-2019 20:53", "retweet": 9, "like": 8}, {"id": "1098943403113336832", "url": "https://twitter.com/i5tay/status/1098943403113336832", "username": "", "text": "พรรคสุเทพ ฟังจักรแล้วแบบ จะอ้วกกก #ไทยรัฐเลือกตั้ง62", "date": "22-02-2019 20:51", "retweet": 0, "like": 7}, {"id": "1098942403707166720", "url": "https://twitter.com/i5tay/status/1098942403707166720", "username": "", "text": "ผ่านร่างทุกอย่างฉลุย ตอนอีปู ด่ากันฉิบหาย แล้วทำไม สว 250 ตัว จะไม่โหวตประยุทธ์ https:// twitter.com/thaipbs/status /1098930409667055616 …", "date": "22-02-2019 20:47", "retweet": 3, "like": 5}, {"id": "1098941555904114688", "url": "https://twitter.com/i5tay/status/1098941555904114688", "username": "", "text": "ฟังออกแต่ไอ้เหี้ยเทพ หน้าหนา 555", "date": "22-02-2019 20:44", "retweet": 0, "like": 0}, {"id": "1098941113837092865", "url": "https://twitter.com/i5tay/status/1098941113837092865", "username": "", "text": "#พรรครวมพลังประชาชาติไทย นี่ยังเพ้อเจ้อเรื่องปฏิรูปอีกหรอ คสช ทำมา5ปี แล้วมีอะไรอีกบ้าง แล้วไหน มวลหมาปนะชาควาย นกหวีดไหนหละมีกี่คนตอนนี้ ยังกล้าใช้คำว่า มวลมหาประชาชนอีก #ไทยรัฐดีเบต", "date": "22-02-2019 20:42", "retweet": 1, "like": 1}, {"id": "1098922923392290818", "url": "https://twitter.com/i5tay/status/1098922923392290818", "username": "", "text": "ถ้าไม่ผ่าน สนช อีกพวกร่าง คสช ก็ไม่ยอมไปสักที่ https:// twitter.com/drballban/stat us/1098922478385082368 …", "date": "22-02-2019 19:30", "retweet": 0, "like": 1}, {"id": "1098922733428105216", "url": "https://twitter.com/i5tay/status/1098922733428105216", "username": "", "text": "ชี้แนะแนวทางผิดๆๆแบบนี้ตลอด เหมือนวิษณุ https:// twitter.com/kaosiangjun/st atus/1098901964866220032 …", "date": "22-02-2019 19:29", "retweet": 1, "like": 0}, {"id": "1098922487604101120", "url": "https://twitter.com/i5tay/status/1098922487604101120", "username": "", "text": "เอาคดี โต๊ะจีนให้เสร็จก่อนเถอะ นานหละ ไม่คืบหน้า https:// twitter.com/armdhiravath/s tatus/1098921100912648193 …", "date": "22-02-2019 19:28", "retweet": 1, "like": 1}, {"id": "1098906598850801665", "url": "https://twitter.com/i5tay/status/1098906598850801665", "username": "", "text": "อีดอกฟ้องมันหลังเลือกตั้งเสร็จ https:// twitter.com/VoiceOnlineTH/ status/1098443787167182849 …", "date": "22-02-2019 18:25", "retweet": 0, "like": 0}, {"id": "1098901868409802753", "url": "https://twitter.com/i5tay/status/1098901868409802753", "username": "", "text": "ไทยรักษาชาติก็ทำหละ ตอนนี้พรรคอนาคตใหม่มารับไม้ต่อ แต่ตอนเลือกเพื่อไทยน่าจะไม้สุดท้าย อะอีเจ๊", "date": "22-02-2019 18:06", "retweet": 0, "like": 0}, {"id": "1098888750669549568", "url": "https://twitter.com/i5tay/status/1098888750669549568", "username": "", "text": "เจษฎ์ นี่มันเก่งมากมายหรอเรื่องกฏหมายทำไมต้องถามมันอยู่คนเดียวให้มาชี้แนะ อีสัส", "date": "22-02-2019 17:14", "retweet": 0, "like": 0}, {"id": "1098879506364809216", "url": "https://twitter.com/i5tay/status/1098879506364809216", "username": "", "text": "ศูนย์รวมของเหลือเพื่อไทย งี้ สีประยุทธ์ ฝ่ายประยุทธ์ เผด็จการของเราคนดี งี้ https:// twitter.com/PprpBangkok/st atus/1097305432874311680 …", "date": "22-02-2019 16:37", "retweet": 0, "like": 0}, {"id": "1098862713134960641", "url": "https://twitter.com/i5tay/status/1098862713134960641", "username": "", "text": "ที่ผ่านมา สนช เคยผ่านอะไรแล้วไม่เห็นชอบเกินครึ่งไหมนิ https:// twitter.com/thairath_news/ status/1098845269020438528 …", "date": "22-02-2019 15:31", "retweet": 0, "like": 0}, {"id": "1098799951407005696", "url": "https://twitter.com/i5tay/status/1098799951407005696", "username": "", "text": "คนชั่ว บางที่พระก็ไม่ได้คุมครองหลอกนะ https:// twitter.com/wassanananuam/ status/1098799090102460419 …", "date": "22-02-2019 11:21", "retweet": 0, "like": 0}, {"id": "1098791545329704960", "url": "https://twitter.com/i5tay/status/1098791545329704960", "username": "", "text": "เสือก", "date": "22-02-2019 10:48", "retweet": 0, "like": 0}, {"id": "1098788207670452224", "url": "https://twitter.com/i5tay/status/1098788207670452224", "username": "", "text": "หนังสือพิมพ์ ผู้จัดการ นี่เป็นพี่ ทีนิวส์หรอ", "date": "22-02-2019 10:34", "retweet": 0, "like": 0}, {"id": "1098785722255855616", "url": "https://twitter.com/i5tay/status/1098785722255855616", "username": "", "text": "กกต แม่ง ยุบ ไทยรักษาชาติวันเดียวรู้ผล แต่อีกพรรค บอกต้องใช้เวลา อีดอกดูไม่ออก ว่าสองมาตราฐานเรย อย่าแถ", "date": "22-02-2019 10:25", "retweet": 1, "like": 0}, {"id": "1098784767338639360", "url": "https://twitter.com/i5tay/status/1098784767338639360", "username": "", "text": "ส้นตีนนนนนนน เสนอขื่อคัดค้านไปแล้วยังหน้าด้านจะเสนอกันอีก อีเหี้ย สนช=สำนักงานคนชั่ว #พรบไซเบอร์", "date": "22-02-2019 10:21", "retweet": 196, "like": 35}, {"id": "1098596226390548487", "url": "https://twitter.com/i5tay/status/1098596226390548487", "username": "", "text": "แอบหวั่นใจว่ามาร์คอาจจะจับมือพลังประชารัฐ คิคิ #MCOT30HD", "date": "21-02-2019 21:52", "retweet": 1, "like": 0}, {"id": "1098595411294597120", "url": "https://twitter.com/i5tay/status/1098595411294597120", "username": "", "text": "ใครจะจับมือด้วยหรอคะ 555 #MCOT30HD", "date": "21-02-2019 21:48", "retweet": 0, "like": 0}, {"id": "1098595323994427393", "url": "https://twitter.com/i5tay/status/1098595323994427393", "username": "", "text": "ไม่คิดว่าจริง ทำไม 250 สว ไม่มาจาก ปชช เลือก #MCOT30HD", "date": "21-02-2019 21:48", "retweet": 0, "like": 0}, {"id": "1098595093626404867", "url": "https://twitter.com/i5tay/status/1098595093626404867", "username": "", "text": "ประเทศชาติไม่ต้องขัดแย้งต่อไป กอบศักดิ์ มั่นมาก #MCOT30HD", "date": "21-02-2019 21:47", "retweet": 0, "like": 1}, {"id": "1098594937283768320", "url": "https://twitter.com/i5tay/status/1098594937283768320", "username": "", "text": "ใช่หรอ เอานโยบายที่ถามประชาชน ไม่ใช่ลอกคนอื่นมาหรอ #MCOT30HD", "date": "21-02-2019 21:46", "retweet": 0, "like": 0}, {"id": "1098587834687078402", "url": "https://twitter.com/i5tay/status/1098587834687078402", "username": "", "text": "นึกว่าจะไม่มีดราม่าาา #ทองเอกหมอยาท่าโฉลง", "date": "21-02-2019 21:18", "retweet": 2, "like": 1}, {"id": "1098587594009575424", "url": "https://twitter.com/i5tay/status/1098587594009575424", "username": "", "text": "ตบอีแม่หมอออ อีเลววว #ทองเอกหมอยาท่าโฉลง", "date": "21-02-2019 21:17", "retweet": 1, "like": 0}, {"id": "1098587448588722176", "url": "https://twitter.com/i5tay/status/1098587448588722176", "username": "", "text": "ถีบคะ 555 ถ้าบอกว่าไม่ใช่", "date": "21-02-2019 21:17", "retweet": 1, "like": 0}, {"id": "1098584823373848576", "url": "https://twitter.com/i5tay/status/1098584823373848576", "username": "", "text": "ป้าหน่อยอธิบายดี #MCOT30HD", "date": "21-02-2019 21:06", "retweet": 0, "like": 1}, {"id": "1098584266491871232", "url": "https://twitter.com/i5tay/status/1098584266491871232", "username": "", "text": "มาร์คพูดดี เรื่องการอนุมัติโครงการ พวกรถไฟฟ้า #MCOT30HD", "date": "21-02-2019 21:04", "retweet": 0, "like": 0}, {"id": "1098583952225226752", "url": "https://twitter.com/i5tay/status/1098583952225226752", "username": "", "text": "สรุปเศรษฐกิจไม่ดีเพราะเศรษฐกิจโลกอีกหละ เพื่อนๆๆบ้าน ก็ดีขึ้นนินะถ้าจำไม่ผิด #MCOT30HD", "date": "21-02-2019 21:03", "retweet": 0, "like": 0}, {"id": "1098582898406436865", "url": "https://twitter.com/i5tay/status/1098582898406436865", "username": "", "text": "ไทยเข็มแข็ง ไม่มีทุจริตเรยค้าาาาา #MCOT30HD", "date": "21-02-2019 20:59", "retweet": 0, "like": 0}, {"id": "1098582727048065025", "url": "https://twitter.com/i5tay/status/1098582727048065025", "username": "", "text": "เอ๊า คุณชวนอุปถัมภ์คุณอภิสิทธิ์ 5555555", "date": "21-02-2019 20:58", "retweet": 0, "like": 1}, {"id": "1098582403667247105", "url": "https://twitter.com/i5tay/status/1098582403667247105", "username": "", "text": "ทำไมพิธีกร ชอบแทรก อะ", "date": "21-02-2019 20:57", "retweet": 0, "like": 0}, {"id": "1098582079585931264", "url": "https://twitter.com/i5tay/status/1098582079585931264", "username": "", "text": "พิธีกรแบบว่า ไม่ครวมาเป็นพิธีการดีเบตอะ", "date": "21-02-2019 20:55", "retweet": 0, "like": 1}, {"id": "1098581363060396033", "url": "https://twitter.com/i5tay/status/1098581363060396033", "username": "", "text": "ที่ทหารฆ่าประชาชน ไม่เคยพูดถึง", "date": "21-02-2019 20:53", "retweet": 1, "like": 1}, {"id": "1098578198147751937", "url": "https://twitter.com/i5tay/status/1098578198147751937", "username": "", "text": "นั่นแระ เรยไม่อยากได้555", "date": "21-02-2019 20:40", "retweet": 0, "like": 0}, {"id": "1098569662059634688", "url": "https://twitter.com/i5tay/status/1098569662059634688", "username": "", "text": "ขอดูมีม หมอ เดินแบบนี้", "date": "21-02-2019 20:06", "retweet": 0, "like": 0}, {"id": "1098568997740507136", "url": "https://twitter.com/i5tay/status/1098568997740507136", "username": "", "text": "คืนนี้ จะมียำรวมมิตรอีกแล้วหรอคะ https:// twitter.com/tnamcot/status /1098551785000599554 …", "date": "21-02-2019 20:03", "retweet": 0, "like": 0}, {"id": "1098568454565548032", "url": "https://twitter.com/i5tay/status/1098568454565548032", "username": "", "text": "อีปู ยังโดนหนักกว่าลุงอีก แต่นางก็ไม่เคยสถุน ออกมา บ่นแบบนี้ https:// twitter.com/wassanananuam/ status/1098560438134919169 …", "date": "21-02-2019 20:01", "retweet": 0, "like": 0}, {"id": "1098559683801956353", "url": "https://twitter.com/i5tay/status/1098559683801956353", "username": "", "text": "เขาแช่งหลังมีข่าวออกมา ประเด็นคือใบพัดไม่ดีมันเสีย ซ่อมบำรุงดูแลยังไงหละ ลุง เพ้อเจ้อไร https:// twitter.com/VoiceOnlineTH/ status/1098557376263639042 …", "date": "21-02-2019 19:26", "retweet": 0, "like": 0}, {"id": "1098558855343030273", "url": "https://twitter.com/i5tay/status/1098558855343030273", "username": "", "text": "สว250คน ถ้าไม่โหวตเลือกพรรคที่ ปชช เลือกให้ชนะการเลือกตั้ง ก็ขอให้ตายโหงแม่งทั้งครอบครัวไปเรย สัส", "date": "21-02-2019 19:23", "retweet": 0, "like": 0}, {"id": "1098557198798471169", "url": "https://twitter.com/i5tay/status/1098557198798471169", "username": "", "text": "“เกลียดชังอะไรผมขนาดนี้” ไม่ได้อยากมห้ตายหลอกลุง ลุงต้องอยู่ใช้กรรมก่อน อย่าถามว่าคนเกลียดลุงทำไม ก็ลองถามเมียลุงดูสิ เขาทนทุกข์กับลุงมา5ปี ที่ไม่มีเหี้ยไรดีขึ้น", "date": "21-02-2019 19:17", "retweet": 0, "like": 2}, {"id": "1098509387268710401", "url": "https://twitter.com/i5tay/status/1098509387268710401", "username": "", "text": "@jomquan อยากให้ถามแต่ละพรรคเรื่อง พรบไซเบอร์ ด้วยอะครับ", "date": "21-02-2019 16:07", "retweet": 1, "like": 1}, {"id": "1098508863433654273", "url": "https://twitter.com/i5tay/status/1098508863433654273", "username": "", "text": "กกต แม่งหน้าด้าน เรื่องพลังประชารัฐ บอกมีแค่คำร้องต้องหาหลักฐานเพิ่ม ที่ อีกฝั่ง หลักฐานไรแทบไม่ต้องหา อีดอก", "date": "21-02-2019 16:04", "retweet": 3, "like": 5}, {"id": "1098508710479945728", "url": "https://twitter.com/i5tay/status/1098508710479945728", "username": "", "text": "ประยุทธ์เป็นหัวหน้า คสช. รับเงินเดือนจากกรมบัญชีกลาง ถือเป็นข้าราชการ ไม่สามารถเป็นแคนดิเดทนายกฯได้ ยังไม่ชัดอีกหรือ https://www. matichon.co.th/politics/news_ 1373056 … #เลือกตั้งปี62 #กกต pic.twitter.com/hdQ4C1TN77", "date": "21-02-2019 16:04", "retweet": 1, "like": 0}, {"id": "1098505850950279170", "url": "https://twitter.com/i5tay/status/1098505850950279170", "username": "", "text": "โหมดกล้องหน้าแบบไม่ปรับ ธรรมชาติลงโทษเรยมีป่ะ", "date": "21-02-2019 15:52", "retweet": 0, "like": 0}, {"id": "1098470449820753925", "url": "https://twitter.com/i5tay/status/1098470449820753925", "username": "", "text": "จ้า กิ๊กเยอะก็งี้", "date": "21-02-2019 13:32", "retweet": 0, "like": 1}, {"id": "1098469676860899329", "url": "https://twitter.com/i5tay/status/1098469676860899329", "username": "", "text": "ไม่มข่หัวเว่ยหละหรอ", "date": "21-02-2019 13:29", "retweet": 0, "like": 0}, {"id": "1098468760887808000", "url": "https://twitter.com/i5tay/status/1098468760887808000", "username": "", "text": "ฝากถึงพรรคต่างๆช่วยคิดนโยบายที่ดีกว่า พรบ.ไซเบอร์ ตอนนี้หรือยกเลิกไปเรยหละงจากที่ สนช ผ่านร่าง #SingleGateway", "date": "21-02-2019 13:25", "retweet": 0, "like": 1}, {"id": "1098468133755441153", "url": "https://twitter.com/i5tay/status/1098468133755441153", "username": "", "text": "คดีโต๊ะจีนไปถึงไฟนหละ กกต แม่งทำเป็นเงียบ อีดอก https:// twitter.com/prasitchai_k/s tatus/1098449571582111744 …", "date": "21-02-2019 13:23", "retweet": 0, "like": 0}, {"id": "1098467921922207744", "url": "https://twitter.com/i5tay/status/1098467921922207744", "username": "", "text": "จนปานนี้ก็ยังจับไม่ได้ เล่นใหญ่ เอางบไปพลาญเล่น ต้องการแบบนี้จริงๆๆหรอสังคมไทย https:// twitter.com/chuek_chot/sta tus/1098466119617196032 …", "date": "21-02-2019 13:22", "retweet": 0, "like": 0}, {"id": "1098422915609985024", "url": "https://twitter.com/i5tay/status/1098422915609985024", "username": "", "text": "#พรบไซเบอร์ อีกตัวอันตราย แอบมาผ่านร่างช่วงจะเลือกตั้ง คนไม่ค่อยสนใจ อีสัส มึงจะมาส่องคนนัดเย็ดกันหรอ อีหี", "date": "21-02-2019 10:23", "retweet": 11, "like": 4}, {"id": "1098420815379390464", "url": "https://twitter.com/i5tay/status/1098420815379390464", "username": "", "text": "อยากฝาก พรรคต่างๆ เรื่อง พรบ.ไซเบอร์ด้วย ครวยกเลิกด้วย ถ้าผ่านร่างหรือแก้ไขให้เหมาะสม ไม่ใช้จะมาสอดส่องทุกสิ่งอย่าง #เลือกตั้งปี62", "date": "21-02-2019 10:15", "retweet": 2, "like": 1}, {"id": "1098419596132986880", "url": "https://twitter.com/i5tay/status/1098419596132986880", "username": "", "text": "คสช.ฟ้องใครแม่งดำเนินการไว แต่พอมี ปชช ไปฟ้อง คสช บ้างเสือกไม่รับ ส้นตีนเถอะ", "date": "21-02-2019 10:10", "retweet": 0, "like": 1}, {"id": "1098418314416599040", "url": "https://twitter.com/i5tay/status/1098418314416599040", "username": "", "text": "ต้องอัดเสียงไว้ 555", "date": "21-02-2019 10:05", "retweet": 0, "like": 1}, {"id": "1098417991060938752", "url": "https://twitter.com/i5tay/status/1098417991060938752", "username": "", "text": "555", "date": "21-02-2019 10:03", "retweet": 0, "like": 0}, {"id": "1098413352928202752", "url": "https://twitter.com/i5tay/status/1098413352928202752", "username": "", "text": "นวยฟๆ ซื้อไปเรย", "date": "21-02-2019 09:45", "retweet": 0, "like": 0}, {"id": "1098405759962963970", "url": "https://twitter.com/i5tay/status/1098405759962963970", "username": "", "text": "เครื่องบินก็ยังไม่ดี ช่วงนี้ประยุทธ์ดวงไม่ค่อยดีเรยนะคะ", "date": "21-02-2019 09:15", "retweet": 0, "like": 0}, {"id": "1098404108057292801", "url": "https://twitter.com/i5tay/status/1098404108057292801", "username": "", "text": "เปิด good morning คุณพ่อแม้ว แข่งมันเรยครับ เอาให้จุกตายไปเรย 555", "date": "21-02-2019 09:08", "retweet": 0, "like": 0}, {"id": "1098390039958974466", "url": "https://twitter.com/i5tay/status/1098390039958974466", "username": "", "text": "สุเทพ ไม่ได้เหมาะกับคำว่า ลุงหลอกคะ เหมาะกับคำว่า ไอ้เหี้ย มากกว่า", "date": "21-02-2019 08:12", "retweet": 2, "like": 14}, {"id": "1098389471551057920", "url": "https://twitter.com/i5tay/status/1098389471551057920", "username": "", "text": "วิจารณ์ คสช. ยังไม่ได้ ยิ่งกว่า เจ้าอีก ตลกมาก เมื่อไหร่จะไปๆๆสักที สวะสังคม คสช เนี่ย", "date": "21-02-2019 08:10", "retweet": 0, "like": 0}, {"id": "1098231915318935552", "url": "https://twitter.com/i5tay/status/1098231915318935552", "username": "", "text": "เลือกตั้งเพื่อพอกตัวไงหละคะ เพื่อจะอ้างได้ว่าชนะเลือกตั้งแบบถูกต้อง สว 250 ทำไมไม่ให้ประชาชนเลือก #ชัดเจนคะ https:// twitter.com/PprpBangkok/st atus/1097726677390520320 …", "date": "20-02-2019 21:44", "retweet": 0, "like": 0}, {"id": "1098231461956599808", "url": "https://twitter.com/i5tay/status/1098231461956599808", "username": "", "text": "#กฏหมายไซเบอร์ มาอีกแล้วอีหี มึงเอาเวลาไปพัฒนาอาวุธใช้เองเถอะ ดีกว่ามาสอดส่องพวกกูอีสัส", "date": "20-02-2019 21:42", "retweet": 0, "like": 0}, {"id": "1098184914703241222", "url": "https://twitter.com/i5tay/status/1098184914703241222", "username": "", "text": "เว็บ ลง ทะเบียนของ กกต ห้วยมาก ระบบล่มบ่อย กกต ครวปรับปรุงและยืดเวลาทดแทนด้วยครับ", "date": "20-02-2019 18:37", "retweet": 0, "like": 0}, {"id": "1098157682052091904", "url": "https://twitter.com/i5tay/status/1098157682052091904", "username": "", "text": "ทรงผมเรียบร้อยจังเรยคะ พี่ๆๆ ดูไม่ออกเรยคะ #หนักแผ่นดิน https:// twitter.com/tlhr2014/statu s/1098147381604888576 …", "date": "20-02-2019 16:49", "retweet": 4, "like": 2}, {"id": "1098156883745984513", "url": "https://twitter.com/i5tay/status/1098156883745984513", "username": "", "text": "ทำตัวยิ่งกว่า... อีกมั่ง คสช. เนี่ย วิจารณ์ยังไม่ได้ เห่อๆๆๆ #หนักแผ่นดิน", "date": "20-02-2019 16:46", "retweet": 0, "like": 0}, {"id": "1098156514815037442", "url": "https://twitter.com/i5tay/status/1098156514815037442", "username": "", "text": "สั่งสอนคนอื่นไม่รู้จักหน้าที่ แต่ที่มาเสือกๆๆการเมืองนี้ใช่หน้าที่ทหารหรอ", "date": "20-02-2019 16:44", "retweet": 0, "like": 0}, {"id": "1098155568697495553", "url": "https://twitter.com/i5tay/status/1098155568697495553", "username": "", "text": "ทำทุกวิถีทางที่โกง หน้าด้านบอกจะมาปราบโกง ขนาด รธน ปราบโกรง คนร่างยังไม่กล้าให้ตรวจสอบทรัพย์สิน โกงเลือกตั้ง ใส่ร้ายผู้อื่น ใช้กระบวนการยุติธรรมแบบลำเอียง #เลือกตั้ง2562", "date": "20-02-2019 16:41", "retweet": 0, "like": 0}, {"id": "1098139669563289602", "url": "https://twitter.com/i5tay/status/1098139669563289602", "username": "", "text": "เอาไปช่วยกองทุนทหารผ่านศึกกี่เปอร์เซ็นต์ของงบประมาณ อันนี้อยากรู้จริงๆๆ https:// twitter.com/WassanaNanuam/ status/1098125562285969409 …", "date": "20-02-2019 15:37", "retweet": 0, "like": 1}, {"id": "1098139446279430144", "url": "https://twitter.com/i5tay/status/1098139446279430144", "username": "", "text": "เกิน5ก็โดนอีกสิ https:// twitter.com/wassanananuam/ status/1098112035055796224 …", "date": "20-02-2019 15:37", "retweet": 0, "like": 2}, {"id": "1098139025221644288", "url": "https://twitter.com/i5tay/status/1098139025221644288", "username": "", "text": "ไม่มีปัญญาเอาชนะแบบโปร่งใส ชอบเล่นสกปรก นี่หรอวิถีคนดี คนหีๆ มากกว่า #หนักแผ่นดิน", "date": "20-02-2019 15:35", "retweet": 1, "like": 1}, {"id": "1098138819629469697", "url": "https://twitter.com/i5tay/status/1098138819629469697", "username": "", "text": "ไร้สาระมาก https:// twitter.com/thestandardth/ status/1098091893450305536 …", "date": "20-02-2019 15:34", "retweet": 0, "like": 1}, {"id": "1098062929297960960", "url": "https://twitter.com/i5tay/status/1098062929297960960", "username": "", "text": "เผานี่ดูเลวร้ายดูเหี้ยกว่าฆ่าคนอีกสินะ", "date": "20-02-2019 10:32", "retweet": 0, "like": 1}, {"id": "1098055962219372545", "url": "https://twitter.com/i5tay/status/1098055962219372545", "username": "", "text": "รัฐธรรมนูญ ปราบโกง แค่ตัว คนร่างยังไม่กล้าให้ตรวจสอบทรัพย์สินเรย อีผี ตลกมาก", "date": "20-02-2019 10:05", "retweet": 0, "like": 0}, {"id": "1098054545534373888", "url": "https://twitter.com/i5tay/status/1098054545534373888", "username": "", "text": "ฟังเขมรัฐ หละตลก มากก", "date": "20-02-2019 09:59", "retweet": 0, "like": 0}, {"id": "1098050934674927618", "url": "https://twitter.com/i5tay/status/1098050934674927618", "username": "", "text": "“ มีนายพลเยอะไปทำไม มีไว้รัฐประหาร หรอคะ “ ชอบ คำนี้คะพี่ช่อ555", "date": "20-02-2019 09:45", "retweet": 0, "like": 2}, {"id": "1098037714870460416", "url": "https://twitter.com/i5tay/status/1098037714870460416", "username": "", "text": "เพื่อไทย ไทยรักษาชาติ เวลามีคนไปฟ้องอะไรนี่แม่งดำเนินการไวมาก แต่พอคนฟ้องพลังประชารัฐ กลับเงียบโครตเหี้ยเรยสัส", "date": "20-02-2019 08:52", "retweet": 0, "like": 0}, {"id": "1098037490714238976", "url": "https://twitter.com/i5tay/status/1098037490714238976", "username": "", "text": "คะ อีดอกกกก ฝุ่นละอองน้อยมากงี้หรอ https:// twitter.com/kanphak_mcot/s tatus/1097766497345105921 …", "date": "20-02-2019 08:51", "retweet": 0, "like": 0}, {"id": "1098036833877819397", "url": "https://twitter.com/i5tay/status/1098036833877819397", "username": "", "text": "ครวอัดเสียงแล้ว ฟ้อง กกต ว่าทุจริตการเลือกตั้ง แต่อย่างว่า กกต คงสอบอีกที4ปีหน้าผลตัดสินจะออก https:// twitter.com/drballban/stat us/1097879893373681670 …", "date": "20-02-2019 08:49", "retweet": 0, "like": 0}, {"id": "1098036495628161024", "url": "https://twitter.com/i5tay/status/1098036495628161024", "username": "", "text": "กกต ไม่ทีทวิตเตอร์หรอ", "date": "20-02-2019 08:47", "retweet": 0, "like": 0}, {"id": "1098036414560653312", "url": "https://twitter.com/i5tay/status/1098036414560653312", "username": "", "text": "กกต สอบ พรรคพลังประชารัฐไปถึงไหนหละนิ นานจังเรยวะแม่งสองมาตราฐานหรอว่ะ", "date": "20-02-2019 08:47", "retweet": 0, "like": 0}, {"id": "1098036166018752513", "url": "https://twitter.com/i5tay/status/1098036166018752513", "username": "", "text": "เว็บ สรรพการ ล่มแต่เช้าอีกหละ รำคาญ", "date": "20-02-2019 08:46", "retweet": 0, "like": 0}, {"id": "1097869339074584577", "url": "https://twitter.com/i5tay/status/1097869339074584577", "username": "", "text": "นั่งบริหาร กองสบากนี่เคยไปแสดงว่าทำงานที่กองบ้างป่ะหรือมีขื่อแดกเงินเดือนเฉยๆๆ", "date": "19-02-2019 21:43", "retweet": 0, "like": 0}, {"id": "1097693164813447168", "url": "https://twitter.com/i5tay/status/1097693164813447168", "username": "", "text": "ประวัตติศาสตร์ไทย ส่วนมากที่ไม่เจริญก็เพราะ ทหารกลัวเสียอำนาจนี้แระ เอาประเทศมาเป็นของเล่น รัฐประหารกี่ครั้งก็ไม่เคยทำให้ประเทศเป็นผู้นำ ด้านดีๆ สักที", "date": "19-02-2019 10:03", "retweet": 0, "like": 0}, {"id": "1097692725946662912", "url": "https://twitter.com/i5tay/status/1097692725946662912", "username": "", "text": "บอกคนอื่นให้ฟังเพลง #หนักแผ่นดิน อยากเห็น ผบ.ทบ ประยุทธ ประวิทย์ ร้องสด โดนไม่ดูเนื้อ จังเรยคะ กูเชื่อว่ามึงร้องไม่ถูกไม่จบแน่นอน", "date": "19-02-2019 10:01", "retweet": 0, "like": 0}, {"id": "1097691973408837632", "url": "https://twitter.com/i5tay/status/1097691973408837632", "username": "", "text": "อย่าบอกเพื่อชาวนา เพื่อนายทุน คะ https:// twitter.com/voiceonlineth/ status/1097686450038951936 …", "date": "19-02-2019 09:58", "retweet": 0, "like": 0}, {"id": "1097687120255176704", "url": "https://twitter.com/i5tay/status/1097687120255176704", "username": "", "text": "มีศึกสงครามหรอฮะ เปิดเพลงปลุกใจ สนามรบไม่ถนัด ถนัดยิงประชาชน #หนักแผ่นดิน #ประเทศกูมี https:// twitter.com/wassanananuam/ status/1097466134326964224 …", "date": "19-02-2019 09:39", "retweet": 0, "like": 0}, {"id": "1097473961225584640", "url": "https://twitter.com/i5tay/status/1097473961225584640", "username": "", "text": "คือไร จะปลุกใจสู้กับใคร ประชาชนหรอ #ประเทศกูมี #หนักแผ่นดิน", "date": "18-02-2019 19:32", "retweet": 5, "like": 2}, {"id": "1097473841310433280", "url": "https://twitter.com/i5tay/status/1097473841310433280", "username": "", "text": "เปิดเพื่ออะไรหรอ ปลุกใจทำไมมีสงครามหรือชุมนุยอะไรหรอ สร้างความแตกร้าวชัดๆ #หนักแผ่นดิน https:// twitter.com/wassanananuam/ status/1097445443120783360 …", "date": "18-02-2019 19:32", "retweet": 2, "like": 2}, {"id": "1097446807334879232", "url": "https://twitter.com/i5tay/status/1097446807334879232", "username": "", "text": "ฟังเพลง บักแตงโม แทนได้ไหมคะ ปลุกใจกว่าเยอะ #หนักแผ่นดิน", "date": "18-02-2019 17:44", "retweet": 0, "like": 0}, {"id": "1097442793847279616", "url": "https://twitter.com/i5tay/status/1097442793847279616", "username": "", "text": "ไม่น่าเรยนะลุง ตอนนี้กระแสตีกลับลุงหมด ขุดมาทั้งครอบครัวลุง อุตส่าห์จะเป็นคนดี ตอนนี้เขารู้กันทั้งโลกเรย #หนักแผ่นดิน", "date": "18-02-2019 17:28", "retweet": 2, "like": 6}, {"id": "1097442154459258880", "url": "https://twitter.com/i5tay/status/1097442154459258880", "username": "", "text": "นี่มันปีไหนหละ ยังต้องการเพลงปลุกใจอะไรนี้อีกหรอ คนเราจะสำนึกไม่สำนึก เจาเรียนรู้กันเอง จะมาปิดหูปิดตาเหมือนยุคแก่ๆ คงไม่ๆด้หลอกนะ #หนักแผ่นดิน", "date": "18-02-2019 17:26", "retweet": 2, "like": 3}, {"id": "1097412668195885056", "url": "https://twitter.com/i5tay/status/1097412668195885056", "username": "", "text": "#พรบข้าว นี่ตลก รมว. เกษตรยอกเสนอโดย สนช ใช่ป่ะ", "date": "18-02-2019 15:29", "retweet": 1, "like": 1}, {"id": "1097361354422272000", "url": "https://twitter.com/i5tay/status/1097361354422272000", "username": "", "text": "ก่อนจะสอนคนอื่น เป็นไงหละ โดนขุดไปถึงรุ่นพ่อ เรยครัช เขาเรยรู้กันไปทั้งเรย ถ้าเงียบๆก็ดีอยู่แล้ว #หนักแผ่นดิน", "date": "18-02-2019 12:05", "retweet": 2, "like": 1}, {"id": "1097356688141611010", "url": "https://twitter.com/i5tay/status/1097356688141611010", "username": "", "text": "อีพวกเอางบประมาณแผ่นดินไปหาเสียงนี่มัน #หนักแผ่นดิน จริงๆว่าไหมท่าน ผบ.ทบ เอาภาษีไปแจกไปหาเสียง แถมมีคะแนนในมืออีก250คะแนน", "date": "18-02-2019 11:46", "retweet": 5, "like": 1}, {"id": "1097356447493480449", "url": "https://twitter.com/i5tay/status/1097356447493480449", "username": "", "text": "#หนักแผ่นดิน https:// twitter.com/springnews_tv/ status/1097355678174171137 …", "date": "18-02-2019 11:45", "retweet": 0, "like": 1}, {"id": "1097355821946531840", "url": "https://twitter.com/i5tay/status/1097355821946531840", "username": "", "text": "ทำรัฐประหารทีก็เบิกเงินภาษีไปเป็นค่าทำรัฐประหาร โครต #หนักแผ่นดิน", "date": "18-02-2019 11:43", "retweet": 10, "like": 6}, {"id": "1097350000160296960", "url": "https://twitter.com/i5tay/status/1097350000160296960", "username": "", "text": "ทำไมต้องด่าประยุทธ์ด้วยยยยยยยยยยยยยยยยยยยยยยยยย #หนักแผ่นดิน", "date": "18-02-2019 11:20", "retweet": 0, "like": 3}, {"id": "1097348607433265152", "url": "https://twitter.com/i5tay/status/1097348607433265152", "username": "", "text": "ทำรัฐประหาร มีเงินมรดกหลายพันบ้าน จนเมื่อต้องฟ้องแย่งสมับติกัน นี่ #หนักแผ่นดิน เปล่าน๊าา https:// twitter.com/wassanananuam/ status/1097306313271328768 …", "date": "18-02-2019 11:14", "retweet": 30, "like": 7}, {"id": "1097347241650544640", "url": "https://twitter.com/i5tay/status/1097347241650544640", "username": "", "text": "บอกคนอื่นไปฟังเพลงหนักแผ่นดิน นี่เขาเคยฟังบ้างเปล่า จะสอนคนอื่น สอนคนในครอบครัวก่อนดีไหม พ่อตัวเองนี้ตัวดีเรย", "date": "18-02-2019 11:09", "retweet": 0, "like": 0}]