[{"id": "1097433928657297408", "url": "https://twitter.com/iamck01/status/1097433928657297408", "username": "", "text": "รู้สึกว่าช่วงนี้พอมีกระแสข่าวอะไร ก็เหมือนกับว่าคุณธนาธรเคยพูดถึงไปแล้วทั้งนั้. #หนักแผ่นดิน https:// twitter.com/Mheedum4/statu s/1097393426172002304 …", "date": "18-02-2019 16:53", "retweet": 0, "like": 1}]