[{"id": "1098928407172198405", "url": "https://twitter.com/IBAM_94/status/1098928407172198405", "username": "", "text": "โมเม้นยุงกัดแต่ตบไม่ทันนี่เจ็บใจสุด", "date": "22-02-2019 19:52", "retweet": 0, "like": 0}, {"id": "1097530051979964416", "url": "https://twitter.com/IBAM_94/status/1097530051979964416", "username": "", "text": "รายการวันนี้รส.เอื่อยอ่ะง่วงๆยิ่งตอนท่องกลอนนะ แม่มเอ้ยกูหลับผงกหัวแน้ว ฝันดีนะคะพ่อรีบๆนอนนะ #อนาคตใหม่", "date": "18-02-2019 23:15", "retweet": 1, "like": 6}, {"id": "1097502320055603201", "url": "https://twitter.com/IBAM_94/status/1097502320055603201", "username": "", "text": "คือ #อนาคตใหม่ กะ #ประชาธิปัตย์ สนุกสุดแล้วอะตอบกลับกันได้ไวความคิดเฉียบกันทั้งคู่ปั๊วๆค่ะคู่นี้ #เลือกตั้ง62", "date": "18-02-2019 21:25", "retweet": 12, "like": 7}, {"id": "1097501607787298823", "url": "https://twitter.com/IBAM_94/status/1097501607787298823", "username": "", "text": "อย่างน้อยดีเบทวันนี้ก็ทำให้ปัดหลายๆพรรคออกไปได้เลยอะ #เลือกตั้ง62", "date": "18-02-2019 21:22", "retweet": 1, "like": 1}, {"id": "1097501305575071746", "url": "https://twitter.com/IBAM_94/status/1097501305575071746", "username": "", "text": "พ่องึมงัมไร555สู้ๆนะพ่อหนูเชียร์พ่ออยู่ #อนาคตใหม่ #ฟ้ารักพ่อ #ฟ้ารักพ่อเพราะนโยบายของพ่อ", "date": "18-02-2019 21:21", "retweet": 2, "like": 5}]