[{"id": "1098464757760360448", "url": "https://twitter.com/iBanThaksin/status/1098464757760360448", "username": "", "text": "บัณฑิตหัวใจเกษตร เลือกปลูกพืชมีมูลค่าบนพื้นที่ 2 งานสร้างรายตลอดปี https:// chanaview.wordpress.com/2019/02/21/%e0 %b8%9a%e0%b8%b1%e0%b8%93%e0%b8%91%e0%b8%b4%e0%b8%95%e0%b8%ab%e0%b8%b1%e0%b8%a7%e0%b9%83%e0%b8%88%e0%b9%80%e0%b8%81%e0%b8%a9%e0%b8%95%e0%b8%a3-%e0%b9%80%e0%b8%a5%e0%b8%b7%e0%b8%ad%e0%b8%81%e0%b8%9b/ … pic.twitter.com/DVsmvZGAir", "date": "21-02-2019 13:09", "retweet": 0, "like": 0}, {"id": "1098442770505715713", "url": "https://twitter.com/iBanThaksin/status/1098442770505715713", "username": "", "text": "บอร์ด ทอท. ยกเลิกประมูลแบบอาคารผู้โดยสารหลังที่ 2 ท่าอากาศยานสุวรรณภูมิ https:// chanaview.wordpress.com/2019/02/21/%e0 %b8%9a%e0%b8%ad%e0%b8%a3%e0%b9%8c%e0%b8%94-%e0%b8%97%e0%b8%ad%e0%b8%97-%e0%b8%a2%e0%b8%81%e0%b9%80%e0%b8%a5%e0%b8%b4%e0%b8%81%e0%b8%9b%e0%b8%a3%e0%b8%b0%e0%b8%a1%e0%b8%b9%e0%b8%a5%e0%b9%81/ … pic.twitter.com/ECjKJbWXMD", "date": "21-02-2019 11:42", "retweet": 0, "like": 1}]