[{"id": "1098253262615015425", "url": "https://twitter.com/IiBeever/status/1098253262615015425", "username": "", "text": "วันนี้ไม่หนาวแล้วค่า​ แดดแรงแล้ว​ แต่มีลม​ ไม่ตกพกเสื้อหนาวมาคะ", "date": "20-02-2019 23:09", "retweet": 0, "like": 0}, {"id": "1098124251624689664", "url": "https://twitter.com/IiBeever/status/1098124251624689664", "username": "", "text": "อันนี้ซื้อที่สาขาตรงข้่าม​โรงแรม​ Caesar​ Metro​ Hotel​ MRT​ longshan​ Exit2 เดินย้อนมาหน่อย​ พายสับปะรดดีมากก", "date": "20-02-2019 14:36", "retweet": 1, "like": 0}, {"id": "1098076603941146629", "url": "https://twitter.com/IiBeever/status/1098076603941146629", "username": "", "text": "รีวิวร้านขนม​แถวย่่าน​ Wanhua​ ร้าน Amo​ ใครหาของฝากพรีเมี่ยมหน่อยอันนี้ดีเลยอร่อยมากด้วย​ ใส่กล่องสวยด้วย แนะนำ​ Dutch Butter​ layer Cake​ คะ​ ขายดีสุดขายเป็นชิ้นละ​ 320-. แบ่งไม่ได้​แต่ให้เค้าตัดแบ่งได้​ ที่ร้านมีให้ชิม​ฟรี​ #รีวิวไต้หวัน ​ #รีวิวไทเป ​ #reviewtaiwan pic.twitter.com/yQD5kdmCf1", "date": "20-02-2019 11:27", "retweet": 7, "like": 3}, {"id": "1097894689523421184", "url": "https://twitter.com/IiBeever/status/1097894689523421184", "username": "", "text": "กลับมาจากไต้หวันจึงรู้ว่า...ที่หนีบผมเลอซาช่าเสียบไฟไม่เข้าเลย​ เอายี่ห้อื่นไปนะจ่ะ​ #รีวิวไต้หวัน ​ #รีวิวไทเป #reviewtaiwan #reviewtaipei", "date": "19-02-2019 23:24", "retweet": 0, "like": 1}]