[{"id": "1099450045571551232", "url": "https://twitter.com/ilovekemibelle/status/1099450045571551232", "username": "", "text": "มอนิ่งง", "date": "24-02-2019 06:24", "retweet": 0, "like": 0}, {"id": "1099369991478996999", "url": "https://twitter.com/ilovekemibelle/status/1099369991478996999", "username": "", "text": "@bellefonSKreal หน้าตา อาจจะไม่ค่อยผ่านงับบ แต่รสชาติผ่าน ฝันดีงับ pic.twitter.com/PE392spJAA", "date": "24-02-2019 01:06", "retweet": 0, "like": 0}, {"id": "1099369305290956800", "url": "https://twitter.com/ilovekemibelle/status/1099369305290956800", "username": "", "text": "สุกแระะ ไส้เยอะไป ทะลักเลย pic.twitter.com/A5cSzTwHR4", "date": "24-02-2019 01:04", "retweet": 0, "like": 1}, {"id": "1099361077974859776", "url": "https://twitter.com/ilovekemibelle/status/1099361077974859776", "username": "", "text": "อันนี้ต้องลองชิมงับ", "date": "24-02-2019 00:31", "retweet": 0, "like": 1}, {"id": "1099360616844685317", "url": "https://twitter.com/ilovekemibelle/status/1099360616844685317", "username": "", "text": "กินกันหลายคนอ่ะงับบพี่ขิม", "date": "24-02-2019 00:29", "retweet": 0, "like": 0}, {"id": "1099359983118872576", "url": "https://twitter.com/ilovekemibelle/status/1099359983118872576", "username": "", "text": "กะจะทำไปให้บ้านป้า ฝากแม่ไปพรุ่งนี้", "date": "24-02-2019 00:26", "retweet": 0, "like": 0}, {"id": "1099359136695738373", "url": "https://twitter.com/ilovekemibelle/status/1099359136695738373", "username": "", "text": "พักแป้ง 20 นาที ขึ้นไปนอนเล่นพลางๆ", "date": "24-02-2019 00:23", "retweet": 0, "like": 0}, {"id": "1099359056626470912", "url": "https://twitter.com/ilovekemibelle/status/1099359056626470912", "username": "", "text": "ตามส่วน ควรได้ 70 ลูก แต่นี่ปั้นใหญ่ๆ ได้แค่ 35 ลูก pic.twitter.com/nxXUAmBOLf", "date": "24-02-2019 00:23", "retweet": 0, "like": 0}, {"id": "1099357628600266752", "url": "https://twitter.com/ilovekemibelle/status/1099357628600266752", "username": "", "text": "ง่วงแระ pic.twitter.com/eEhtnOnwmj", "date": "24-02-2019 00:17", "retweet": 0, "like": 0}, {"id": "1099347094333059073", "url": "https://twitter.com/ilovekemibelle/status/1099347094333059073", "username": "", "text": "เมื่อกี้ ก่อนทำไม่ง่วงค่ะ ตอนนี้ง่วงแล้วว แงงง เปลี่ยนเป็นทำหมั่นโถ แทนได้มั๊ย 55", "date": "23-02-2019 23:35", "retweet": 0, "like": 0}, {"id": "1099346140032425984", "url": "https://twitter.com/ilovekemibelle/status/1099346140032425984", "username": "", "text": "ดื่มด้วยย เด่วรอซาลาเปา เป็นกับแกล้ม มั๊ยย pic.twitter.com/xZHFKhOS1t", "date": "23-02-2019 23:31", "retweet": 0, "like": 0}, {"id": "1099345321514098689", "url": "https://twitter.com/ilovekemibelle/status/1099345321514098689", "username": "", "text": "รอให้ครบครึ่งชัวโมง กว่าจะได้นึ่งอะไรเสร็จ ก็ตี 2 พอดี", "date": "23-02-2019 23:28", "retweet": 0, "like": 0}, {"id": "1099345004403650565", "url": "https://twitter.com/ilovekemibelle/status/1099345004403650565", "username": "", "text": "นอนไม่หลับก็ทำซาเปาจร้าา pic.twitter.com/5w6CtOWzCp", "date": "23-02-2019 23:27", "retweet": 0, "like": 0}, {"id": "1099344022672273408", "url": "https://twitter.com/ilovekemibelle/status/1099344022672273408", "username": "", "text": "ที่ไม่นอน คือรอกินซาลาเปา", "date": "23-02-2019 23:23", "retweet": 0, "like": 0}, {"id": "1099341641893085184", "url": "https://twitter.com/ilovekemibelle/status/1099341641893085184", "username": "", "text": "มีพิซู คนเดียวแล้วมั๊ย ที่ลงรูปฟิลเตอร์นี้อ่ะ", "date": "23-02-2019 23:14", "retweet": 0, "like": 0}, {"id": "1099335660287053824", "url": "https://twitter.com/ilovekemibelle/status/1099335660287053824", "username": "", "text": "ช่วงก่อน ที่แม่ไม่อยู่ เพื่อนก็ไม่ว่าง คือรู้สึกเหงามากจริงๆล่ะ ถ้าแม่อยู่ด้วย ก็ไม่เหงาขนาดนั้นแล้ว", "date": "23-02-2019 22:50", "retweet": 0, "like": 0}, {"id": "1099335292681564161", "url": "https://twitter.com/ilovekemibelle/status/1099335292681564161", "username": "", "text": "เหนื่อยเหมือนกันนะ แต่ดีกว่าให้อยู่เหงาๆอ่ะงับ ก่อนหน้านี้อยู่คนเดียวเหงาจนนั่งๆก็น้ำตาไหล", "date": "23-02-2019 22:48", "retweet": 0, "like": 0}, {"id": "1099332976079396864", "url": "https://twitter.com/ilovekemibelle/status/1099332976079396864", "username": "", "text": "บางทีก็เหงาเหมือนกันนะคะ แต่ช่วงนี้รับงานทุกวัน พอยุ่งๆก็ไม่เหงาไปเองอ่ะค่ะ", "date": "23-02-2019 22:39", "retweet": 0, "like": 0}, {"id": "1099331565509795841", "url": "https://twitter.com/ilovekemibelle/status/1099331565509795841", "username": "", "text": "ดูละครนะงับบ เด่วก็หายเหงา", "date": "23-02-2019 22:34", "retweet": 0, "like": 0}, {"id": "1099299919456698369", "url": "https://twitter.com/ilovekemibelle/status/1099299919456698369", "username": "", "text": "ไน้ททฮัฟห @bellefonSKreal @JReal_J", "date": "23-02-2019 20:28", "retweet": 0, "like": 1}, {"id": "1099281120015745025", "url": "https://twitter.com/ilovekemibelle/status/1099281120015745025", "username": "", "text": "เจนจุ๊บแชงเหรออ มัยหาไม่เจอเลย", "date": "23-02-2019 19:13", "retweet": 0, "like": 0}, {"id": "1099267123359113216", "url": "https://twitter.com/ilovekemibelle/status/1099267123359113216", "username": "", "text": "เบรคแปบบบ pic.twitter.com/SrsFWzKlzO", "date": "23-02-2019 18:18", "retweet": 0, "like": 0}, {"id": "1099237855421853696", "url": "https://twitter.com/ilovekemibelle/status/1099237855421853696", "username": "", "text": "ตอบ dm หน่อยค่ะ", "date": "23-02-2019 16:21", "retweet": 0, "like": 0}, {"id": "1099210759035269120", "url": "https://twitter.com/ilovekemibelle/status/1099210759035269120", "username": "", "text": "บางทีดูคลิปในโทรศัพท์ หัวเราะ ยิ้มเสร็จ เงยหน้ามา สบตาพอดี", "date": "23-02-2019 14:34", "retweet": 0, "like": 0}, {"id": "1099208983204642816", "url": "https://twitter.com/ilovekemibelle/status/1099208983204642816", "username": "", "text": "ซวยแล้วๆๆ", "date": "23-02-2019 14:26", "retweet": 0, "like": 0}, {"id": "1099208928741580800", "url": "https://twitter.com/ilovekemibelle/status/1099208928741580800", "username": "", "text": "มันแย่ ตรงที่เรายิ้มกับโทรศัพท์ แล้วพ่อค้าร้านลูกชิ้นตรงข้าม ยิ้มกลับ เพราะนึกว่าเรายิ้มให้ 555", "date": "23-02-2019 14:26", "retweet": 1, "like": 0}, {"id": "1099208579075076096", "url": "https://twitter.com/ilovekemibelle/status/1099208579075076096", "username": "", "text": "บอกไม่ได้ค่ะ ต้องวางตัวเป็นกลางทางการเมือง", "date": "23-02-2019 14:25", "retweet": 0, "like": 0}, {"id": "1099206649422606336", "url": "https://twitter.com/ilovekemibelle/status/1099206649422606336", "username": "", "text": ".....", "date": "23-02-2019 14:17", "retweet": 0, "like": 0}, {"id": "1099206141660192768", "url": "https://twitter.com/ilovekemibelle/status/1099206141660192768", "username": "", "text": "กาสองพรรค เด่วบัตรเสียนะ 555", "date": "23-02-2019 14:15", "retweet": 0, "like": 0}, {"id": "1099183031607189504", "url": "https://twitter.com/ilovekemibelle/status/1099183031607189504", "username": "", "text": "ที่ตายย มันน้องกาแฟค่ะ 555 คุ้นๆว่างี้นะคะ", "date": "23-02-2019 12:43", "retweet": 0, "like": 0}, {"id": "1099181860305817605", "url": "https://twitter.com/ilovekemibelle/status/1099181860305817605", "username": "", "text": "น่ารักจังง เจ้าของแมวก็ด้วย", "date": "23-02-2019 12:39", "retweet": 0, "like": 0}, {"id": "1099179640118075392", "url": "https://twitter.com/ilovekemibelle/status/1099179640118075392", "username": "", "text": "เพื่อนมันทำอร่อยอ่ะ เคยทำให้กิน ตอนอยุ่หอ พอไปหาทีนึง ก็กวนให้มันทำให้กินตลอด 55", "date": "23-02-2019 12:30", "retweet": 0, "like": 0}, {"id": "1099179378196471808", "url": "https://twitter.com/ilovekemibelle/status/1099179378196471808", "username": "", "text": "ต้มมาม่า เนี่ย แต่ละคนทำไม่เหมือนกันจริงนะ", "date": "23-02-2019 12:29", "retweet": 0, "like": 0}, {"id": "1099176763165298689", "url": "https://twitter.com/ilovekemibelle/status/1099176763165298689", "username": "", "text": "อยากกินข้าวมันไก่ ขึ้นมาเลย หิวแล้ว", "date": "23-02-2019 12:18", "retweet": 0, "like": 0}, {"id": "1099176606944251904", "url": "https://twitter.com/ilovekemibelle/status/1099176606944251904", "username": "", "text": "น้องขมิ้น แมวล๊อตใหม่เหรอคะ หน้าตาเป็นไงอ้ะ", "date": "23-02-2019 12:18", "retweet": 0, "like": 0}, {"id": "1099111185721348096", "url": "https://twitter.com/ilovekemibelle/status/1099111185721348096", "username": "", "text": "ดราม่าอะไร แต่เช้าพี่", "date": "23-02-2019 07:58", "retweet": 0, "like": 0}, {"id": "1099110329500352512", "url": "https://twitter.com/ilovekemibelle/status/1099110329500352512", "username": "", "text": "มอนิ่งงับบ @bellefonSKreal @JReal_J", "date": "23-02-2019 07:54", "retweet": 0, "like": 0}, {"id": "1098990774216060928", "url": "https://twitter.com/ilovekemibelle/status/1098990774216060928", "username": "", "text": "นี่ชื่อโหลมากอ่ะ บางทีเพื่อนก็จำไม่ได้", "date": "22-02-2019 23:59", "retweet": 0, "like": 0}, {"id": "1098961112064651265", "url": "https://twitter.com/ilovekemibelle/status/1098961112064651265", "username": "", "text": "ไน้ททงับบ @bellefonSKreal @JReal_J", "date": "22-02-2019 22:02", "retweet": 0, "like": 1}, {"id": "1098744051279421441", "url": "https://twitter.com/ilovekemibelle/status/1098744051279421441", "username": "", "text": "มอนิ่งงับบ @bellefonSKreal @JReal_J", "date": "22-02-2019 07:39", "retweet": 0, "like": 1}, {"id": "1098611379794206721", "url": "https://twitter.com/ilovekemibelle/status/1098611379794206721", "username": "", "text": "เงินสกปรก ไปเกี่ยวข้อง เสื่อมป่าวๆ อ่ะ", "date": "21-02-2019 22:52", "retweet": 0, "like": 0}, {"id": "1098611242917191681", "url": "https://twitter.com/ilovekemibelle/status/1098611242917191681", "username": "", "text": "จริงเงินสกปรก อ่ะงับ ไม่แตะคือดีสุด คิดไม่ผิดเลย ที่เมนพี่ขิม", "date": "21-02-2019 22:51", "retweet": 0, "like": 0}, {"id": "1098610112946524161", "url": "https://twitter.com/ilovekemibelle/status/1098610112946524161", "username": "", "text": "คิดอยู่แล้ววเชียวว แบบพี่ขิมไม่เคยรับแน่นอน", "date": "21-02-2019 22:47", "retweet": 0, "like": 0}, {"id": "1098609293853630465", "url": "https://twitter.com/ilovekemibelle/status/1098609293853630465", "username": "", "text": "นั่นไง บอกแล้วไม่เกี่ยว 555", "date": "21-02-2019 22:44", "retweet": 0, "like": 0}, {"id": "1098608597863411712", "url": "https://twitter.com/ilovekemibelle/status/1098608597863411712", "username": "", "text": "นอนแระดีกว่าา หงุ่นเมนพี่ขิม แต่เลือกลุงตู่ได้ ไม่เกี่ยวกัน55", "date": "21-02-2019 22:41", "retweet": 0, "like": 1}, {"id": "1098607925558415369", "url": "https://twitter.com/ilovekemibelle/status/1098607925558415369", "username": "", "text": "แซวเล่นนะงับ พี่เปิ้ล", "date": "21-02-2019 22:38", "retweet": 0, "like": 0}, {"id": "1098607230100881408", "url": "https://twitter.com/ilovekemibelle/status/1098607230100881408", "username": "", "text": "ดีแล้วว ขายดีแบบนี้ ไม่ต้องรับเงินซื้อเสียง ก็ได้แล้วมั้งงับ", "date": "21-02-2019 22:35", "retweet": 0, "like": 0}, {"id": "1098605790687055877", "url": "https://twitter.com/ilovekemibelle/status/1098605790687055877", "username": "", "text": "นี่ก็เดือดร้อน เหมือนกัน ราคายาง ปาล์ม ตก เศรษฐกิจแย่ บัตรคนจนเงินช่วยเหลืออะไรก็ไม่เคย ได้กับเค้าเลย", "date": "21-02-2019 22:30", "retweet": 0, "like": 0}, {"id": "1098604718631325697", "url": "https://twitter.com/ilovekemibelle/status/1098604718631325697", "username": "", "text": "ก็ถ้าแจกเกือบทุกพรรคจริง ไมไม่รับจากพรรคที่เราเลือกอ่ะคะ", "date": "21-02-2019 22:25", "retweet": 0, "like": 0}, {"id": "1098604076491780099", "url": "https://twitter.com/ilovekemibelle/status/1098604076491780099", "username": "", "text": "ขอบคุณค่ะ จริงไม่ได้อยากเลือกขนาดนั้น ลุงตู่ที่ไม่ดีก็มี แต่ที่ดีก็มีอยู่มาก", "date": "21-02-2019 22:23", "retweet": 0, "like": 0}, {"id": "1098603190696792066", "url": "https://twitter.com/ilovekemibelle/status/1098603190696792066", "username": "", "text": "ไม่เลือก แล้วรับเงินเค้าทำไมอ่ะคะ", "date": "21-02-2019 22:19", "retweet": 1, "like": 0}, {"id": "1098602749485305859", "url": "https://twitter.com/ilovekemibelle/status/1098602749485305859", "username": "", "text": "ถ้าเราเลือกจะลุงตู่ คิดผิดมากเลยเหรอ?", "date": "21-02-2019 22:18", "retweet": 1, "like": 0}, {"id": "1098602414599557122", "url": "https://twitter.com/ilovekemibelle/status/1098602414599557122", "username": "", "text": "ข้างทาง นี่ล่ะ ขี้เกียจคิดแระ pic.twitter.com/h3HfxkIVea", "date": "21-02-2019 22:16", "retweet": 1, "like": 1}, {"id": "1098601083805593600", "url": "https://twitter.com/ilovekemibelle/status/1098601083805593600", "username": "", "text": "รับเงินแต่ไม่เลือก เหรองับบ ??", "date": "21-02-2019 22:11", "retweet": 0, "like": 0}, {"id": "1098580338777808896", "url": "https://twitter.com/ilovekemibelle/status/1098580338777808896", "username": "", "text": "80 ปี ทำงานไหวเหรอคะ", "date": "21-02-2019 20:48", "retweet": 0, "like": 0}, {"id": "1098579635225280512", "url": "https://twitter.com/ilovekemibelle/status/1098579635225280512", "username": "", "text": "พี่ขิม ท่าทางจะไม่ชอบลุงตู่ เอามากๆ", "date": "21-02-2019 20:46", "retweet": 0, "like": 0}, {"id": "1098579532901019649", "url": "https://twitter.com/ilovekemibelle/status/1098579532901019649", "username": "", "text": "....", "date": "21-02-2019 20:45", "retweet": 0, "like": 0}, {"id": "1098575659901669376", "url": "https://twitter.com/ilovekemibelle/status/1098575659901669376", "username": "", "text": "แถวนี้500 นะคะโจ่งแจ้งเลยย", "date": "21-02-2019 20:30", "retweet": 0, "like": 0}, {"id": "1098574031287050240", "url": "https://twitter.com/ilovekemibelle/status/1098574031287050240", "username": "", "text": "ดักไหมคะพี่เจ", "date": "21-02-2019 20:23", "retweet": 1, "like": 0}, {"id": "1098571382244294659", "url": "https://twitter.com/ilovekemibelle/status/1098571382244294659", "username": "", "text": "ไน้ททงับบ @bellefonSKreal @JReal_J", "date": "21-02-2019 20:13", "retweet": 0, "like": 1}, {"id": "1098390601689526272", "url": "https://twitter.com/ilovekemibelle/status/1098390601689526272", "username": "", "text": "มอนิ่งงับบ @bellefonSKreal @JReal_J", "date": "21-02-2019 08:15", "retweet": 0, "like": 1}, {"id": "1098359206371979264", "url": "https://twitter.com/ilovekemibelle/status/1098359206371979264", "username": "", "text": "ถึงเช้าไปนิด pic.twitter.com/jvHxEnQnZQ", "date": "21-02-2019 06:10", "retweet": 0, "like": 0}, {"id": "1098342666218090497", "url": "https://twitter.com/ilovekemibelle/status/1098342666218090497", "username": "", "text": "ง่วงโอย", "date": "21-02-2019 05:04", "retweet": 0, "like": 0}, {"id": "1098251107430617094", "url": "https://twitter.com/ilovekemibelle/status/1098251107430617094", "username": "", "text": "ตี 5 ตั้งปลุกแล้วจะตื่นป่าววนร่า", "date": "20-02-2019 23:00", "retweet": 0, "like": 0}, {"id": "1098229718938148870", "url": "https://twitter.com/ilovekemibelle/status/1098229718938148870", "username": "", "text": "นางฟ้าเจน", "date": "20-02-2019 21:35", "retweet": 0, "like": 0}, {"id": "1098229017465958400", "url": "https://twitter.com/ilovekemibelle/status/1098229017465958400", "username": "", "text": "ม่ายย แถวๆนี้ เค้าเลือกลุงตู่ กันเยอะพี่เจ", "date": "20-02-2019 21:32", "retweet": 0, "like": 0}, {"id": "1098228754399166465", "url": "https://twitter.com/ilovekemibelle/status/1098228754399166465", "username": "", "text": "จริงค่ะ เพิ่งวางสายเนี่ยย", "date": "20-02-2019 21:31", "retweet": 0, "like": 0}, {"id": "1098228553571692545", "url": "https://twitter.com/ilovekemibelle/status/1098228553571692545", "username": "", "text": "ไม่ยืมก็ได้นะ ช่วงนี้เงินไม่ขาด", "date": "20-02-2019 21:31", "retweet": 0, "like": 0}, {"id": "1098228422118129665", "url": "https://twitter.com/ilovekemibelle/status/1098228422118129665", "username": "", "text": "พ่อ แม่ ป้า เลือกลุงตู่ หมด ครอบครัวเพื่อนสนิท ก็ลุงตู่ ทั้งบ้าน เว้นเพื่อนสนิท เลือก อนาคตใหม่ ส่วนนี่ยังไม่ตัดสินใจ เพื่อนบอกถ้าเลือกลุงตู่จะไม่ให้ยืมเงิน 55", "date": "20-02-2019 21:30", "retweet": 0, "like": 0}, {"id": "1098226713929048064", "url": "https://twitter.com/ilovekemibelle/status/1098226713929048064", "username": "", "text": "ไม่ขนาดนั้นงับบ ความเห็นต่างกันเรื่องการเมือง ไม่เป็นปัญหาคร้า", "date": "20-02-2019 21:23", "retweet": 0, "like": 0}, {"id": "1098225182194380801", "url": "https://twitter.com/ilovekemibelle/status/1098225182194380801", "username": "", "text": "อ้าวว พี่ขิมเนี่ย 555", "date": "20-02-2019 21:17", "retweet": 0, "like": 0}, {"id": "1098224965818626049", "url": "https://twitter.com/ilovekemibelle/status/1098224965818626049", "username": "", "text": "เบื่อเหมือนกันงับ", "date": "20-02-2019 21:16", "retweet": 0, "like": 0}, {"id": "1098224154577235968", "url": "https://twitter.com/ilovekemibelle/status/1098224154577235968", "username": "", "text": "โนวๆๆ น่ารักคนละแบบ 555", "date": "20-02-2019 21:13", "retweet": 0, "like": 0}, {"id": "1098192196052779008", "url": "https://twitter.com/ilovekemibelle/status/1098192196052779008", "username": "", "text": "ขอบคุณค่ะ เก่งสุดๆ งบไม่บาน สุดยอดเลยค่ะ", "date": "20-02-2019 19:06", "retweet": 0, "like": 1}, {"id": "1098190696622678022", "url": "https://twitter.com/ilovekemibelle/status/1098190696622678022", "username": "", "text": "ที่พักที่ไหนคะ", "date": "20-02-2019 19:00", "retweet": 0, "like": 1}, {"id": "1098185371215572992", "url": "https://twitter.com/ilovekemibelle/status/1098185371215572992", "username": "", "text": "เจน น่ารักอ่ะ", "date": "20-02-2019 18:39", "retweet": 0, "like": 0}, {"id": "1098182962930102273", "url": "https://twitter.com/ilovekemibelle/status/1098182962930102273", "username": "", "text": "ไน้ทททท ฮัฟฟ @bellefonSKreal @JReal_J", "date": "20-02-2019 18:29", "retweet": 0, "like": 1}, {"id": "1098031885643526144", "url": "https://twitter.com/ilovekemibelle/status/1098031885643526144", "username": "", "text": "มื้อเช้า pic.twitter.com/witoUOPhPW", "date": "20-02-2019 08:29", "retweet": 0, "like": 0}, {"id": "1098023931569557504", "url": "https://twitter.com/ilovekemibelle/status/1098023931569557504", "username": "", "text": "มอนิ่งงับบ @bellefonSKreal @JReal_J", "date": "20-02-2019 07:58", "retweet": 0, "like": 0}, {"id": "1097873335948472321", "url": "https://twitter.com/ilovekemibelle/status/1097873335948472321", "username": "", "text": "กินเผื่อ พี่ขิมนร้าา", "date": "19-02-2019 21:59", "retweet": 0, "like": 0}, {"id": "1097872415793639427", "url": "https://twitter.com/ilovekemibelle/status/1097872415793639427", "username": "", "text": "ไน้ททงับบ @bellefonSKreal @JReal_J pic.twitter.com/hwSqRAgUGE", "date": "19-02-2019 21:55", "retweet": 0, "like": 0}, {"id": "1097872408780763137", "url": "https://twitter.com/ilovekemibelle/status/1097872408780763137", "username": "", "text": "มื้อดึกของเรา #มาฆบูชา pic.twitter.com/bH1j3SB0Gl", "date": "19-02-2019 21:55", "retweet": 1, "like": 0}, {"id": "1097802708009009152", "url": "https://twitter.com/ilovekemibelle/status/1097802708009009152", "username": "", "text": "เตรียมตัว เวียนเทียนค่ะ #มาฆบูชา pic.twitter.com/S2ntmqZ4ox", "date": "19-02-2019 17:18", "retweet": 0, "like": 0}, {"id": "1097766245577895936", "url": "https://twitter.com/ilovekemibelle/status/1097766245577895936", "username": "", "text": "นี่จะกล้าเซนแทนป่าวไม่รู้ เลิกลั่กๆ เด่วเค้าก็จับได้", "date": "19-02-2019 14:54", "retweet": 0, "like": 0}, {"id": "1097766088606081024", "url": "https://twitter.com/ilovekemibelle/status/1097766088606081024", "username": "", "text": "รอบหน้า เด่วเราฝากมั่ง", "date": "19-02-2019 14:53", "retweet": 0, "like": 0}, {"id": "1097766021434245121", "url": "https://twitter.com/ilovekemibelle/status/1097766021434245121", "username": "", "text": "เวียนเทียนวันนี้ ฝากเราเซ็นชื่อ 2 คนแล่ว", "date": "19-02-2019 14:53", "retweet": 0, "like": 0}, {"id": "1097752573061124097", "url": "https://twitter.com/ilovekemibelle/status/1097752573061124097", "username": "", "text": "ง่วงจัง", "date": "19-02-2019 13:59", "retweet": 0, "like": 0}, {"id": "1097670611634085888", "url": "https://twitter.com/ilovekemibelle/status/1097670611634085888", "username": "", "text": "มอนิ่งงับบ @bellefonSKreal @JReal_J", "date": "19-02-2019 08:34", "retweet": 0, "like": 0}, {"id": "1097653473393369089", "url": "https://twitter.com/ilovekemibelle/status/1097653473393369089", "username": "", "text": "ฝันร้ายย อีกแล้วง่ะะ", "date": "19-02-2019 07:25", "retweet": 0, "like": 0}, {"id": "1097521559839756288", "url": "https://twitter.com/ilovekemibelle/status/1097521559839756288", "username": "", "text": "คิดถึงแม่", "date": "18-02-2019 22:41", "retweet": 0, "like": 0}, {"id": "1097520840718016512", "url": "https://twitter.com/ilovekemibelle/status/1097520840718016512", "username": "", "text": "อยากพาแม่ไปมัลดีฟ", "date": "18-02-2019 22:38", "retweet": 0, "like": 0}, {"id": "1097520577353412608", "url": "https://twitter.com/ilovekemibelle/status/1097520577353412608", "username": "", "text": "มื้อเย็นกินแล้ว สามทุ่มก็เพิ่งกินน้ำแข็งไส นี่คือ หิวอีก pic.twitter.com/PjYY136eef", "date": "18-02-2019 22:37", "retweet": 0, "like": 1}, {"id": "1097518023022264320", "url": "https://twitter.com/ilovekemibelle/status/1097518023022264320", "username": "", "text": "หิว เหมือนกัน แต่ขี้เกียจออกไปอีกรอบแระ", "date": "18-02-2019 22:27", "retweet": 0, "like": 0}, {"id": "1097517824619102208", "url": "https://twitter.com/ilovekemibelle/status/1097517824619102208", "username": "", "text": "จริงๆตอนนี้หงุ่นก็หิว", "date": "18-02-2019 22:26", "retweet": 0, "like": 0}, {"id": "1097517428236402688", "url": "https://twitter.com/ilovekemibelle/status/1097517428236402688", "username": "", "text": "ดึกแล้วนะงับบ", "date": "18-02-2019 22:25", "retweet": 0, "like": 0}, {"id": "1097517292835852289", "url": "https://twitter.com/ilovekemibelle/status/1097517292835852289", "username": "", "text": "ยาวมากก อ่านไม่ไหว", "date": "18-02-2019 22:24", "retweet": 0, "like": 0}, {"id": "1097512243686559745", "url": "https://twitter.com/ilovekemibelle/status/1097512243686559745", "username": "", "text": "A", "date": "18-02-2019 22:04", "retweet": 0, "like": 0}, {"id": "1097484244769591297", "url": "https://twitter.com/ilovekemibelle/status/1097484244769591297", "username": "", "text": "วันนีออกมาคนเดียว pic.twitter.com/Q0ul3jjhry", "date": "18-02-2019 20:13", "retweet": 0, "like": 0}, {"id": "1097473076596432897", "url": "https://twitter.com/ilovekemibelle/status/1097473076596432897", "username": "", "text": "ยาวจัง เด่วค่อยอ่านนะคะ", "date": "18-02-2019 19:29", "retweet": 0, "like": 0}, {"id": "1097472104335724545", "url": "https://twitter.com/ilovekemibelle/status/1097472104335724545", "username": "", "text": "ไม่ต้องหยุดก็ได้มั๊ย ปสด", "date": "18-02-2019 19:25", "retweet": 0, "like": 0}, {"id": "1097472002502225920", "url": "https://twitter.com/ilovekemibelle/status/1097472002502225920", "username": "", "text": "หยุด แต่ก็บังคับเซ็นชื่อ ตอนเวียนเทียน ~สลัด", "date": "18-02-2019 19:24", "retweet": 0, "like": 0}, {"id": "1097471332428656641", "url": "https://twitter.com/ilovekemibelle/status/1097471332428656641", "username": "", "text": "ทำไมออกล่ะคะ", "date": "18-02-2019 19:22", "retweet": 0, "like": 0}, {"id": "1097471112168919040", "url": "https://twitter.com/ilovekemibelle/status/1097471112168919040", "username": "", "text": "ไน้ททงับบ @bellefonSKreal @JReal_J", "date": "18-02-2019 19:21", "retweet": 0, "like": 1}, {"id": "1097378562795921408", "url": "https://twitter.com/ilovekemibelle/status/1097378562795921408", "username": "", "text": "ขนมหวาน ต่อ pic.twitter.com/c2u9cldA9P", "date": "18-02-2019 13:13", "retweet": 0, "like": 0}, {"id": "1097370678162911232", "url": "https://twitter.com/ilovekemibelle/status/1097370678162911232", "username": "", "text": "มื้อเที่ยง ขอตีนเยอะๆ pic.twitter.com/0BOLuhxAiX", "date": "18-02-2019 12:42", "retweet": 0, "like": 0}, {"id": "1097296534708711424", "url": "https://twitter.com/ilovekemibelle/status/1097296534708711424", "username": "", "text": "มอนิ่งงงง @bellefonSKreal @JReal_J pic.twitter.com/1npAZKkUKR", "date": "18-02-2019 07:47", "retweet": 0, "like": 0}]