[{"id": "1099420753017991168", "url": "https://twitter.com/In_April/status/1099420753017991168", "username": "", "text": "ง่วง แต่นอยไม่ได้ แพ้ฝุ่นรุนแรง จะตาย ฮือออออ", "date": "24-02-2019 04:28", "retweet": 0, "like": 0}, {"id": "1099403151986221061", "url": "https://twitter.com/In_April/status/1099403151986221061", "username": "", "text": "เรียกเหี้-ก็สงสารเหี้-มัน", "date": "24-02-2019 03:18", "retweet": 0, "like": 0}, {"id": "1099390277150633984", "url": "https://twitter.com/In_April/status/1099390277150633984", "username": "", "text": "แต่สามารถคบคนอื่นแล้วบอกว่า เนี่ย She's my Valentine ได้นาจา.....พ่อง", "date": "24-02-2019 02:27", "retweet": 0, "like": 0}, {"id": "1099380339317731328", "url": "https://twitter.com/In_April/status/1099380339317731328", "username": "", "text": "คบซ้อนก็ว่าแย่นะ ซ้อนมาเป็นสิบปี ไม่รู้จะด่าคำไหนเลยอะ", "date": "24-02-2019 01:47", "retweet": 0, "like": 0}, {"id": "1099378629878865920", "url": "https://twitter.com/In_April/status/1099378629878865920", "username": "", "text": "ถ้าฝ่ายหญิงทั้งสองฝั่งไม่รู้เรื่องทั้งคู่ ณ จุดๆนี้ สงสารสถานะคุณปลามากกว่านะ เพราะแต่งไปแล้ว อย่างน้อยโบว์ก็หลุดพ้นละ", "date": "24-02-2019 01:41", "retweet": 0, "like": 0}, {"id": "1099377499182530561", "url": "https://twitter.com/In_April/status/1099377499182530561", "username": "", "text": "เรื่องนี้สอนให้รู้ว่าแฟนเปิดตัวลงSocial ไม่ได้หมายความว่าจะเป็นแฟนคนเดียวของเค้า", "date": "24-02-2019 01:36", "retweet": 0, "like": 0}, {"id": "1099377218390712326", "url": "https://twitter.com/In_April/status/1099377218390712326", "username": "", "text": "คนแถวบ้านรู้หมด แค่คนแถวแกรมมี่ไม่รู้เท่านั้นเอง หึๆ", "date": "24-02-2019 01:35", "retweet": 0, "like": 0}, {"id": "1099374882582745088", "url": "https://twitter.com/In_April/status/1099374882582745088", "username": "", "text": "ในวงการมี คาริสา ไปนะ คาริสาเป็นเพื่อนในเฟซที่ใช้แท็กกะอ.ป.ด้วย เหอะๆๆๆๆ", "date": "24-02-2019 01:26", "retweet": 0, "like": 0}, {"id": "1099373807666511874", "url": "https://twitter.com/In_April/status/1099373807666511874", "username": "", "text": "ละเริ่มมีคนมาพูดฟีลแบบ โบว์น่าจะรู้อยู่แล้ว ยอมเป็นตัวเลือกเพราะผช.มีชื่อเสียงมีตังค์ เรานี่แบบ...............เห่นโหลวววววว หาโปรไฟล์โบว์ก่อนพูดมั้ย เฮ่ออออ สงสารนางมากอะ ป.เหี้-มากจริง จะไม่เหี้-ขนาดนั้นถ้าเมื่อวานไม่ได้โพสรูปวันเกิดโบว์ พร้อมกับเอาตัวเองไปบรีฟงานแต่ง", "date": "24-02-2019 01:21", "retweet": 0, "like": 0}, {"id": "1099372951256723456", "url": "https://twitter.com/In_April/status/1099372951256723456", "username": "", "text": "ยิ่งเห็นที่มีคนขุด ยิ่งขยะแขยง ทำได้ไงวะ สับรางโคตรเก่ง เหอะๆๆ", "date": "24-02-2019 01:18", "retweet": 0, "like": 0}, {"id": "1099368001394991105", "url": "https://twitter.com/In_April/status/1099368001394991105", "username": "", "text": "ดูจากหน้า น่าจะพี่นะ อาจจะรุ่นเดียวกันจะป๊อบ", "date": "24-02-2019 00:58", "retweet": 0, "like": 0}, {"id": "1099367402700075008", "url": "https://twitter.com/In_April/status/1099367402700075008", "username": "", "text": "โบว์รุ่นพวกเรานี่แหละ ไม่พี่", "date": "24-02-2019 00:56", "retweet": 0, "like": 0}, {"id": "1099359618726129664", "url": "https://twitter.com/In_April/status/1099359618726129664", "username": "", "text": "ก็นะ คนในเฟซ ไม่จำเป็นต้องเป็น \"เพื่อน\" ทุกคน อาจมีคนรู้จักอยู่ด้วย", "date": "24-02-2019 00:25", "retweet": 0, "like": 0}, {"id": "1099359414975311873", "url": "https://twitter.com/In_April/status/1099359414975311873", "username": "", "text": "เราช็อคตั้งแต่มีคนแคปเฟซนางมาละ ไม่ช่วยปิดไรเล้ย งือออออ", "date": "24-02-2019 00:24", "retweet": 0, "like": 0}, {"id": "1099359300718190592", "url": "https://twitter.com/In_April/status/1099359300718190592", "username": "", "text": "55555 นานๆทีจะรู้สึกว่า เออที่เป็นอยู่เนี่ย ดีแล้ว 5555", "date": "24-02-2019 00:24", "retweet": 0, "like": 0}, {"id": "1099357080220196864", "url": "https://twitter.com/In_April/status/1099357080220196864", "username": "", "text": "ตอนนี้ทุกคนดูเป็น กลจ. ให้นาง นางมาโพสแล้วก็หายไปเลย น่าสงสาร", "date": "24-02-2019 00:15", "retweet": 0, "like": 0}, {"id": "1099356768801411072", "url": "https://twitter.com/In_April/status/1099356768801411072", "username": "", "text": "ยังหาร้านอยู่มั้ยค้า อยากได้ร้านแนวไหนคะพี่ อาหารไทยไฮโซ ไปร้านเกาะลันตา ได้เลยค่า", "date": "24-02-2019 00:14", "retweet": 0, "like": 0}, {"id": "1099356293163151360", "url": "https://twitter.com/In_April/status/1099356293163151360", "username": "", "text": "เพื่อนมัธยมอ่า", "date": "24-02-2019 00:12", "retweet": 0, "like": 0}, {"id": "1099354940621840384", "url": "https://twitter.com/In_April/status/1099354940621840384", "username": "", "text": "อืออออ สงสารเพื่อนมาก ณ จุดๆนี้ ได้แต่มาเผือกในทวิต ไม่กล้าในเฟซเลยอะ ไม่อยากให้เพื่อนเห็น เฮ่อ", "date": "24-02-2019 00:06", "retweet": 0, "like": 0}, {"id": "1099354269570936832", "url": "https://twitter.com/In_April/status/1099354269570936832", "username": "", "text": "หรือการไม่มีแฟนคือผลบุญอะ เริ่มสงสัย ถ้าคบกะแฟนมาเป็นสิบปี เจองี้.........ทำไงวะ เอาจริงเพราะแบบเปิดตัวทุกอย่าง เฟซก็ลงรูป เพื่อนก็รู้จัก โอเอ็มจี", "date": "24-02-2019 00:04", "retweet": 0, "like": 0}, {"id": "1099353675720318976", "url": "https://twitter.com/In_April/status/1099353675720318976", "username": "", "text": "สิบปี มันนานเกินไปป่ะวะ", "date": "24-02-2019 00:01", "retweet": 0, "like": 0}, {"id": "1099343599903227905", "url": "https://twitter.com/In_April/status/1099343599903227905", "username": "", "text": "โบว์นี่เพื่อนอัสสัมฯด้วย สงสารนางสุด", "date": "23-02-2019 23:21", "retweet": 0, "like": 0}, {"id": "1099339067416690688", "url": "https://twitter.com/In_April/status/1099339067416690688", "username": "", "text": "สับรางเก่งชิหัย ปกติเวลาดราม่าดารา จะมีแขวะๆในเฟซบ้างประปราย.....ข่าวนี้ไม่กล้าเลย เฮ่ออออ", "date": "23-02-2019 23:03", "retweet": 1, "like": 0}, {"id": "1099335545497387008", "url": "https://twitter.com/In_April/status/1099335545497387008", "username": "", "text": "เพลงใหม่ ร้องขึ้นมาว่า ผิดศีลข้อ3ถามว่ากลัวมั้ย บอกเลยตรงนี้ว่ากลัวนั่นล่ะ ...... เห้ย ถ้ากลัวไม่ควรทำมะ สิบปี ใหม่ใช่เวลาสั้นๆป่ะวะ", "date": "23-02-2019 22:49", "retweet": 0, "like": 0}, {"id": "1099330540937723904", "url": "https://twitter.com/In_April/status/1099330540937723904", "username": "", "text": "มันจะไม่โหดร้ายเท่าไหร่เลย ถ้าบอกเลิกกันก่อนที่จะไปแต่งงาน ไม่ใช่ให้อีกคนรู้เอาเองว่าตัวไปแต่งงานนนนนนนนนน ฟหกด่าสว", "date": "23-02-2019 22:30", "retweet": 0, "like": 0}, {"id": "1099327046755311616", "url": "https://twitter.com/In_April/status/1099327046755311616", "username": "", "text": "ตอนมีข่าว บ. ยังโพสทำนองแซวๆอยู่เลยว่า ที่บอกมันไม่ใช่ราคานั้นนิ ไรงี้", "date": "23-02-2019 22:16", "retweet": 1, "like": 0}, {"id": "1099325977853718529", "url": "https://twitter.com/In_April/status/1099325977853718529", "username": "", "text": "กับ บ. ก็โกหกค่ะ", "date": "23-02-2019 22:11", "retweet": 0, "like": 0}, {"id": "1099323188763217921", "url": "https://twitter.com/In_April/status/1099323188763217921", "username": "", "text": "ไม่รู้จักเจ้าสาว รู้จักแต่โบว์ รู้แต่นี่เห็นมาตั้งแต่สมัยมหาลัย อุบส์", "date": "23-02-2019 22:00", "retweet": 0, "like": 0}, {"id": "1099309036376272896", "url": "https://twitter.com/In_April/status/1099309036376272896", "username": "", "text": "หมดแพชชั่น ยังดีกว่านาจา", "date": "23-02-2019 21:04", "retweet": 0, "like": 0}, {"id": "1099292204890087424", "url": "https://twitter.com/In_April/status/1099292204890087424", "username": "", "text": "ตอนแรกนี่ไม่รู้เรื่อง แต่เห็นที่โบว์มาโพสเลยตะหงิดๆ เข้าทวิตหาแฮชแท็กเท่านั้นล่ะ ร้องเฮียหนักมาก", "date": "23-02-2019 19:57", "retweet": 0, "like": 0}, {"id": "1099291189692456960", "url": "https://twitter.com/In_April/status/1099291189692456960", "username": "", "text": "อ. หมดแพชชั่นว่าแย่ละนะ ป. นี่คือ...............ตั่วเฮียที่ไม่ใช่คนจีน", "date": "23-02-2019 19:53", "retweet": 0, "like": 0}, {"id": "1099290948075286528", "url": "https://twitter.com/In_April/status/1099290948075286528", "username": "", "text": "เมาหรออออออ", "date": "23-02-2019 19:52", "retweet": 0, "like": 0}, {"id": "1098602298295676931", "url": "https://twitter.com/In_April/status/1098602298295676931", "username": "", "text": "ห้าหมื่นหกกกกกกกกกกกกก ฟหกด่าสว", "date": "21-02-2019 22:16", "retweet": 0, "like": 0}, {"id": "1098597487777103880", "url": "https://twitter.com/In_April/status/1098597487777103880", "username": "", "text": "55555555", "date": "21-02-2019 21:57", "retweet": 0, "like": 0}, {"id": "1098595990943223813", "url": "https://twitter.com/In_April/status/1098595990943223813", "username": "", "text": "อ๋ออออออ 555555 วันที่ 3 มี.ค. ลง Calendar กันด้วยนะคะ 5555", "date": "21-02-2019 21:51", "retweet": 0, "like": 0}, {"id": "1098594207932039169", "url": "https://twitter.com/In_April/status/1098594207932039169", "username": "", "text": "เพิ่งเหน พุธไหนงิ", "date": "21-02-2019 21:44", "retweet": 0, "like": 0}]