[{"id": "1098908003137253377", "url": "https://twitter.com/inzakaew/status/1098908003137253377", "username": "", "text": "ไม่ค่อยเห็นด้วยสักเท่าไหรกับเกม friday night แฟนทีมเยือนนี่แทบหมดสิทธิ์ เกมคืนวันอาทิตย์แบบเดิมยังดีกว่า #ไทยลีก", "date": "22-02-2019 18:30", "retweet": 0, "like": 0}, {"id": "1098904418534060033", "url": "https://twitter.com/inzakaew/status/1098904418534060033", "username": "", "text": "ก็อีกฝ่ายไม่ได้ใส่ข้อมูลผิดไง ที่คลาดเคลื่อนนั่นข้อมูลของรัฐสภาที่แปลผิดและมันหลายปีแล้วก่อนการเลือกตั้งครั้งนี้ ส่วนนายธนาธรใส่ผิดในเว็บตัวเอง ส่วนจะนำไปสู่ยุบพรรคหรือไม่ อีกนานและอีกหลายขั้นตอน ตอนนี้แค่สามารถยื่นร้องเรียนกับกกตได้", "date": "22-02-2019 18:16", "retweet": 1, "like": 3}, {"id": "1098890051562364928", "url": "https://twitter.com/inzakaew/status/1098890051562364928", "username": "", "text": "แอคที่ใช้รูปจริง(อย่างผม) ยังไม่เห็นมีใครมาทำอะไรเลย ปชชแสดงความเห็นได้ แต่ก็ต้องรับผิดชอบสิ่งที่แสดงไปด้วย ไม่ใช่จะทำอะไรก็ได้ ถ้าไม่ผิดกฎหมายก็ไม่เห็นต้องกลัวอะไร", "date": "22-02-2019 17:19", "retweet": 0, "like": 1}, {"id": "1098887748520296449", "url": "https://twitter.com/inzakaew/status/1098887748520296449", "username": "", "text": "ขุดไปก็ไม่เจอหรอกเพราะตอนนั้นเค้าชี้แจงไปแล้วว่ารัฐสภาแปลและใส่ข้อมูลผิด แต่ถ้ายังมั่นใจว่าผิดอีกก็ไปแจ้งกกตได้เลยครับ", "date": "22-02-2019 17:10", "retweet": 2, "like": 2}, {"id": "1098886200318803968", "url": "https://twitter.com/inzakaew/status/1098886200318803968", "username": "", "text": "ส่วนถ้ายังมั่นใจว่านายเอกณัฐทำผิดไปยื่นกกตตรวจสอบได้เลยครับ", "date": "22-02-2019 17:04", "retweet": 0, "like": 1}, {"id": "1098885907774464000", "url": "https://twitter.com/inzakaew/status/1098885907774464000", "username": "", "text": "เรื่องนี้เค้าชี้แจงไปนานหลายปีแล้วว่าเว็บไซด์ของรัฐสภาแปลจากภาษาอังกฤษผิด ตรวจสอบได้ครับ และควรตรวจสอบก่อนทวีตด้วยนะ", "date": "22-02-2019 17:03", "retweet": 8, "like": 3}, {"id": "1098223139354341377", "url": "https://twitter.com/inzakaew/status/1098223139354341377", "username": "", "text": "มีสิทธิแสดงความเห็น แต่ก็ต้องรับผิดชอบสิ่งที่พูดไว้เช่นกัน ไม่แปลกอะไร ในอดีตก็มีคดีแบบนี้ ยกฟ้องก็มี โดนลงโทษก็มี สู้คดีกันไปตามกระบวนการ", "date": "20-02-2019 21:09", "retweet": 1, "like": 1}, {"id": "1097849565242224642", "url": "https://twitter.com/inzakaew/status/1097849565242224642", "username": "", "text": "ควรใส่แฮชแท๊กด้วย", "date": "19-02-2019 20:25", "retweet": 0, "like": 0}, {"id": "1097848985258094592", "url": "https://twitter.com/inzakaew/status/1097848985258094592", "username": "", "text": "ควรดีใจที่เขียนขื่อถูก", "date": "19-02-2019 20:22", "retweet": 0, "like": 0}, {"id": "1097504800126595072", "url": "https://twitter.com/inzakaew/status/1097504800126595072", "username": "", "text": "พิธีกรชั้นไม่ถึง หัวข้อดีเบตไม่โดน #เลือกตั้ง62 #Brighttv20", "date": "18-02-2019 21:35", "retweet": 1, "like": 2}, {"id": "1097299013194342400", "url": "https://twitter.com/inzakaew/status/1097299013194342400", "username": "", "text": "น่าจะแบ่งให้บัสเลนสักเลน https:// twitter.com/monkeylatte_/s tatus/1096625315764350976 …", "date": "18-02-2019 07:57", "retweet": 0, "like": 0}]