[{"id": "1099297569325215744", "url": "https://twitter.com/Itjjang/status/1099297569325215744", "username": "", "text": "ตอนนี้อยู่กะกู", "date": "23-02-2019 20:18", "retweet": 0, "like": 0}, {"id": "1099297202260733952", "url": "https://twitter.com/Itjjang/status/1099297202260733952", "username": "", "text": "ไปนอนกับพี่เป", "date": "23-02-2019 20:17", "retweet": 0, "like": 0}, {"id": "1099274746066219008", "url": "https://twitter.com/Itjjang/status/1099274746066219008", "username": "", "text": "ต้องการนอนแต่เสียงจากห้องผอดังมาก", "date": "23-02-2019 18:48", "retweet": 0, "like": 0}, {"id": "1099274615468113925", "url": "https://twitter.com/Itjjang/status/1099274615468113925", "username": "", "text": "รำคาญญญญญญ", "date": "23-02-2019 18:47", "retweet": 0, "like": 1}, {"id": "1099237834777493504", "url": "https://twitter.com/Itjjang/status/1099237834777493504", "username": "", "text": "STEMI รีเฟอร์ สปส จิตเวช รีเฟอร์พระศรี รี 2 เคสไปอุบลหมด = =", "date": "23-02-2019 16:21", "retweet": 0, "like": 0}, {"id": "1099186993991282689", "url": "https://twitter.com/Itjjang/status/1099186993991282689", "username": "", "text": "STEMI จ้าาา", "date": "23-02-2019 12:59", "retweet": 0, "like": 0}, {"id": "1098748987497013248", "url": "https://twitter.com/Itjjang/status/1098748987497013248", "username": "", "text": "ตอนนี้ถือมือถือ", "date": "22-02-2019 07:59", "retweet": 0, "like": 0}, {"id": "1098748663403184128", "url": "https://twitter.com/Itjjang/status/1098748663403184128", "username": "", "text": "คนมีหุ้นส่งออกก้เครียด = = https:// twitter.com/armupdate/stat us/1098520115878846464 …", "date": "22-02-2019 07:57", "retweet": 0, "like": 0}, {"id": "1098747915403587585", "url": "https://twitter.com/Itjjang/status/1098747915403587585", "username": "", "text": "ปวดมากเมื่อคืน เลยนอนตั้งแต่ 3 ทุ่มไม่อยากรับรู้ความปวด ดีนะโพสต์เวรที่อยู่ติดกัน 2 วัน เลยหลับ", "date": "22-02-2019 07:54", "retweet": 0, "like": 0}, {"id": "1098523183882264576", "url": "https://twitter.com/Itjjang/status/1098523183882264576", "username": "", "text": "ถอนฟันคุด 2 ซี่ครับ", "date": "21-02-2019 17:01", "retweet": 0, "like": 1}, {"id": "1098348576680292353", "url": "https://twitter.com/Itjjang/status/1098348576680292353", "username": "", "text": "หงุดหงิด ลูกไข้สูงไม่ยอมเช็ดตัวหรือให้กินยา แล้วชักมา พอถามว่าทำไมไม่เช็ดตัวลดไข้/เอายาให้ลูกก้ก็ยิ้มเฉย ๆ แม่ก้แก่ละนะ", "date": "21-02-2019 05:28", "retweet": 0, "like": 1}, {"id": "1098241412460511234", "url": "https://twitter.com/Itjjang/status/1098241412460511234", "username": "", "text": "ปวดเหงือก", "date": "20-02-2019 22:22", "retweet": 0, "like": 0}, {"id": "1098231135929131009", "url": "https://twitter.com/Itjjang/status/1098231135929131009", "username": "", "text": "เข้าใจเลยย ทุกวันนี้ก้ยังคิดถึงย่า T T", "date": "20-02-2019 21:41", "retweet": 0, "like": 1}, {"id": "1097455360737046529", "url": "https://twitter.com/Itjjang/status/1097455360737046529", "username": "", "text": "เขาถามว่า \"อาชีพนี่นักเรียน/นักศึกษาเนาะ\" อิอิ", "date": "18-02-2019 18:18", "retweet": 0, "like": 1}, {"id": "1097454825753591808", "url": "https://twitter.com/Itjjang/status/1097454825753591808", "username": "", "text": "ดูคนจะเริ่มเบื่อกะการเล่นการเมืองแบบโหนเจ้า", "date": "18-02-2019 18:16", "retweet": 1, "like": 0}, {"id": "1097454456755519488", "url": "https://twitter.com/Itjjang/status/1097454456755519488", "username": "", "text": "โดนมือปืนป้อปคอร์นไปแล้วว", "date": "18-02-2019 18:15", "retweet": 0, "like": 0}, {"id": "1097451870497329152", "url": "https://twitter.com/Itjjang/status/1097451870497329152", "username": "", "text": "อาจจะเพราะเคยเผาบ้านเผาเมือง", "date": "18-02-2019 18:04", "retweet": 0, "like": 0}, {"id": "1097451345676771328", "url": "https://twitter.com/Itjjang/status/1097451345676771328", "username": "", "text": "มาตั้งไกลแต่ไม่เป็นผล!!! (@Robinson Lifestyle Center Mukdahan in Mukdahan) https://www. swarmapp.com/c/demrCqPTlU0", "date": "18-02-2019 18:02", "retweet": 0, "like": 0}]