[{"id": "1099314194183155712", "url": "https://twitter.com/ivaderer/status/1099314194183155712", "username": "", "text": "pic.twitter.com/b3QbV4uLSS", "date": "23-02-2019 21:25", "retweet": 2, "like": 3}, {"id": "1099312586787479552", "url": "https://twitter.com/ivaderer/status/1099312586787479552", "username": "", "text": "ไปด้วย ๆ ๆ ๆ", "date": "23-02-2019 21:18", "retweet": 2, "like": 2}, {"id": "1099301310950592512", "url": "https://twitter.com/ivaderer/status/1099301310950592512", "username": "", "text": "อห.เพลงฟวยไรของเมิงงงงงงงง /ไรม์กากสัส ถถถ #หนักแผ่นดิน pic.twitter.com/Iq0NfTbLmR", "date": "23-02-2019 20:33", "retweet": 6, "like": 4}, {"id": "1099294634805620742", "url": "https://twitter.com/ivaderer/status/1099294634805620742", "username": "", "text": "เฮ้ คุณสลิ่มคร๊ . . . . . . . . . . . . ควย olo #สลิ่มคือสิ่งมีชีวิตที่มีกระดูกสันหลังขนานกับพื้น", "date": "23-02-2019 20:07", "retweet": 0, "like": 3}, {"id": "1099223257310466048", "url": "https://twitter.com/ivaderer/status/1099223257310466048", "username": "", "text": "มันมามั่วในทวิตเตอร์แล้วจ้า pic.twitter.com/leIKIecUK2", "date": "23-02-2019 15:23", "retweet": 11, "like": 4}, {"id": "1099220010960998400", "url": "https://twitter.com/ivaderer/status/1099220010960998400", "username": "", "text": "คนมันจะด่า แค่หายใจเฉย ๆ มันก็ด่าแล้ว #สลิ่มคือสิ่งมีชีวิตที่มีกระดูกสันหลังขนานกับพื้น", "date": "23-02-2019 15:10", "retweet": 3, "like": 1}, {"id": "1099216839891025920", "url": "https://twitter.com/ivaderer/status/1099216839891025920", "username": "", "text": "คุณชายต้องดูคนนี้ครับ ทำมีดแบบแนวมาก 555 https://www. youtube.com/channel/UCg3qs VzHeUt5_cPpcRtoaJQ …", "date": "23-02-2019 14:58", "retweet": 0, "like": 0}, {"id": "1099191428041719808", "url": "https://twitter.com/ivaderer/status/1099191428041719808", "username": "", "text": "เย้ยยยยยยย pic.twitter.com/uGsrWCH0wQ", "date": "23-02-2019 13:17", "retweet": 0, "like": 1}, {"id": "1099187705047445504", "url": "https://twitter.com/ivaderer/status/1099187705047445504", "username": "", "text": "ป๊าเสรี vs สลิ่มตื่ง คสช. ถถถ #เสรีรวมไทย pic.twitter.com/p9SrKDiptc", "date": "23-02-2019 13:02", "retweet": 2, "like": 1}, {"id": "1099183183352889344", "url": "https://twitter.com/ivaderer/status/1099183183352889344", "username": "", "text": "สัมปทานคลื่นด้วย", "date": "23-02-2019 12:44", "retweet": 0, "like": 1}, {"id": "1099182959066640387", "url": "https://twitter.com/ivaderer/status/1099182959066640387", "username": "", "text": "เริ่มกลโกงแล้วสินะ", "date": "23-02-2019 12:43", "retweet": 0, "like": 3}, {"id": "1099181211153362945", "url": "https://twitter.com/ivaderer/status/1099181211153362945", "username": "", "text": "ดีลครับ", "date": "23-02-2019 12:36", "retweet": 0, "like": 2}, {"id": "1098849327009562624", "url": "https://twitter.com/ivaderer/status/1098849327009562624", "username": "", "text": "มีคนจองกฐินเพียบ", "date": "22-02-2019 14:37", "retweet": 2, "like": 5}, {"id": "1098832406641963008", "url": "https://twitter.com/ivaderer/status/1098832406641963008", "username": "", "text": "ตอนกินข้าวเที่ยงคุยนั่นนี่เรื่องเลือกตั้ง ลุงเจ้าของร้านเล่าให้ฟังว่าสมัยก่อนไม่มีมาดีเบตกันแบบนี้หรอก เขาจ้างมือปืนฆ่ากันเลย ..เหยดดดดดด #เลือกตั้ง62", "date": "22-02-2019 13:30", "retweet": 0, "like": 4}, {"id": "1098830502050521088", "url": "https://twitter.com/ivaderer/status/1098830502050521088", "username": "", "text": "ได้!!", "date": "22-02-2019 13:23", "retweet": 0, "like": 1}, {"id": "1098782630743465984", "url": "https://twitter.com/ivaderer/status/1098782630743465984", "username": "", "text": "ถถถ pic.twitter.com/WKMxBgZRis", "date": "22-02-2019 10:12", "retweet": 0, "like": 1}, {"id": "1098780817885544450", "url": "https://twitter.com/ivaderer/status/1098780817885544450", "username": "", "text": "อิระทม มึงงงงงงงง ถถถ fb: การ์ตูน ระทม pic.twitter.com/DaxvnIjSp3", "date": "22-02-2019 10:05", "retweet": 16, "like": 8}, {"id": "1098779905997729792", "url": "https://twitter.com/ivaderer/status/1098779905997729792", "username": "", "text": "คิดถึงแมวอโศก", "date": "22-02-2019 10:01", "retweet": 2, "like": 7}, {"id": "1098773803688050689", "url": "https://twitter.com/ivaderer/status/1098773803688050689", "username": "", "text": "'สลิ่ม' คือสิ่งมีชีวิตที่มีกระดูกสันหลังขนานกับพื้น", "date": "22-02-2019 09:37", "retweet": 0, "like": 2}, {"id": "1098772055271497728", "url": "https://twitter.com/ivaderer/status/1098772055271497728", "username": "", "text": "สลิ่มด่าคนรักประชาธิปไตยเป็นพวกย่ำอยู่กับที่.. รู้อะไรมั้ย? พวกมึงไม่เคยแม้แต่จะคิดยกขาเพื่อก้าวเดิน คอยแต่เตะสกัดคนที่อยากจะก้าว โหนทุกสิ่งเพื่ออ้างว่าสิ่งที่พวกมึงทำนั้นถูกต้อง /สึด!! #สลิ่มนี่มันสลิ่มจริงๆ", "date": "22-02-2019 09:30", "retweet": 13, "like": 14}, {"id": "1098767881641193472", "url": "https://twitter.com/ivaderer/status/1098767881641193472", "username": "", "text": "ดีใจด้วยน้าาาาาา", "date": "22-02-2019 09:14", "retweet": 1, "like": 0}, {"id": "1098767604930334722", "url": "https://twitter.com/ivaderer/status/1098767604930334722", "username": "", "text": "ทวิตเตอร์จะลุกเป็นไฟ #พรบไซเบอร์", "date": "22-02-2019 09:13", "retweet": 10, "like": 4}, {"id": "1098767449820778497", "url": "https://twitter.com/ivaderer/status/1098767449820778497", "username": "", "text": "พ.ร.บ.มั่นคงไซเบอร์เข้า สนช. พรุ่งนี้ ค้นบ้าน ยึดคอมฯ #พรบไซเบอร์ https:// prachatai.com/journal/2019/0 2/81141 …", "date": "22-02-2019 09:12", "retweet": 31, "like": 6}, {"id": "1098599097429307393", "url": "https://twitter.com/ivaderer/status/1098599097429307393", "username": "", "text": "กอบศักดิ์อ่านโพย กอบศักดิ์อ่านโพย กอบศักดิ์อ่านโพย กอบศักดิ์อ่านโพย กอบศักดิ์อ่านโพย กอบศักดิ์อ่านโพย กอบศักดิ์อ่านโพย กอบศักดิ์อ่านโพย กอบศักดิ์อ่านโพย กอบศักดิ์อ่านโพย กอบศักดิ์อ่านโพย กอบศักดิ์อ่านโพย กอบศักดิ์อ่านโพย กอบศักดิ์อ่านโพย กอบศักดิ์อ่านโพย #พลังประชารัฐ ถถถ", "date": "21-02-2019 22:03", "retweet": 1, "like": 3}, {"id": "1098596801303724033", "url": "https://twitter.com/ivaderer/status/1098596801303724033", "username": "", "text": "พี่มาร์คตอบไม่ตรงคำถาม", "date": "21-02-2019 21:54", "retweet": 0, "like": 1}, {"id": "1098595926069952516", "url": "https://twitter.com/ivaderer/status/1098595926069952516", "username": "", "text": "ประชาธิปัตย์ตั้งใจเป็นแกนนำรัฐบาล.. /จิงดิพี่มาร์ค ถถถถ #อสกข #เลือกตั้ง62", "date": "21-02-2019 21:50", "retweet": 2, "like": 2}, {"id": "1098591776691142657", "url": "https://twitter.com/ivaderer/status/1098591776691142657", "username": "", "text": "เมื่อพ่อตอบคำถามชูวิทย์ว่าจะร่วมรัฐบาลกับพรรคพลังประชารัฐหรือไม่ ชัดเจนนะ #ฟ้ารักพ่อ #ฟ้ารักพ่อและนโยบายของพ่อ pic.twitter.com/0u9Z68lBQe", "date": "21-02-2019 21:34", "retweet": 248, "like": 169}, {"id": "1098586859561574400", "url": "https://twitter.com/ivaderer/status/1098586859561574400", "username": "", "text": "ก็มาดิคับ #ธนาธร #ฟ้ารักพ่อ #อนาคตใหม่ https://www. pscp.tv/w/bz6mzTF4ZUtX eWRNQmRaRVB8MXlOR2FPdmJkWWp4aoYYu7zeOSDGhkalK9VMrWsGz0Iaavl3z3_MwhM4_chh?t=37m3s …", "date": "21-02-2019 21:14", "retweet": 8, "like": 3}, {"id": "1098583991433621504", "url": "https://twitter.com/ivaderer/status/1098583991433621504", "username": "", "text": "แต่คนที่โง่กว่าธนาธรก็เห็นละ ถถถ", "date": "21-02-2019 21:03", "retweet": 1, "like": 1}, {"id": "1098582779380396032", "url": "https://twitter.com/ivaderer/status/1098582779380396032", "username": "", "text": "ก็มาดิคับ #PUBGMOBILE pic.twitter.com/DgdbJFBnLZ", "date": "21-02-2019 20:58", "retweet": 1, "like": 1}, {"id": "1098579972917055488", "url": "https://twitter.com/ivaderer/status/1098579972917055488", "username": "", "text": "ทำไหมฟ้าร้ายกับพ่อ", "date": "21-02-2019 20:47", "retweet": 0, "like": 1}, {"id": "1098579967443517442", "url": "https://twitter.com/ivaderer/status/1098579967443517442", "username": "", "text": "พี่เหนื่อย #ทาสแมว pic.twitter.com/tROtvqfl0P", "date": "21-02-2019 20:47", "retweet": 8, "like": 4}, {"id": "1098571726936363009", "url": "https://twitter.com/ivaderer/status/1098571726936363009", "username": "", "text": "น้องคงอย่าบอก อะไรของลุง? pic.twitter.com/1cgnRAdZWk", "date": "21-02-2019 20:14", "retweet": 1, "like": 1}, {"id": "1098511637252792325", "url": "https://twitter.com/ivaderer/status/1098511637252792325", "username": "", "text": "เฮ้อออ..", "date": "21-02-2019 16:15", "retweet": 2, "like": 2}, {"id": "1098511504138153984", "url": "https://twitter.com/ivaderer/status/1098511504138153984", "username": "", "text": "บงก็มี สีประจำด้อมก็มี ควรมีเพลงประจำด้อม เอ้ยประจำพรรคได้แล้วนะคร๊ #ฟ้ารักพ่อ #อนาคตใหม่ #Savethanathorn #เลือกตั้ง62 https:// twitter.com/Thanathorn_FWP /status/1098436998522499072 …", "date": "21-02-2019 16:15", "retweet": 3, "like": 4}, {"id": "1098402699874263041", "url": "https://twitter.com/ivaderer/status/1098402699874263041", "username": "", "text": "ดูแล้วเป็นคนละคนเลยครับ", "date": "21-02-2019 09:03", "retweet": 2, "like": 2}, {"id": "1098399497103630342", "url": "https://twitter.com/ivaderer/status/1098399497103630342", "username": "", "text": "ยังคงแรงอย่างต่อเนื่อง \\7 #Savethanathorn pic.twitter.com/qZ2B9E6uln", "date": "21-02-2019 08:50", "retweet": 2, "like": 0}, {"id": "1098397843897733120", "url": "https://twitter.com/ivaderer/status/1098397843897733120", "username": "", "text": "ใช้แอคหลุมสิ", "date": "21-02-2019 08:43", "retweet": 0, "like": 0}, {"id": "1098397739769982976", "url": "https://twitter.com/ivaderer/status/1098397739769982976", "username": "", "text": "ย้อยเชียวลู๊กกกกก pic.twitter.com/8CCHROifei", "date": "21-02-2019 08:43", "retweet": 0, "like": 1}, {"id": "1098238362819805184", "url": "https://twitter.com/ivaderer/status/1098238362819805184", "username": "", "text": "แม้วถึงกับต้องฟิตหุ่น ถถถ #เลือกตั้ง62 fb: ไข่แมวx pic.twitter.com/o3eH1gWnsV", "date": "20-02-2019 22:10", "retweet": 4, "like": 4}, {"id": "1098213874149421056", "url": "https://twitter.com/ivaderer/status/1098213874149421056", "username": "", "text": "ฮืมมมมมมมมมมมมมมมมม พลอยไพลิน รัตนเสถียร ผู้สมัคร ส.ส. เขต 1 จ.มหาสารคาม พรรค #พลังท้องถิ่นไทย pic.twitter.com/aGmhhwmYtQ", "date": "20-02-2019 20:32", "retweet": 5, "like": 4}, {"id": "1098197846828797952", "url": "https://twitter.com/ivaderer/status/1098197846828797952", "username": "", "text": "อ่านแล้วแบบ.. คนเห็นต่างอาจโดนยัดข้อหาเป็นภัยคุกคามทางไซเบอร์", "date": "20-02-2019 19:29", "retweet": 2, "like": 2}, {"id": "1098184843257475072", "url": "https://twitter.com/ivaderer/status/1098184843257475072", "username": "", "text": "รีพอร์ตด้วย", "date": "20-02-2019 18:37", "retweet": 1, "like": 0}, {"id": "1098184428277264384", "url": "https://twitter.com/ivaderer/status/1098184428277264384", "username": "", "text": "pic.twitter.com/KFtDm2Rxw2", "date": "20-02-2019 18:35", "retweet": 1, "like": 3}, {"id": "1098183246540500992", "url": "https://twitter.com/ivaderer/status/1098183246540500992", "username": "", "text": "วันนี้มีเหตุแผ่นดินไหวที่ อ.วังเหนือ จ.ลำปาง #แผ่นดินไหว pic.twitter.com/LqyP5J6NHP", "date": "20-02-2019 18:31", "retweet": 11, "like": 13}, {"id": "1098173550953783296", "url": "https://twitter.com/ivaderer/status/1098173550953783296", "username": "", "text": "นี่คือการริดรอนสิทธิเสรีภาพในการแสดงออกของประชาชน ร่วมกันเป็นกำลังใจให้ @Thanathorn_FWP และพรรค #อนาคตใหม่ #ฟ้ารักพ่อ #เลือกตั้ง62 อัยการ นัด ธนาธร พบ 27 ก.พ. คดีจัดรายการวิจารณ์ คสช. อนาคตใหม่จับตาจะถูกฝากขังหรือไม่ https://www. khaosod.co.th/election-2019/ news_2231280 …", "date": "20-02-2019 17:52", "retweet": 36, "like": 10}, {"id": "1098170481163694081", "url": "https://twitter.com/ivaderer/status/1098170481163694081", "username": "", "text": "ประชุมตลาดสด ห้ามคนเข็นผักเข้าพื้นที่", "date": "20-02-2019 17:40", "retweet": 1, "like": 0}, {"id": "1098169948180905984", "url": "https://twitter.com/ivaderer/status/1098169948180905984", "username": "", "text": "ประชุมมาราธอนสัส", "date": "20-02-2019 17:38", "retweet": 2, "like": 0}, {"id": "1098096257367560193", "url": "https://twitter.com/ivaderer/status/1098096257367560193", "username": "", "text": "ตอนแรกก็เห็นใจนะที่ถูกตำหนิแบบงง ๆ แต่พอเจอรูปแปะธงชาติ กับไบโอ ่รักในหลวง' เท่านั้นล่ะ ...", "date": "20-02-2019 12:45", "retweet": 0, "like": 0}, {"id": "1098086433733042176", "url": "https://twitter.com/ivaderer/status/1098086433733042176", "username": "", "text": "เสียใจด้วยนะครับ", "date": "20-02-2019 12:06", "retweet": 0, "like": 2}, {"id": "1097884534291324928", "url": "https://twitter.com/ivaderer/status/1097884534291324928", "username": "", "text": "ขอบคุณครับ", "date": "19-02-2019 22:44", "retweet": 0, "like": 1}, {"id": "1097883869091512321", "url": "https://twitter.com/ivaderer/status/1097883869091512321", "username": "", "text": "บทที่ ๑๕๑ : ชามข้าว โต ใคร อย่าเตะ #หนักแผ่นดิน fb: มานีมีแชร์ pic.twitter.com/kUdFIGfl0i", "date": "19-02-2019 22:41", "retweet": 8, "like": 9}, {"id": "1097883409165082624", "url": "https://twitter.com/ivaderer/status/1097883409165082624", "username": "", "text": "เวลารู้สึกว่าใครไม่ชอบ เราจะเป็นฝ่ายเฟดตัวเองออกมาเงียบ ๆ เหมือนไม่มีตัวตนอยู่บนโลกนี้", "date": "19-02-2019 22:39", "retweet": 9, "like": 13}, {"id": "1097864563645571073", "url": "https://twitter.com/ivaderer/status/1097864563645571073", "username": "", "text": "เห็นอยู่นะ แต่เป็นไฟล์ pic.twitter.com/Bra0gCRy5E", "date": "19-02-2019 21:24", "retweet": 0, "like": 0}, {"id": "1097863188249497600", "url": "https://twitter.com/ivaderer/status/1097863188249497600", "username": "", "text": "คุณก็รู้ว่าทุนมาจากไหน หึหึ", "date": "19-02-2019 21:19", "retweet": 1, "like": 0}, {"id": "1097812150838386688", "url": "https://twitter.com/ivaderer/status/1097812150838386688", "username": "", "text": "ง่วงละ รมเตาแพพ", "date": "19-02-2019 17:56", "retweet": 0, "like": 0}, {"id": "1097811689083363328", "url": "https://twitter.com/ivaderer/status/1097811689083363328", "username": "", "text": "พรรคลุงตู่ว์แน่นวล #เลือกตั้ง62 https:// twitter.com/dadaSadd/statu s/1097710410793283584 …", "date": "19-02-2019 17:54", "retweet": 1, "like": 2}, {"id": "1097735031575867394", "url": "https://twitter.com/ivaderer/status/1097735031575867394", "username": "", "text": "นักเขียนในสำนักพิมพ์ มีหลายคนอยู่ฝ่ายประชาธิปไตยนะครับ อย่างพี่ขวด พี่เดีย", "date": "19-02-2019 12:50", "retweet": 0, "like": 3}, {"id": "1097733502840201222", "url": "https://twitter.com/ivaderer/status/1097733502840201222", "username": "", "text": "กรี๊ดดดดดดดดด พี่เคียวไอซี๊ดดดด!!", "date": "19-02-2019 12:43", "retweet": 0, "like": 1}, {"id": "1097732847924723712", "url": "https://twitter.com/ivaderer/status/1097732847924723712", "username": "", "text": "โหดสัสไหมล่ะคุณ #หนักแผ่นดิน pic.twitter.com/A0qSDo5PMI", "date": "19-02-2019 12:41", "retweet": 6, "like": 1}, {"id": "1097731565516255232", "url": "https://twitter.com/ivaderer/status/1097731565516255232", "username": "", "text": "pic.twitter.com/qDQRDiN2l4", "date": "19-02-2019 12:36", "retweet": 0, "like": 1}, {"id": "1097730470811332609", "url": "https://twitter.com/ivaderer/status/1097730470811332609", "username": "", "text": "หนักแผ่นดินไหมล่ะมรึงงง!!! ปี 2558 จำนวน 1.92 แสนล้านบาท ปี 2559 จำนวน 2.06 แสนล้านบาท ปี 2560 จำนวน 2.13 แสนล้านบาท ปี 2561 จำนวน 2.18 แสนล้านบาท ปี 2562 จำนวน 2.27 แสนล้านบาท รวมแล้ว 5 ปี ยอดเกิน 1 ล้านล้านบาท ย้ำอีกครั้ง 1 ล้านล้านบาท #หนักแผ่นดิน fb: อาณาจักรไบกอน pic.twitter.com/8xRlejLmbY", "date": "19-02-2019 12:31", "retweet": 9, "like": 8}, {"id": "1097729491856543744", "url": "https://twitter.com/ivaderer/status/1097729491856543744", "username": "", "text": "เดี๋ยว ๆ pic.twitter.com/PZOq3Z7SVg", "date": "19-02-2019 12:28", "retweet": 0, "like": 1}, {"id": "1097729277812822017", "url": "https://twitter.com/ivaderer/status/1097729277812822017", "username": "", "text": "แอคที่ขื่อมีไอคอนธงชาติ สังเกตส่วนใหญ่แม่มคือสลิ่มเมาถุงเท้าเกือบทั้งนั้น ถถถ #สลิ่มนี่มันสลิ่มจริงๆ", "date": "19-02-2019 12:27", "retweet": 1, "like": 1}, {"id": "1097727945781608449", "url": "https://twitter.com/ivaderer/status/1097727945781608449", "username": "", "text": "ไดโนเสาร์ทนไม่ไหวถึงกับลากสังขารมาทวีต ถถถ", "date": "19-02-2019 12:21", "retweet": 0, "like": 1}, {"id": "1097727655070167040", "url": "https://twitter.com/ivaderer/status/1097727655070167040", "username": "", "text": "เอ๊ะ หนังสือปกขาว", "date": "19-02-2019 12:20", "retweet": 0, "like": 0}, {"id": "1097727003988353024", "url": "https://twitter.com/ivaderer/status/1097727003988353024", "username": "", "text": "หาของอร่อยกินดีกว่าครับ", "date": "19-02-2019 12:18", "retweet": 0, "like": 1}, {"id": "1097720137715609600", "url": "https://twitter.com/ivaderer/status/1097720137715609600", "username": "", "text": "@allaboutfuzz แหมมมมมมมมมมมมมมมมมมมมมมมมมมมมมมมมมมมมมมมมมมมมมมมมมมมมมมมมมมมมมมมมมมมมมมมมมมมมมมมมมมมมมมมมมมมมมมมมมมมมมมมมมมมมมมมมมมมมมมมมมมมมมมมมมมมมมมมมมมมมมมมมมมมมมมมมมมมมมมมมมมมมมมมมมมมมมมมมมมมมมมมมมมมมมมมมมมมมมมมมมมมมมมมมมมมมมมมมมมมมมมมมมมมมมมมมมมมมมมมมมมมมมมมมมมมมมมมมมมมมม pic.twitter.com/iBhtoL0KDc", "date": "19-02-2019 11:50", "retweet": 0, "like": 0}, {"id": "1097718756657131521", "url": "https://twitter.com/ivaderer/status/1097718756657131521", "username": "", "text": "ไพบูนพุทธแท้กูเกิล ถถถ", "date": "19-02-2019 11:45", "retweet": 1, "like": 3}, {"id": "1097718232637530113", "url": "https://twitter.com/ivaderer/status/1097718232637530113", "username": "", "text": "ตลาดวายแล้วพี่เม่น", "date": "19-02-2019 11:43", "retweet": 0, "like": 0}, {"id": "1097706255211085824", "url": "https://twitter.com/ivaderer/status/1097706255211085824", "username": "", "text": "วด.ควรชวนลุงตู่ว์มาด้วยนะ", "date": "19-02-2019 10:55", "retweet": 0, "like": 4}, {"id": "1097704796012695552", "url": "https://twitter.com/ivaderer/status/1097704796012695552", "username": "", "text": "พวกลุงควรฟังเพลงนี้ #ประเทศกูมี #หนักเเผ่นดิน Rap Against Dictatorship - ประเทศกูมี https:// youtu.be/VZvzvLiGUtw pic.twitter.com/8mRissP2YX", "date": "19-02-2019 10:49", "retweet": 9, "like": 7}, {"id": "1097698065857753089", "url": "https://twitter.com/ivaderer/status/1097698065857753089", "username": "", "text": "คุณก็รู้ ที่นี่บลาซิล", "date": "19-02-2019 10:23", "retweet": 0, "like": 16}, {"id": "1097697373118029824", "url": "https://twitter.com/ivaderer/status/1097697373118029824", "username": "", "text": "หอมชื่นนนนนจายยยยย 5555", "date": "19-02-2019 10:20", "retweet": 0, "like": 1}, {"id": "1097697076463362049", "url": "https://twitter.com/ivaderer/status/1097697076463362049", "username": "", "text": "พ่อสอนมาดี", "date": "19-02-2019 10:19", "retweet": 0, "like": 7}, {"id": "1097696848129609728", "url": "https://twitter.com/ivaderer/status/1097696848129609728", "username": "", "text": "สมงสมองไปหมดละมีง ไอ่สาดดดดดดดดดดดดด ถถถถถถถถถถถถถถถถถถถถถถถถถถถถถถถถถถ #รีล่า", "date": "19-02-2019 10:18", "retweet": 0, "like": 0}, {"id": "1097696743272132614", "url": "https://twitter.com/ivaderer/status/1097696743272132614", "username": "", "text": "ทั่นโคตรเท่เลยข่ะ #หนักเเผ่นดิน pic.twitter.com/7a0eoAPROS", "date": "19-02-2019 10:17", "retweet": 471, "like": 167}, {"id": "1097517147859738625", "url": "https://twitter.com/ivaderer/status/1097517147859738625", "username": "", "text": "เป็นยังไงล่ะพวกมึงงงงงงง ถถถ #หนักเเผ่นดิน pic.twitter.com/ajpsNYoJOv", "date": "18-02-2019 22:24", "retweet": 1736, "like": 371}, {"id": "1097511440204722176", "url": "https://twitter.com/ivaderer/status/1097511440204722176", "username": "", "text": "คิดได้แค่นี้สินะ", "date": "18-02-2019 22:01", "retweet": 0, "like": 1}, {"id": "1097510783896870912", "url": "https://twitter.com/ivaderer/status/1097510783896870912", "username": "", "text": "เพลง #หนักแผ่นดิน แต่งเมื่อ พ.ศ. 2518 ใช้เปิดออกอากาศทางสถานีวิทยุ จ.ส. กรมการสื่อสารทหารบก กองทัพบก ในการต่อสู้ทางการเมืองกับขบวนการคอมมิวนิสต์ ในช่วง พ.ศ. 2518–2523 ประพันธ์คำร้องโดย พ.อ.บุญส่ง หักฤทธิ์ศึก และขับร้องโดย ส.อ.อุบล คงสิน และศิริจันทร์ อิศรางกูร ณ อยุธยา pic.twitter.com/fTZjvvpY1b", "date": "18-02-2019 21:58", "retweet": 6, "like": 5}, {"id": "1097500878947282945", "url": "https://twitter.com/ivaderer/status/1097500878947282945", "username": "", "text": "ฮึบ ฮึบ นะ แฮม", "date": "18-02-2019 21:19", "retweet": 0, "like": 1}, {"id": "1097446627210448896", "url": "https://twitter.com/ivaderer/status/1097446627210448896", "username": "", "text": "เอ๊า? ถถถ pic.twitter.com/bDMpllhzsq", "date": "18-02-2019 17:44", "retweet": 4, "like": 2}, {"id": "1097445773409542145", "url": "https://twitter.com/ivaderer/status/1097445773409542145", "username": "", "text": "ตะหานมีไว้ทำไม?", "date": "18-02-2019 17:40", "retweet": 1, "like": 0}, {"id": "1097445324212264962", "url": "https://twitter.com/ivaderer/status/1097445324212264962", "username": "", "text": "ใครกันแน่วะ #หนักแผ่นดิน", "date": "18-02-2019 17:38", "retweet": 0, "like": 2}, {"id": "1097444737882021890", "url": "https://twitter.com/ivaderer/status/1097444737882021890", "username": "", "text": "ตะหานเก็บคลื่นไว้เยอะเกิ๊น อ้างเอาไว้ทำงานนั่นนี่ แถมไม่ยอมปล่อยคลื่นคืนสาธารณะอีก สัมปทานคลื่นก็โคตรแพง", "date": "18-02-2019 17:36", "retweet": 2, "like": 1}, {"id": "1097359021948858368", "url": "https://twitter.com/ivaderer/status/1097359021948858368", "username": "", "text": "ชอบตรง 'หนึ่งเสียงเล็ก ๆ แต่หนึ่งสิทธิ์เท่ากัน'", "date": "18-02-2019 11:55", "retweet": 2, "like": 6}, {"id": "1097357760725807104", "url": "https://twitter.com/ivaderer/status/1097357760725807104", "username": "", "text": "'ถ้าคุณพ่อเขาไม่เสีย ทุกวันนี้เขาคงไปเดินสายเอ็นจีโอ สมัยที่เขายังเรียนอยู่ บางที CNN ออกข่าวเรื่องการต่อต้านอะไร คุณจะได้เห็นธนาธรโผล่ไปหมดแหละครับ ต่างประเทศก็ด้วย เพราะจริง ๆ เขาอยากจะเห็นโลกที่สมบูรณ์แบบ' สุริยะ จึงรุ่งเรืองกิจ พูดถึง #ธนาธร ในรายการหนึ่ง #ฟ้ารักพ่อ", "date": "18-02-2019 11:50", "retweet": 26, "like": 16}, {"id": "1097353877429448704", "url": "https://twitter.com/ivaderer/status/1097353877429448704", "username": "", "text": "พ่อแม้ว ep.6 มาละ ฟังแพพ #ThaksinGoodMonday #GoodMonday 006 “คู่แข่งคือคู่ค้า ในโลกยุคใหม่” https://www. thaksinofficial.com/business/006-b usiness-partners/ … pic.twitter.com/BheWm3qD4s", "date": "18-02-2019 11:35", "retweet": 1, "like": 2}, {"id": "1097330290085654528", "url": "https://twitter.com/ivaderer/status/1097330290085654528", "username": "", "text": "จะตัดอะไรก็ตัดได้ แต่จะตัดทางทำมาหากินพวกกุไม่ได้ ผบ.ทบ.กร้าว! ไล่หญิงหน่อย ฟังเพลง “หนักแผ่นดิน” หลังชูเลิกเกณฑ์ทหาร-ตัดงบกห. https://www. matichon.co.th/politics/news_ 1368310 …", "date": "18-02-2019 10:01", "retweet": 2, "like": 1}, {"id": "1097329788287504384", "url": "https://twitter.com/ivaderer/status/1097329788287504384", "username": "", "text": "กุว่าพวกที่วุฒิภาวะต่ำสุดก็ตะหานนี่ล่ะ ถถถ #อสกข", "date": "18-02-2019 09:59", "retweet": 1, "like": 0}, {"id": "1097294165451264001", "url": "https://twitter.com/ivaderer/status/1097294165451264001", "username": "", "text": "ป๊าเอาเรื่อง เตรียมยื่นฟ้องยุบพรรคพลังประชารัฐวันนี้ #เสรีรวมไทย pic.twitter.com/kexBzhzrO3", "date": "18-02-2019 07:38", "retweet": 8, "like": 4}]