[{"id": "1098903997262356480", "url": "https://twitter.com/JAcademyEnglish/status/1098903997262356480", "username": "", "text": "#dek62 ที่จะสอบ​ #GATPAT ​ ดู​ไว้ เอาอะไร​เข้าไป​ได้​บ้าง บัตรประชาชน ห้ามลืม! #GATPAT #GATไทย #gatpat62 #GATENG #TCAS #tcas62 pic.twitter.com/R1s5vMDgxq", "date": "22-02-2019 18:15", "retweet": 5, "like": 3}, {"id": "1098902436578656256", "url": "https://twitter.com/JAcademyEnglish/status/1098902436578656256", "username": "", "text": "ระเบียบการ​เข้าสอบ​ #ONET ​ ที่​ #dek62 ต้องรู้​ไว้จ้า pic.twitter.com/Zl8BA96WNs", "date": "22-02-2019 18:08", "retweet": 2, "like": 0}, {"id": "1098902253824430081", "url": "https://twitter.com/JAcademyEnglish/status/1098902253824430081", "username": "", "text": "#dek62 สอบ​ #ONET ​ เอาอะไร​เข้าไปได้บ้าง? pic.twitter.com/wdlq8hHYid", "date": "22-02-2019 18:08", "retweet": 1, "like": 0}, {"id": "1098902138279751680", "url": "https://twitter.com/JAcademyEnglish/status/1098902138279751680", "username": "", "text": "10 Steps for O-NET การเข้าสอบ​ #Onet62 ทั้งสิบขั้นตอน​จ้า #dek62 ​ #ONET ​ #GATPAT62 pic.twitter.com/NOEq3mVpzZ", "date": "22-02-2019 18:07", "retweet": 28, "like": 15}]