[{"id": "1099218873016938496", "url": "https://twitter.com/jajamydog/status/1099218873016938496", "username": "", "text": "5555 เนื้อเพลงดี โดนใจมากฮะ #ประเทศกูมีคนหนักแผ่นดิน #หนักแผ่นดิน https://www. youtube.com/watch?v=wvllla J9TqQ …", "date": "23-02-2019 15:06", "retweet": 0, "like": 0}, {"id": "1099113341979480064", "url": "https://twitter.com/jajamydog/status/1099113341979480064", "username": "", "text": "โอ๊ย...น่ารักคูณสาม https:// twitter.com/MatahariDevi/s tatus/1098990009435197441 …", "date": "23-02-2019 08:06", "retweet": 1, "like": 1}, {"id": "1098782489470857217", "url": "https://twitter.com/jajamydog/status/1098782489470857217", "username": "", "text": "อ้าวแล้วที่จงใจใส่คำต่อท้ายว่า “แห่งประเทศไทย” หล่ะ ความหมาย คุณสมบัติ ประวัติการทำงานเปลี่ยนเลยนะ แล้วถ้าเอา resume ที่ปลอมประวัติตัวเองแบบนี้ไปสมัครงาน คือ”ตั้งใจโกง”ผู้สมัครคนอื่นๆ ”โกง”นายจ้างผู้ที่เลือกคุณไปทำงานนะ #สตอร์เบอร์รี่ธนาธร #พ่อหลอกฟ้า https:// twitter.com/JustTellYou1/s tatus/1098559765276315648 …", "date": "22-02-2019 10:12", "retweet": 2, "like": 2}, {"id": "1098571151612116993", "url": "https://twitter.com/jajamydog/status/1098571151612116993", "username": "", "text": "ประธานเก๊ ความหมายของเก๊คือ 1.ปลอม หรือทำเทียมให้ดูเหมือนของจริง. \"นาฬิกาเก๊\" “ประธานส.อ.ท แห่งประเทศไทยเก๊” 2.ไม่มีราคา, ใช้การไม่ได้. #พ่อหลอกฟ้า #หนักแผ่นดิน #อนาคตใหม่ #ดีแต่สร้างภาพ https:// twitter.com/thaipost/statu s/1098567455310413824 …", "date": "21-02-2019 20:12", "retweet": 1, "like": 0}, {"id": "1098569217102630919", "url": "https://twitter.com/jajamydog/status/1098569217102630919", "username": "", "text": "555 แหม....คุณทวด จะไม่ให้ด่ามันได้ไงคะ....ก็มันเผาเห็นๆ มีทั้งโทรทัศน์ถ่ายทอด วิดิโอคลิป ภาพนิ่ง และมันต้มจริงๆ ต้มตุ๋นหลอกว่าเป็นประธานระดับประเทศทีเดียวนะ เอานโยบายที่ทำไม่ได้มาต้มด้วยอ่ะ #หนักแผ่นดิน #ทวดชงเรื่องนี้รึเปล่าหว่า #เดาเอาเองว่าทวดชงให้ https:// twitter.com/irichmillion/s tatus/1098566173988347906 …", "date": "21-02-2019 20:04", "retweet": 0, "like": 0}, {"id": "1098553802389516288", "url": "https://twitter.com/jajamydog/status/1098553802389516288", "username": "", "text": "โอ้ย...สงสารลุง https:// twitter.com/MatichonOnline /status/1098547474329817088 …", "date": "21-02-2019 19:03", "retweet": 0, "like": 0}, {"id": "1098553796832055296", "url": "https://twitter.com/jajamydog/status/1098553796832055296", "username": "", "text": "#พ่อหลอกฟ้า #ดีแต่สร้างภาพ https:// twitter.com/mr_louise/stat us/1098501763164909568 …", "date": "21-02-2019 19:03", "retweet": 1, "like": 2}, {"id": "1098553796832051201", "url": "https://twitter.com/jajamydog/status/1098553796832051201", "username": "", "text": "Accountability น่ะมีไหม นี่แค่เป็นหัวหน้าพรรคธนาธรก็ไม่มีความรับผิดชอบแล้ว โยนให้ทีมงาน แล้วที่บอกจะเป็นนายก จะไหวรึ เดี๋ยวก็โบ้ย คนอื่นทำ มันไม่ใช่ความรับผิดชอบของผม #ฟ้าจ๋าจงพิจารณา #พ่อหลอกฟ้า https:// twitter.com/political_dram a/status/1098547791767298048 …", "date": "21-02-2019 19:03", "retweet": 36, "like": 27}, {"id": "1098449977431318528", "url": "https://twitter.com/jajamydog/status/1098449977431318528", "username": "", "text": "ในความแอบงอนพี่ม่อนของมาตา #คิวท์โมเมนท์ #พี่ม่อนจะรู้มั๊ย https:// twitter.com/MatahariDevi/s tatus/1098307896385945602 …", "date": "21-02-2019 12:10", "retweet": 1, "like": 7}, {"id": "1098139313697484801", "url": "https://twitter.com/jajamydog/status/1098139313697484801", "username": "", "text": "แย่มาก!! https:// twitter.com/naewna/status/ 1098135577478651904 …", "date": "20-02-2019 15:36", "retweet": 0, "like": 0}, {"id": "1098106627675193346", "url": "https://twitter.com/jajamydog/status/1098106627675193346", "username": "", "text": "ประกันราคาพืชผล (ไม่ใช่แค่ข้าว แต่รวมถึงข้าวโพด มัน อ้อย) นโยบายดีๆ ที่ประชาธิปัตย์ยึดแนวนโยบายนี้มาตลอดก่อน ทั้งก่อนหน้านี้ในช่วงปี52-54และในตอนนี้ ดีใจที่ คสช เห็นข้อดีของนโยบายนี้และประสานต่อจากที่ ปชป ทำไว้ https:// twitter.com/PostToday/stat us/1097659027427938304 …", "date": "20-02-2019 13:26", "retweet": 0, "like": 1}, {"id": "1098102438144307200", "url": "https://twitter.com/jajamydog/status/1098102438144307200", "username": "", "text": "นี่แหล่ะ ทำไมชอบ ประชาธิปัตย์ ชอบตรงมีความเป็นสุภาพบุรุษ ซื่อสัตย์ ไม่โกงกิน @ThaiPBSNews : \"กรณ์\" โพสต์ FB แจง งบทหารเพิ่มขึ้นตามสัดส่วน GDP ลดลงต่อเนื่องยุค คสช. http:// news.thaipbs.or.th/content/277857 #ThaiPBSnews", "date": "20-02-2019 13:09", "retweet": 15, "like": 9}, {"id": "1097723672800849920", "url": "https://twitter.com/jajamydog/status/1097723672800849920", "username": "", "text": "เมื่อวานบิ้กแดง บอก #หนักแผ่นดิน วันนี้ แม้วส่งสัญญานทันที #ก็มาดิค้าบบบ https:// twitter.com/sataporn_pptv/ status/1097717370527698944 …", "date": "19-02-2019 12:04", "retweet": 0, "like": 0}, {"id": "1097722526518501376", "url": "https://twitter.com/jajamydog/status/1097722526518501376", "username": "", "text": "ใครที่ชังชาติ หมิ่นสถาบัน ใครที่เผา ใครวางระเบิด ยิง M79 ป่วนเมือง ใครอยู่เบื้องหลัง ใครที่เป็นนายทุน กูเกิ้ล ยูทูบ มีหมด ไม่ใช่แค่วาทกรรม แต่มันคือความจริง #หนักแผ่นดิน https:// twitter.com/Chattrapat/sta tus/1097716059497324544 …", "date": "19-02-2019 12:00", "retweet": 0, "like": 0}, {"id": "1097721954310582272", "url": "https://twitter.com/jajamydog/status/1097721954310582272", "username": "", "text": "สันดานเดิมๆ พ่อเสื้อแดง #หนักแผ่นดิน https:// twitter.com/sataporn_pptv/ status/1097717370527698944 …", "date": "19-02-2019 11:58", "retweet": 1, "like": 0}, {"id": "1097710210783764480", "url": "https://twitter.com/jajamydog/status/1097710210783764480", "username": "", "text": "#หนักแผ่นดิน https://www. thaipost.net/main/detail/29 457?fbclid=IwAR0AzlIitCu-WlK-XwJ9sEputjI3sQ93sdO2tsfTjTbhwC0C9wzgoos4uGU … pic.twitter.com/WOALZ5rLhi", "date": "19-02-2019 11:11", "retweet": 0, "like": 0}, {"id": "1097680553980059649", "url": "https://twitter.com/jajamydog/status/1097680553980059649", "username": "", "text": "พรรคอะไรเอ่ย ....ไม่ชอบหน้าใคร เผามัน !! #ชอบเผาเหมือนกันทั้งพรรค #หนักแผ่นดิน #เพื่อไทย #เพื่อชาติ #ไทยรักษาชาติ https:// twitter.com/SSynicall/stat us/1097675392419127296 …", "date": "19-02-2019 09:13", "retweet": 6, "like": 5}, {"id": "1097676859003686913", "url": "https://twitter.com/jajamydog/status/1097676859003686913", "username": "", "text": "พวกที่จะตัดงบของกลาโหม โปรดเหลือกตามองดูแสนยานุภาพทางการทหารของประเทศเพื่อนบ้านที่แวดล้อมเรา https:// twitter.com/Sulovebossss/s tatus/1097666035191209984 …", "date": "19-02-2019 08:58", "retweet": 0, "like": 0}, {"id": "1097669111524409345", "url": "https://twitter.com/jajamydog/status/1097669111524409345", "username": "", "text": "ผลงานรัฐบาลเผด็จการ !! ปรบมือสิคะ รออะไร https:// twitter.com/PostToday/stat us/1097656177180127232 …", "date": "19-02-2019 08:28", "retweet": 0, "like": 0}, {"id": "1097666482299781120", "url": "https://twitter.com/jajamydog/status/1097666482299781120", "username": "", "text": "ประกันราคาพืชผล นโยบายดีๆ ประชาธิปัตย์ยึดแนวนโยบายนี้มาตลอดก่อน ทั้งก่อนหน้าและในตอนนี้ https:// twitter.com/PostToday/stat us/1097659027427938304 …", "date": "19-02-2019 08:17", "retweet": 0, "like": 0}, {"id": "1097458213593608192", "url": "https://twitter.com/jajamydog/status/1097458213593608192", "username": "", "text": "ขนาดคนงานบริษัทตัวเอง จะก่อตั้งสหภาพ ยังไม่ยอม ไล่ออกเฉย จะประสาอะไรกับโรฮิงญา นี่เป็น1 ในหลายๆนโยบายแบบแค่ลมปากของอนาคตใหม่ #หนักแผ่นดิน https:// twitter.com/BLUESKYCHANNEL /status/1097452222768570370 …", "date": "18-02-2019 18:30", "retweet": 0, "like": 3}, {"id": "1097429249563058176", "url": "https://twitter.com/jajamydog/status/1097429249563058176", "username": "", "text": "#หนักแผ่นดิน https:// twitter.com/RahTheBest/sta tus/1097421565568806916 …", "date": "18-02-2019 16:34", "retweet": 0, "like": 0}, {"id": "1097428209853915137", "url": "https://twitter.com/jajamydog/status/1097428209853915137", "username": "", "text": "เอ... คนอ่านจะเข้าใจผิด ว่าให้ไปเลือก พรรคเพื่อชาติ ของไอ้ตู่ #หนักแผ่นดิน รึเปล่า https:// twitter.com/auuee/status/1 097412849327005701 …", "date": "18-02-2019 16:30", "retweet": 0, "like": 0}, {"id": "1097427787160252416", "url": "https://twitter.com/jajamydog/status/1097427787160252416", "username": "", "text": "อันนี้บริหารได้ Win -Win ชอบนะ https:// twitter.com/SpringNews_TV/ status/1097425639269781505 …", "date": "18-02-2019 16:29", "retweet": 0, "like": 0}, {"id": "1097427629517361152", "url": "https://twitter.com/jajamydog/status/1097427629517361152", "username": "", "text": "ก็พวกมัน #หนักแผ่นดิน ไง https:// twitter.com/ThaksinsLife/s tatus/1097425644336476160 …", "date": "18-02-2019 16:28", "retweet": 0, "like": 0}, {"id": "1097427331545653248", "url": "https://twitter.com/jajamydog/status/1097427331545653248", "username": "", "text": "แล้วนักการเมืองที่ใช้หน้าที่เอื้อประโยชน์ให้เมียหนีภาษีซื้อขายที่ดินรัชดาที่มีราคาเป็นพันล้าน ด้วยการเลื่อนวันหยุดออกไปให้เป็นวันทำงานเพื่อเมียจะได้เซ็นซื้อขายก่อนวันที่ภาษีที่ดินมีผลล่ะจ๊ะ ไม่ยิ่งกว่าหนักแผ่นดินรึ #หนักแผ่นดิน https:// twitter.com/PravitR/status /1097387463088078849 …", "date": "18-02-2019 16:27", "retweet": 1, "like": 1}, {"id": "1097406407329013761", "url": "https://twitter.com/jajamydog/status/1097406407329013761", "username": "", "text": "ชัดมั๊ย จาตุรนต์ โบว์ ?? แล้วที่ชักศึกเข้าบ้าน ร่ำร้องก่นด่าประเทศไทย จะสำนึกผิดไหม ?จะออกมาขอโทษไหม ? https:// twitter.com/TheSmilingHut/ status/1097359932297342976 …", "date": "18-02-2019 15:04", "retweet": 0, "like": 0}, {"id": "1097351774015352832", "url": "https://twitter.com/jajamydog/status/1097351774015352832", "username": "", "text": "แผนแบบเดิมๆ แม้วมักจะมีตัวชูโรงดำเนินการฟ้องดะ เพื่อทำลายสมาธิและเวลาอันมีค่าของคู่แข่งในช่วงเวลาคับขันในการต่อสู้ pic.twitter.com/Y6iokGIoJX", "date": "18-02-2019 11:27", "retweet": 0, "like": 0}, {"id": "1097351222741295106", "url": "https://twitter.com/jajamydog/status/1097351222741295106", "username": "", "text": "จะดึงฟ้าต่ำ อีกหรือ พวกมึง!! เพราะมันมีคนเยี่ยงนี้ โบราณเขาถึงต้องประหาร 7 ชั่วโคตร !! https:// twitter.com/thapanee3miti/ status/1097341851642736640 …", "date": "18-02-2019 11:24", "retweet": 0, "like": 0}]