[{"id": "1099345632626499587", "url": "https://twitter.com/jakkitkaimart/status/1099345632626499587", "username": "", "text": "อนาคตของชาติเด็กๆน่ารักมาก \"แฟนคลับเบอร์ 8\" \"แก้จน สร้างคน สร้างชาติ\" #เลือกตั้ง62 #ประชาธิปัตย์ #แก้จนสร้างคนสร้างชาติ #​ชลบุรีของเรา #ทีมเขต ​ เจ็ด เบอร์ 8 #ทีมอ๊อดอ๊อด ผลิตโดย นายจักกฤช ไกรมาตย์ ที่อยู่ 519/169 ม.6 ต.หนองปรือ อ.บางละมุง จ.ชลบุรี 20150 ตามวันเวลาที่ปรากฏ pic.twitter.com/px3Suc3ljz", "date": "23-02-2019 23:29", "retweet": 0, "like": 1}]