[{"id": "1098410869677936641", "url": "https://twitter.com/janraam/status/1098410869677936641", "username": "", "text": "เดี็ยวมันคงนั่งรถเมล์ใช้บัตรคนจนจ่ายค่ารถไปตามส่วนที่เหลือ https:// twitter.com/phoom91/status /1098409653753368577 …", "date": "21-02-2019 09:35", "retweet": 0, "like": 0}, {"id": "1098408466870284288", "url": "https://twitter.com/janraam/status/1098408466870284288", "username": "", "text": "แล้วเกียรติภูมิทหารอยู่ตรงไหน ในเมื่อทหารเองก็ยังกระทำการหมิ่นเกียรติประชาชนอยู่อย่างนี้? * เหยียดย่ำหยามหมิ่นประชาชน มึงก็คนกูก็คนต่างตรงไหน มึงกระทืบสืบสันดานพาลจัญไร เกียรติภูมิมึงอย่าหมายจะได้มา * ราษฎร์ตีนเปล่า @janraam", "date": "21-02-2019 09:26", "retweet": 0, "like": 3}, {"id": "1098029007830827008", "url": "https://twitter.com/janraam/status/1098029007830827008", "username": "", "text": "แล้วเกียรติภูมิทหารอยู่ตรงไหน ในเมื่อทหารเองก็ยังกระทำการหมิ่นเกียรติประชาชนอยู่อย่างนี้? * เหยียดย่ำหยามหมิ่นประชาชน มึงก็คนกูก็คนต่างตรงไหน มึงกระทืบสืบสันดานพาลจัญไร เกียรติภูมิมึงอย่าหมายจะได้มา * ราษฎร์ตีนเปล่า @janraam pic.twitter.com/SDjTnFXWJl", "date": "20-02-2019 08:18", "retweet": 0, "like": 4}, {"id": "1097852794256510976", "url": "https://twitter.com/janraam/status/1097852794256510976", "username": "", "text": "อยากจะถามคำถามนี้จริงๆ ว่า \"ระหว่างผู้หญิงตัวเล็กๆคนหนึ่ง กับ อาวุธที่มีการสั่งซื้ออย่างบ้าคลั่ง เครื่องบินรบ. เรือดำน้ำ เฮลิคอปเตอร์ ฯลฯ ซื้อแม่งเข้าไปแล้วก็ไม่ได้ทำ sonteen อะไรสักอย่าง\"อะไรมันหนักแผ่นดิน กว่า กัน?? pic.twitter.com/jPbGHizAFN", "date": "19-02-2019 20:37", "retweet": 0, "like": 0}, {"id": "1097341087910223872", "url": "https://twitter.com/janraam/status/1097341087910223872", "username": "", "text": "5555 นั่นแล", "date": "18-02-2019 10:44", "retweet": 0, "like": 1}, {"id": "1097320534784659456", "url": "https://twitter.com/janraam/status/1097320534784659456", "username": "", "text": "ใ่ช่ค่ะพี่ตุ๊ก https:// twitter.com/thetuk12/statu s/1097320355478159361 …", "date": "18-02-2019 09:22", "retweet": 0, "like": 0}, {"id": "1097319164346130433", "url": "https://twitter.com/janraam/status/1097319164346130433", "username": "", "text": "หนึ่งสมอง สองมือ สองตีนเท่ากัน แต่ต่างกันตรงที่คนหนึ่งอยู่นอกกะลา อีกคนหนึ่ง อยู่ใต้กะลาแนวคิดก็ต่างกันอยู่แล้ว ใครหนักหรือไม่หนักแผ่นดิน. เดี๋ยวมึงก็รู้เอง อย่าผยองเพียงเพราะตัวมีอำนาจ และอาวุธ แถวบ้านเรียก\"กุ๊ย\"", "date": "18-02-2019 09:17", "retweet": 11, "like": 19}, {"id": "1097315990369497088", "url": "https://twitter.com/janraam/status/1097315990369497088", "username": "", "text": "เดี๋ยวๆๆท่านก่อนจะจีบปากจีบคอว่าคุณหญิงหน่อย ไปเปลี่ยนใส่ กระโปรง หรือ ผ้าถุง ก่อนดีกว่่ามั๊ย!!? https:// twitter.com/nationweekend/ status/1097314090492485632 …", "date": "18-02-2019 09:04", "retweet": 2, "like": 2}]