[{"id": "1099335303733469185", "url": "https://twitter.com/jansiranuch/status/1099335303733469185", "username": "", "text": "#petepol เด็ดตั้งแต่ชุด ผม หน้า อายไลเนอร์ #JFKdivachinatown pic.twitter.com/HVzLJrxsWr", "date": "23-02-2019 22:48", "retweet": 1, "like": 10}, {"id": "1099326644370599937", "url": "https://twitter.com/jansiranuch/status/1099326644370599937", "username": "", "text": "คู่นี้น่ารักจัง ฝ่ายชายพาฝ่ายหญิงพบญาติตล๊อดๆๆ #Toypatompong #MookWorranit pic.twitter.com/Qs7sz9hqFg", "date": "23-02-2019 22:14", "retweet": 27, "like": 175}, {"id": "1099318541088509953", "url": "https://twitter.com/jansiranuch/status/1099318541088509953", "username": "", "text": "สุนารี ราชสีมาก็มา!! #JFKdivachinatown pic.twitter.com/z67srK4OtS", "date": "23-02-2019 21:42", "retweet": 2, "like": 6}, {"id": "1099317838513201152", "url": "https://twitter.com/jansiranuch/status/1099317838513201152", "username": "", "text": "อีกหนึ่ง surprise พี่ตั๊ก ศิริพร อยู่ยอด #jfkdivachinatown pic.twitter.com/41YDdhCtqn", "date": "23-02-2019 21:39", "retweet": 2, "like": 9}, {"id": "1099312435402440711", "url": "https://twitter.com/jansiranuch/status/1099312435402440711", "username": "", "text": "ขโมยซีน !! #thanon #urboyTJ at #JFKdivachinatown pic.twitter.com/stff1a61Of", "date": "23-02-2019 21:18", "retweet": 142, "like": 207}, {"id": "1099308848098111491", "url": "https://twitter.com/jansiranuch/status/1099308848098111491", "username": "", "text": "𝒮𝓊𝓇𝓅𝓇𝒾𝓈𝑒!!! #urboyTJ #JFKdivachinatown pic.twitter.com/ZsqTQWKfEa", "date": "23-02-2019 21:03", "retweet": 6, "like": 23}, {"id": "1099303501304229889", "url": "https://twitter.com/jansiranuch/status/1099303501304229889", "username": "", "text": "สนุกม๊ากกกกกกก #JFKdivachinatown pic.twitter.com/NgbCyteHf5", "date": "23-02-2019 20:42", "retweet": 14, "like": 20}, {"id": "1098484753068580865", "url": "https://twitter.com/jansiranuch/status/1098484753068580865", "username": "", "text": "ฤกษ์ไหว้ราหูคืนนี้ ตี 2 50 นาทีแต่ถ้าใครไม่สะดวกสามารถใช้ฤกษ์ 8.12 ( 2 ทุ่ม12 นาที)วันศุกร์ได้เช่นกัน ไหว้ของดำ8หรือ12 อย่างก็ได้ บทสวดไปดูที่ fb หมอช้าง ราหูคราวนี้ที่เข้าเต็มๆคือ ราศีเมถุน และ ธนู การงานจะปัง เงินจะเข้า แต่ต้องระวังสุขภาพค่ะ ขอบคุณข้อมูล @morchang", "date": "21-02-2019 14:29", "retweet": 0, "like": 1}, {"id": "1098222162148651009", "url": "https://twitter.com/jansiranuch/status/1098222162148651009", "username": "", "text": "ธนาธรเผย ถูกขู่ฆ่า https:// twitter.com/open6i6/status /1098216253406162947 …", "date": "20-02-2019 21:05", "retweet": 1, "like": 1}, {"id": "1098218445236187136", "url": "https://twitter.com/jansiranuch/status/1098218445236187136", "username": "", "text": "กรณีผู้สมัครพลอยไพลินจากพรรคพลังท้องถิ่นไทมีที่ภาพเซ๊กซี่ปรากฎบนโลกออนไลน์ โฆษกพรรคชี้แจงว่าจากการลงสมัครสส เธอไม่ได้เป็นหนึ่งในผู้ถูกตัดสิทธิ์​จึงถือว่ามีความชอบธรรม​ และจากรูป​ที่เดินหาเสียงก็ไม่ได้ทำอะไรไม่เหมาะสมจึงอยากให้ทุกคนให้โอกาสน้องได้ทำงานเพื่อชาติ #พรรคพลังท้องถิ่นไท pic.twitter.com/Cft7DQQxXV", "date": "20-02-2019 20:50", "retweet": 1, "like": 0}, {"id": "1098216281172398081", "url": "https://twitter.com/jansiranuch/status/1098216281172398081", "username": "", "text": "พอพูดถึงสื่อสิ่งพิมพ์ที่ทยอยกันปิดตัวลง2ปีที่ผ่านมา นี่ก็แทบจะเกลี้ยงแผงละนะ ใจหาย นึกถึงยุคที่สิ่งพิมพ์เคยรุ่งเรือง เราว่ามันมีเสน่ห์", "date": "20-02-2019 20:42", "retweet": 1, "like": 2}, {"id": "1098177281472655361", "url": "https://twitter.com/jansiranuch/status/1098177281472655361", "username": "", "text": "ลาแผงไปอีกเจ้า นสพ posttoday เตรียมปิดฉากนสพ เดือนหน้า กว่า17ปีบนแผง ทนขาดทุนไม่ไหว ส่วนM2F ในเครือก็เตรียมลาแผงด้วยเช่นกัน #โพสต์ทูเดย์", "date": "20-02-2019 18:07", "retweet": 2, "like": 3}, {"id": "1097451968342110208", "url": "https://twitter.com/jansiranuch/status/1097451968342110208", "username": "", "text": "ช่วงนี้อ้วนขึ้นเหรอต่าย #หนักแผ่นดิน #jaytherabbit pic.twitter.com/Hc4hvMpsWV", "date": "18-02-2019 18:05", "retweet": 0, "like": 0}]