[{"id": "1099344058898468864", "url": "https://twitter.com/jenpasit/status/1099344058898468864", "username": "", "text": "เสาร์-อาทิตย์วันหยุด เรื่องการเมืองหลบไป เรื่องดารา มาแทน #ป๊อปปองกูล pic.twitter.com/ZW3TfRTXw9", "date": "23-02-2019 23:23", "retweet": 2, "like": 2}, {"id": "1099335439943589888", "url": "https://twitter.com/jenpasit/status/1099335439943589888", "username": "", "text": "เรื่อง #โอ๊ตปราโมทย์ ชิดซ้ายไปเลย เมื่อเจอเรื่องของ #ป๊อปปองกูล ... //ปูเสื่อรอ", "date": "23-02-2019 22:49", "retweet": 5, "like": 1}, {"id": "1099330507261636608", "url": "https://twitter.com/jenpasit/status/1099330507261636608", "username": "", "text": "ไม่เห้จริงคบกันไม่ได้ //เรื่อง ปปก", "date": "23-02-2019 22:29", "retweet": 0, "like": 0}, {"id": "1099241289659215873", "url": "https://twitter.com/jenpasit/status/1099241289659215873", "username": "", "text": "อ่อเค hashtag น่าจะครอบคลุมกว่าสินะ", "date": "23-02-2019 16:35", "retweet": 0, "like": 0}, {"id": "1099241010305986560", "url": "https://twitter.com/jenpasit/status/1099241010305986560", "username": "", "text": "@PheuThaiParty", "date": "23-02-2019 16:34", "retweet": 0, "like": 0}, {"id": "1099239977039347714", "url": "https://twitter.com/jenpasit/status/1099239977039347714", "username": "", "text": "Thanks for following me on Twitter. Check out my Facebook Page ( http:// fb.com/mekzcnt ) to see what I'm up to!", "date": "23-02-2019 16:30", "retweet": 0, "like": 0}, {"id": "1099182399319990273", "url": "https://twitter.com/jenpasit/status/1099182399319990273", "username": "", "text": "สนุกกกก ไปลองเกมเรียงลำดับเหตุการณ์ทางการเมืองไทย กันได้ที่ https:// elect.in.th/game-timeline/ #เลือกตั้ง62 pic.twitter.com/KLjsFofUmL", "date": "23-02-2019 12:41", "retweet": 4, "like": 1}, {"id": "1099019397857869824", "url": "https://twitter.com/jenpasit/status/1099019397857869824", "username": "", "text": "ธนาคารออมสินยืนยัน ข่าวเปิดบัญชีที่ธนาคารออมสิน รับเงิน 3,000 บาท จากรัฐ ไม่เป็นความจริง >> https://www. gsb.or.th/news-events/pr ess-releases/2562/Feb/GSBPR8_62.aspx … << pic.twitter.com/KEFj21gsF7", "date": "23-02-2019 01:53", "retweet": 1, "like": 0}, {"id": "1099016192197484545", "url": "https://twitter.com/jenpasit/status/1099016192197484545", "username": "", "text": "LOL https:// twitter.com/tailosivetech/ status/1098337414920036352 …", "date": "23-02-2019 01:40", "retweet": 0, "like": 0}, {"id": "1099011498305716229", "url": "https://twitter.com/jenpasit/status/1099011498305716229", "username": "", "text": "Tellscore สตาร์ทสัญชาติไทยผู้พัฒนาแพลตฟอร์มรวบรวม Micro-influencer และแบรนด์ให้มาเจอกัน กำลังจะได้รับเงินลงทุน Series A ราว 5 ล้านเหรียญในช่วง เม.ย.62 โดนจะนำเงินส่วนดังกล่าว 20% มาใช้ในการขยายธุรกิจเข้าตลาดประเทศอินโดนีเซีย https://www. dealstreetasia.com/stories/thai-m arketing-platform-tellscore-raising-series-a-for-indonesia-push-121815/ …", "date": "23-02-2019 01:22", "retweet": 4, "like": 1}, {"id": "1099005657196326912", "url": "https://twitter.com/jenpasit/status/1099005657196326912", "username": "", "text": "มารัวๆ", "date": "23-02-2019 00:59", "retweet": 0, "like": 0}, {"id": "1098979718383058944", "url": "https://twitter.com/jenpasit/status/1098979718383058944", "username": "", "text": "#ยามเฝ้าจอ #สื่อมวลชน #เสรีภาพสื่อ https:// twitter.com/fringer/status /1098967547980873728 …", "date": "22-02-2019 23:15", "retweet": 6, "like": 4}, {"id": "1098877605263142912", "url": "https://twitter.com/jenpasit/status/1098877605263142912", "username": "", "text": "Thanks for following me on Twitter. Check out my Facebook Page ( http:// fb.com/mekzcnt ) to see what I'm up to!", "date": "22-02-2019 16:30", "retweet": 0, "like": 0}, {"id": "1098660143930077185", "url": "https://twitter.com/jenpasit/status/1098660143930077185", "username": "", "text": "https:// open.spotify.com/track/2jSU5v6M vXD2E0vXy3uRFQ?si=rr4llutqRnCglpPktthwuQ …", "date": "22-02-2019 02:06", "retweet": 0, "like": 0}, {"id": "1098659742644195328", "url": "https://twitter.com/jenpasit/status/1098659742644195328", "username": "", "text": "ถ้าชีวิตหักศอกแบบแปดกุมภาก็ต้องรับให้ได้", "date": "22-02-2019 02:04", "retweet": 0, "like": 0}, {"id": "1098654279521300480", "url": "https://twitter.com/jenpasit/status/1098654279521300480", "username": "", "text": "จำอะไรไม่ได้ - Potato【OFFICIAL MV】 https:// youtu.be/hba9ZTnbHaA", "date": "22-02-2019 01:42", "retweet": 0, "like": 0}, {"id": "1098652034016862208", "url": "https://twitter.com/jenpasit/status/1098652034016862208", "username": "", "text": "เปงวีอีลีกส์สายโทรทัศน์ไทย #ผิดๆ", "date": "22-02-2019 01:33", "retweet": 0, "like": 0}, {"id": "1098648042645774337", "url": "https://twitter.com/jenpasit/status/1098648042645774337", "username": "", "text": "จริงๆ ก็น่าไปทำการเมืองอะไรแบบนี้นะ ขอลองทางเส้นนี่ให้ชัดก่อน", "date": "22-02-2019 01:17", "retweet": 0, "like": 0}, {"id": "1098647061824561152", "url": "https://twitter.com/jenpasit/status/1098647061824561152", "username": "", "text": "จำไว้ว่าวันนี้ฉันกลัวในสิ่งที่ยังมาไม่ถึง ขำไว้ว่าเราต้องทำให้ได้", "date": "22-02-2019 01:14", "retweet": 0, "like": 0}, {"id": "1098629509186637824", "url": "https://twitter.com/jenpasit/status/1098629509186637824", "username": "", "text": "Fast Company จัดอันดับสุดยอด 50 บริษัทด้านนวัตกรรมประจำปี 2562 โดย 10 อันดับแรกมีดังนี้ 1. Meituan Dianping 2. Grab 3. NBA 4. Walt Disney 5. Stitch Fix 6. Sweetgreen 7. Apeel Sciences 8. Square 9. Oatly 10. Twitch https:// twitter.com/fastcompany/st atus/1098177269548363777 …", "date": "22-02-2019 00:04", "retweet": 0, "like": 0}, {"id": "1098601207919202306", "url": "https://twitter.com/jenpasit/status/1098601207919202306", "username": "", "text": "ไหว้ลาสวยๆ #เลือกตั้ง62 #ช่อง9ดีเบต pic.twitter.com/QbX607Box8", "date": "21-02-2019 22:11", "retweet": 17, "like": 12}, {"id": "1098599883957780494", "url": "https://twitter.com/jenpasit/status/1098599883957780494", "username": "", "text": "#ช่อง9ดีเบต ทิ้งท้ายไปด้วยภาพสุดารัตน์-กอบศักดิ์ ยืนฟังอภิสิทธิ์พูด ส่วนธนาธรกำลังเก็บเอกสาร หลังจากนี้ไม่เห็นแล้ว #ยามเฝ้าจอ #9MCOT #เลือกตั้ง62 pic.twitter.com/YkNJc2VbAP", "date": "21-02-2019 22:06", "retweet": 69, "like": 43}, {"id": "1098595401387724800", "url": "https://twitter.com/jenpasit/status/1098595401387724800", "username": "", "text": "ไม่จับมือกับ #ประชารัฐ แต่จับมือกับ ‘กอบศักดิ์’ ได้ ด้าน ‘ธนาธร’ #อนาคตใหม่ ระบุเคารพในความคิดความอ่านของกอบศักดิ์ #ช่อง9ดีเบต #เลือกตั้ง62 pic.twitter.com/FjSaJ9c7M9", "date": "21-02-2019 21:48", "retweet": 51, "like": 25}, {"id": "1098588890540199937", "url": "https://twitter.com/jenpasit/status/1098588890540199937", "username": "", "text": "#อนาคตใหม่ บอกเลยจะไม่ร่วมงานกับ #พลังประชารัฐ เหตุสนับสนุนการสืบทอดอำนาจ คสช. #ช่อง9ดีเบต", "date": "21-02-2019 21:22", "retweet": 4, "like": 3}, {"id": "1098579979078516736", "url": "https://twitter.com/jenpasit/status/1098579979078516736", "username": "", "text": "สตูดิโอศึก #เลือกตั้ง62 #เจาะกึ๋น3ขั้วการเมือง ช่อง #9MCOT ไฟดับไปแปปนึงเฉยเลย 5555 #ยามเฝ้าจอ pic.twitter.com/UbH0fGwch8", "date": "21-02-2019 20:47", "retweet": 5, "like": 2}, {"id": "1098579199076397056", "url": "https://twitter.com/jenpasit/status/1098579199076397056", "username": "", "text": "เริ่มแล้ว! ช่อง #9MCOT จัดเวทีดีเบต #เจาะกึ๋น3ขั้วการเมือง เชิญ ธนาธร #อนาคตใหม่ , สุดารัตน์ #เพื่อไทย , อภิสิทธิ์ #ประชาธิปัตย์ และ กอบศักดิ์ #พลังประชารัฐ มาประชันวิสัยทัศน์-นโยบายกัน #ยามเฝ้าจอ #เลือกตั้ง62 pic.twitter.com/6g98TEAZ1p", "date": "21-02-2019 20:44", "retweet": 57, "like": 10}, {"id": "1098562187163922432", "url": "https://twitter.com/jenpasit/status/1098562187163922432", "username": "", "text": "#ยามเฝ้าจอ #9MCOT #เลือกตั้ง62 https:// twitter.com/tnamcot/status /1098551785000599554 …", "date": "21-02-2019 19:36", "retweet": 2, "like": 0}, {"id": "1098545371830079488", "url": "https://twitter.com/jenpasit/status/1098545371830079488", "username": "", "text": "เอ้ามาเซ่!", "date": "21-02-2019 18:30", "retweet": 0, "like": 0}, {"id": "1098515221642125313", "url": "https://twitter.com/jenpasit/status/1098515221642125313", "username": "", "text": "Thanks for following me on Twitter. Check out my Facebook Page ( http:// fb.com/mekzcnt ) to see what I'm up to!", "date": "21-02-2019 16:30", "retweet": 0, "like": 0}, {"id": "1098508401825406976", "url": "https://twitter.com/jenpasit/status/1098508401825406976", "username": "", "text": "ฝนตกปรอยๆ @คูคต", "date": "21-02-2019 16:03", "retweet": 0, "like": 0}, {"id": "1098485610858201088", "url": "https://twitter.com/jenpasit/status/1098485610858201088", "username": "", "text": "หากจะตาย ก็ตายไปแร้วววว~* https:// open.spotify.com/track/5h8lYssh kvLHcj5tt9lQUB?si=cRhANpLwTrGqVCXdvedzYg …", "date": "21-02-2019 14:32", "retweet": 0, "like": 0}, {"id": "1098474569675956225", "url": "https://twitter.com/jenpasit/status/1098474569675956225", "username": "", "text": "ใจเยนน้าาาา", "date": "21-02-2019 13:48", "retweet": 0, "like": 0}, {"id": "1098474270865281024", "url": "https://twitter.com/jenpasit/status/1098474270865281024", "username": "", "text": "เดี๋ยวหลังไมค์ไปนะ อิอิ", "date": "21-02-2019 13:47", "retweet": 0, "like": 0}, {"id": "1098473882921488384", "url": "https://twitter.com/jenpasit/status/1098473882921488384", "username": "", "text": "เมื่อเลือกพูดความจริง ก็คงต้องยอมรับในสิ่งที่จะเกิดขึ้น :)", "date": "21-02-2019 13:45", "retweet": 0, "like": 0}, {"id": "1098473802097295361", "url": "https://twitter.com/jenpasit/status/1098473802097295361", "username": "", "text": "ขออย่างน้อย 3 ปี", "date": "21-02-2019 13:45", "retweet": 0, "like": 0}, {"id": "1098473707494764544", "url": "https://twitter.com/jenpasit/status/1098473707494764544", "username": "", "text": "เอาแล้ว โดนรับน้องซะแล้วววว 5555", "date": "21-02-2019 13:45", "retweet": 0, "like": 0}, {"id": "1098465695564673024", "url": "https://twitter.com/jenpasit/status/1098465695564673024", "username": "", "text": "Lalamove สตาร์ทอัพสัญชาติฮ่องกงประกาศรับเงินลงทุน Series D จำนวน 300 ล้านดอลลาร์สหรัฐฯ โดยจะนำเงินมาใช้ในการขยายตลาดเข้าสู่เอเชีย เตรียมเป็นยูนิคอร์นตัวต่อไป https:// techcrunch.com/2019/02/20/lal amove-raises-300m/ …", "date": "21-02-2019 13:13", "retweet": 0, "like": 1}, {"id": "1098303470380040197", "url": "https://twitter.com/jenpasit/status/1098303470380040197", "username": "", "text": "#GalaxyFold ราคาเริ่มต้นที่ 1,980 เหรียญ (เกือบๆ 62,000 บาท) เริ่มวางขาย 26 เม.ย. นี้ #unpacked pic.twitter.com/A1WJ8mGYFw", "date": "21-02-2019 02:28", "retweet": 44, "like": 4}, {"id": "1098302444822441985", "url": "https://twitter.com/jenpasit/status/1098302444822441985", "username": "", "text": "#GalaxyFold #unpacked pic.twitter.com/2TfE9YoI4h", "date": "21-02-2019 02:24", "retweet": 2, "like": 0}, {"id": "1098302014298120192", "url": "https://twitter.com/jenpasit/status/1098302014298120192", "username": "", "text": "iPad แบ่งสามจอแบบนี้ได้มั้ย pic.twitter.com/5gERcWBzKr", "date": "21-02-2019 02:23", "retweet": 1, "like": 1}, {"id": "1098164454573801472", "url": "https://twitter.com/jenpasit/status/1098164454573801472", "username": "", "text": "อยากรู้ว่าชั่งน้ำหนักบนโลก แล้วจะ #หนักแผ่นดิน ดาวเคราะห์อื่นเท่าไหร่ ต้องลองดูไปอ่านดูครับ 55555 https:// twitter.com/thaipbsscitech /status/1098157353873039360 …", "date": "20-02-2019 17:16", "retweet": 0, "like": 1}, {"id": "1098152819981463552", "url": "https://twitter.com/jenpasit/status/1098152819981463552", "username": "", "text": "Thanks for following me on Twitter. Check out my Facebook Page ( http:// fb.com/mekzcnt ) to see what I'm up to!", "date": "20-02-2019 16:30", "retweet": 0, "like": 0}, {"id": "1098106528907780102", "url": "https://twitter.com/jenpasit/status/1098106528907780102", "username": "", "text": "โปรนี้ออกมานานยังครับ ออกมาตั้งแต่วันที่เท่าไหร่ครับ", "date": "20-02-2019 13:26", "retweet": 0, "like": 0}, {"id": "1098100644726988801", "url": "https://twitter.com/jenpasit/status/1098100644726988801", "username": "", "text": "TOT IPTV ช่วงนี้มีอะไรอัพเดทบ้างป่ะครับ?", "date": "20-02-2019 13:02", "retweet": 0, "like": 0}, {"id": "1097955541039476736", "url": "https://twitter.com/jenpasit/status/1097955541039476736", "username": "", "text": "หากปราศจากแม่ ลูกสุนัขจะมีชีวิตรอดได้อย่างไร? นักวิทยาศาสตร์เผยรายงานการค้นพบใหม่นี้ระบุว่ามีหลักฐานใหม่สนับสนุนทฤษฎีที่ว่า สุนัขอยู่เคียงข้างมนุษย์มานาน และพวกมันอยู่รอดได้ถ้าน่ารักมากพอ เพราะความน่ารักของมันจะดึงดูดให้มนุษย์สนใจและดูแลมัน https:// ngthai.com/animals/10707/ the-age-when-puppies-are-the-cutest/ …", "date": "20-02-2019 03:26", "retweet": 1, "like": 0}, {"id": "1097882672716599296", "url": "https://twitter.com/jenpasit/status/1097882672716599296", "username": "", "text": "9 โมงพรุ่งนี้! ‘เพนกวิน-บอล’ บุกกองทัพบก แจงเหตุผล ‘ผบ.ทบ.’ ไม่ควรเปิดเพลง ‘หนักแผ่นดิน’ >> https://www. matichon.co.th/politics/news_ 1370879 … <<", "date": "19-02-2019 22:36", "retweet": 1, "like": 0}, {"id": "1097790446108065792", "url": "https://twitter.com/jenpasit/status/1097790446108065792", "username": "", "text": "Thanks for following me on Twitter. Check out my Facebook Page ( http:// fb.com/mekzcnt ) to see what I'm up to!", "date": "19-02-2019 16:30", "retweet": 0, "like": 0}, {"id": "1097773820427919360", "url": "https://twitter.com/jenpasit/status/1097773820427919360", "username": "", "text": "น่าร๊ากกกก ดารามาช่วยโปรโมทอะไรแบบนี้ด้วยนนย https:// twitter.com/lpcynl/status/ 1097661531041411072 …", "date": "19-02-2019 15:24", "retweet": 1, "like": 0}, {"id": "1097742575983706113", "url": "https://twitter.com/jenpasit/status/1097742575983706113", "username": "", "text": "สวัสดีครับคุณครูพี่เก๋", "date": "19-02-2019 13:19", "retweet": 0, "like": 0}, {"id": "1097718511462318080", "url": "https://twitter.com/jenpasit/status/1097718511462318080", "username": "", "text": "ช่วยเรื่องรีทวีตเรื่องทีวี แบบที่ทวีตความเห็นการเมืองได้มั้ย 555", "date": "19-02-2019 11:44", "retweet": 0, "like": 3}, {"id": "1097667299899629568", "url": "https://twitter.com/jenpasit/status/1097667299899629568", "username": "", "text": "GISTDA เปิดรับสมัครผู้ร่วมพัฒนาดาวเทียมเล็กและระบบภาคพื้นดิน THEOS-2 18 ตำแหน่ง พร้อมกับโอกาสในการเดินทางไปทำงานที่ประเทศอังกฤษและฝรั่งเศส >> https:// m.pantip.com/topic/38558219 <<", "date": "19-02-2019 08:20", "retweet": 2, "like": 0}, {"id": "1097616405619306496", "url": "https://twitter.com/jenpasit/status/1097616405619306496", "username": "", "text": "เศรษฐกิจไทยที่ขยายตัวต่อเนื่อง แต่อัตราเงินเฟ้อมีโอกาสออกมาต่ำลง กนง. จึงคงดอกเบี้ย 1.75% >> https://www. scbeic.com/th/detail/prod uct/5757 … << pic.twitter.com/9KQDjvkpAs", "date": "19-02-2019 04:58", "retweet": 0, "like": 0}, {"id": "1097570767212933122", "url": "https://twitter.com/jenpasit/status/1097570767212933122", "username": "", "text": "พอลลีน งามพริ้ง จาก #พรรคมหาชน โพสต์ผ่าน Facebook ระบุ “ไม่เอารัฐประหารอีกแล้ว” ที่มา >> https://www. facebook.com/10000996328805 0/posts/841426216199480 … . #เลือกตั้ง #เลือกตั้ง62 #เลือกตั้ง2562 #เลือกตั้งปี62 #รัฐประหาร pic.twitter.com/NyJD2FDcbI", "date": "19-02-2019 01:57", "retweet": 0, "like": 0}, {"id": "1097568664016941056", "url": "https://twitter.com/jenpasit/status/1097568664016941056", "username": "", "text": "LOL https:// twitter.com/pugson/status/ 1097473880548085760 …", "date": "19-02-2019 01:48", "retweet": 0, "like": 0}, {"id": "1097566066123759616", "url": "https://twitter.com/jenpasit/status/1097566066123759616", "username": "", "text": "พอบอกได้ไหมครับ นสพ. อะไร เดี๋ยวไปหาอ่านต่อเองครับ", "date": "19-02-2019 01:38", "retweet": 0, "like": 0}, {"id": "1097560143816929280", "url": "https://twitter.com/jenpasit/status/1097560143816929280", "username": "", "text": "ไฟมา ฟู่ๆๆๆๆ", "date": "19-02-2019 01:15", "retweet": 0, "like": 0}, {"id": "1097557037058220032", "url": "https://twitter.com/jenpasit/status/1097557037058220032", "username": "", "text": "มี Android Box TV รุ่นไหนที่ Record รายการทีวีเก็บลง HDD ไว้ได้บ้าง?", "date": "19-02-2019 01:02", "retweet": 0, "like": 0}, {"id": "1097552858017218560", "url": "https://twitter.com/jenpasit/status/1097552858017218560", "username": "", "text": "18 ก.พ. 2528 - #BBCOne ทีวีสาธารณะของ UK เปลี่ยน Ident มาใช้กราฟิกลูกโลกที่ทำจากคอมพิวเตอร์แบบเต็มรูปแบบ (Computer Originated World: COW) โดยใช้กราฟิกดังกล่าวมาจนถึงปี 2534 #ยามเฝ้าจอ #จอต่างประเทศ #ทีวีต่างประเทศ https:// twitter.com/identcentral/s tatus/1097408138209382400 …", "date": "19-02-2019 00:46", "retweet": 5, "like": 4}, {"id": "1097548146631036928", "url": "https://twitter.com/jenpasit/status/1097548146631036928", "username": "", "text": "ตรบบบ", "date": "19-02-2019 00:27", "retweet": 0, "like": 0}, {"id": "1097534782924189703", "url": "https://twitter.com/jenpasit/status/1097534782924189703", "username": "", "text": "เฉียบ!", "date": "18-02-2019 23:34", "retweet": 0, "like": 0}, {"id": "1097522148451577857", "url": "https://twitter.com/jenpasit/status/1097522148451577857", "username": "", "text": "แต่ไม่มันส์เบย เส้า สงสัยช่องไม่มีแบค ถามแรงไม่ได้", "date": "18-02-2019 22:44", "retweet": 0, "like": 0}, {"id": "1097521997502795776", "url": "https://twitter.com/jenpasit/status/1097521997502795776", "username": "", "text": "สรุป #ทุบประเด็น ดีเบตลากยาวถึง 5 ทุ่ม งดออกซีรีส์หนึ่งตอนไป #ยามเฝ้าจอ #BrightTV20 #เลือกตั้ง62 pic.twitter.com/22wesiecor", "date": "18-02-2019 22:43", "retweet": 10, "like": 3}, {"id": "1097521221896331264", "url": "https://twitter.com/jenpasit/status/1097521221896331264", "username": "", "text": "โอ้วช่อง #BrightTV20 ลากยาวรายการ #ทุบประเด็น ที่เปิดให้ตัวแทนแต่ละพรรคมาดีเบต #เลือกตั้ง62 ตั้งแต่ 2 ทุ่มแล้ว ตอนนี้สี่ทุ่มครึ่ง รายการยังดำเนินต่อไป... #ยามเฝ้าจอ pic.twitter.com/jC2tbHjOvI", "date": "18-02-2019 22:40", "retweet": 16, "like": 9}, {"id": "1097512724261556225", "url": "https://twitter.com/jenpasit/status/1097512724261556225", "username": "", "text": "#ยามเฝ้าจอ #ThaiPBS https:// twitter.com/thaipbs/status /1097511345048768512 …", "date": "18-02-2019 22:06", "retweet": 2, "like": 2}, {"id": "1097510107477209088", "url": "https://twitter.com/jenpasit/status/1097510107477209088", "username": "", "text": "ครม.ไฟเขียว ร่างเงินทดรองจ่าย รักษาความมั่นคงประเทศ ร้อยล้าน ให้อำนาจผบ.ทบ. >> https://www. khaosod.co.th/politics/news_ 2224633 … <<", "date": "18-02-2019 21:56", "retweet": 47, "like": 13}, {"id": "1097498088015417346", "url": "https://twitter.com/jenpasit/status/1097498088015417346", "username": "", "text": "สองรายการดังที่กำลังออกอากาศอย่าง #TheVoiceTH ทาง #PPTVHD36 และ #TheRapper2 ทาง #Workpoint แทรกขึ้นมาใน Twitter Trend ชั่วขณะ หลังจากตลอดทั้งวันประเด็น #หนักแผ่นดิน ร้อนแรงขึ้นมาตลอดวันนี้ #ยามเฝ้าจอ #สื่อใหม่ #NewMedia pic.twitter.com/bp15ChatxQ", "date": "18-02-2019 21:08", "retweet": 11, "like": 8}, {"id": "1097464047107158017", "url": "https://twitter.com/jenpasit/status/1097464047107158017", "username": "", "text": "พล.อ.อภิรัชต์น็อตหลุด #หนักแผ่นดิน ครั้งเดียว ประชาชนไปขุดเรื่อง 6 ตุลา, รสช., ทรัพย์สิน พล.อ.สุนทร และพฤษภา 35 มาครบเลยครับ อิอิ ขอบคุณแกจริงๆ", "date": "18-02-2019 18:53", "retweet": 3933, "like": 788}, {"id": "1097455896223932416", "url": "https://twitter.com/jenpasit/status/1097455896223932416", "username": "", "text": "“สร้างชื่อแทบตาย นายทำพัง” - มิตรสหายท่านหนึ่ง", "date": "18-02-2019 18:20", "retweet": 3, "like": 0}, {"id": "1097428128157351942", "url": "https://twitter.com/jenpasit/status/1097428128157351942", "username": "", "text": "Thanks for following me on Twitter. Check out my Facebook Page ( http:// fb.com/mekzcnt ) to see what I'm up to!", "date": "18-02-2019 16:30", "retweet": 0, "like": 0}, {"id": "1097425613453840384", "url": "https://twitter.com/jenpasit/status/1097425613453840384", "username": "", "text": "ชวนโหวตเพลงฮิตในตอนนี้ ระหว่าง #หนักแผ่นดิน vs #ประเทศกูมี", "date": "18-02-2019 16:20", "retweet": 2, "like": 2}, {"id": "1097424644330610688", "url": "https://twitter.com/jenpasit/status/1097424644330610688", "username": "", "text": "รัฐวิสาหกิจของประเทศอินโดนีเซียลงทุนด้วยเงิน 80 ล้านเหรียญสหรัฐฯ เพื่อเปิดตัวบริการชำระเงินผ่านมือถือแบบครบวงจร ท้าทายการครอบงำจากรายใหญ่ในอินโดฯ อย่าง Go-Pay (จาก Go-Jek) และ OVO https://www. dealstreetasia.com/stories/indone sia-state-firms-payments-121706/ …", "date": "18-02-2019 16:16", "retweet": 0, "like": 0}, {"id": "1097413339150352385", "url": "https://twitter.com/jenpasit/status/1097413339150352385", "username": "", "text": "“ #วัยแสบสาแหรกขาดโครงการ2 ” เสริมทีมครู ช่วยแก้ไขปัญหาวัยรุ่น >> http://www. ch3thailand.com/news/scoop/128 97 … << #ยามเฝ้าจอ #3HD #Ch3Thailand #วัยแสบสาแหรกขาด2", "date": "18-02-2019 15:31", "retweet": 4, "like": 1}, {"id": "1097413126318743552", "url": "https://twitter.com/jenpasit/status/1097413126318743552", "username": "", "text": "ช่อง 3 เผยละครน้ำดีอย่าง #วัยแสบสาแหรกขาด เตรียมกลับมาอีกครั้งในชื่อ “ #วัยแสบสาแหรกขาดโครงการ2 ” ดู Trailer ได้ที่นี่ >> https://www. youtube.com/watch?v=6vwc44 w8TUA … . #ยามเฝ้าจอ #3HD #Ch3Thailand #วัยแสบสาแหรกขาด2 pic.twitter.com/bcyIeyvPtE", "date": "18-02-2019 15:30", "retweet": 7, "like": 3}, {"id": "1097405330755973120", "url": "https://twitter.com/jenpasit/status/1097405330755973120", "username": "", "text": "“ทนายเสื้อแดง” ขู่ชนะจะปลด “บิ๊กแดง” สามัญชนลั่นยุบ กอ.รมน. “สุณัย” สวนเผด็จการปล้นอำนาจคือหนักแผ่นดิน >> http:// news1live.com/detail.aspx?Ne wsID=9620000017002 … <<", "date": "18-02-2019 14:59", "retweet": 0, "like": 0}, {"id": "1097405137515995136", "url": "https://twitter.com/jenpasit/status/1097405137515995136", "username": "", "text": "ข่าวปนคน คนปนข่าว - พรรคใจไว้ที่เธอ!! รวมดาวสาวฮอต! ส่องนางฟ้าสนามเลือกตั้ง ไม่ใช่แค่สวย-หน้าตาดี - เทอร์มินอลป่าแหว่ง สุวรรณภูมิ ดิ้นอีกเฮือก ทอท. จะชงเข้าบอร์ดพุธนี้ - ปฏิบัติการจิตวิทยา!!ลุงตู่ หอบหิ้ว บิ๊กป้อม-บิ๊กป๊อก ลงพื้นที่ชิงสยบ แผนเสี้ยม >> http:// news1live.com/detail.aspx?Ne wsID=9620000016884 … <<", "date": "18-02-2019 14:59", "retweet": 0, "like": 0}, {"id": "1097398489426751488", "url": "https://twitter.com/jenpasit/status/1097398489426751488", "username": "", "text": "#แปะแบะ || The influencer’s tool kit on iOS https:// itunes.apple.com/th/story/id140 9872030 …", "date": "18-02-2019 14:32", "retweet": 0, "like": 0}, {"id": "1097358340542279681", "url": "https://twitter.com/jenpasit/status/1097358340542279681", "username": "", "text": "#เลือกตั้ง #เลือกตั้ง62 #เลือกตั้งปี62 #เลือกตั้ง2562 https:// twitter.com/springnews_tv/ status/1092383024862253058 …", "date": "18-02-2019 11:53", "retweet": 0, "like": 0}, {"id": "1097352162722557952", "url": "https://twitter.com/jenpasit/status/1097352162722557952", "username": "", "text": "#ยามเฝ้าจอ #จอต่างประเทศ #ทีวีต่างประเทศ https:// twitter.com/daratv/status/ 1097351557606105089 …", "date": "18-02-2019 11:28", "retweet": 0, "like": 0}]