[{"id": "1099280727743418368", "url": "https://twitter.com/jj16bit/status/1099280727743418368", "username": "", "text": "\"ไม่ต้องปรบมือครับ ไม่แปลกเลยครับเพราะประเทศที่พัฒนาแล้วเขาทำกันหมดแล้ว \"-ธนาธรพูดการลดกิจกรรมที่ไม่ก่อให้เกิดมูลค่าเพิ่มทางการเกษตรโดยใช้เทคโนโลยี #อนาคตใหม่ #พรรคอนาคตใหม่ #ฟ้ารักพ่อ #futurista #Savethanathorn", "date": "23-02-2019 19:12", "retweet": 26, "like": 21}, {"id": "1099221403633500160", "url": "https://twitter.com/jj16bit/status/1099221403633500160", "username": "", "text": "อันนี้ไม่รู้ว่าในทวิตภพ อฟช อัพไปรึยัง เป็นภารกิจหลักสำหรับการสังเกตการณ์เลือกตั้ง ของ #futurista ไปลงทะเบียนกันได้ตามQR code ในภาพ #พรรคอนาคตใหม่ #ฟ้ารักพ่อ #Saverthanathorn #เลือกตั้ง62 เครดิต เพจพรรคอนาคตใหม่ในfacebook pic.twitter.com/OoKSctZGE9", "date": "23-02-2019 15:16", "retweet": 9, "like": 5}, {"id": "1099205022296887296", "url": "https://twitter.com/jj16bit/status/1099205022296887296", "username": "", "text": "เคๆตามนั้นขอบคุณมากที่จอดรถ7-11 #พรรคอนาคตใหม่ #อนาคตใหม่ #ฟ้ารักพ่อ #เลือกตั้ง62 #futurista #ทีมอนาคตใหม่ #Savethanathorn pic.twitter.com/7i9cWdNPVN", "date": "23-02-2019 14:11", "retweet": 6, "like": 8}, {"id": "1098944115402633216", "url": "https://twitter.com/jj16bit/status/1098944115402633216", "username": "", "text": "ฟ้ารักช่อ", "date": "22-02-2019 20:54", "retweet": 0, "like": 1}, {"id": "1098939102240530437", "url": "https://twitter.com/jj16bit/status/1098939102240530437", "username": "", "text": "ธนาธร :ถ้าแพ้ก็คงอยู่กับลุงไปอีก8ปี คนฟัง: //โห่ร้องโวยวาย ธนาธร : อย่าโห่ ! ไปโหวต! #อนาคตใหม่ #พรรคอนาคตใหม่ #ฟ้ารักพ่อ #futurista #เลือกตั้ง62", "date": "22-02-2019 20:34", "retweet": 997, "like": 329}, {"id": "1098937323645882368", "url": "https://twitter.com/jj16bit/status/1098937323645882368", "username": "", "text": "ติดแท็กใหม่ได้เลยมั้ย #futurista ด้อมใหม่สำหรับmonitor #เลือกตั้ง62 #อนาคตใหม่ #ฟ้ารักพ่อ", "date": "22-02-2019 20:27", "retweet": 28, "like": 16}, {"id": "1098929493798924288", "url": "https://twitter.com/jj16bit/status/1098929493798924288", "username": "", "text": "สามเหลี่ยมอนาคตใหม่ กาได้ทุกที่ ทุกเขต ทั่วประเทศไทย #พรรคอนาคตใหม่ #อนาคตใหม่ #savetanathorn #ฟ้ารักพ่อ #เลือกตั้ง62 \\7", "date": "22-02-2019 19:56", "retweet": 4, "like": 4}, {"id": "1098922110754336769", "url": "https://twitter.com/jj16bit/status/1098922110754336769", "username": "", "text": "@RangsimanRome ปราศรัยได้ยินเสียงรถหวอมา ใจหายนิดๆ นึกว่าเกมอีกแล้ว #พรรคอนาคตใหม่ #อนาคตใหม่ #ฟ้ารักพ่อ #savethanaton #เลือกตั้ง62 pic.twitter.com/nrLjd9ikBB", "date": "22-02-2019 19:27", "retweet": 9, "like": 7}, {"id": "1098903367026233346", "url": "https://twitter.com/jj16bit/status/1098903367026233346", "username": "", "text": "มาจอยกันได้ ลานข้างโลตัสรังสิต ตรงข้ามฟิว #อนาคตใหม่ #Saverthanathorn #Savethanatorn #เลือกตั้ง62 \\7 pic.twitter.com/DrAlDYCLHd", "date": "22-02-2019 18:12", "retweet": 9, "like": 9}, {"id": "1098801954401091589", "url": "https://twitter.com/jj16bit/status/1098801954401091589", "username": "", "text": "คิดว่าความเป็นติ่งในการเมืองมันมีนานแล้ว แต่แค่การกระจายบนแพลตฟอร์มใหม่มันมีมากขึ้น", "date": "22-02-2019 11:29", "retweet": 0, "like": 0}, {"id": "1098649989385904128", "url": "https://twitter.com/jj16bit/status/1098649989385904128", "username": "", "text": "ไปหาคนตาโตแปปนี้มาจากไหน", "date": "22-02-2019 01:25", "retweet": 0, "like": 0}, {"id": "1098645712735092736", "url": "https://twitter.com/jj16bit/status/1098645712735092736", "username": "", "text": "บ้านร่มเกล้าก็มา #เจาะข่าวตื้น", "date": "22-02-2019 01:08", "retweet": 30, "like": 43}, {"id": "1098613571087290368", "url": "https://twitter.com/jj16bit/status/1098613571087290368", "username": "", "text": "เจอข่าวนี้สำหรับเคสนี้นี่ไปไม่ถูกเลยฮะ #อนาคตไหม่ #เลือกตั้ง62 #Saverthanathorn #saveอนาคตใหม่ เดินเกมด้วยความรอบคอบนะครับทุกโคนนนน pic.twitter.com/hiuqEqlc9A", "date": "21-02-2019 23:01", "retweet": 2, "like": 2}, {"id": "1098586824346198017", "url": "https://twitter.com/jj16bit/status/1098586824346198017", "username": "", "text": "ปลายเดือนนี้ #อนาคตใหม่ จะเปิดนโยบายที่จะทำภายใน99วันแรก คูล !!!//me ปูเสื่อ อยากเห็นพ่อมาพูดให้ฟัง ถ้าไม่ถูกฝากขังก่อนนะ #Savethanatorn #ฟ้ารักพ่อ #เลือกตั้ง62", "date": "21-02-2019 21:14", "retweet": 24, "like": 21}, {"id": "1098047287278723072", "url": "https://twitter.com/jj16bit/status/1098047287278723072", "username": "", "text": "ย้ายรัง - Solitude is bliss", "date": "20-02-2019 09:30", "retweet": 0, "like": 0}, {"id": "1097706484312432640", "url": "https://twitter.com/jj16bit/status/1097706484312432640", "username": "", "text": "ผมเคยฟังจอนวิญญูตอบเรื่องนี้ จอนตอบว่า\"อ๋อแต่งหลังท้องครับ\"", "date": "19-02-2019 10:56", "retweet": 0, "like": 0}, {"id": "1097516349633396736", "url": "https://twitter.com/jj16bit/status/1097516349633396736", "username": "", "text": "ปรากฏว่าหักมุม พรรคประชาชนปฏิรูปกวาดสส.ได้เกินครึ่งจัดตั้งรัฐบาลโดยมีลุงไพบูลย์นั่งนายก #หักมุม #เลือกตั้ง62 #มาโนชมึงอีกเอาอีกแล้วหรอ", "date": "18-02-2019 22:21", "retweet": 5, "like": 0}, {"id": "1097508523653492741", "url": "https://twitter.com/jj16bit/status/1097508523653492741", "username": "", "text": "พอไม่เป็นสัญลักษณ์ลงมาอยู่ในการเมืองก็ไม่ได้อีก เอ๊ะยังไง", "date": "18-02-2019 21:49", "retweet": 0, "like": 0}, {"id": "1097475048963661825", "url": "https://twitter.com/jj16bit/status/1097475048963661825", "username": "", "text": "ขอยาดเจ้าของโพสนะครัช #ประเทศกูมี #เลือกตั้ง62 #หนักแผ่นดิน pic.twitter.com/WWMS2TU9gr", "date": "18-02-2019 19:36", "retweet": 370, "like": 156}, {"id": "1097428908582924288", "url": "https://twitter.com/jj16bit/status/1097428908582924288", "username": "", "text": "“เหยียดคนไทยเป็นทาสของมัน” เอ....ประโยคนี้มันทะแม่งๆนะ #หนักแผ่นดิน", "date": "18-02-2019 16:33", "retweet": 0, "like": 1}, {"id": "1097416803473547264", "url": "https://twitter.com/jj16bit/status/1097416803473547264", "username": "", "text": "ขอเฮนชั่วคราว", "date": "18-02-2019 15:45", "retweet": 0, "like": 0}, {"id": "1097416756136574976", "url": "https://twitter.com/jj16bit/status/1097416756136574976", "username": "", "text": "เป็นฟ้า(ผู้)ชาย", "date": "18-02-2019 15:45", "retweet": 0, "like": 0}, {"id": "1097413295919685633", "url": "https://twitter.com/jj16bit/status/1097413295919685633", "username": "", "text": "หนูว้อท?", "date": "18-02-2019 15:31", "retweet": 0, "like": 0}, {"id": "1097412539271368704", "url": "https://twitter.com/jj16bit/status/1097412539271368704", "username": "", "text": "มีลุงป้อมมาช่วยแชร์ดาเมจเฉยเลย เสียดายลุงตู่ไม่รับมุก #หนักแผ่นดิน", "date": "18-02-2019 15:28", "retweet": 0, "like": 0}, {"id": "1097411479098126336", "url": "https://twitter.com/jj16bit/status/1097411479098126336", "username": "", "text": "แม่ยาย", "date": "18-02-2019 15:24", "retweet": 0, "like": 1}, {"id": "1097410504350359552", "url": "https://twitter.com/jj16bit/status/1097410504350359552", "username": "", "text": "กอบโกยไง กอบบโกยยย", "date": "18-02-2019 15:20", "retweet": 0, "like": 1}, {"id": "1097410203375423489", "url": "https://twitter.com/jj16bit/status/1097410203375423489", "username": "", "text": "เป็นคนอ้วนก็ผิด ขอโทษนะแดง #หนักแผ่นดิน", "date": "18-02-2019 15:19", "retweet": 1, "like": 1}]