[{"id": "1097493254650515458", "url": "https://twitter.com/jjafdal/status/1097493254650515458", "username": "", "text": "ตอนเรียนมัธยม อาจารย์สอนดนตรีไทยให้การบ้านว่าให้ยกตัวอย่างเพลงไทยเดิมมา เลยตอบไปว่า #หนักแผ่นดิน แล้วโดนหักคะแนน 5555 คิดว่าตอนนี้อาจารย์คงรู้จักเพลงนี้แล้วนะ ผ่านมาหลายปียังจำเรื่องนี้ขึ้นใจเลย ปล.แต่มันก็คงไม่ใช่เพลงไทยเดิมแหละ", "date": "18-02-2019 20:49", "retweet": 0, "like": 3}, {"id": "1097484349983739905", "url": "https://twitter.com/jjafdal/status/1097484349983739905", "username": "", "text": "ประเด็นนี้น่าสนใจครับ วัยรุ่นกับยาเสพติด", "date": "18-02-2019 20:13", "retweet": 0, "like": 0}, {"id": "1097483765427798017", "url": "https://twitter.com/jjafdal/status/1097483765427798017", "username": "", "text": "เป็นความเห็นที่ดีครับ", "date": "18-02-2019 20:11", "retweet": 0, "like": 0}, {"id": "1097478164173926401", "url": "https://twitter.com/jjafdal/status/1097478164173926401", "username": "", "text": "จริง ๆ แล้วโดยส่วนตัวคิดว่าแต่ละท่านก็ตอบคำถามได้ดี แต่จุดประสงค์หลักของผมเพียงแค่อยากรู้ว่าใครจะมีความกระตือรือล้นในการตอบปัญหาและพร้อมที่จะให้บริการประชาชน โดยเฉพาะคนรุ่นใหม่ที่สื่อโซเชียลมีเดียมีอิทธิพลมาก แต่ก็ถือว่าน่าพอใจครับที่ทั้ง 4 ท่านตั้งใจที่จะตอบกลับมา", "date": "18-02-2019 19:49", "retweet": 191, "like": 45}, {"id": "1097453417092472832", "url": "https://twitter.com/jjafdal/status/1097453417092472832", "username": "", "text": "pic.twitter.com/gJ1UBu8LUE", "date": "18-02-2019 18:10", "retweet": 998, "like": 84}, {"id": "1097449007440310272", "url": "https://twitter.com/jjafdal/status/1097449007440310272", "username": "", "text": "ตอนนี้ตอบแล้วนะครับ pic.twitter.com/bV3FLDCwkt", "date": "18-02-2019 17:53", "retweet": 0, "like": 1}, {"id": "1097448138141360129", "url": "https://twitter.com/jjafdal/status/1097448138141360129", "username": "", "text": "ตอนนี้พรรคเพื่อไทย คนสุดท้าย ตอบเข้ามาแล้วนะครับ pic.twitter.com/rt5sz2qdvk", "date": "18-02-2019 17:50", "retweet": 1651, "like": 112}, {"id": "1097447383187709952", "url": "https://twitter.com/jjafdal/status/1097447383187709952", "username": "", "text": "เบอร์ 2 ครับ", "date": "18-02-2019 17:47", "retweet": 0, "like": 0}, {"id": "1097414763410116608", "url": "https://twitter.com/jjafdal/status/1097414763410116608", "username": "", "text": "#อนาคตใหม่ ยังตอบมาเพิ่มนะครับ pic.twitter.com/jduPnsbAVw", "date": "18-02-2019 15:37", "retweet": 5411, "like": 755}, {"id": "1097408736728178688", "url": "https://twitter.com/jjafdal/status/1097408736728178688", "username": "", "text": "พรรคเพื่อไทยครับ ท่านอ่านแล้วแต่ยังไม่ตอบ อาจจะกำลังพิมพ์อยู่ก็ได้ เดี๋ยวยังไงถ้าพรุ่งนี้ถ้ายังไม่ตอบ จะมาบอกอีกทีครับ", "date": "18-02-2019 15:13", "retweet": 70, "like": 23}, {"id": "1097400112525934592", "url": "https://twitter.com/jjafdal/status/1097400112525934592", "username": "", "text": "https:// m.facebook.com/story.php?stor y_fbid=2011454482305271&id=100003222170479 …", "date": "18-02-2019 14:39", "retweet": 2, "like": 1}, {"id": "1097387311245869056", "url": "https://twitter.com/jjafdal/status/1097387311245869056", "username": "", "text": "คิดว่าพิมพ์สดเหมือนกันครับ เพราะเค้าอ่านแล้วหายไปสักพัก แล้วค่อยมาตอบใหม่", "date": "18-02-2019 13:48", "retweet": 1037, "like": 192}, {"id": "1097387146271313920", "url": "https://twitter.com/jjafdal/status/1097387146271313920", "username": "", "text": "ไม่ใช่ครับ ผมเห็นในเฟสเหมือนกันของเขตพระโขนง เลยอยากรู้ความเห็นของผู้สมัครเขตมีนบุรีบ้างครับ", "date": "18-02-2019 13:47", "retweet": 244, "like": 62}, {"id": "1097381366075813890", "url": "https://twitter.com/jjafdal/status/1097381366075813890", "username": "", "text": "ตอนแรกคิดว่าอ่านแล้วไม่ตอบเพราะหายไปนาน แต่อีกชั่วโมงต่อมา ตอบมายาวเลย ช็อคมากครับ 5555", "date": "18-02-2019 13:24", "retweet": 1914, "like": 282}, {"id": "1097379962049314818", "url": "https://twitter.com/jjafdal/status/1097379962049314818", "username": "", "text": "วันนี้ลองถามคำถามเดียวกันกับ 4 พรรคใหญ่ๆในเขตมีนบุรี แล้วได้คำตอบมาดังในภาพ แต่มีพรรคนึงยังไม่อ่าน รอเค้าตอบละจะมาให้ดู #เลือกตั้ง62 #หนักแผ่นดิน #อนาคตใหม่ #พลังประชารัฐ #ประชาธิปัตย์ #เพื่อไทย pic.twitter.com/qHSGOWjXsC", "date": "18-02-2019 13:19", "retweet": 26207, "like": 3543}]