[{"id": "1098968625174573058", "url": "https://twitter.com/JubuBKK/status/1098968625174573058", "username": "", "text": "อิหยังวะ ออกมาบอกว่าจำผิดพลาดแค่เนี๊ยะ??? https:// prachatai.com/journal/2019/0 2/81160 …", "date": "22-02-2019 22:31", "retweet": 0, "like": 0}, {"id": "1098965570911760384", "url": "https://twitter.com/JubuBKK/status/1098965570911760384", "username": "", "text": "คนที่ชอบดูข่าว TNEWS แต่ไม่ชอบประยุทธ์ เขาน่าจะถูกจัดอยู่ในประเภทใด", "date": "22-02-2019 22:19", "retweet": 0, "like": 0}, {"id": "1098916312737210369", "url": "https://twitter.com/JubuBKK/status/1098916312737210369", "username": "", "text": "พอย้ายมาอยู่แถวนนทบุรีแล้วได้กินอาหารเหนือบ่อยมาก มีร้านประจำในตลาดขายฮังเลถุงละ 40 บาท อาหารอื่นๆ เช่น ลาบคั่ว แกงขนุน แกงแค ฯลฯ ถุงละ 30 บาทเท่านั้น ที่สำคัญคืออร่อยที่สุดเท่าที่เราเคยกินในกรุงเทพและปริมณฑล อยากกราบแม่ค้า", "date": "22-02-2019 19:04", "retweet": 0, "like": 0}, {"id": "1098860666373328896", "url": "https://twitter.com/JubuBKK/status/1098860666373328896", "username": "", "text": "เคยได้อาหารเหนือฟรีจากร้านกาดสันคะยอม @Kadsankayorm ค่ะ", "date": "22-02-2019 15:22", "retweet": 0, "like": 0}, {"id": "1098817130093375489", "url": "https://twitter.com/JubuBKK/status/1098817130093375489", "username": "", "text": "แต่กินข้าวบนรถนี่วาระแห่งชาติขนาดนั้นเลยเหรอวะ เหมือนชมดาราที่ต่อแถวอ่ะ ใครๆ เขาก็ทำกันไหม #ตื่นค่ะ", "date": "22-02-2019 12:29", "retweet": 0, "like": 1}, {"id": "1098813676906151937", "url": "https://twitter.com/JubuBKK/status/1098813676906151937", "username": "", "text": "พวกที่ใต้อุ้งตีนเผด็จการแล้วเห็นเผด็จการดีกว่าประชาธิปไตย = พวกไม่เห็นโลงศพไม่หลั่งน้ำตา", "date": "22-02-2019 12:16", "retweet": 0, "like": 0}, {"id": "1098750971277074432", "url": "https://twitter.com/JubuBKK/status/1098750971277074432", "username": "", "text": "ทำไมคนไทยบางคนต้องคิดว่า โกงก็ไม่เป็นไรขอแค่เขาเข้ามาพัฒนาประเทศก็พอ การพัฒนาประเทศเป็น \"หน้าที่\" ของผู้ที่เป็นผู้บริหารประเทศ เขาก็ได้ค่าตอบแทนเป็นเงินเดือนและเงินประจำตำแหน่ง ไม่ใช่ผลประโยชน์นอกกฎหมาย การพัฒนาประเทศไม่ได้สร้างความชอบธรรมในการโกงประเทศชาติ/โกงกินภาษีของประชาชน", "date": "22-02-2019 08:07", "retweet": 0, "like": 0}, {"id": "1098746762313924610", "url": "https://twitter.com/JubuBKK/status/1098746762313924610", "username": "", "text": "อีกอย่างที่เห็นได้ชัดคือการตกแต่งร้าน เช่น ร้านอาหารขายมาแต่รุ่นพ่อแต่ไม่เคยรีโนเวทร้านเลยปล่อยให้ดูเก่าดูโทรม ถึงจะเคยขายดีแค่ไหนก็ลำบาก (เว้นแต่จะอร่อยจริงๆ) เดี๋ยวนี้คนชอบถ่ายรูปอาหารแล้วโพสต์ลงโซเชียล รูปลักษณ์เป็นสิ่งที่ดึงดูดให้ลูกค้าเข้าร้าน รสชาติเป็นสิ่งที่ทำให้กลับมาอีก", "date": "22-02-2019 07:50", "retweet": 0, "like": 0}, {"id": "1098746759830859776", "url": "https://twitter.com/JubuBKK/status/1098746759830859776", "username": "", "text": "เอาง่ายๆ แค่ทำเล สมัยก่อนร้านไหนอยู่ติดถนนคือทำเลดีมาก เดี๋ยวนี้ร้านริมถนนไม่ใช่จะขายดีทุกร้าน ถ้าไม่มีที่จอดรถก็จบ แทบไม่มีลูกค้า", "date": "22-02-2019 07:50", "retweet": 0, "like": 0}, {"id": "1098746757159170048", "url": "https://twitter.com/JubuBKK/status/1098746757159170048", "username": "", "text": "ธรรมชาติของธุรกิจ คือ มันต้องมีการเปลี่ยนแปลงตลอดเวลา หากธุรกิจไหนไม่ปรับตัวไม่เปลี่ยนแปลงก็ยากที่จะอยู่รอด ไม่ว่าคุณจะเคยประสบความสำเร็จแค่ไหนมาก่อนในรุ่นพ่อแม่หรือรุ่นปู่ย่าตายาย ถ้าไม่พัฒนาให้ทันยุค สุดท้ายก็จะอยู่ไม่ได้", "date": "22-02-2019 07:50", "retweet": 0, "like": 0}, {"id": "1098608718474813440", "url": "https://twitter.com/JubuBKK/status/1098608718474813440", "username": "", "text": "ปกติเราไม่ชอบดูทีวี ตอนเห็นคนนั้นคนนี้ทวิตว่าเนชั่นไร้จรรยาบรรณเป็นสื่อเสี้ยมออกข่าวไม่เป็นกลาง ก็ยังไม่เชื่อนะ จนกระทั่งกดเข้าไปดู @nnanews แล้วเลื่อนดูแต่ละข่าวที่ทวิตแล้วก็คือ... หมดคำจะพูด #savethanathon #savethanathorn #Savethanatorn", "date": "21-02-2019 22:41", "retweet": 6, "like": 2}, {"id": "1098589476530544641", "url": "https://twitter.com/JubuBKK/status/1098589476530544641", "username": "", "text": "You are our PM candidate. You are Thai people's choice. You are our best choice. We support you, Thanathorn. #savethanathon pic.twitter.com/7m9ld0O3UR", "date": "21-02-2019 21:25", "retweet": 5, "like": 3}, {"id": "1098588688617943045", "url": "https://twitter.com/JubuBKK/status/1098588688617943045", "username": "", "text": "The new political ideology has been lightened up in Thai people's heart. Even if you dictators succesfully charge innocent Thanathorn, we'll never surrender. You may have power now, but one day you'll fall from your iron throne & crumble under the feet of democracy #savethanathon pic.twitter.com/IRrmg32Fd8", "date": "21-02-2019 21:22", "retweet": 21, "like": 10}, {"id": "1098568232762363904", "url": "https://twitter.com/JubuBKK/status/1098568232762363904", "username": "", "text": "ที่ไม่ไปรับน้องเพราะมีการว้ากน้องนี่แหละ เคยไปแค่ตอนปี 1 ที่เป็นปีถูกรับ และปี 2 ที่เป็นปีจัด หลังจากนั้นกูไม่ไปเลยจ้า", "date": "21-02-2019 20:00", "retweet": 0, "like": 0}, {"id": "1098553696898605057", "url": "https://twitter.com/JubuBKK/status/1098553696898605057", "username": "", "text": "เหนื่อยกับชีวิตแต่ห่วงคนข้างหลัง บางครั้งก็รู้สึกอยากจะทำประกันชีวิตสักสิบล้านแล้วรอให้ครบ 1 ปี จะได้จบๆ ไป", "date": "21-02-2019 19:03", "retweet": 0, "like": 0}, {"id": "1098531205522157568", "url": "https://twitter.com/JubuBKK/status/1098531205522157568", "username": "", "text": "pic.twitter.com/40csZsmEa5", "date": "21-02-2019 17:33", "retweet": 0, "like": 0}, {"id": "1098525913392660480", "url": "https://twitter.com/JubuBKK/status/1098525913392660480", "username": "", "text": "ขอสอบถามหน่อยค่ะ การลบแฮชแท็กต้องกดรีพอร์ทเหรอคะหรือเขาลบกันอย่างไร เป็นงงมากลบได้ลบดี #savethanathon", "date": "21-02-2019 17:12", "retweet": 1, "like": 2}, {"id": "1098525530813390849", "url": "https://twitter.com/JubuBKK/status/1098525530813390849", "username": "", "text": "ทวิตคุณตอบคำถามเราเลย น้ำตาจะไหล เมื่อกี้เพิ่งทวิตถามไปว่ามันลบแท็กง่ายขนาดนั่นเลยเหรอ เป็นงง คือเราคิดว่าลุงตู่และพรรคพวกคงไม่ไฮเทคขนาดมาลบแท็กทวิต #savethanathon", "date": "21-02-2019 17:11", "retweet": 36, "like": 29}, {"id": "1098524745631318016", "url": "https://twitter.com/JubuBKK/status/1098524745631318016", "username": "", "text": "ถามจริงๆ นะเราสงสัยว่าเขาลบแท็กกันยังไง ต้องกดรีพอร์ตหรือฟ้องทวิตเตอร์หรือยังไง มันลบง่ายขนาดนั้นเลยเหรอเห็นลบเอาๆ #savethanathon", "date": "21-02-2019 17:08", "retweet": 4, "like": 0}, {"id": "1098455335050702849", "url": "https://twitter.com/JubuBKK/status/1098455335050702849", "username": "", "text": "ถ้าแม่งลบ #SaveThanatorn อีก เดี๋ยวต้องตั้ง #SaveDemocracy ละมั้ง", "date": "21-02-2019 12:32", "retweet": 4, "like": 1}, {"id": "1098454778663690240", "url": "https://twitter.com/JubuBKK/status/1098454778663690240", "username": "", "text": "เมื่อวานเราสภาพนั้นเหมือนกันค่ะ ติดแค่ว่าวันนี้เรายุ่งเรื่องงานเลยมาช่วยปั่นไม่ได้ #savethanatorn", "date": "21-02-2019 12:30", "retweet": 6, "like": 1}, {"id": "1098453533647548416", "url": "https://twitter.com/JubuBKK/status/1098453533647548416", "username": "", "text": "โกรธพวกที่หาว่าแท็ก #Savethanathorn กับ #Savethanatorn ใช้บอทปั่น บอทพ่อมึงเรอะไอสัส พวกกูรีจนนิ้วหงิกตั้งแต่เมื่อวาน ควั๊ย", "date": "21-02-2019 12:25", "retweet": 20, "like": 16}, {"id": "1098409703573401600", "url": "https://twitter.com/JubuBKK/status/1098409703573401600", "username": "", "text": "ถามจริงจังนะ ถ้ามีคนบ้าอำนาจทำรัฐประหารขึ้นมาอีกแต่ประชาชนไม่ยอมอีกต่อไปแล้วนี่สามารถทำอะไรได้บ้าง มีอารยะขัดขืนที่ไม่ต้องเสียเลือดเสียเนื้ออะไรบ้าง? #savethanatorn", "date": "21-02-2019 09:30", "retweet": 5, "like": 0}, {"id": "1098408800539762689", "url": "https://twitter.com/JubuBKK/status/1098408800539762689", "username": "", "text": "สถานการณ์บ้านเมืองปัจจุบันทำให้คิดถึง #ประชาธิปไตยบนเส้นขนาน นวนิยายที่บอกเล่าเส้นทางการเมืองไทยตั้งแต่ 2475-2535 (พฤษภาทมิฬ) หนังสือเล่มนี้ได้รางวัลซีไรท์ปี 2540 ปกนี้สื่อความหมายให้เข้าใจว่าประชาธิปไตยเป็นเพียงหมากตัวหนึ่งบนกระดานเท่านั้นเอง #savethanatorn #อนาคตใหม่ #ฟ้ารักพ่อ pic.twitter.com/OOJchDOYcC", "date": "21-02-2019 09:27", "retweet": 16, "like": 7}, {"id": "1098260956465922048", "url": "https://twitter.com/JubuBKK/status/1098260956465922048", "username": "", "text": "เล่นงานคุณหญิงสุดารัตน์กับธนาธรไปแล้ว ดูทรงแล้วเดี๋ยวคงไปขัดขาชัชชาติกับเสรีพิสุทธ์ต่อ พวกขี้ขลาดนี่มันขี้ขลาดจริงๆ #Savethanathorn", "date": "20-02-2019 23:39", "retweet": 3, "like": 6}, {"id": "1098259714561826816", "url": "https://twitter.com/JubuBKK/status/1098259714561826816", "username": "", "text": "คนไทยสิ้นหวังกับ กกต. และตุลาการศาลรัฐธรรมนูญไปแล้ว อย่าให้ต้องสิ้นหวังกับอัยการและผู้พิพากษาศาลอาญาอีกเลย #Savethanathorn", "date": "20-02-2019 23:34", "retweet": 7, "like": 4}, {"id": "1098258061544706055", "url": "https://twitter.com/JubuBKK/status/1098258061544706055", "username": "", "text": "It's time to bring zero tolerance to Thailand's dictatorship. It's time to save democracy. It's time to #Savethanathorn !!!", "date": "20-02-2019 23:28", "retweet": 5, "like": 2}, {"id": "1098240998528868353", "url": "https://twitter.com/JubuBKK/status/1098240998528868353", "username": "", "text": "อ้าวเวรกรรม แท็กหลุดเทรนด์ไปแล้ว #Savethanathorn", "date": "20-02-2019 22:20", "retweet": 1, "like": 0}, {"id": "1098240022078050304", "url": "https://twitter.com/JubuBKK/status/1098240022078050304", "username": "", "text": "ธนาธรไม่ใช่ตัวบุคคล แต่คืออุดมการณ์ในผู้คน #Savethanathorn pic.twitter.com/yn62ERQaEm", "date": "20-02-2019 22:16", "retweet": 36, "like": 21}, {"id": "1098239610050605056", "url": "https://twitter.com/JubuBKK/status/1098239610050605056", "username": "", "text": "คงต้องยกเลิกมาตรานั้นก่อนค่ะ ถึงจะมีคนออกมาบอก", "date": "20-02-2019 22:15", "retweet": 0, "like": 0}, {"id": "1098239167044059137", "url": "https://twitter.com/JubuBKK/status/1098239167044059137", "username": "", "text": "สำนักข่าวต่างประเทศเริ่มมาแล้วค่ะ อยากจะประกาศให้โลกรู้ว่าเผด็จการประเทศนี้เล่นสกปรกแค่ไหน #savethanathorn https:// twitter.com/Reuters/status /1098234676739821568 …", "date": "20-02-2019 22:13", "retweet": 18, "like": 9}, {"id": "1098235658181652483", "url": "https://twitter.com/JubuBKK/status/1098235658181652483", "username": "", "text": "You are icon of courage. You are hope of democracy. You are leader of young people. They try to bury us, but they dont know that we are seeds, the seed of democracy #Savethanathorn pic.twitter.com/en4usVK8Dl", "date": "20-02-2019 21:59", "retweet": 39, "like": 17}, {"id": "1098233424672743425", "url": "https://twitter.com/JubuBKK/status/1098233424672743425", "username": "", "text": "#Savethanathorn ยอดทวิตหกแสนกว่าแล้วจ้า มาค่ะมาช่วยกันทวิตให้ถึงล้าน", "date": "20-02-2019 21:50", "retweet": 8, "like": 3}, {"id": "1098231765536169986", "url": "https://twitter.com/JubuBKK/status/1098231765536169986", "username": "", "text": "Ton nee ja hok saen tweets laew kaa #PimThaiMaiDai #Savethanathorn", "date": "20-02-2019 21:43", "retweet": 0, "like": 1}, {"id": "1098230971629858817", "url": "https://twitter.com/JubuBKK/status/1098230971629858817", "username": "", "text": "ตะรางขังคนได้ แต่ตะรางไม่มีวันขังอุดมการณ์ของผู้คนได้ #Savethanathorn", "date": "20-02-2019 21:40", "retweet": 9, "like": 6}, {"id": "1098225276683575296", "url": "https://twitter.com/JubuBKK/status/1098225276683575296", "username": "", "text": "#Savethanathorn หล่นมาอยู่อันดับสองละ pic.twitter.com/9ZlXKwtEB8", "date": "20-02-2019 21:18", "retweet": 2, "like": 2}, {"id": "1098224047094022144", "url": "https://twitter.com/JubuBKK/status/1098224047094022144", "username": "", "text": "คนเห็นคนเป็นคนนั่นแหละคน คนเห็นคนใช่คนใช่คนไม่ กำเนิดคนต้องเป็นคนทุกคนไป จนหรือมีผู้ดีไพร่ไม่พ้นคน - พรานบูรพ์ #Savethanathorn", "date": "20-02-2019 21:13", "retweet": 5, "like": 3}, {"id": "1098219894334664706", "url": "https://twitter.com/JubuBKK/status/1098219894334664706", "username": "", "text": "ยอดทวิตไม่ถึงล้านฟ้าไม่นอน โลกต้องรู้เรื่องนี้ #Savethanathorn", "date": "20-02-2019 20:56", "retweet": 5, "like": 8}, {"id": "1098219214484033536", "url": "https://twitter.com/JubuBKK/status/1098219214484033536", "username": "", "text": "ห้าแสนกว่าแล้วทุกคน นี่ดีใจยิ่งกว่าตอนเทรนด์มารีญาเข้ารอบมิสยูนิเวิร์ส #Savethanathorn pic.twitter.com/jBb9P5JOkI", "date": "20-02-2019 20:53", "retweet": 9, "like": 7}, {"id": "1098218459429650432", "url": "https://twitter.com/JubuBKK/status/1098218459429650432", "username": "", "text": "Prayuth you edok where is my freedom of speech? #Savethanathorn pic.twitter.com/whOjDaix9c", "date": "20-02-2019 20:50", "retweet": 25, "like": 16}, {"id": "1098217673106776065", "url": "https://twitter.com/JubuBKK/status/1098217673106776065", "username": "", "text": "*political war*", "date": "20-02-2019 20:47", "retweet": 0, "like": 0}, {"id": "1098217541992763397", "url": "https://twitter.com/JubuBKK/status/1098217541992763397", "username": "", "text": "Thank you for suggestion ka.", "date": "20-02-2019 20:47", "retweet": 0, "like": 0}, {"id": "1098217277164404737", "url": "https://twitter.com/JubuBKK/status/1098217277164404737", "username": "", "text": "เผด็จการจงออกไป เราต้องการประชาธิปไตย เผด็จการจงออกไป เราต้องการประชาธิปไตย เผด็จการจงออกไป เราต้องการประชาธิปไตย เผด็จการจงออกไป เราต้องการประชาธิปไตย เผด็จการจงออกไป เราต้องการประชาธิปไตย เผด็จการจงออกไป เราต้องการประชาธิปไตย #Savethanathorn", "date": "20-02-2019 20:46", "retweet": 4, "like": 8}, {"id": "1098216439805181953", "url": "https://twitter.com/JubuBKK/status/1098216439805181953", "username": "", "text": "Ariana : \"Thank You, Next\" Me : \"Fuck Tou, Next\" #คสชออกไป #Savethanathorn", "date": "20-02-2019 20:42", "retweet": 1, "like": 1}, {"id": "1098215224652443648", "url": "https://twitter.com/JubuBKK/status/1098215224652443648", "username": "", "text": "For anyone out there who sees #Savethanathorn kindly be informed that there has been a war in Thailand. It is the war between #Democracy VS #Dictatorship . Please support #Democracy in Thailand by Retweeting this hashtag. Thank you", "date": "20-02-2019 20:38", "retweet": 11, "like": 7}, {"id": "1098213396409765894", "url": "https://twitter.com/JubuBKK/status/1098213396409765894", "username": "", "text": "ยอดทวิตจะครึ่งล้านแล้ว ก็มาดิค้าบ #Savethanathorn", "date": "20-02-2019 20:30", "retweet": 6, "like": 7}, {"id": "1098204827102765057", "url": "https://twitter.com/JubuBKK/status/1098204827102765057", "username": "", "text": "#Savethanathorn เป็นหลักฐานชั้นดีว่า คสช. ควรจะต้องกลัว #อนาคตใหม่ มากแค่ไหน", "date": "20-02-2019 19:56", "retweet": 3, "like": 2}, {"id": "1098202274357112832", "url": "https://twitter.com/JubuBKK/status/1098202274357112832", "username": "", "text": "คุณคิดว่า #Savethanathorn จะถึง 1 ล้านทวิตหรือไม่? #อนาคตใหม่ #ฟ้ารักพ่อ #ฟ้ารักพ่อเพราะนโยบายของพ่อ #เลือกตั้ง62 #เลือกตั้ง2562", "date": "20-02-2019 19:46", "retweet": 1, "like": 3}, {"id": "1098201218499801089", "url": "https://twitter.com/JubuBKK/status/1098201218499801089", "username": "", "text": "อาบน้ำกินข้าวรออ่านข่าว #Savethanathorn ในสื่อต่างประเทศละค่ะ", "date": "20-02-2019 19:42", "retweet": 1, "like": 2}, {"id": "1098197736321474561", "url": "https://twitter.com/JubuBKK/status/1098197736321474561", "username": "", "text": "ฮัลโหลทุกคนมาเปลี่ยนกะเราที เทรนด์มาตั้งแต่สี่โมงกว่า ขอไปกินข้าวก่อน #Savethanathorn", "date": "20-02-2019 19:28", "retweet": 3, "like": 0}, {"id": "1098195663341273088", "url": "https://twitter.com/JubuBKK/status/1098195663341273088", "username": "", "text": "ไม่น่าเรียกตัวเองว่า คสช. นะคะ น่าจะเรียกตัวเองว่า ขชต. ย่อมาจาก \"ขี้แพ้ชวนตี\" #Savethanathorn", "date": "20-02-2019 19:20", "retweet": 2, "like": 1}, {"id": "1098195123026853888", "url": "https://twitter.com/JubuBKK/status/1098195123026853888", "username": "", "text": "ทุกคนนนนนนน ทะลุสามแสนทวิตแล้วน้ำตาจะไหล #Savethanathorn", "date": "20-02-2019 19:18", "retweet": 0, "like": 0}, {"id": "1098194441930649601", "url": "https://twitter.com/JubuBKK/status/1098194441930649601", "username": "", "text": "ประเทศนี้ประชาธิปไตยมันไม่เต็มใบมาตั้งแต่ 2475 แล้ว #Savethanathorn", "date": "20-02-2019 19:15", "retweet": 6, "like": 3}, {"id": "1098193731260305408", "url": "https://twitter.com/JubuBKK/status/1098193731260305408", "username": "", "text": "ติดลิมิตกูก็จะเอาแอคหลุมมารีต่อบอกเลย #Savethanathorn", "date": "20-02-2019 19:12", "retweet": 0, "like": 1}, {"id": "1098193265247977472", "url": "https://twitter.com/JubuBKK/status/1098193265247977472", "username": "", "text": "มาค่ะเอาให้ถึง 300k #savethanathorn pic.twitter.com/BT9KpKjORz", "date": "20-02-2019 19:10", "retweet": 10, "like": 5}, {"id": "1098192300478390274", "url": "https://twitter.com/JubuBKK/status/1098192300478390274", "username": "", "text": "เทรนด์นางงามเทรนด์ผู้ชายยังเทรนด์มาแล้วไม่รู้กี่คน ถ้าจะเทรนด์นักการเมืองบ้างแล้วมันผิดตรงไหน!!! #น้อมนำคำสอน #Savethanathorn", "date": "20-02-2019 19:07", "retweet": 3, "like": 1}, {"id": "1098191583357235200", "url": "https://twitter.com/JubuBKK/status/1098191583357235200", "username": "", "text": "บอกพวกกูจังโตไปไม่โกง แก่จะลงโลงยังโกงการเลือกตั้งกันหน้าด้านๆ อยู่เลย #Savethanathorn", "date": "20-02-2019 19:04", "retweet": 1, "like": 3}, {"id": "1098191069143912448", "url": "https://twitter.com/JubuBKK/status/1098191069143912448", "username": "", "text": "มาค่ะ ไม่ติดลิมิตไม่เลิกเทรน บอกเลย #ส่งพ่อไปเทรนด์โลก #Savethanathorn", "date": "20-02-2019 19:02", "retweet": 1, "like": 0}, {"id": "1098190207168405504", "url": "https://twitter.com/JubuBKK/status/1098190207168405504", "username": "", "text": "ไดโนเสาร์ทั้งหลายถ้ามีสมองสักนิดก็ควรคิดก่อนทำอะไรที่ปลุกปั่นมวลชนนะคะ อ่อลืมไปว่ากลวง #Savethanathorn", "date": "20-02-2019 18:58", "retweet": 1, "like": 0}, {"id": "1098189524696363008", "url": "https://twitter.com/JubuBKK/status/1098189524696363008", "username": "", "text": "ทนระบบวิพากษ์วิจารณ์ของประชาธิปไตยไม่ได้ก็ไม่ต้องกระแดะมาสร้างภาพจัดให้มีเลือกตั้งแหกตาชาวโลก ก็บอกไปชัดๆ เลยผมจะยึดอำนาจต่ออีก 20 ปี ดีกว่ามาปอดแหกกลัวพลังประชาชนขู่ขังคนนั้นคนนี้ อิควั๊ย #Savethanathorn", "date": "20-02-2019 18:56", "retweet": 5, "like": 1}, {"id": "1098188457539588096", "url": "https://twitter.com/JubuBKK/status/1098188457539588096", "username": "", "text": "พอประชาชนพูดความจริงก็ขู่จะออกหมายขัง พูดออกมาได้ เฮงซวย #Savethanathorn", "date": "20-02-2019 18:51", "retweet": 3, "like": 0}, {"id": "1098187225232138240", "url": "https://twitter.com/JubuBKK/status/1098187225232138240", "username": "", "text": "#Savethanathorn is No.1 of Twitter Trend in Thailand right now. #อนาคตใหม่ #ฟ้ารักพ่อ", "date": "20-02-2019 18:46", "retweet": 2, "like": 1}, {"id": "1098186192405680128", "url": "https://twitter.com/JubuBKK/status/1098186192405680128", "username": "", "text": "#Savethanathorn shows that the power of democracy will never surrender to the unlawful power of dictatorship. It is time to show the world that Thailand doesn't need a junta. We need democracy Back! Right! Here! #อนาคตใหม่", "date": "20-02-2019 18:42", "retweet": 8, "like": 4}, {"id": "1098185298637291520", "url": "https://twitter.com/JubuBKK/status/1098185298637291520", "username": "", "text": "pic.twitter.com/O1uU5Thd3W", "date": "20-02-2019 18:39", "retweet": 0, "like": 0}, {"id": "1098184843089698816", "url": "https://twitter.com/JubuBKK/status/1098184843089698816", "username": "", "text": "#Savethanathorn is made to protect one ordinary person who dares to stand up against dictatorship in Thailand. That ordinary person is Thanathorn, one of the founders of Future Forward Party. #อนาคตใหม่", "date": "20-02-2019 18:37", "retweet": 22, "like": 8}, {"id": "1098184285796761600", "url": "https://twitter.com/JubuBKK/status/1098184285796761600", "username": "", "text": "เทรนให้ติดอันดับ 1 ของโลกด้วยเลยได้มะ ฮึบ #Savethanathorn", "date": "20-02-2019 18:35", "retweet": 6, "like": 3}, {"id": "1098172257694666753", "url": "https://twitter.com/JubuBKK/status/1098172257694666753", "username": "", "text": "ถ้าทำแท่งไฟ #อนาคตใหม่ แจก กกต. จะหาเรื่องยุบพรรคมะ #Savethanathorn", "date": "20-02-2019 17:47", "retweet": 6, "like": 3}, {"id": "1098171361887830016", "url": "https://twitter.com/JubuBKK/status/1098171361887830016", "username": "", "text": "ไม่อยากใช้แรงทำเงินแล้ว อยากใช้เงินทำเงินแทน", "date": "20-02-2019 17:43", "retweet": 0, "like": 0}, {"id": "1098168607391895552", "url": "https://twitter.com/JubuBKK/status/1098168607391895552", "username": "", "text": "ฟ้าชายค่ะ /me วิ่ง #savethanathorn", "date": "20-02-2019 17:32", "retweet": 11, "like": 3}, {"id": "1098167897036271616", "url": "https://twitter.com/JubuBKK/status/1098167897036271616", "username": "", "text": "ส.ส. บัญชีรายชื่อลำดับที่สองของ #อนาคตใหม่ คือ อ.ปิยบุตรหรือเปล่าคะ? #Savethanathorn", "date": "20-02-2019 17:30", "retweet": 3, "like": 1}, {"id": "1098166698832650242", "url": "https://twitter.com/JubuBKK/status/1098166698832650242", "username": "", "text": "คุณอาจทำลายผู้คนได้ แต่คุณไม่มีวันทำลายประชาธิปไตยที่เบ่งบานในจิตใจผู้คนได้ #savethanathorn", "date": "20-02-2019 17:25", "retweet": 15, "like": 6}, {"id": "1098166325606633473", "url": "https://twitter.com/JubuBKK/status/1098166325606633473", "username": "", "text": "May I ask about SSJ? Is he getting better and is he coming back? We really miss him, especially when junta is playing a dirty game like this..", "date": "20-02-2019 17:23", "retweet": 2, "like": 3}, {"id": "1098165464927109120", "url": "https://twitter.com/JubuBKK/status/1098165464927109120", "username": "", "text": "99K แล้วจ้ะ ขนาดฟ้ายังไม่เลิกงานกันนะเนี่ย #savethanathorn pic.twitter.com/TKv5BZpPSU", "date": "20-02-2019 17:20", "retweet": 10, "like": 3}, {"id": "1098164707691655169", "url": "https://twitter.com/JubuBKK/status/1098164707691655169", "username": "", "text": "กูฟ้องลุงบ้างได้มะ ข้อหาเป็นภัยต่อความมั่นคงของชาติ #Savethanathorn", "date": "20-02-2019 17:17", "retweet": 15, "like": 9}, {"id": "1098164231810076673", "url": "https://twitter.com/JubuBKK/status/1098164231810076673", "username": "", "text": "ไปค่ะ เอาให้ถึง 100K ค่ะ #Savethanathorn", "date": "20-02-2019 17:15", "retweet": 1, "like": 2}, {"id": "1098157891930882048", "url": "https://twitter.com/JubuBKK/status/1098157891930882048", "username": "", "text": "รู้แล้วว่าทำไมวันนี้ #แผ่นดินไหว ที่ลำปาง มีลุงแก่ๆ อยากเป็นนายกจนตัวสั่นไง สั่นจนแผ่นดินไหว อยากได้อยากมีถึงกับต้องหาวิธีสกปรกมาเล่นงานคนอื่น อิควั๊ย #Savethanathorn", "date": "20-02-2019 16:50", "retweet": 14, "like": 2}, {"id": "1098157123878346752", "url": "https://twitter.com/JubuBKK/status/1098157123878346752", "username": "", "text": "จูนินคิดกับท่านเสรีพิสะ ช่วยจัดการพวกบ้าอำนาจหน่อยค่า #Savethanathorn", "date": "20-02-2019 16:47", "retweet": 0, "like": 0}, {"id": "1098156746642677760", "url": "https://twitter.com/JubuBKK/status/1098156746642677760", "username": "", "text": "พวกเค้าจะได้รู้ค่ะ ว่ายิ่งเล่นสกปรกยิ่งปลุกกระแสประชาชนผู้รักประชาธิปไตย #savethanathorn", "date": "20-02-2019 16:45", "retweet": 1, "like": 4}, {"id": "1098156095606906880", "url": "https://twitter.com/JubuBKK/status/1098156095606906880", "username": "", "text": "อันดับหนึ่งแล้วค่ะ สู้ๆ นะคะ #savethanathorn", "date": "20-02-2019 16:43", "retweet": 2, "like": 2}, {"id": "1098155892476760065", "url": "https://twitter.com/JubuBKK/status/1098155892476760065", "username": "", "text": "ขออภัย ฟลว. พี่ไม่ว่างกำลังเทรนด์ #Savethanathorn", "date": "20-02-2019 16:42", "retweet": 0, "like": 0}, {"id": "1098155359850491904", "url": "https://twitter.com/JubuBKK/status/1098155359850491904", "username": "", "text": "รอดูเลยค่ะอัยการคนไหนจะเป็นเจ้าของสำนวนส่งฟ้อง #Savethanathorn", "date": "20-02-2019 16:40", "retweet": 3, "like": 0}, {"id": "1098154953028202497", "url": "https://twitter.com/JubuBKK/status/1098154953028202497", "username": "", "text": "ไม่ใช่เดี๋ยวแม่งบล็อกทวิตเตอร์ในไทยเหมือนจีนบล็อกเฟซบุ๊คนะ พ่องตัย #Savethanathorn", "date": "20-02-2019 16:38", "retweet": 0, "like": 1}, {"id": "1098154330870341632", "url": "https://twitter.com/JubuBKK/status/1098154330870341632", "username": "", "text": "\"ประชาธิปไตยที่มีเผด็จการเป็นนายกฯ\" #Getsunova #Savethanathorn", "date": "20-02-2019 16:36", "retweet": 3, "like": 1}, {"id": "1098153581264330752", "url": "https://twitter.com/JubuBKK/status/1098153581264330752", "username": "", "text": "ณ เวลา 4:32PM 47.7K แล้วจ้า #savethanathorn pic.twitter.com/PB615OQUm5", "date": "20-02-2019 16:33", "retweet": 0, "like": 1}, {"id": "1098148039477256192", "url": "https://twitter.com/JubuBKK/status/1098148039477256192", "username": "", "text": "จูราสสิคปาร์คไม่ต้องไปดูที่ไหนไกล ไปดูในรัฐสภาปัจจุบันของประเทศแถวๆ นี้แหละค่ะ #Savethanathorn", "date": "20-02-2019 16:11", "retweet": 2, "like": 3}, {"id": "1098147478715518976", "url": "https://twitter.com/JubuBKK/status/1098147478715518976", "username": "", "text": "เทรนให้ติดอันดับหนึ่งในไทย ให้โลกรู้ไปเลยค่ะ #Savethanathorn", "date": "20-02-2019 16:08", "retweet": 1, "like": 0}, {"id": "1098147068609097728", "url": "https://twitter.com/JubuBKK/status/1098147068609097728", "username": "", "text": "\"เธอ.. หัวใจกระดาษเบาๆ ก็ขาดแค่ลมบางเบาก็ปลิว\" อ่อนไหวนักก็ลาออกไปอยู่บ้านเลี้ยงหลานเลี้ยงหมาเถอะค่ะ อย่ายึดเลยอำนาจ สังเวช #Savethanathorn", "date": "20-02-2019 16:07", "retweet": 1, "like": 1}, {"id": "1098144579172200448", "url": "https://twitter.com/JubuBKK/status/1098144579172200448", "username": "", "text": "ถึงยุคทมิฬมาร จะครองเมืองด้วยควันปืน ขื่อแปจะพังครืน และกลิ่นเลือดจะคลุ้งคาว แต่คนย่อมเป็นคน ในสายธารอันเหยียดยาว คงคู่กับเดือนดาว ผงาดเด่นในดินแดน - จิตร ภูมิศักดิ์ #Savethanathorn", "date": "20-02-2019 15:57", "retweet": 15, "like": 13}, {"id": "1098144228515840000", "url": "https://twitter.com/JubuBKK/status/1098144228515840000", "username": "", "text": "กับประชาชนนี่รังแกกันจังนะทั่นนายพลทั้งหลาย #Savethanathorn", "date": "20-02-2019 15:56", "retweet": 1, "like": 0}, {"id": "1098143527542747137", "url": "https://twitter.com/JubuBKK/status/1098143527542747137", "username": "", "text": "จะเทรนให้ติดลิมิตบอกเลย #Savethanathorn", "date": "20-02-2019 15:53", "retweet": 2, "like": 0}, {"id": "1098143126038839297", "url": "https://twitter.com/JubuBKK/status/1098143126038839297", "username": "", "text": "เหี้ยครองเมืองแบบนี้ต้องดันให้ขึ้นอันดับหนึ่งค่ะ #Savethanathorn", "date": "20-02-2019 15:51", "retweet": 1, "like": 0}, {"id": "1098142027860955136", "url": "https://twitter.com/JubuBKK/status/1098142027860955136", "username": "", "text": "แต่คนย่อมเป็นคน #Savethanathorn", "date": "20-02-2019 15:47", "retweet": 0, "like": 0}, {"id": "1098141019936251905", "url": "https://twitter.com/JubuBKK/status/1098141019936251905", "username": "", "text": "ดันแท็กนี้ค่ะ เผด็จการจงพินาศ ประชาธิปไตยจงเจริญ #savethanathorn", "date": "20-02-2019 15:43", "retweet": 1, "like": 2}, {"id": "1098140254005940224", "url": "https://twitter.com/JubuBKK/status/1098140254005940224", "username": "", "text": "อยากลาออกไปเรียนต่อสัก 2 ปี แต่ระหว่างนั้นจะเอาอะไรแดกดีคร๊", "date": "20-02-2019 15:40", "retweet": 0, "like": 0}, {"id": "1098108079986667520", "url": "https://twitter.com/JubuBKK/status/1098108079986667520", "username": "", "text": "ทำไมเรารู้สึกเหมือนพี่ว้อป (นามสมมติ) ถูกลากมาตบกลางแยกอโศก https:// twitter.com/thethaiastro/s tatus/1098080348263436288?s=19 …", "date": "20-02-2019 13:32", "retweet": 0, "like": 0}, {"id": "1098107407136243713", "url": "https://twitter.com/JubuBKK/status/1098107407136243713", "username": "", "text": "นางลบไปแล้วแต่เราแคปทัน 555 https:// twitter.com/JubuBKK/status /1098107081121386496?s=19 …", "date": "20-02-2019 13:29", "retweet": 5, "like": 3}, {"id": "1098107081121386496", "url": "https://twitter.com/JubuBKK/status/1098107081121386496", "username": "", "text": "ล่าสุดลบไปแล้วจ้า แต่เราแคปทัน #ฉอดเก่ง pic.twitter.com/jZqI0JMMHl", "date": "20-02-2019 13:28", "retweet": 21, "like": 0}, {"id": "1098088531728035840", "url": "https://twitter.com/JubuBKK/status/1098088531728035840", "username": "", "text": "ขอบคุณค่ะ", "date": "20-02-2019 12:14", "retweet": 0, "like": 0}, {"id": "1098048347288424449", "url": "https://twitter.com/JubuBKK/status/1098048347288424449", "username": "", "text": "#อนาคตใหม่ มีนโยบายในด้านการลดการผูกขาดในธุรกิจเครื่องดื่มแอลกอฮอล์ในประเทศอย่างไรบ้างคะ?", "date": "20-02-2019 09:35", "retweet": 3, "like": 15}, {"id": "1098044083287687170", "url": "https://twitter.com/JubuBKK/status/1098044083287687170", "username": "", "text": "ในอนาคตคุณธนาธรและผู้ร่วมก่อตั้ง #อนาคตใหม่ จะรักษาอุดมการณ์จะทำอย่างที่พูดไหมไม่มีใครรู้ แต่การที่พวกเขากล้าลงสนามการเมืองและกล้าพูดสิ่งที่อยู่ในใจคนรุ่นใหม่ มันทำให้เรารู้สึกได้ว่าคนเหล่านี้แหละคือผู้แทนของเรา คือผู้แทนราษฎร #ฟ้ารักพ่อ #ฟ้ารักพ่อเพราะนโยบายของพ่อ #เลือกตั้ง2562", "date": "20-02-2019 09:18", "retweet": 14, "like": 14}, {"id": "1098038155163258880", "url": "https://twitter.com/JubuBKK/status/1098038155163258880", "username": "", "text": "ไม่ลดกำลังพลก็ได้นะ ลดนายพลก่อนเลยงั้น เยอะเกิ๊น", "date": "20-02-2019 08:54", "retweet": 0, "like": 0}, {"id": "1098037165341077504", "url": "https://twitter.com/JubuBKK/status/1098037165341077504", "username": "", "text": "ใช่ค่ะ วันนี้ 20 ก.พ. วันเกิดพี่เท่าด้วย อยากอวยพรให้พี่เขาได้เข้าสภาจริงๆ ค่ะ", "date": "20-02-2019 08:50", "retweet": 0, "like": 6}, {"id": "1097936437188517888", "url": "https://twitter.com/JubuBKK/status/1097936437188517888", "username": "", "text": "พรุ่งนี้ไปทำงาน ตอนนี้ยังนอนไม่หลับ แง", "date": "20-02-2019 02:10", "retweet": 0, "like": 0}, {"id": "1097912779099402241", "url": "https://twitter.com/JubuBKK/status/1097912779099402241", "username": "", "text": "อยากกดจองนะ แต่ทำไมต้องบังคับผู้โดยฟังเพลงลูกทุ่ง มันไม่ใช่แนวอ่ะแง", "date": "20-02-2019 00:36", "retweet": 0, "like": 0}, {"id": "1097906957459939330", "url": "https://twitter.com/JubuBKK/status/1097906957459939330", "username": "", "text": "อยากมีเงินฝากธนาคารสัก 10 ล้านแล้วนอนกินดอกเบี้ยไปวันๆ อ่ะค่ะ", "date": "20-02-2019 00:13", "retweet": 0, "like": 0}, {"id": "1097891054093688832", "url": "https://twitter.com/JubuBKK/status/1097891054093688832", "username": "", "text": "SSJ ขึ้นสเตตัสออนไลน์หลายวันละยังไม่มาอีกเหรอ", "date": "19-02-2019 23:09", "retweet": 0, "like": 0}, {"id": "1097884912672108544", "url": "https://twitter.com/JubuBKK/status/1097884912672108544", "username": "", "text": "\"ด้วยความเคารพ\" ที่แปลว่ากูจะด่ามึงละนะ #Getsunova", "date": "19-02-2019 22:45", "retweet": 0, "like": 0}, {"id": "1097883722299301888", "url": "https://twitter.com/JubuBKK/status/1097883722299301888", "username": "", "text": "ไม่เป็นไรค่า", "date": "19-02-2019 22:40", "retweet": 0, "like": 0}, {"id": "1097882888362635265", "url": "https://twitter.com/JubuBKK/status/1097882888362635265", "username": "", "text": "ใจเย็นนะคะ คุณกดโควททวิตแล้วมันติดเราด้วย สะดุ้งเลย", "date": "19-02-2019 22:37", "retweet": 0, "like": 0}, {"id": "1097876232606179328", "url": "https://twitter.com/JubuBKK/status/1097876232606179328", "username": "", "text": "#ประเทศกูมี นายพลไล่ประชาชนไปฟังเพลง #หนักแผ่นดิน แต่โดนขุดโดนแฉว่าตระกูลของนายพลคนนั้น #หนักแผ่นดิน มาตั้งแต่รุ่นพ่อ", "date": "19-02-2019 22:11", "retweet": 7, "like": 7}, {"id": "1097874791481040898", "url": "https://twitter.com/JubuBKK/status/1097874791481040898", "username": "", "text": "พ่อแกนอนในหลุมคงสะดุ้งอ่ะค่ะ อารมณ์แบบ.. อีลูกเวร กูตายไปแล้วยังหาเรื่องให้คนมาด่ากูทั้งประเทศอีก", "date": "19-02-2019 22:05", "retweet": 0, "like": 4}, {"id": "1097874109189345281", "url": "https://twitter.com/JubuBKK/status/1097874109189345281", "username": "", "text": "วันหยุดได้หยุดนิดเดียว ถ้าลาออกจะได้เที่ยวตลอดไป #เย้ ว่าแต่กูจะเอาอะไรแดกวะคะ", "date": "19-02-2019 22:02", "retweet": 0, "like": 0}, {"id": "1097869566682660864", "url": "https://twitter.com/JubuBKK/status/1097869566682660864", "username": "", "text": "ควบคุมอารมณ์ไม่ได้ ไม่สมควรเป็นผู้นำ", "date": "19-02-2019 21:44", "retweet": 0, "like": 0}, {"id": "1097863594685812741", "url": "https://twitter.com/JubuBKK/status/1097863594685812741", "username": "", "text": "นี่เพิ่งออกไปซื้อมา 1 ชุด ตอนนี้แดกไม่หมดและกำลังนั่งสำนึกผิดอยู่ ทาสการตลาดที่แท้คือกูเอง pic.twitter.com/fp45W3vbp0", "date": "19-02-2019 21:20", "retweet": 0, "like": 0}, {"id": "1097743849101811714", "url": "https://twitter.com/JubuBKK/status/1097743849101811714", "username": "", "text": "มีอยู่ประเทศนึง คนที่รู้อะไรมากกว่าคนอื่นมักจะตกอยู่ในภาวะน้ำท่วมปากพูดอะไรมากไม่ได้ ส่วนคนที่กล้าพูดก็ต้องลี้ภัย เพราะสิทธิเสรีภาพไม่ได้รับการรับรอง", "date": "19-02-2019 13:25", "retweet": 0, "like": 0}, {"id": "1097716570434850816", "url": "https://twitter.com/JubuBKK/status/1097716570434850816", "username": "", "text": "ปกติเดือนกุมภาพันธ์มี 28 วัน ทุกๆ 4 ปีจะมี 29 วัน 1 สัปดาห์ มี 7 วัน 28 ÷ 7 = 4 ฉะนั้นวันจันทร์ - วันอาทิตย์ในเดือนกุมภาพันธ์ก็ต้องมีอย่างละ 4 วันอยู่แล้วไม่ใช่เหรอ #อิหยังวะ แล้วมันจะมีแบบนี้ทุกๆ 823 ปีได้ไง งงเด้ pic.twitter.com/MDKBcFRocM", "date": "19-02-2019 11:36", "retweet": 0, "like": 0}, {"id": "1097482903745847296", "url": "https://twitter.com/JubuBKK/status/1097482903745847296", "username": "", "text": "+1 ค่ะ เราเสียภาษีให้เอาไปพัฒนาประเทศ ไม่ได้เอาไปให้นายพลผลาญเล่น", "date": "18-02-2019 20:08", "retweet": 2, "like": 2}, {"id": "1097479212057866240", "url": "https://twitter.com/JubuBKK/status/1097479212057866240", "username": "", "text": "หนึ่งในพยานคนสำคัญ คือแคนดิเดตของพรรคหรือเปล่าคะ #ทรงพระสเลนเดอร์ #ไทยรักษาชาติ https://www. khaosod.co.th/election-2019/ news_2223805 …", "date": "18-02-2019 19:53", "retweet": 3, "like": 1}, {"id": "1097477504552525824", "url": "https://twitter.com/JubuBKK/status/1097477504552525824", "username": "", "text": "Thanks God tomorrow is public holiday!!!", "date": "18-02-2019 19:46", "retweet": 0, "like": 0}, {"id": "1097443452877303809", "url": "https://twitter.com/JubuBKK/status/1097443452877303809", "username": "", "text": "OMG สีเขียว!!!! หลอกกันเล่นหรือเปล่า pic.twitter.com/rACcKMRhch", "date": "18-02-2019 17:31", "retweet": 0, "like": 0}, {"id": "1097442561185046529", "url": "https://twitter.com/JubuBKK/status/1097442561185046529", "username": "", "text": "แล้วชีวิตคู่เขาเป็นยังไงเหรอคะ แต่งงานมีความสุขดีหรือผู้ชายหนีหมด", "date": "18-02-2019 17:27", "retweet": 0, "like": 0}, {"id": "1097440912270024705", "url": "https://twitter.com/JubuBKK/status/1097440912270024705", "username": "", "text": "ว่าแต่นางจะรู้ไหมวะ ว่าเสรีพิสุทธ์จะไปตีลุงกับพรรคพวกในสภา", "date": "18-02-2019 17:21", "retweet": 0, "like": 2}, {"id": "1097440331883106304", "url": "https://twitter.com/JubuBKK/status/1097440331883106304", "username": "", "text": "คือนางเกลียดทักษิณนางไม่เอา #เพื่อไทย แน่ๆ และที่เราไม่ดัน #อนาคตใหม่ ให้แกเพราะรู้ว่าแกก็คงไม่เอาพรรคหน้าใหม่แน่ๆ นาทีนี้ต้องดันฝ่ายประชาธิปไตยเท่านั้น จัด #เสรีรวมไทย ให้นางไปเลยจ้า", "date": "18-02-2019 17:18", "retweet": 2, "like": 3}, {"id": "1097440329278513152", "url": "https://twitter.com/JubuBKK/status/1097440329278513152", "username": "", "text": "พี่ททงคนนึงบอกจะเลือกประยุทธ์ ใครพูดอะไรแกก็ยืนยัน เราเลยบอกถึงพี่ไม่เลือกลุงก็ได้เพราะลุงมีตั้ง 250 เสียง พี่เลือกคนอื่นเข้าไปอยู่กับลุงสิ #เสรีรวมไทย ล่ะพี่ไม่ชอบเหรอ เออปรากฎว่าแกฟังว่ะ แกบอกว่าแกเคยปลื้มเสรีพิสุทธ์จะกลับไปคิดดู หนูทำได้แล้วแม่จ๋า #เลือกตั้ง62 #เลือกตั้ง2562", "date": "18-02-2019 17:18", "retweet": 1, "like": 0}, {"id": "1097431617272868865", "url": "https://twitter.com/JubuBKK/status/1097431617272868865", "username": "", "text": "จังหวะซิทคอมมากอิเวง ว๊อยยยยยยย 555555555555555555555555 #เท่าพิภพ #อนาคตใหม่ #ฟ้ารักพ่อ #ฟ้ารักพ่อเพราะนโยบายของพ่อ #เลือกตั้ง62 #เลือกตั้ง2562 pic.twitter.com/gr6Eum9QNg", "date": "18-02-2019 16:44", "retweet": 5317, "like": 628}, {"id": "1097429614417272832", "url": "https://twitter.com/JubuBKK/status/1097429614417272832", "username": "", "text": "คุณพิมดาราอายุ 32 แล้วค่ะ แต่ดูหน้าแล้วเหมือนอายุแค่ 20", "date": "18-02-2019 16:36", "retweet": 77, "like": 19}, {"id": "1097417328801636353", "url": "https://twitter.com/JubuBKK/status/1097417328801636353", "username": "", "text": "แง... /me หนีห่างจากต้นมะขาม", "date": "18-02-2019 15:47", "retweet": 0, "like": 0}, {"id": "1097416955907063808", "url": "https://twitter.com/JubuBKK/status/1097416955907063808", "username": "", "text": "ต้องเตรียมเก้าอี้ก่อนฟังมั้ย", "date": "18-02-2019 15:46", "retweet": 0, "like": 0}, {"id": "1097414490289725442", "url": "https://twitter.com/JubuBKK/status/1097414490289725442", "username": "", "text": "#ฟ้ารักพ่อ ธนาธร แต่ฟ้าก็ชอบป๊า #เสรีพิศุทธ์ อยากส่งเข้าสภาทั้งสองคนเลยค่ะ ชุฟๆ #อนาคตใหม่ #เสรีรวมไทย", "date": "18-02-2019 15:36", "retweet": 4, "like": 3}, {"id": "1097412381586509825", "url": "https://twitter.com/JubuBKK/status/1097412381586509825", "username": "", "text": "ขอบคุณค่า น่ารักอีกละคนเนี๊ยะ ทะเบียนบ้านว่างไหมคะ สมัยหน้าจะย้ายไปเลือกคุณ", "date": "18-02-2019 15:27", "retweet": 0, "like": 1}, {"id": "1097399148897169408", "url": "https://twitter.com/JubuBKK/status/1097399148897169408", "username": "", "text": "เขตเราคือลำปางเขต 4 ก็มีคุณพิมดารา #อนาคตใหม่ ค่ะ ขนาดนางมีลูกสองคนแล้วยังน่ารักขนาดนี้ เดี๋ยวเราจะเลือกคนนี้แทนชายไทยทั้งประเทศเอง pic.twitter.com/O94EteyyyU", "date": "18-02-2019 14:35", "retweet": 537, "like": 130}, {"id": "1097367594439340037", "url": "https://twitter.com/JubuBKK/status/1097367594439340037", "username": "", "text": "จะหาเบอร์ ส.ส. #เสรีรวมไทย ของกรุงเทพมหานคร เขต 14 ให้ญาติ พอเข้าเว็บค้นหาหมายเลขผู้สมัครด้วยรหัสไปรษณีย์ ปรากฎว่าเว็บล่มจ้า", "date": "18-02-2019 12:29", "retweet": 0, "like": 0}, {"id": "1097324505825927169", "url": "https://twitter.com/JubuBKK/status/1097324505825927169", "username": "", "text": "คน #หนักแผ่นดิน = คนที่ยืมนาฬิกาเพื่อน 21 เรือนแล้วเพื่อนตาย 21 คน", "date": "18-02-2019 09:38", "retweet": 4889, "like": 803}, {"id": "1097322477930274816", "url": "https://twitter.com/JubuBKK/status/1097322477930274816", "username": "", "text": "ด่าบางคนหนักแผ่นดิน แต่กลุ่มคนที่เอาภาษีประชาชนไปผลาญซื้อเรือดำน้ำเข้ากลาโหม เพื่อเอาส่วนต่างมาแบ่งกันกินนี่ไม่หนักแผ่นดินเลยจ้า", "date": "18-02-2019 09:30", "retweet": 0, "like": 0}, {"id": "1097321252430049280", "url": "https://twitter.com/JubuBKK/status/1097321252430049280", "username": "", "text": "เมื่อมีผู้ได้ผลประโยชน์ ก็ต้องมีผู้เสียผลประโยชน์ ก่อนหน้านี้นายทหารชั้นผู้ใหญ่เป็นฝ่ายได้ผลประโยชน์จากงบประมาณและการเกณฑ์ทหาร ในขณะที่ประชาชนเสียผลประโยชน์ ในทางกลับกัน หากจะมีการปฏิรูปกองทัพยกเลิกเกณฑ์ทหาร ฝ่ายที่เคยได้ผลประโยชน์จะกลายมาเป็นฝ่ายเสียผลประโยชน์ เขาจึงไม่ยอมง่ายๆ", "date": "18-02-2019 09:25", "retweet": 0, "like": 0}, {"id": "1097319748050677761", "url": "https://twitter.com/JubuBKK/status/1097319748050677761", "username": "", "text": "ลุงตู่เลือก ส.ว. แค่ 244 คน ส่วนอีก 6 คนนั้นคนเลือกเก๊าะคือ .......", "date": "18-02-2019 09:19", "retweet": 0, "like": 0}, {"id": "1097317605713408000", "url": "https://twitter.com/JubuBKK/status/1097317605713408000", "username": "", "text": "วันนี้มันส์อีกละ 11.30 น. จะเตรียมมาไถทวิตเลย", "date": "18-02-2019 09:11", "retweet": 0, "like": 0}]