[{"id": "1099308673992720384", "url": "https://twitter.com/kaebmoo/status/1099308673992720384", "username": "", "text": "ขอบคุณ พระเจ้า สำหรับ อาหารและการนำพา https:// ift.tt/2Iv8r68 pic.twitter.com/MkkTpdnzds", "date": "23-02-2019 21:03", "retweet": 0, "like": 1}, {"id": "1099202994451693568", "url": "https://twitter.com/kaebmoo/status/1099202994451693568", "username": "", "text": "ปลูกเอง แต่ ไม่ใช่กูนะครับ https:// ift.tt/2Vhp4Um pic.twitter.com/9QAXVZcC8G", "date": "23-02-2019 14:03", "retweet": 0, "like": 1}, {"id": "1099202988319690753", "url": "https://twitter.com/kaebmoo/status/1099202988319690753", "username": "", "text": "ลาบ ลาบ ลาบ https:// ift.tt/2ErE1h6 pic.twitter.com/Ud5XGpW6Ki", "date": "23-02-2019 14:03", "retweet": 0, "like": 1}, {"id": "1099202981449347072", "url": "https://twitter.com/kaebmoo/status/1099202981449347072", "username": "", "text": "Party น้ำเงี้ยว https:// ift.tt/2VeuYW1 pic.twitter.com/qWkNNU7H6l", "date": "23-02-2019 14:03", "retweet": 0, "like": 1}, {"id": "1099142550080966656", "url": "https://twitter.com/kaebmoo/status/1099142550080966656", "username": "", "text": "เพิ่มแป้ง นิดนึง จิบคาเฟอีน #ชมรมบาสเกตบอล https:// ift.tt/2GG9uOP pic.twitter.com/bBTKgKpvB3", "date": "23-02-2019 10:02", "retweet": 0, "like": 1}, {"id": "1099100114444988416", "url": "https://twitter.com/kaebmoo/status/1099100114444988416", "username": "", "text": "อยากได้ แต่ไม่อยากแลก อะ https:// twitter.com/apple/status/1 087959439838244865 …", "date": "23-02-2019 07:14", "retweet": 0, "like": 1}, {"id": "1099058953592492033", "url": "https://twitter.com/kaebmoo/status/1099058953592492033", "username": "", "text": "There is no update in your refrigerator temperature monitoring channel for 15 minutes.", "date": "23-02-2019 04:30", "retweet": 0, "like": 1}, {"id": "1098976503604359168", "url": "https://twitter.com/kaebmoo/status/1098976503604359168", "username": "", "text": "ทางผ่านกลับบ้าน Brewdog Totem https:// ift.tt/2Xj3kZP pic.twitter.com/3wgxMXNeaQ", "date": "22-02-2019 23:03", "retweet": 0, "like": 1}, {"id": "1098877755712770048", "url": "https://twitter.com/kaebmoo/status/1098877755712770048", "username": "", "text": "There is no update in your refrigerator temperature monitoring channel for 15 minutes.", "date": "22-02-2019 16:30", "retweet": 0, "like": 0}, {"id": "1098818358537928705", "url": "https://twitter.com/kaebmoo/status/1098818358537928705", "username": "", "text": "อีห่า กูก็ประชุมอยู่ห้องเดียวกับมึง ... จะตาม ถามหากูทำเหี้ยอะไร", "date": "22-02-2019 12:34", "retweet": 0, "like": 1}, {"id": "1098787265407442944", "url": "https://twitter.com/kaebmoo/status/1098787265407442944", "username": "", "text": "ใช่ https:// twitter.com/nuling/status/ 1098753535133405184 …", "date": "22-02-2019 10:31", "retweet": 0, "like": 0}, {"id": "1098787019763806209", "url": "https://twitter.com/kaebmoo/status/1098787019763806209", "username": "", "text": "เก้าคือใครวะ :-P https:// twitter.com/iannnnn/status /1098421760758755328 …", "date": "22-02-2019 10:30", "retweet": 0, "like": 0}, {"id": "1098767412516683776", "url": "https://twitter.com/kaebmoo/status/1098767412516683776", "username": "", "text": "เม็ดก๋วยจี๊ เม็ดก๋วยจี๊ I'm listening to \" Never Be the Same-Camila Cabello \". Let's enjoy music on JOOX! https:// joox.page.link/h4eM ( #JOOX )", "date": "22-02-2019 09:12", "retweet": 0, "like": 0}, {"id": "1098749911888220160", "url": "https://twitter.com/kaebmoo/status/1098749911888220160", "username": "", "text": "เรื่อง ขำขัน #โจ๊ก https:// ift.tt/2See9sA pic.twitter.com/KNt2UhpnAR", "date": "22-02-2019 08:02", "retweet": 0, "like": 1}, {"id": "1098696551902470144", "url": "https://twitter.com/kaebmoo/status/1098696551902470144", "username": "", "text": "There is no update in your refrigerator temperature monitoring channel for 15 minutes.", "date": "22-02-2019 04:30", "retweet": 0, "like": 0}, {"id": "1098596752184221696", "url": "https://twitter.com/kaebmoo/status/1098596752184221696", "username": "", "text": "พ่อมึงตาย รถติดถึง อนุสาวรีย์ชัย แยก อยุธยา เปิดไฟ เหี้ย ไรของมึงเนี่ย จราจร", "date": "21-02-2019 21:54", "retweet": 0, "like": 1}, {"id": "1098537219961192448", "url": "https://twitter.com/kaebmoo/status/1098537219961192448", "username": "", "text": "every now and then บางครั้งบางคราว", "date": "21-02-2019 17:57", "retweet": 0, "like": 1}, {"id": "1098512833690640391", "url": "https://twitter.com/kaebmoo/status/1098512833690640391", "username": "", "text": "There is no update in your refrigerator temperature monitoring channel for 15 minutes.", "date": "21-02-2019 16:20", "retweet": 0, "like": 0}, {"id": "1098387528472760320", "url": "https://twitter.com/kaebmoo/status/1098387528472760320", "username": "", "text": "Latte https:// ift.tt/2V7ZOzF pic.twitter.com/XYw9PsB6oA", "date": "21-02-2019 08:02", "retweet": 0, "like": 1}, {"id": "1098357619670999041", "url": "https://twitter.com/kaebmoo/status/1098357619670999041", "username": "", "text": "ตื่นเช้าเลย ... นอนเร็ว", "date": "21-02-2019 06:03", "retweet": 0, "like": 1}, {"id": "1098331624897417218", "url": "https://twitter.com/kaebmoo/status/1098331624897417218", "username": "", "text": "There is no update in your refrigerator temperature monitoring channel for 15 minutes.", "date": "21-02-2019 04:20", "retweet": 0, "like": 0}, {"id": "1098226716688826368", "url": "https://twitter.com/kaebmoo/status/1098226716688826368", "username": "", "text": "ซื้อไก่ย่างมาครึ่งตัว แดกไปสักครึ่งนึงได้ อิ่ม แน่นท้อง นอนอึดอัด ปกติเย็นไม่ได้กินเยอะขนาดนี้ แดกไม่เจียม", "date": "20-02-2019 21:23", "retweet": 0, "like": 0}, {"id": "1098191397830701057", "url": "https://twitter.com/kaebmoo/status/1098191397830701057", "username": "", "text": "ซอยที่บ้านมีงิ้ว สมัยนี้ เป็นงิ้วจอไปละ อีกหน่อยคง streaming แบบ Netflix YouTube https:// ift.tt/2TYeRvR pic.twitter.com/PC6ctbbBZG", "date": "20-02-2019 19:03", "retweet": 0, "like": 1}, {"id": "1098178488735916033", "url": "https://twitter.com/kaebmoo/status/1098178488735916033", "username": "", "text": "อาคม : ผมไปแน่นอน (เลือกตั้ง) ไม่ได้เลือกนอกเขต ไม่อยากให้เสียงเสีย เผื่อมันเสมอกัน หรือแพ้ไปเสียงนึง จะได้ไม่ต้องมาเสียดาย เสียใจ // เลือกใคร จากบทสนทนา ก็ไม่ได้คุยกันตรง แค่เป็นนัย ก็ตามนั้น บทสนทนาในรถ วันนี้ 1มข 3659", "date": "20-02-2019 18:12", "retweet": 0, "like": 1}, {"id": "1098166776729341952", "url": "https://twitter.com/kaebmoo/status/1098166776729341952", "username": "", "text": "ทยอยเสียกันตามลำดับเลยนะแก (@V Do motorwork) https://www. swarmapp.com/c/jhRwJLUK8Z7", "date": "20-02-2019 17:25", "retweet": 0, "like": 1}, {"id": "1098148015699869696", "url": "https://twitter.com/kaebmoo/status/1098148015699869696", "username": "", "text": "There is no update in your refrigerator temperature monitoring channel for 15 minutes.", "date": "20-02-2019 16:11", "retweet": 0, "like": 0}, {"id": "1098115783144734725", "url": "https://twitter.com/kaebmoo/status/1098115783144734725", "username": "", "text": "กาแฟที่ดี คือ กาแฟฟรี เชื่อ ;-) https:// ift.tt/2XcUKvJ pic.twitter.com/8jeCdrPVfE", "date": "20-02-2019 14:02", "retweet": 0, "like": 1}, {"id": "1098085600517935109", "url": "https://twitter.com/kaebmoo/status/1098085600517935109", "username": "", "text": "ขนมญี่ปุ่นนี่ มันตั้งใจทำหีบห่อจริงจังมาก https:// ift.tt/2T5pOhL pic.twitter.com/C2ksWrBqKZ", "date": "20-02-2019 12:03", "retweet": 0, "like": 1}, {"id": "1098055334399303680", "url": "https://twitter.com/kaebmoo/status/1098055334399303680", "username": "", "text": "ขอระบายหน่อย อึกอัดมาสองวันแล้ว https:// ift.tt/2NejjDR pic.twitter.com/uWu56tRuKB", "date": "20-02-2019 10:02", "retweet": 0, "like": 0}, {"id": "1097964368204124160", "url": "https://twitter.com/kaebmoo/status/1097964368204124160", "username": "", "text": "There is no update in your refrigerator temperature monitoring channel for 15 minutes.", "date": "20-02-2019 04:01", "retweet": 0, "like": 0}, {"id": "1097892810496167937", "url": "https://twitter.com/kaebmoo/status/1097892810496167937", "username": "", "text": "ไอ้ สัตว์ ใครทำเนี่ย ตอนออกวิ่ง นี่ใช่เลย pic.twitter.com/BB2fITZmz6", "date": "19-02-2019 23:16", "retweet": 0, "like": 1}, {"id": "1097884182380896258", "url": "https://twitter.com/kaebmoo/status/1097884182380896258", "username": "", "text": "เป็นลำสวยผิวเรียบคล้ายกล้วยหอม ไม่แข็งหรืออ่อนยุ่ยจนเกินไป ถือว่าเป็นรูปทรงอุจจาระที่สมบูรณ์และสุขภาพดีที่สุด เรื่อง ขี้ ขี้ https://www. samitivejhospitals.com/th/%E0%B8%AD%E 0%B8%B8%E0%B8%88%E0%B8%88%E0%B8%B2%E0%B8%A3%E0%B8%B0%E0%B8%9A%E0%B8%AD%E0%B8%81%E0%B9%82%E0%B8%A3%E0%B8%84/ …", "date": "19-02-2019 22:42", "retweet": 0, "like": 0}, {"id": "1097882273209147392", "url": "https://twitter.com/kaebmoo/status/1097882273209147392", "username": "", "text": "เป็นปอบหรือไงกูหิวทั้งวันยันดึก", "date": "19-02-2019 22:35", "retweet": 0, "like": 0}, {"id": "1097874227850633216", "url": "https://twitter.com/kaebmoo/status/1097874227850633216", "username": "", "text": "Coffee movie tonight http:// bit.ly/2tqrXpS pic.twitter.com/z8DVxAuVSC", "date": "19-02-2019 22:03", "retweet": 0, "like": 0}, {"id": "1097851032380497921", "url": "https://twitter.com/kaebmoo/status/1097851032380497921", "username": "", "text": "Ha Ha https://www. youtube.com/watch?v=GSEtjV i8-2g …", "date": "19-02-2019 20:30", "retweet": 0, "like": 0}, {"id": "1097849984706273280", "url": "https://twitter.com/kaebmoo/status/1097849984706273280", "username": "", "text": "กูว่า ไอ้แดง ทหาร อะไรนั่น เป็น เอามาก https:// guitarthai.com/picpost/cdpicp ost/Q17367.gif …", "date": "19-02-2019 20:26", "retweet": 0, "like": 0}, {"id": "1097844007806423040", "url": "https://twitter.com/kaebmoo/status/1097844007806423040", "username": "", "text": "วันกินแห่งชาติ เพิ่มน้ำหนัก กลัว ไม่ #หนักแผ่นดิน หรือ เราจะย้ายไปอยู่ดาวอื่นที่แรงโน้มถ่วงเยอะกว่านี้ http:// bit.ly/2tuIMQB pic.twitter.com/kpMRbBXXfv", "date": "19-02-2019 20:03", "retweet": 0, "like": 0}, {"id": "1097841644701794304", "url": "https://twitter.com/kaebmoo/status/1097841644701794304", "username": "", "text": "หิ้วถุงผ้าจะลงไปซื้อเบียร์ กินก๋วยเตี๋ยวหน้าบ้าน เสร็จ อิ่ม ไม่กินมันละเบียร์ อาบน้ำ ขึ้นบ้านดีกว่า /", "date": "19-02-2019 19:53", "retweet": 0, "like": 0}, {"id": "1097783556477210624", "url": "https://twitter.com/kaebmoo/status/1097783556477210624", "username": "", "text": "สามัญประจำบ้าน #กะเพราหมูกรอบ สงสัยมีโรงงานน้ำปลาเอง เค็มเชียว http:// bit.ly/2SKZ5rx pic.twitter.com/Ht2hcWteBk", "date": "19-02-2019 16:02", "retweet": 0, "like": 0}, {"id": "1097780584426946561", "url": "https://twitter.com/kaebmoo/status/1097780584426946561", "username": "", "text": "There is no update in your refrigerator temperature monitoring channel for 15 minutes.", "date": "19-02-2019 15:51", "retweet": 0, "like": 0}, {"id": "1097777424383627264", "url": "https://twitter.com/kaebmoo/status/1097777424383627264", "username": "", "text": "ชอบรถมาก Toyota CHR เลย tip ไปอีก 20 บาท พี่ไม่ได้ร่ำรวย เอาแค่นี้ก่อนนะ แต่กดให้ 5 ดาวไปละ pic.twitter.com/sGxCeHoJKy", "date": "19-02-2019 15:38", "retweet": 0, "like": 1}, {"id": "1097775271007051777", "url": "https://twitter.com/kaebmoo/status/1097775271007051777", "username": "", "text": "มาคะ pic.twitter.com/VELo50HGnI", "date": "19-02-2019 15:29", "retweet": 0, "like": 0}, {"id": "1097723275550048256", "url": "https://twitter.com/kaebmoo/status/1097723275550048256", "username": "", "text": "มีดี ที่น้ำจิ้ม http:// bit.ly/2DPXiXP pic.twitter.com/nyDEIGqXIm", "date": "19-02-2019 12:03", "retweet": 0, "like": 1}, {"id": "1097708052776697856", "url": "https://twitter.com/kaebmoo/status/1097708052776697856", "username": "", "text": "Starbucks ไม่มา / กินกาแฟ หนักแผ่นดินไปก่อน http:// bit.ly/2EiENgk pic.twitter.com/mY6Qb0sIaE", "date": "19-02-2019 11:02", "retweet": 0, "like": 1}, {"id": "1097701296524615680", "url": "https://twitter.com/kaebmoo/status/1097701296524615680", "username": "", "text": "ชอบนโยบาย พรรคภูมิใจไทย #ลดอำนาจรัฐ #กัญชารักษาโรค #GrabCar ถูกกฎหมาย", "date": "19-02-2019 10:35", "retweet": 0, "like": 0}, {"id": "1097639762226077696", "url": "https://twitter.com/kaebmoo/status/1097639762226077696", "username": "", "text": "ว้าย ตาย ละ https:// twitter.com/b969/status/10 97373241872547840 …", "date": "19-02-2019 06:31", "retweet": 0, "like": 2}, {"id": "1097639039144873984", "url": "https://twitter.com/kaebmoo/status/1097639039144873984", "username": "", "text": "กะตื่นสัก 9 โมง อุตส่าห์เลื่อนนาฬิกาปลุก แม่ง 6 โมง เสือกตื่นมาเองอีก", "date": "19-02-2019 06:28", "retweet": 0, "like": 0}, {"id": "1097599377756037125", "url": "https://twitter.com/kaebmoo/status/1097599377756037125", "username": "", "text": "There is no update in your refrigerator temperature monitoring channel for 15 minutes.", "date": "19-02-2019 03:50", "retweet": 0, "like": 0}, {"id": "1097490491946323969", "url": "https://twitter.com/kaebmoo/status/1097490491946323969", "username": "", "text": "อย่าลืมเลือกพรรคที่ตัดงบทหารนะ :-D ฮิ ฮิ", "date": "18-02-2019 20:38", "retweet": 0, "like": 1}, {"id": "1097490131391377408", "url": "https://twitter.com/kaebmoo/status/1097490131391377408", "username": "", "text": "ห่า เอ้ย งานงอก reboot server แล้ว เสือกจำไม่ได้ ว่ามีการตั้งค่า firewall ไว้ เล่นเอา สารพัด sensor สารพัดเครื่อง กู ต่อเข้าระบบไม่ได้ แล้วกูก็นึกว่า software เดี้ยง งม เป็นชั่วโมงกว่า ... สุดท้ายปิด firewall ใช้ได้หมดเลย แต่ sensor กูก็ใจน้อย ไม่ยอมกลับมาต่อ อีกสองตัว", "date": "18-02-2019 20:36", "retweet": 0, "like": 1}, {"id": "1097418153993347073", "url": "https://twitter.com/kaebmoo/status/1097418153993347073", "username": "", "text": "There is no update in your refrigerator temperature monitoring channel for 15 minutes.", "date": "18-02-2019 15:50", "retweet": 0, "like": 0}, {"id": "1097360884803031041", "url": "https://twitter.com/kaebmoo/status/1097360884803031041", "username": "", "text": "สร้างภาพ / ของจริงดื่มโซดา http:// bit.ly/2SGuyLn pic.twitter.com/hRt0Ic8A61", "date": "18-02-2019 12:03", "retweet": 0, "like": 0}]