[{"id": "1098947346837073923", "url": "https://twitter.com/kaewppink/status/1098947346837073923", "username": "", "text": "ครั้งนี้หนักหนาจังเลย ไม่รู้จะผ่านไปได้เหมือนทุกครั้งหรือเปล่า แต่จะพยายาม ไม่อยากกลับไปกินยา", "date": "22-02-2019 21:07", "retweet": 0, "like": 1}, {"id": "1098919146966835201", "url": "https://twitter.com/kaewppink/status/1098919146966835201", "username": "", "text": "ให้พิธีกรรายการ #เนชั่นทันข่าว เป็นโฆษกสำนักนายกเลยมั้ยล้าาา อวยขนาดนี้เด้อ #เลือกตั้ง62", "date": "22-02-2019 19:15", "retweet": 0, "like": 1}, {"id": "1098914733103624194", "url": "https://twitter.com/kaewppink/status/1098914733103624194", "username": "", "text": "#Nation22 นี่สำนักข่าวประจำตัวท่านนายกหรอคะ แก้ต่างให้ทุกเรื่องเลย #เลือกตั้ง62", "date": "22-02-2019 18:57", "retweet": 0, "like": 0}, {"id": "1098876735087497223", "url": "https://twitter.com/kaewppink/status/1098876735087497223", "username": "", "text": "ตามหาโฟมล้างหน้าหมอโอ๊คมาหลายสาขา แบบไปห้างก็แล้ว ก็ไม่มี ช็อปปี้ก็หมด ล่าสุดกดสั่งในลาซาด้าละ คือเหมือนเป็น product จากดาราแค่เจ้าเดียวที่อยากและกล้าลองอะ", "date": "22-02-2019 16:26", "retweet": 0, "like": 0}, {"id": "1098794745780830209", "url": "https://twitter.com/kaewppink/status/1098794745780830209", "username": "", "text": "ในวันที่มันเหนื่อยมาก จะกลับมาลูปเดิมก็ไม่เป็นไร แต่ว่าเราต้องรู้จักเอาตัวเองออกมาจากจุดที่ทำให้เรารู้สึกแย่ นิดหน่อยก็ต้องทำ ออกมาโดนแดด สูดอากาศ นี่คือสิ่งที่ได้เรียนรู้จากความเจ็บป่วย", "date": "22-02-2019 11:00", "retweet": 0, "like": 0}, {"id": "1098539921281667072", "url": "https://twitter.com/kaewppink/status/1098539921281667072", "username": "", "text": "เป็นอะไย", "date": "21-02-2019 18:08", "retweet": 0, "like": 0}, {"id": "1098536512289857536", "url": "https://twitter.com/kaewppink/status/1098536512289857536", "username": "", "text": "แม่บอกว่าถ้าคิดว่าชีวิตอยู่ที่จุด 0 ก็ไม่เป็นไร เพราะเรามาจากติดลบ แล้วสเต็ปต่อไปมันคือ 1 แล้วอะ ดูสิเก่งแค่ไหนจากติดลบขึ้นมาถึง 1 ได้", "date": "21-02-2019 17:54", "retweet": 1, "like": 1}, {"id": "1098535294964387842", "url": "https://twitter.com/kaewppink/status/1098535294964387842", "username": "", "text": "อยากให้ทุกคนบนโลกเป็นแบบแม่", "date": "21-02-2019 17:49", "retweet": 0, "like": 0}, {"id": "1098524239953518592", "url": "https://twitter.com/kaewppink/status/1098524239953518592", "username": "", "text": "อยู่ ๆ ก็ดีเพรสแบบหนักมาก", "date": "21-02-2019 17:06", "retweet": 0, "like": 0}, {"id": "1098490278304976897", "url": "https://twitter.com/kaewppink/status/1098490278304976897", "username": "", "text": "วันนี้เราแย่มากเลยอะ", "date": "21-02-2019 14:51", "retweet": 0, "like": 0}, {"id": "1098228214499921920", "url": "https://twitter.com/kaewppink/status/1098228214499921920", "username": "", "text": "รู้ละ! ตั้งแต่ป่วยมา เราว่าเรามีปมในใจเรื่องนึง ที่แบบหนักมาก หนักสุดในชีวิต ปกติก็พอจะซ่อน ๆ ไว้ได้ แต่พอวันไหนโดนกระตุ้น เราจะร้องไห้หนักมากอะ แบบหยุดไม่ได้ พอมีสติต้องคิดก่อนว่าจะทำยังไงกับปมนี้ (ที่มันแก้ไม่ได้แล้ว)", "date": "20-02-2019 21:29", "retweet": 0, "like": 1}, {"id": "1098227819417497600", "url": "https://twitter.com/kaewppink/status/1098227819417497600", "username": "", "text": "อยากไปปฏิบัติธรรม แต่ใจก็ไม่ได้สงบ", "date": "20-02-2019 21:28", "retweet": 0, "like": 0}, {"id": "1098219692873793539", "url": "https://twitter.com/kaewppink/status/1098219692873793539", "username": "", "text": "เอาล่ะ! อยากร้องไห้หน่อยนึง ต้องปล่อยให้ร้องออกมาแล้ว", "date": "20-02-2019 20:55", "retweet": 0, "like": 0}, {"id": "1098124011492372480", "url": "https://twitter.com/kaewppink/status/1098124011492372480", "username": "", "text": "หมดแรงจะคิดบวก พยายามแค่ไหนก็โดนเอาไม้มาทิ่มจนเสียหลักอยู่ดี", "date": "20-02-2019 14:35", "retweet": 0, "like": 1}, {"id": "1098093150705397760", "url": "https://twitter.com/kaewppink/status/1098093150705397760", "username": "", "text": "@js100radio ตรงก่อนถึงบิ๊กซี รัชดามีรถจอดขายของเต็มไปหมดเลยอะค่ะ จอดขายตรงป้ายห้ามจอดตลอดเวลา เกะกะคนใช้ถนนมากเป็นมานาน แล้วมันเป็นเส้นทึบด้วย จะเปลี่ยนเลนก็กลัวเจอกล้อง มาทุกวันเป็นปี ก็เห็นขายมาเป็นปีแล้ว pic.twitter.com/LdHaBCBIEZ", "date": "20-02-2019 12:33", "retweet": 0, "like": 0}, {"id": "1098087434271617024", "url": "https://twitter.com/kaewppink/status/1098087434271617024", "username": "", "text": "เราจะอยู่กันแบบนี้อีกนานมะ", "date": "20-02-2019 12:10", "retweet": 0, "like": 0}, {"id": "1097866633970778112", "url": "https://twitter.com/kaewppink/status/1097866633970778112", "username": "", "text": "เมื่อวานตื่นเช้า ตะลอนทั้งวัน วันนี้กลับมาจากยิม เหนื่อยมาก เลยนอนไปตอนบ่ายแก่ ๆ ตอนนี้ปวดหัวมาก นอนต่อก็ไม่ได้ ไม่สบายตัวเลย", "date": "19-02-2019 21:32", "retweet": 0, "like": 0}, {"id": "1097857678640967680", "url": "https://twitter.com/kaewppink/status/1097857678640967680", "username": "", "text": "มองมาจากดาวอังคารยังรู้เลยยย ว่าเอาผลประโยชน์ เนอะ", "date": "19-02-2019 20:57", "retweet": 0, "like": 0}, {"id": "1097857567206760448", "url": "https://twitter.com/kaewppink/status/1097857567206760448", "username": "", "text": "เหงาเลย 5555", "date": "19-02-2019 20:56", "retweet": 0, "like": 0}, {"id": "1097856313374064641", "url": "https://twitter.com/kaewppink/status/1097856313374064641", "username": "", "text": "ไม่มีคนเข้ามาเลยยย", "date": "19-02-2019 20:51", "retweet": 0, "like": 0}, {"id": "1097855809189339136", "url": "https://twitter.com/kaewppink/status/1097855809189339136", "username": "", "text": "ยิ่งตอนนับคะแนนปกติมันจะอ่านชื่อเบอร์ ชื่อพรรค อันนี้อยากรู้ว่าจะยังไง เอาจริง ๆ เราว่าพลาดเยอะแน่นอน", "date": "19-02-2019 20:49", "retweet": 0, "like": 0}, {"id": "1097855529718669313", "url": "https://twitter.com/kaewppink/status/1097855529718669313", "username": "", "text": "พอเป็นเลือกตั้งนอกเขต มันก็มาแบบ จ. ละคนสองคน ร้อยคนก็เป็นร้อยเขตเนอะ เขตมันเยอะมากเลยอ่าแบบแยกหีบไม่น่าได้ อันนี้ไม่เข้าในมาสักพักละ 5555", "date": "19-02-2019 20:48", "retweet": 0, "like": 0}, {"id": "1097855262134755329", "url": "https://twitter.com/kaewppink/status/1097855262134755329", "username": "", "text": "ถ้าแบบนี้จะมั่นใจได้ไหมนะว่าไม่ส่งผิด ไม่พิมพ์ผิดพลาด จะเพียงพอ กลัวแบบเข้าไปในคูหาแล้วก็ทำอะไรไม่ได้ ทำไมไม่เบอร์เดียวกันไปให้หมดเลยย ฮือ", "date": "19-02-2019 20:47", "retweet": 0, "like": 0}, {"id": "1097846948789288960", "url": "https://twitter.com/kaewppink/status/1097846948789288960", "username": "", "text": "สำหรับ #เลือกตั้ง62 นี่ #พลังประชารัฐ แม่งเหมือนซื้อ Air Time ทั้งหมดของข่าว #NationTV เลย อวยกันขนาดนี้ ทำรายการพิเศษให้กันไปเลยมั้ยอะ", "date": "19-02-2019 20:14", "retweet": 0, "like": 0}, {"id": "1097846337456857089", "url": "https://twitter.com/kaewppink/status/1097846337456857089", "username": "", "text": "#เลือกตั้ง62 อยากรู้ว่าเลือกตั้งล่วงหน้านับคะแนนยังไงอะ คือสมมติคนเลือกยึดจากเบอร์ในภูมิลำเนา แต่ในกล่องคือมันมีจากหลายภูมิลำเนา แล้วบัตรเลือกตั้งมันมีทั้งเบอร์ทั้งโลโก้? แปลว่าแต่ละเขตทำบัตรมาโดยเฉพาะเลยหรอ จะไม่ผิดพลาดตอนนับคะแนน?", "date": "19-02-2019 20:12", "retweet": 0, "like": 0}]