[{"id": "1099304110212374528", "url": "https://twitter.com/kamioshikorn/status/1099304110212374528", "username": "", "text": "ถ้ารู้ว่ายังไงก็ไม้ชนะเขตก็ดีนะครับเลือกไปปารตี้ลิสง่าย ไม่ต้องคิดมาก", "date": "23-02-2019 20:44", "retweet": 0, "like": 1}, {"id": "1098846195848425473", "url": "https://twitter.com/kamioshikorn/status/1098846195848425473", "username": "", "text": "ประเทศเราไม่ได้ขาย อาวุธ", "date": "22-02-2019 14:25", "retweet": 0, "like": 0}, {"id": "1098841960733798400", "url": "https://twitter.com/kamioshikorn/status/1098841960733798400", "username": "", "text": "https://www. youtube.com/watch?v=Jq9f5W epOUU … คนนี้ป่ะคับ", "date": "22-02-2019 14:08", "retweet": 2, "like": 4}, {"id": "1098806897367379968", "url": "https://twitter.com/kamioshikorn/status/1098806897367379968", "username": "", "text": "แบบเขต สส. ที่ชนะในเขต จะได้เป็นครับ สส.ที่แพ้จะได้คะแนนไปปารตี้ลิส", "date": "22-02-2019 11:49", "retweet": 1, "like": 1}, {"id": "1098740684792594432", "url": "https://twitter.com/kamioshikorn/status/1098740684792594432", "username": "", "text": "555555555 แผ่นดินหนักเพราะรักลุงตู่ #แดงรักพ่อ : เจาะข่าวตื้น 213 https:// youtu.be/JBKfJ95us_E ข้อมูลจาก @YouTube", "date": "22-02-2019 07:26", "retweet": 0, "like": 0}, {"id": "1098594907042787334", "url": "https://twitter.com/kamioshikorn/status/1098594907042787334", "username": "", "text": "บอกยายดู voice เหอะ thairath ก็ได้", "date": "21-02-2019 21:46", "retweet": 13, "like": 15}, {"id": "1098496853727834112", "url": "https://twitter.com/kamioshikorn/status/1098496853727834112", "username": "", "text": "#หนักแผ่นดิน pic.twitter.com/R1czzAienD", "date": "21-02-2019 15:17", "retweet": 1, "like": 1}, {"id": "1098478708468273153", "url": "https://twitter.com/kamioshikorn/status/1098478708468273153", "username": "", "text": "หลังเลือกตั้งต้องมาเล่นนะ ไม่งั้นฟ้อง กกต.นะ", "date": "21-02-2019 14:05", "retweet": 4, "like": 4}, {"id": "1098163046109786112", "url": "https://twitter.com/kamioshikorn/status/1098163046109786112", "username": "", "text": "จะโกรธมาก ไม่เคยได้ตังทำงานฟรีตลอด", "date": "20-02-2019 17:10", "retweet": 0, "like": 0}, {"id": "1098146375265472512", "url": "https://twitter.com/kamioshikorn/status/1098146375265472512", "username": "", "text": "ถึงคุณจะทำร้าย\"ทุกคน\"ที่เรารัก เราก็ไม่รักลุงหรอกนะ #savethanathorn", "date": "20-02-2019 16:04", "retweet": 1, "like": 3}, {"id": "1098145665903878144", "url": "https://twitter.com/kamioshikorn/status/1098145665903878144", "username": "", "text": "เปิดเพราะ voice ดีเฟนต ตัวเองจาก กสทช. โดยการฟ้องศาลปกครองครับ กสทช.เป็นคนสั่งปิด", "date": "20-02-2019 16:01", "retweet": 3, "like": 4}, {"id": "1098108220835430400", "url": "https://twitter.com/kamioshikorn/status/1098108220835430400", "username": "", "text": "ถ้าธนาธรติดคุก กูจะออกไปช่วยหาเสียงในหมู่บ้านแทน ไดโนเสาร์ที่ไหนมาบอกพรรคล้มเจ้านอมินีทักษิญ กูเถียงกลับ กูจะเอาข้อมูลทหารที่โกงยัดมึงจนอ้วกเลย กูสู้ใจขาดอ่ะ มาาาาา #savethanathorn", "date": "20-02-2019 13:32", "retweet": 376, "like": 136}, {"id": "1098106456975454208", "url": "https://twitter.com/kamioshikorn/status/1098106456975454208", "username": "", "text": "#savethanathorn", "date": "20-02-2019 13:25", "retweet": 2, "like": 2}, {"id": "1097902382204080129", "url": "https://twitter.com/kamioshikorn/status/1097902382204080129", "username": "", "text": "ฟังจบ สรุป เขตรัฐ เถียงโง่ๆ เลี่ยงคำถาม #ถามตรงๆ", "date": "19-02-2019 23:55", "retweet": 2, "like": 2}, {"id": "1097803958762889217", "url": "https://twitter.com/kamioshikorn/status/1097803958762889217", "username": "", "text": "Kayle และ Morgana: ผู้ชอบธรรมและผู้ร่วงหล่น | Champion Gameplay Trailer ... https:// youtu.be/A31iOWper4I ข้อมูลจาก @YouTube", "date": "19-02-2019 17:23", "retweet": 0, "like": 0}, {"id": "1097719101168902145", "url": "https://twitter.com/kamioshikorn/status/1097719101168902145", "username": "", "text": "จะอ้วกเหอะ", "date": "19-02-2019 11:46", "retweet": 0, "like": 0}, {"id": "1097718327806373888", "url": "https://twitter.com/kamioshikorn/status/1097718327806373888", "username": "", "text": "อย่าลืมมมมมมมมมมม ลงทะเบียนเลือกตั้งล่วงหน้า - นอกเขต ลงแป๊ปเดียววววว ไม่ยุ่งยาก https:// election.bora.dopa.go.th / #เลือกตั้ง62 #หนักแผ่นดิน https:// twitter.com/jomquan/status /1097717386260566016 …", "date": "19-02-2019 11:43", "retweet": 1, "like": 0}, {"id": "1097696087408668673", "url": "https://twitter.com/kamioshikorn/status/1097696087408668673", "username": "", "text": "แสดงว่ายังไม่รู้ 5555", "date": "19-02-2019 10:15", "retweet": 0, "like": 2}, {"id": "1097664756251471872", "url": "https://twitter.com/kamioshikorn/status/1097664756251471872", "username": "", "text": "สอบสัมภาษณ์ครับ คัดออกเกือบครึ่ง", "date": "19-02-2019 08:10", "retweet": 0, "like": 0}, {"id": "1097392732811608064", "url": "https://twitter.com/kamioshikorn/status/1097392732811608064", "username": "", "text": "ชนะเลือกตั้งครับ", "date": "18-02-2019 14:09", "retweet": 0, "like": 0}, {"id": "1097359711056220162", "url": "https://twitter.com/kamioshikorn/status/1097359711056220162", "username": "", "text": "เพื่อไทยลดแค่ 10% อนาคตใหม่ ลดนายพล จาก1400 เหลือ 450+- เตรียมหาอาชีพเสริมได้เลย", "date": "18-02-2019 11:58", "retweet": 0, "like": 0}, {"id": "1097358334334660609", "url": "https://twitter.com/kamioshikorn/status/1097358334334660609", "username": "", "text": "แถวบ้านผมไม่เห็นเป็นงี้เรยนะ พวกกะเอาไปแอบดูดกันอยู่ดี ยิ่งถ้าไปเจอเพื่อนใหม่แบบเดียวกันในค่ายยิ่งสุดมาก พี่ที่รู้จักกลับมาจากทหารเรือ พึ่งแตะป้าผู้หญิง และโดนไล่ออกจากงานไป", "date": "18-02-2019 11:53", "retweet": 0, "like": 0}, {"id": "1097356164751273984", "url": "https://twitter.com/kamioshikorn/status/1097356164751273984", "username": "", "text": "center มาเชียว", "date": "18-02-2019 11:44", "retweet": 0, "like": 0}, {"id": "1097351773415591937", "url": "https://twitter.com/kamioshikorn/status/1097351773415591937", "username": "", "text": "ขอผ้า towel กับแท่งไฟ ^ ^ เสื้อตอนนี้ใส่จนเปื่อยแว้วว", "date": "18-02-2019 11:27", "retweet": 0, "like": 4}, {"id": "1097345438217191426", "url": "https://twitter.com/kamioshikorn/status/1097345438217191426", "username": "", "text": "ชอบคำว่า ลูกตาจ๊อด ดูบ้านๆดี ไม่ต้องเรียกบงเรียกบิ๊กอะไร #หนักแผ่นดิน", "date": "18-02-2019 11:01", "retweet": 15, "like": 3}]