[{"id": "1097797082700640257", "url": "https://twitter.com/kaowmong/status/1097797082700640257", "username": "", "text": "ใครที่เครียดการเมืองบ้านเราจนผมร่วง แนะนำเลย!!! เซ็ตนี้เอาอยู่ อนาคตของผมเราอย่าให้ใครมาทำลาย #อนาคตใหม่ #เพื่อไทย #Valentines2019 #พลังประชารัฐ #ประชาธิปัตย์ #เลือกตั้งเว้ย #ผมร่วง #ฮาวิล่าห์ pic.twitter.com/0XKI3V1Fbf", "date": "19-02-2019 16:56", "retweet": 0, "like": 0}]