[{"id": "1098935832285597697", "url": "https://twitter.com/karanoof/status/1098935832285597697", "username": "", "text": "เห้นคนผ่านนักการฑูต แล้วแบบ ดีแล้วทูลหัว ที่กุเป็น hr", "date": "22-02-2019 20:21", "retweet": 0, "like": 0}, {"id": "1098898239124733953", "url": "https://twitter.com/karanoof/status/1098898239124733953", "username": "", "text": "เกลียดออดิท อีดอก ทำให้ต้องมาทำงานวันพรุ่งนี้ แงงง", "date": "22-02-2019 17:52", "retweet": 0, "like": 0}, {"id": "1098897245129211904", "url": "https://twitter.com/karanoof/status/1098897245129211904", "username": "", "text": "เป็นวันที่อีดอกก งานเยอะมากก ตั้งแต่ทำงานที่นี่มา เพราะมีซุปลากะทันหัน อีดอกกก ทำจนเอ๋ออ", "date": "22-02-2019 17:48", "retweet": 0, "like": 0}, {"id": "1098740738836189185", "url": "https://twitter.com/karanoof/status/1098740738836189185", "username": "", "text": "วินใส่น้ำหอมมมแบบบ กุจามตลอดทางงงเลย อีดอกกกกก เลืกใช้เหอะ ถือว่าสงสารกุก็ได้", "date": "22-02-2019 07:26", "retweet": 0, "like": 0}, {"id": "1098591926037766146", "url": "https://twitter.com/karanoof/status/1098591926037766146", "username": "", "text": "เครียดเรื่องงงจะซื้อบ้านชิบหาย คุยกับแม่ปั้ป ยอมม โล่งงงงง", "date": "21-02-2019 21:35", "retweet": 0, "like": 0}, {"id": "1098420343037820928", "url": "https://twitter.com/karanoof/status/1098420343037820928", "username": "", "text": "สิบโมงแล้ว มีบูทสมัครงานพร้อมเต้มที่ แต่ไม่มีเด้กมาเดิน เยี่ยยมมาก ไอต้าว มธ !!!!", "date": "21-02-2019 10:13", "retweet": 0, "like": 0}, {"id": "1098239521584377856", "url": "https://twitter.com/karanoof/status/1098239521584377856", "username": "", "text": "พรุ่งนี้ใครว่างๆๆไปเจอได้จ้อบแฟร์ มธ นะค่าาาาา", "date": "20-02-2019 22:14", "retweet": 0, "like": 0}, {"id": "1098201060219355137", "url": "https://twitter.com/karanoof/status/1098201060219355137", "username": "", "text": "อิ่มมากกก พุงจะแตก", "date": "20-02-2019 19:41", "retweet": 0, "like": 0}, {"id": "1097885542660812800", "url": "https://twitter.com/karanoof/status/1097885542660812800", "username": "", "text": "พรุ่งนี้ทำงานอีกกแร้ววววววว แงงงง", "date": "19-02-2019 22:48", "retweet": 0, "like": 0}, {"id": "1097784874537086977", "url": "https://twitter.com/karanoof/status/1097784874537086977", "username": "", "text": "มีรุ่นน้องมึงมาสมัคร บ ชุ้นด้วย ชื่อเก๋ รู้จักม่ะ จบหอวัง 5555", "date": "19-02-2019 16:08", "retweet": 0, "like": 0}, {"id": "1097752264054165505", "url": "https://twitter.com/karanoof/status/1097752264054165505", "username": "", "text": "จะหลับแล้ว ตัดผมให้หนูเถอะค่าาา", "date": "19-02-2019 13:58", "retweet": 0, "like": 0}, {"id": "1097702085003423744", "url": "https://twitter.com/karanoof/status/1097702085003423744", "username": "", "text": "มองๆๆอยู่ รังสิต คลองสองอ่ะพี่ไบร์ท เห้นโซตาลนางเริ่มแล้ว เลยเล็งๆๆไว้", "date": "19-02-2019 10:39", "retweet": 0, "like": 0}, {"id": "1097678334517862400", "url": "https://twitter.com/karanoof/status/1097678334517862400", "username": "", "text": "เอ้าอีนี่ ยังอยู่ดีนะ", "date": "19-02-2019 09:04", "retweet": 0, "like": 0}, {"id": "1097678224274841600", "url": "https://twitter.com/karanoof/status/1097678224274841600", "username": "", "text": "Villagio land and house อ่ะพี่ไบร์ท สนใจมาเป้น duo home กับเรามั้ย 5555", "date": "19-02-2019 09:04", "retweet": 0, "like": 0}, {"id": "1097524756784410625", "url": "https://twitter.com/karanoof/status/1097524756784410625", "username": "", "text": "ได้ฮ้าฟฟ พรุ่งนี้โทรหานะฮ้าฟฟ", "date": "18-02-2019 22:54", "retweet": 0, "like": 0}, {"id": "1097524005752365056", "url": "https://twitter.com/karanoof/status/1097524005752365056", "username": "", "text": "อีดอก กลับได้ล่ะ ปทุมยังคอยอ้ายอยู่ พรุ่งนี้มานะ!!!", "date": "18-02-2019 22:51", "retweet": 0, "like": 0}, {"id": "1097523257295523841", "url": "https://twitter.com/karanoof/status/1097523257295523841", "username": "", "text": "ฝากถามเค้าทีไลน์หากุศุกที่แล้ว นี่จะวนมาอีกศุก ยังไม่ตอบกุกลับเลยแม่ งง", "date": "18-02-2019 22:48", "retweet": 0, "like": 0}, {"id": "1097522195251642368", "url": "https://twitter.com/karanoof/status/1097522195251642368", "username": "", "text": "เออได้พรุ่งนี้กุไปหา ตัดผมก่อน", "date": "18-02-2019 22:44", "retweet": 0, "like": 0}, {"id": "1097521837011922944", "url": "https://twitter.com/karanoof/status/1097521837011922944", "username": "", "text": "พรุ่งนี้อยู่มั้ย เอาที่แบบไปแล้ว ไม่ใช่หนีไปกับผัวอ่ะ", "date": "18-02-2019 22:42", "retweet": 0, "like": 0}, {"id": "1097521509017387009", "url": "https://twitter.com/karanoof/status/1097521509017387009", "username": "", "text": "คิดถึงจัง อีหน้าสัสของพี่", "date": "18-02-2019 22:41", "retweet": 0, "like": 0}, {"id": "1097517234690306048", "url": "https://twitter.com/karanoof/status/1097517234690306048", "username": "", "text": "กุคง hold ก่อนนนน น้องกลัวไม่ได้เที่ยว", "date": "18-02-2019 22:24", "retweet": 0, "like": 0}, {"id": "1097516847946129408", "url": "https://twitter.com/karanoof/status/1097516847946129408", "username": "", "text": "9,000 ไง ข้าว3มื้อ", "date": "18-02-2019 22:23", "retweet": 0, "like": 0}, {"id": "1097516510099136512", "url": "https://twitter.com/karanoof/status/1097516510099136512", "username": "", "text": "เตรียมพร้อมมาเป้น สาจ๋า ยังงงง", "date": "18-02-2019 22:21", "retweet": 0, "like": 0}, {"id": "1097515994086486016", "url": "https://twitter.com/karanoof/status/1097515994086486016", "username": "", "text": "โอเค เอา เทา", "date": "18-02-2019 22:19", "retweet": 0, "like": 0}, {"id": "1097514659312107522", "url": "https://twitter.com/karanoof/status/1097514659312107522", "username": "", "text": "เทา หรือ น้ำตาล ดีจ๊ะ แต่ที่แน่ๆคือไม่อยากเป้นหนี้ค่ะพรี่ pic.twitter.com/4DYrrzlvzH", "date": "18-02-2019 22:14", "retweet": 0, "like": 1}, {"id": "1097514414175969280", "url": "https://twitter.com/karanoof/status/1097514414175969280", "username": "", "text": "คิดเรื่องบ้านมาสองวันปวดหัวมากๆๆ และเซลล์ก็ทำงานเก่งง เหลือแค่เซนปุ้ป รับไปเลยหนี้ 3.5 ล้าน /อีนู้ปปปป กำพาราแล้ว", "date": "18-02-2019 22:13", "retweet": 0, "like": 1}, {"id": "1097352849422352384", "url": "https://twitter.com/karanoof/status/1097352849422352384", "username": "", "text": "เล่นไม่รู้จักเวลา ก็คือ โดนแหกหีไปค่ะ", "date": "18-02-2019 11:31", "retweet": 0, "like": 0}, {"id": "1097345527207751680", "url": "https://twitter.com/karanoof/status/1097345527207751680", "username": "", "text": "วันหยุดไง", "date": "18-02-2019 11:02", "retweet": 0, "like": 0}, {"id": "1097345481410207744", "url": "https://twitter.com/karanoof/status/1097345481410207744", "username": "", "text": "เหมือนทำงานคนเดียว ทั้งโลก แงงง หนุดกันหมด อีหอยยย", "date": "18-02-2019 11:02", "retweet": 0, "like": 0}, {"id": "1097289693119471616", "url": "https://twitter.com/karanoof/status/1097289693119471616", "username": "", "text": "เปลี่นวันทำงานกันหมดเลยนะ หึหึ อีดอกรถไม่ติดเลยยย", "date": "18-02-2019 07:20", "retweet": 0, "like": 1}]