[{"id": "1099382916553961472", "url": "https://twitter.com/katsucpe/status/1099382916553961472", "username": "", "text": "ยังไม่ได้ฟังเลย แต่อ่านแล้วชอบ #JunéBNK48 https:// twitter.com/juniverse48/st atus/1099364277054369792 …", "date": "24-02-2019 01:58", "retweet": 3, "like": 4}, {"id": "1099311837860909056", "url": "https://twitter.com/katsucpe/status/1099311837860909056", "username": "", "text": "พักจากการอ่านหนังสือนิดๆหน่อยๆหละน่าาา", "date": "23-02-2019 21:15", "retweet": 0, "like": 0}, {"id": "1099300468507852802", "url": "https://twitter.com/katsucpe/status/1099300468507852802", "username": "", "text": "สวดยอดดดด อะ \"เรา\" #JennisBNK48 https:// twitter.com/iicejii/status /1099276887380058117 …", "date": "23-02-2019 20:30", "retweet": 10, "like": 6}, {"id": "1098920767360651264", "url": "https://twitter.com/katsucpe/status/1098920767360651264", "username": "", "text": "น้องๆรุ่น2 หายไปหลายวัน กลับมากันแล้ว หวังว่างานจะว้าวจริงให้สมกับที่เก็บตัวเงียบ #BNK48", "date": "22-02-2019 19:21", "retweet": 0, "like": 1}, {"id": "1098170642086543361", "url": "https://twitter.com/katsucpe/status/1098170642086543361", "username": "", "text": "อฟช. ต้องมีปัญหากับการ random ของแน่นอนนน", "date": "20-02-2019 17:40", "retweet": 0, "like": 1}, {"id": "1098098315206389761", "url": "https://twitter.com/katsucpe/status/1098098315206389761", "username": "", "text": "ปั่นอะไรกันน้อออ", "date": "20-02-2019 12:53", "retweet": 0, "like": 0}, {"id": "1098052884875231232", "url": "https://twitter.com/katsucpe/status/1098052884875231232", "username": "", "text": "นี่ไงทำไมถึงหายากกก โอ้โหวววว", "date": "20-02-2019 09:53", "retweet": 0, "like": 1}, {"id": "1097744651782483974", "url": "https://twitter.com/katsucpe/status/1097744651782483974", "username": "", "text": "ยังรับ Juné คิมิวะ h อยู่ครับ #JuneBNK48 #BNK48Market", "date": "19-02-2019 13:28", "retweet": 2, "like": 2}, {"id": "1097501430192066560", "url": "https://twitter.com/katsucpe/status/1097501430192066560", "username": "", "text": "รับ Juné คิมิวะ h ครับ #JuneBNK48 #BNK48Market", "date": "18-02-2019 21:21", "retweet": 2, "like": 3}, {"id": "1097463503491817472", "url": "https://twitter.com/katsucpe/status/1097463503491817472", "username": "", "text": "พวกเด็กเกเร~~~ #JennisBNK48 #BeginnerTH #BNK486thSingle https:// twitter.com/Grizzlythecatt /status/1097196232710139914 …", "date": "18-02-2019 18:51", "retweet": 3, "like": 10}, {"id": "1097389255800741888", "url": "https://twitter.com/katsucpe/status/1097389255800741888", "username": "", "text": "ชอบวิธีการออกเสียงของน้องจี้มากเว่อร์ 55+ เมอแลงเสิร์ป #GygeeBNK48 https:// youtu.be/jWHmOgODbgs?t= 1252 …", "date": "18-02-2019 13:56", "retweet": 0, "like": 1}]