[{"id": "1099144265949601793", "url": "https://twitter.com/Kchawalit/status/1099144265949601793", "username": "", "text": "ทำงานกับควายเนี่ย เบื่อสัด", "date": "23-02-2019 10:09", "retweet": 0, "like": 0}, {"id": "1098981725114327040", "url": "https://twitter.com/Kchawalit/status/1098981725114327040", "username": "", "text": "นอนตี1++ มา2คืนแล้ว สิวเริ่มขึ้น", "date": "22-02-2019 23:23", "retweet": 0, "like": 0}, {"id": "1098980440294055937", "url": "https://twitter.com/Kchawalit/status/1098980440294055937", "username": "", "text": "ดูพี่นาคแล้ว ทั้งเรื่องขำมุขแค่ฉากเดียว ถ้าใครขำคงให้คะแนนดี", "date": "22-02-2019 23:18", "retweet": 0, "like": 0}, {"id": "1098980325248520198", "url": "https://twitter.com/Kchawalit/status/1098980325248520198", "username": "", "text": "ชอบลุคนี้กว่าดูเป็นสาวววว", "date": "22-02-2019 23:18", "retweet": 0, "like": 0}, {"id": "1098900795519524864", "url": "https://twitter.com/Kchawalit/status/1098900795519524864", "username": "", "text": "เขาให้เอาขวดน้ำมาเสียบ", "date": "22-02-2019 18:02", "retweet": 0, "like": 0}, {"id": "1098888768583430145", "url": "https://twitter.com/Kchawalit/status/1098888768583430145", "username": "", "text": "ซึ่งดูราคาสินค้าในดองกี้เทียบราคาคิตแคตชาเขียวที่ขาย140+แล้ว สินค้าหลายๆอย่างที่บอกว่าขายถูก อีก 1-2เดือนราคาจะปรับขึ้นประมาณ 30% #ดองกี้ #DonDonkiDonkiTH", "date": "22-02-2019 17:14", "retweet": 3, "like": 0}, {"id": "1098888423769759744", "url": "https://twitter.com/Kchawalit/status/1098888423769759744", "username": "", "text": "สินค้าบางอย่างในดองกี้ถูกขายให้ในราคาขาดทุน เพื่อกระหน่ำราคาในช่วงเปิดตัว #ดองกี้ #DonDonkiDonkiTH", "date": "22-02-2019 17:13", "retweet": 2, "like": 1}, {"id": "1098881477276708864", "url": "https://twitter.com/Kchawalit/status/1098881477276708864", "username": "", "text": "ไม่กินเลยเพราะขี้เกียจแกะ เลเวลอะไร", "date": "22-02-2019 16:45", "retweet": 0, "like": 0}, {"id": "1098843337702817792", "url": "https://twitter.com/Kchawalit/status/1098843337702817792", "username": "", "text": "ใจเย็น ๆๆ พี่นาคไม่ได้เกี่ยวอะไรกับแม่นาค พี่นาคไม่ได้เกี่ยวอะไรกับแม่นาค พี่นาคไม่ได้เกี่ยวอะไรกับแม่นาค #movietwit #พี่นาค", "date": "22-02-2019 14:14", "retweet": 1, "like": 0}, {"id": "1098829234858975232", "url": "https://twitter.com/Kchawalit/status/1098829234858975232", "username": "", "text": "อยู่ๆไปด่าคนสงสัยว่าโง่ ไอ้เหี้ยนี่น่าจะมีปม", "date": "22-02-2019 13:17", "retweet": 0, "like": 0}, {"id": "1098816387001139205", "url": "https://twitter.com/Kchawalit/status/1098816387001139205", "username": "", "text": "กลิ่นแบบสาหร่าย จืดๆ รสพริกไทยดำ ความมันของนิ้วปานปลาง ราคาไม่แพง #รีวิวข้าวเกรียบ pic.twitter.com/kZBmKu1MdM", "date": "22-02-2019 12:26", "retweet": 0, "like": 0}, {"id": "1098769202029125632", "url": "https://twitter.com/Kchawalit/status/1098769202029125632", "username": "", "text": "แมวพอได้ข้าวกินแล้ว กินเสร็จมันก็ไม่สนใจเรา เดินออกไปหน้าบ้านเลียขา นอนชมวิว", "date": "22-02-2019 09:19", "retweet": 0, "like": 0}, {"id": "1098429236556181504", "url": "https://twitter.com/Kchawalit/status/1098429236556181504", "username": "", "text": "S10+ นี่ แต่ละรุ่นต่างกันแค่แรม กับ เมม ใช่ไหม ? แล้วราคากระโดดทีละหมื่นนึงอ่านะ #GalaxyS10", "date": "21-02-2019 10:48", "retweet": 0, "like": 0}, {"id": "1098411379411677185", "url": "https://twitter.com/Kchawalit/status/1098411379411677185", "username": "", "text": "อยากเปิดร้านกาแฟ", "date": "21-02-2019 09:37", "retweet": 0, "like": 0}, {"id": "1097390452272058368", "url": "https://twitter.com/Kchawalit/status/1097390452272058368", "username": "", "text": "55555 ถ้าโกงก็อย่ามาเล่น พูดเป็นไฮโลเลยมึง", "date": "18-02-2019 14:00", "retweet": 1, "like": 3}, {"id": "1097375050141843456", "url": "https://twitter.com/Kchawalit/status/1097375050141843456", "username": "", "text": "คนใต้ไม่ได้อินกับสุเทพหรือประยุทธแล้ว ไม่รู้สัดส่วน แต่เชื่อว่า 50%+ #เลือกตั้ง62", "date": "18-02-2019 12:59", "retweet": 0, "like": 0}, {"id": "1097371674511470592", "url": "https://twitter.com/Kchawalit/status/1097371674511470592", "username": "", "text": "กินนอน กินนอน #หนักแผ่นดิน pic.twitter.com/b4K6Q26DWy", "date": "18-02-2019 12:46", "retweet": 0, "like": 0}, {"id": "1097371062663139329", "url": "https://twitter.com/Kchawalit/status/1097371062663139329", "username": "", "text": "ถ้ากินกาแฟดำไม่ได้ก็ต้องสู้กับความอ้วนด้วยนะ", "date": "18-02-2019 12:43", "retweet": 0, "like": 0}, {"id": "1097318343558651904", "url": "https://twitter.com/Kchawalit/status/1097318343558651904", "username": "", "text": "ไม่ได้กินกาแฟ กินน้ำชาก็ยังดี", "date": "18-02-2019 09:14", "retweet": 0, "like": 0}]