[{"id": "1099457029310054400", "url": "https://twitter.com/Kea_New/status/1099457029310054400", "username": "", "text": "pic.twitter.com/ooDPGSwLag", "date": "24-02-2019 06:52", "retweet": 0, "like": 1}, {"id": "1099438542197948416", "url": "https://twitter.com/Kea_New/status/1099438542197948416", "username": "", "text": "เครื่องปั่นแบตฯหมดเหรอจ๊ะ หรือความจริงถูกเปิดเผย? ทำไมกระแส #ฟ้ารักพ่อ #พ่อขอฟ้า ถึงค่อยๆริบหรี่ลงเอ่ย..?? หรือลูกฟ้าทั้งหลายจะเริ่มรู้แล้วว่า.. #พ่อหลอกฟ้า", "date": "24-02-2019 05:39", "retweet": 20, "like": 27}, {"id": "1099303020934836224", "url": "https://twitter.com/Kea_New/status/1099303020934836224", "username": "", "text": "พี่ #ป @PravitR เสรีพิศุทธ์ คุยโวว่าคนชื่อ ป. แพ้ทางเค้าค่ะ เค้าปราบพี่ #ป หรือยังคะ อิอิ #ขำบ้างไรบ้าง #เลือกตั้ง62 #นักการเมืองน้ำเน่า https:// twitter.com/Kom_chad_luek/ status/1099301107648495616 …", "date": "23-02-2019 20:40", "retweet": 2, "like": 3}, {"id": "1099301535823974400", "url": "https://twitter.com/Kea_New/status/1099301535823974400", "username": "", "text": "", "date": "23-02-2019 20:34", "retweet": 0, "like": 0}, {"id": "1099300091242831874", "url": "https://twitter.com/Kea_New/status/1099300091242831874", "username": "", "text": "", "date": "23-02-2019 20:29", "retweet": 1, "like": 1}, {"id": "1099293500607090689", "url": "https://twitter.com/Kea_New/status/1099293500607090689", "username": "", "text": "ป้าปูขอร้องงงงงง https:// twitter.com/twinpole09/sta tus/1099259393047093249 …", "date": "23-02-2019 20:02", "retweet": 1, "like": 3}, {"id": "1099287270811529216", "url": "https://twitter.com/Kea_New/status/1099287270811529216", "username": "", "text": "pic.twitter.com/CuW8Wy6S8s", "date": "23-02-2019 19:38", "retweet": 0, "like": 1}, {"id": "1099286674599641088", "url": "https://twitter.com/Kea_New/status/1099286674599641088", "username": "", "text": "เมาน้ำหมากเหรอคะพี่มานะ", "date": "23-02-2019 19:35", "retweet": 0, "like": 1}, {"id": "1099286518399524865", "url": "https://twitter.com/Kea_New/status/1099286518399524865", "username": "", "text": "ไม่ได้ดิ้นค่ะ แต่สงสารป้าวนอ่ะค่ะ", "date": "23-02-2019 19:35", "retweet": 0, "like": 1}, {"id": "1099279787892174849", "url": "https://twitter.com/Kea_New/status/1099279787892174849", "username": "", "text": "เมาน้ำหมาก คำนี้ขอยืมใช้หน่อยนะคะพี่มานะ จี๊ดดีค่ะ", "date": "23-02-2019 19:08", "retweet": 0, "like": 4}, {"id": "1099278051584557056", "url": "https://twitter.com/Kea_New/status/1099278051584557056", "username": "", "text": "ตอนนี้ควายแดงตัวแม่อย่างป้าวน @meVnus กำลังให้เกียรติเค ยกเคเป็นพี่สาวแม่แกค่ะ เคอายุยังไม่เลข3เลย แกให้เกียรติมาเรียกป้าแล้วค่ะ #สมสถานะควายแดงจริงๆค่ะ", "date": "23-02-2019 19:01", "retweet": 2, "like": 5}, {"id": "1099276800343986176", "url": "https://twitter.com/Kea_New/status/1099276800343986176", "username": "", "text": "หีมมมม ทีมป้าหน่อยหรือไงคะ", "date": "23-02-2019 18:56", "retweet": 0, "like": 2}, {"id": "1099275767769223169", "url": "https://twitter.com/Kea_New/status/1099275767769223169", "username": "", "text": "คิดได้ไงเนี่ยพี่มานะ", "date": "23-02-2019 18:52", "retweet": 0, "like": 1}, {"id": "1099275538034638848", "url": "https://twitter.com/Kea_New/status/1099275538034638848", "username": "", "text": "อ้าว! ป้าวนด่าตัวเองทำไมคะ", "date": "23-02-2019 18:51", "retweet": 0, "like": 0}, {"id": "1099261107733028864", "url": "https://twitter.com/Kea_New/status/1099261107733028864", "username": "", "text": "", "date": "23-02-2019 17:54", "retweet": 0, "like": 1}, {"id": "1099256809976606720", "url": "https://twitter.com/Kea_New/status/1099256809976606720", "username": "", "text": "ครอบครัว.. #ฟ้ารักพ่อ #พ่อก็รักฟ้านะครับ เป็นครอบครัวสตอบอแหล เป็น fake family #อนาคตไหม้ #ปั่นฟ้ารักพ่อ คนเค้ารู้ทัน เรื่องมันเลยแตกดังโป๊ะ!! https:// twitter.com/tigeryellowliv e/status/1099254579609456640 …", "date": "23-02-2019 17:37", "retweet": 1, "like": 3}, {"id": "1099252418489942018", "url": "https://twitter.com/Kea_New/status/1099252418489942018", "username": "", "text": "พวก fio ค่ะ #Fakeinformationoperation", "date": "23-02-2019 17:19", "retweet": 1, "like": 1}, {"id": "1099164037047152641", "url": "https://twitter.com/Kea_New/status/1099164037047152641", "username": "", "text": "หราาาาาา pic.twitter.com/iU3PNNSqKF", "date": "23-02-2019 11:28", "retweet": 0, "like": 1}, {"id": "1099163403778588672", "url": "https://twitter.com/Kea_New/status/1099163403778588672", "username": "", "text": "ชะตากรรมขี้ข้าแม้ว #เพื่อไทย ไม่หนี ก็คุก!! ไม่คุก ก็หนี!! ป้าหน่อยจะเลือกทางไหนดีน้าาาา https:// twitter.com/h32mon/status/ 1099158665192337413 …", "date": "23-02-2019 11:25", "retweet": 8, "like": 21}, {"id": "1098937312270925824", "url": "https://twitter.com/Kea_New/status/1098937312270925824", "username": "", "text": "เป็นธรรมดาของขี้ข้าแม้วค่ะ 5555", "date": "22-02-2019 20:27", "retweet": 1, "like": 1}, {"id": "1098937048147214336", "url": "https://twitter.com/Kea_New/status/1098937048147214336", "username": "", "text": "ขอบจายยยยยย pic.twitter.com/d1JOrU5GgM", "date": "22-02-2019 20:26", "retweet": 0, "like": 1}, {"id": "1098928652832583680", "url": "https://twitter.com/Kea_New/status/1098928652832583680", "username": "", "text": "ทรงพระเจริญ.. ทรงพระเจริญ.. ทรงพระเจริญ.. ..... สมเด็จพระเจ้าอยู่หัว พระราชทานสิ่งของผู้ประสบวาตภัยพื้นที่ร้อยเอ็ด http://www. bangkokbiznews.com/news/detail/82 7770 … via @ktnewsonline", "date": "22-02-2019 19:53", "retweet": 2, "like": 8}, {"id": "1098927765187833856", "url": "https://twitter.com/Kea_New/status/1098927765187833856", "username": "", "text": "ขอแก้คำผิดค่ะ คำว่า \"ท้องมวล\" เป็น \"ท้องมวน\" ค่ะ", "date": "22-02-2019 19:49", "retweet": 1, "like": 9}, {"id": "1098926246224777217", "url": "https://twitter.com/Kea_New/status/1098926246224777217", "username": "", "text": "", "date": "22-02-2019 19:43", "retweet": 0, "like": 0}, {"id": "1098925478071623680", "url": "https://twitter.com/Kea_New/status/1098925478071623680", "username": "", "text": "#หนักแผ่นดิน #หนักแผ่นดิน #หนักแผ่นดิน ใครฟังแล้ว ปรี๊ดแตก เราแยกได้ คนจัญไร เท่านั้น จึ่งปั่นป่วน ว่าเนื้อหา ทิ่มตำ ทำท้องมวล ฟาดลงก๊วน ทักษิณ ดิ้นแทบตาย (ห่า!!) #เลือกตั้ง62 #ทีมลุงตู่ #แม้วหลอกใช้เด็ก", "date": "22-02-2019 19:40", "retweet": 10, "like": 32}, {"id": "1098706121827602432", "url": "https://twitter.com/Kea_New/status/1098706121827602432", "username": "", "text": "ไอ้ตี๋มันหมายถึง ม.112 ? มังคะ", "date": "22-02-2019 05:08", "retweet": 0, "like": 3}, {"id": "1098581388872232960", "url": "https://twitter.com/Kea_New/status/1098581388872232960", "username": "", "text": "ก็ไม่ได้ว่าทักษิณโง่นี่คะ งงอะไรเนี่ย 5555", "date": "21-02-2019 20:53", "retweet": 0, "like": 1}, {"id": "1098568694563725312", "url": "https://twitter.com/Kea_New/status/1098568694563725312", "username": "", "text": "ทักษิณไม่ได้โง่นะคะ ยังไม่เคยบอกว่าทักษิณโง่เลย เคยบอกแต่ว่าทักษิณเลวและขี้โกงเท่านั้นเองค่ะ", "date": "21-02-2019 20:02", "retweet": 0, "like": 2}, {"id": "1098567768893341697", "url": "https://twitter.com/Kea_New/status/1098567768893341697", "username": "", "text": "นั่นสิคะ ติ่งธนาธรมีแต่หยาบคาย งงมากๆ เกิดเป็นคนมายังไงไม่รู้ ทำไมขยันหยาบคายได้ทุกตัวอักษรเลยค่ะ สรุปคือ แย่และถ่อยมากๆค่ะ", "date": "21-02-2019 19:59", "retweet": 1, "like": 5}, {"id": "1098566978464182273", "url": "https://twitter.com/Kea_New/status/1098566978464182273", "username": "", "text": "", "date": "21-02-2019 19:55", "retweet": 0, "like": 1}, {"id": "1098566561990725635", "url": "https://twitter.com/Kea_New/status/1098566561990725635", "username": "", "text": "ดีเหมือนกันนะคะพี่บอส ไม่รกตาดีค่ะ", "date": "21-02-2019 19:54", "retweet": 0, "like": 2}, {"id": "1098566343022923777", "url": "https://twitter.com/Kea_New/status/1098566343022923777", "username": "", "text": "ลุยโลดค่ะ #ทีมลุงตู่", "date": "21-02-2019 19:53", "retweet": 0, "like": 1}, {"id": "1098565955989303297", "url": "https://twitter.com/Kea_New/status/1098565955989303297", "username": "", "text": "น่าเป็นห่วงนะคะ", "date": "21-02-2019 19:51", "retweet": 0, "like": 1}, {"id": "1098565268555522055", "url": "https://twitter.com/Kea_New/status/1098565268555522055", "username": "", "text": "อารายยยคะพ่อ", "date": "21-02-2019 19:49", "retweet": 0, "like": 0}, {"id": "1098478962114650113", "url": "https://twitter.com/Kea_New/status/1098478962114650113", "username": "", "text": "ไม่รู้รุ่นใหม่พันธุ์ไหนนะคะ ทำไมมีความคิดแบบนี้ ใช้โซเชียลทำลายประเทศเรา แย่มากๆค่ะ Kea ก็คนรุ่นใหม่เหมือนกัน แต่ความคิดพวกนี้รับไม่ได้จริงๆค่ะ #การศึกษาไม่ได้ช่วยทุกอย่าง", "date": "21-02-2019 14:06", "retweet": 1, "like": 4}, {"id": "1098478056618913792", "url": "https://twitter.com/Kea_New/status/1098478056618913792", "username": "", "text": "พี่บอสก็โดนสิคะ อิอิ", "date": "21-02-2019 14:02", "retweet": 1, "like": 1}, {"id": "1098477526953803776", "url": "https://twitter.com/Kea_New/status/1098477526953803776", "username": "", "text": "เห็นส่วนใหญ่ใช้รูปโพรไฟร์ดาราเกาหลี แต่พอเข้ามาคอมเมนท์ที คนอ่านต้องเอาน้ำมาล้างตาค่ะ เพราะแต่ละคน หยาบคายมากๆ คำหยาบๆนำหน้าคนรุ่นใหม่เสมอเลย น่าเป็นห่วงนะคะ", "date": "21-02-2019 14:00", "retweet": 6, "like": 13}, {"id": "1098475328568094721", "url": "https://twitter.com/Kea_New/status/1098475328568094721", "username": "", "text": "#ฟ้ารักพ่อ #พ่อก็รักฟ้า #ฟ้ารักนโยบายขายฝันของพ่อ #พ่อหลอกฟ้า #อนาคตไหม้ #นโยบายขายฝัน #พ่อฟ้าหลอกใช้เด็ก 5555555", "date": "21-02-2019 13:51", "retweet": 1, "like": 1}, {"id": "1098474119845240832", "url": "https://twitter.com/Kea_New/status/1098474119845240832", "username": "", "text": "อนาถใจจริงๆค่ะ", "date": "21-02-2019 13:46", "retweet": 1, "like": 3}, {"id": "1098462276124721152", "url": "https://twitter.com/Kea_New/status/1098462276124721152", "username": "", "text": "จริงด้วยค่ะลุงนพ สงสัยพี่ #ป ก่งก๊งค่ะ", "date": "21-02-2019 12:59", "retweet": 2, "like": 1}, {"id": "1098446780620914689", "url": "https://twitter.com/Kea_New/status/1098446780620914689", "username": "", "text": "ขอบคุณค่ะ กำลังงงกับภาษาไทยอยู่ค่ะ อิอิ", "date": "21-02-2019 11:58", "retweet": 0, "like": 0}, {"id": "1098445279718629376", "url": "https://twitter.com/Kea_New/status/1098445279718629376", "username": "", "text": "ไม่แหง่แล้วค่ะพี่โนนิวเพราะเห็นมีแฟนแง้ว หรือจะลูกกอกมากกว่ามังคะ", "date": "21-02-2019 11:52", "retweet": 1, "like": 1}, {"id": "1098444607245844480", "url": "https://twitter.com/Kea_New/status/1098444607245844480", "username": "", "text": "หรือจะจริงคะ #ป #หนักแผ่นดิน", "date": "21-02-2019 11:49", "retweet": 0, "like": 0}, {"id": "1098443178158374912", "url": "https://twitter.com/Kea_New/status/1098443178158374912", "username": "", "text": "อ่านทวิตพี่ #ป แล้วแปลไม่ออกค่ะ #งง", "date": "21-02-2019 11:43", "retweet": 0, "like": 1}, {"id": "1098442731284643840", "url": "https://twitter.com/Kea_New/status/1098442731284643840", "username": "", "text": "ใครก็ได้ ช่วยแปลกระทู้นี้ให้ที.. \"คำตัดสินของผู้เลี้ยงดูทหารด้วยภาษีประชาชน\" อ่านแล้วงงมากเจ้าค่ะ #ป #หนักแผ่นดิน #สื่อกะหรี่ #สื่อเพ้อเจ้อ #ตรูงง !! https:// twitter.com/PravitR/status /1097385013530615808 …", "date": "21-02-2019 11:42", "retweet": 5, "like": 6}, {"id": "1098395484228481024", "url": "https://twitter.com/Kea_New/status/1098395484228481024", "username": "", "text": "ขำหราาาา อยากเลียนแบบคนดังคร่าาาา 5555", "date": "21-02-2019 08:34", "retweet": 0, "like": 0}, {"id": "1098394811067817985", "url": "https://twitter.com/Kea_New/status/1098394811067817985", "username": "", "text": "ค้าบบบบบ ขอบคุณค้าบบบบ 5555", "date": "21-02-2019 08:31", "retweet": 1, "like": 0}, {"id": "1098393876803407872", "url": "https://twitter.com/Kea_New/status/1098393876803407872", "username": "", "text": "คับโผ้มมมม อิอิ", "date": "21-02-2019 08:28", "retweet": 1, "like": 0}, {"id": "1098393315836231680", "url": "https://twitter.com/Kea_New/status/1098393315836231680", "username": "", "text": "ลองรีทวิตตัวเองดู เลียนแบบพี่ #ป https:// twitter.com/Kea_New/status /1098007517555118081 …", "date": "21-02-2019 08:25", "retweet": 3, "like": 10}, {"id": "1098195274458030086", "url": "https://twitter.com/Kea_New/status/1098195274458030086", "username": "", "text": "พ่อหลอกฟ้า..พ่อหลอกฟ้าทำไมคร้าาาา ฟ้าสตอ..พ่อเลยหลอกฟ้า.. #พ่อตอแหลฟ้า #ฟ้ายอมโง่ให้พ่อหลอก เพราะ #ฟ้ารักพ่อแทบเป็นแทบตายห่ะ", "date": "20-02-2019 19:18", "retweet": 0, "like": 4}, {"id": "1098086696611065862", "url": "https://twitter.com/Kea_New/status/1098086696611065862", "username": "", "text": "คม ชัด เจน ค่ะพี่หรั่ง อิอิ", "date": "20-02-2019 12:07", "retweet": 0, "like": 2}, {"id": "1098086318997794817", "url": "https://twitter.com/Kea_New/status/1098086318997794817", "username": "", "text": "https:// twitter.com/ANDREW1ALBERTT /status/1082617098214563842 …", "date": "20-02-2019 12:05", "retweet": 0, "like": 0}, {"id": "1098085886355374080", "url": "https://twitter.com/Kea_New/status/1098085886355374080", "username": "", "text": "ชัดๆไปเลย!! #เลือกตั้ง62 Cr: แค็ปชั่นจาก FB พ่อดล @dol86077587 ค่ะ pic.twitter.com/sK66P6N6QG", "date": "20-02-2019 12:04", "retweet": 23, "like": 42}, {"id": "1098082767064035328", "url": "https://twitter.com/Kea_New/status/1098082767064035328", "username": "", "text": "ประชาธิปไตยมั้ยหล่ะ? #ฟ้ารักพ่อ #พ่อก็รักฟ้า #อนาคตไหม้ #ไอ้ตี๋ดับ #เลือกตั้ง62", "date": "20-02-2019 11:51", "retweet": 1, "like": 4}, {"id": "1098072707239882754", "url": "https://twitter.com/Kea_New/status/1098072707239882754", "username": "", "text": "ธนาธร เป็นประธานสภาอุตสาหกรรมจังหวัดนครนายก ตั้งแต่ปีพ.ศ. 2550 – 2554 ค่ะ ไม่ใช่ประธานสภาอุตสาหกรรมแห่งประเทศไทยค่ะ #ยกระดับซะเว่อ #แค่อาตี๋ขี้โม้ #อนาคตไหม้ #พ่อของฟ้า", "date": "20-02-2019 11:11", "retweet": 11, "like": 17}, {"id": "1098068281695514624", "url": "https://twitter.com/Kea_New/status/1098068281695514624", "username": "", "text": "ธนาธรคือคนเสื้อแดงที่พูดเอาแต่ได้ พูดเอาแต่เข้าข้างตัวเอง เจอพี่มาร์ครุ่นใหญ่สวนกลับ เป็นไงจ๊ะ #พ่อของฟ้า #พยักหน้าหงึกๆ #อนาคตไหม้ #เลือกตั้ง62 https:// twitter.com/NochPH/status/ 1098053455640317952 …", "date": "20-02-2019 10:54", "retweet": 4, "like": 14}, {"id": "1098059638480658433", "url": "https://twitter.com/Kea_New/status/1098059638480658433", "username": "", "text": "ชัดเจนค่ะ อนาคตถ้าขืนปล่อยให้ธนาธรมีอำนาจในแผ่นดินนี้ หายนะแน่นอนค่ะ", "date": "20-02-2019 10:19", "retweet": 6, "like": 16}, {"id": "1098032479292645376", "url": "https://twitter.com/Kea_New/status/1098032479292645376", "username": "", "text": "ทษช. ต้องพึ่งสิ่งศักดิ์สิทธิ์แล้วมั้ง ไปถามป้าปูสิ ป้าใช้ได้ผลมาแล้ว #หมดหวัง #เลือกตั้ง62 #ไทยรักษาชาติ #ยุบพรรค ?? https:// twitter.com/KhaosodOnline/ status/1098028799264907264 …", "date": "20-02-2019 08:31", "retweet": 1, "like": 4}, {"id": "1098031574375755776", "url": "https://twitter.com/Kea_New/status/1098031574375755776", "username": "", "text": "เนอะๆลุงปุ๊ ยิ่งควายแดงยิ่งฉลาดโคตรๆ ว่ามั้ยคะ 5555", "date": "20-02-2019 08:28", "retweet": 1, "like": 2}, {"id": "1098011115945058305", "url": "https://twitter.com/Kea_New/status/1098011115945058305", "username": "", "text": "ห่วงกลุ่มเยาวชนที่หลงเชื่อการปลุกระดมผ่านโซเชียลค่ะ เพราะกลายเป็นเชื่อเพียงแค่เสพข่าวตามกระแสแค่ด้านเดียวค่ะ", "date": "20-02-2019 07:07", "retweet": 5, "like": 23}, {"id": "1098007517555118081", "url": "https://twitter.com/Kea_New/status/1098007517555118081", "username": "", "text": "มีคนบอกว่า ธนาธร คือ ทักษิณ2 แต่เราว่าไม่ใช่นะ เพราะธนาธรโง่กว่าทักษิณหลายขุมเลย ปล่อยนโยบายขายฝันแต่ละอย่างก็เป็นไปไม่ได้ โม้แต่ละอย่างก็ไม่เนียน แถมพฤติกรรมที่แสดงออกต่อสถาบันหลักและธรรมเนียมไทยก็ชัดเจน #คนไทยไม่โง่ #พ่อของฟ้า #หมาหลงเงา #เลือกตั้ง62 #อนาคตไหม้ #หนักแผ่นดิน", "date": "20-02-2019 06:52", "retweet": 170, "like": 217}, {"id": "1097823622100471808", "url": "https://twitter.com/Kea_New/status/1097823622100471808", "username": "", "text": "#ดอกทองสีส้ม #สลับบ้าง จะได้สมจริงสมจังหน่อยนะคะพี่หรั่ง #ฟ้ารักพ่อ #อนาคตไหม้", "date": "19-02-2019 18:42", "retweet": 1, "like": 0}, {"id": "1097822931604762625", "url": "https://twitter.com/Kea_New/status/1097822931604762625", "username": "", "text": "pic.twitter.com/LHmZN9qAv0", "date": "19-02-2019 18:39", "retweet": 0, "like": 0}, {"id": "1097822724368478208", "url": "https://twitter.com/Kea_New/status/1097822724368478208", "username": "", "text": "#พ่องของฟ้า #ฟ้าของพ่อง", "date": "19-02-2019 18:38", "retweet": 0, "like": 0}, {"id": "1097821322799792129", "url": "https://twitter.com/Kea_New/status/1097821322799792129", "username": "", "text": "ลุงหงา..ด่า..ได้สะใจ!! นักการเมืองจัญไร..ใจหยาบช้า ด่าสาดโคลน จนไม่เหลือ น่าเบื่อระอา โคตรพ่อง!!ไป โคตรแม่ง!!มา น่าอายจริง!! #เลือกตั้ง62 #นักการเมืองหยาบช้า #ด่าสาดโคลน #เป็ดเหลิมสาดสัสๆ https:// twitter.com/tin434/status/ 1097812854567198720 …", "date": "19-02-2019 18:32", "retweet": 6, "like": 11}]