[{"id": "1098553526542716929", "url": "https://twitter.com/Kengaga3/status/1098553526542716929", "username": "", "text": "เอาจริงๆ ธนาธรคือม้านอกสายตามากนะ. กับคนวัยกลางคนขึ้นไปถึงสูงอายุ. แต่พอมึงดิสเครดิตเค้ามาก. จนตอนนี้คนเริ่มหันมามองมากขึ้น. เออดี. คะแนนสฃสารเพรียบของคุณนะ #savethanathon", "date": "21-02-2019 19:02", "retweet": 8, "like": 6}, {"id": "1098286234558902274", "url": "https://twitter.com/Kengaga3/status/1098286234558902274", "username": "", "text": "นี่แหละที่เค้าเรียกไม่เห็นโลงศพไม่หลั่งน้ำตา", "date": "21-02-2019 01:20", "retweet": 0, "like": 4}, {"id": "1097730098214592512", "url": "https://twitter.com/Kengaga3/status/1097730098214592512", "username": "", "text": "มันก็หนักทั้งหมดแหละ นักการเมือง ทหาร ข้าราชการ. ที่เหี้ยๆๆๆๆๆๆๆๆๆๆๆๆๆๆๆๆๆๆๆๆๆๆ อยากจับแมร่งเผานั่งยางมัดรวม #หนักเเผ่นดิน", "date": "19-02-2019 12:30", "retweet": 2, "like": 3}, {"id": "1097471301281734657", "url": "https://twitter.com/Kengaga3/status/1097471301281734657", "username": "", "text": "ไม่ใครเดือดร้อนเรื่องผลประโยชน์แทนเกาหรอก. แต่ที่เดือดคือมันอายเค้า. เหมือนยิ่งตอกย้ำประเทศด้อยพัฒนาเข้าไปใหญ่. งั้นก็อย่าไปด่าเขมร พม่าเลย เราก็ไม่ต่างกันแบบนี้ #ลูกทุ่งไอดอล https:// twitter.com/Queen_IconElse /status/1097417632200810496 …", "date": "18-02-2019 19:22", "retweet": 14, "like": 5}, {"id": "1097326512724832257", "url": "https://twitter.com/Kengaga3/status/1097326512724832257", "username": "", "text": "ไม่ได้ก๊อปหรอก. มันก็เหมือน the wow laos นั้นแหละไม่ก๊อปเลยจริงๆ นะ #อายเค้าไหมอิดอก #ลูกทุ่งไอดอล pic.twitter.com/cVWzG4xZiY", "date": "18-02-2019 09:46", "retweet": 83, "like": 31}]