[{"id": "1099281844388880384", "url": "https://twitter.com/KettKhung/status/1099281844388880384", "username": "", "text": "#ความรัก ​ ถ้าเริ่มด้วยการ #โกหก มัก​ #จบไม่สวย ​ หรอก", "date": "23-02-2019 19:16", "retweet": 1, "like": 0}, {"id": "1099273940797599744", "url": "https://twitter.com/KettKhung/status/1099273940797599744", "username": "", "text": "ลั่น 6 เดือนจะทำให้ราคาสินค้าเกษตรสูงขึ้น เราเชื่อครับว่า #ผักที่ตลาดแพงขึ้น #ข้าวแกงแพงขึ้น ​ #ส่วนเกษตกรจนเช่นเดิม", "date": "23-02-2019 18:45", "retweet": 0, "like": 0}, {"id": "1098243823472279552", "url": "https://twitter.com/KettKhung/status/1098243823472279552", "username": "", "text": "เราไม่เคยต้องใช้ความพยายามอะไรเพื่อคนที่เรารักเลย​ ทุกอย่าง​ที่ทำ​ ล้วนทำด้วยความเต็มใจ​และมีความสุข​ที่ได้ทำ​ ถึงแม้จะไม่ได้ความรู้สึก​อะไรกลับมา​ แต่ก็ดีใจที่ได้เป็นผู้ให้และเห็นคนที่เรารักมีความสุข​", "date": "20-02-2019 22:31", "retweet": 3, "like": 1}]