[{"id": "1098580846938710017", "url": "https://twitter.com/Khanittha_MCOT/status/1098580846938710017", "username": "", "text": "สดเวลานี้!!! 20.30 - 22.00 น. #พลังประชารัฐ #ประชาธิปัตย์ #เพื่อไทย #อนาคตใหม่ ช่อง 9 MCOTHD หมายเลข 30 #ช่อง9ดีเบต #ศึกเลือกตั้ง62 @SMcot @TNAMCOT pic.twitter.com/IMBfeRycoQ", "date": "21-02-2019 20:50", "retweet": 17, "like": 12}]