[{"id": "1097426226199719937", "url": "https://twitter.com/khoontong_fb/status/1097426226199719937", "username": "", "text": "ทหารจะเป็นคนธรรมดา ถ้าพระราชามิอุ้มสม", "date": "18-02-2019 16:22", "retweet": 3, "like": 4}, {"id": "1097425530498965506", "url": "https://twitter.com/khoontong_fb/status/1097425530498965506", "username": "", "text": "สงสารแผ่นดินเยอรมัน ป่านนี้คงหนักน่าดู จริงมั้ย..ไอ้แดง", "date": "18-02-2019 16:20", "retweet": 1, "like": 2}, {"id": "1097423577647726592", "url": "https://twitter.com/khoontong_fb/status/1097423577647726592", "username": "", "text": "พรรคไทยรักษาชาติ อาจโดนยุบในข้อหา เป็นปฏิปักษ์ต่อการปกครองในระบอบสมบูรณาญาสิทธิราชย์", "date": "18-02-2019 16:12", "retweet": 1, "like": 1}, {"id": "1097418474383499266", "url": "https://twitter.com/khoontong_fb/status/1097418474383499266", "username": "", "text": "อย่าเชื่อคนพูดเก่ง ให้ฟังแต่คนหน้าด้านพูด !! #พลังประชารัฐ_มิได้กล่าว", "date": "18-02-2019 15:52", "retweet": 3, "like": 6}]