[{"id": "1099267881693560832", "url": "https://twitter.com/khunnan2601/status/1099267881693560832", "username": "", "text": ": )) (@The Lancaster Bangkok in Bangkok) https://www. swarmapp.com/c/9Ba8XVs7UK1", "date": "23-02-2019 18:21", "retweet": 0, "like": 0}, {"id": "1099220842884395008", "url": "https://twitter.com/khunnan2601/status/1099220842884395008", "username": "", "text": "สุดๆไปเลยพี่จ๋า pic.twitter.com/czaXhPp43N", "date": "23-02-2019 15:14", "retweet": 0, "like": 0}, {"id": "1099202525637406720", "url": "https://twitter.com/khunnan2601/status/1099202525637406720", "username": "", "text": "เจ๊หมีบ่ายสองแล้วก็ยังไม่รับสาย", "date": "23-02-2019 14:01", "retweet": 0, "like": 0}, {"id": "1099201637577515008", "url": "https://twitter.com/khunnan2601/status/1099201637577515008", "username": "", "text": "Inbox ของอีเมลล์ตอนนี้เต็มไปด้วย E-Tocket ของตั๋วเครื่องบิน", "date": "23-02-2019 13:57", "retweet": 0, "like": 0}, {"id": "1098843985647267841", "url": "https://twitter.com/khunnan2601/status/1098843985647267841", "username": "", "text": "ขอบคุณฮับ pic.twitter.com/xi5u3exH7C", "date": "22-02-2019 14:16", "retweet": 0, "like": 0}, {"id": "1098411057251381249", "url": "https://twitter.com/khunnan2601/status/1098411057251381249", "username": "", "text": "สาแก่ใจมาก 555", "date": "21-02-2019 09:36", "retweet": 0, "like": 0}, {"id": "1098405469511532544", "url": "https://twitter.com/khunnan2601/status/1098405469511532544", "username": "", "text": "555555 จี้เข้าใจ เพราะจี้ก็เป็น", "date": "21-02-2019 09:14", "retweet": 0, "like": 0}, {"id": "1097900633078689792", "url": "https://twitter.com/khunnan2601/status/1097900633078689792", "username": "", "text": "เวลาตั้งใจจะทำอะไรให้มากๆนี้ชอบหน้าหมาทุกที", "date": "19-02-2019 23:48", "retweet": 1, "like": 0}, {"id": "1097883209268744194", "url": "https://twitter.com/khunnan2601/status/1097883209268744194", "username": "", "text": "ไม่คิดอะไรทั้งนั้นแหละ ช่างแม่งมันไปหมดแล้วจ้า", "date": "19-02-2019 22:38", "retweet": 0, "like": 0}, {"id": "1097847391053524992", "url": "https://twitter.com/khunnan2601/status/1097847391053524992", "username": "", "text": "อยู่ข้างนอกก็ไม่หิว ถึงบ้านสักพักเท่านั้นหิวเลย ผีมากกก", "date": "19-02-2019 20:16", "retweet": 1, "like": 0}, {"id": "1097846714189242370", "url": "https://twitter.com/khunnan2601/status/1097846714189242370", "username": "", "text": ": )) https:// youtu.be/muh2kB9JeII", "date": "19-02-2019 20:13", "retweet": 0, "like": 0}, {"id": "1097828769690087424", "url": "https://twitter.com/khunnan2601/status/1097828769690087424", "username": "", "text": "จากไข่มุกแล้วมาไข่เค็มแล้วใช่ป่ะช่วงนี้", "date": "19-02-2019 19:02", "retweet": 0, "like": 0}, {"id": "1097790312498442241", "url": "https://twitter.com/khunnan2601/status/1097790312498442241", "username": "", "text": "ฉากสนามหญ้าหน้าบ้านในตำนาน #ลิขิตรักthecrownprincess pic.twitter.com/UlheRH1bKS", "date": "19-02-2019 16:29", "retweet": 0, "like": 0}, {"id": "1097754073355309056", "url": "https://twitter.com/khunnan2601/status/1097754073355309056", "username": "", "text": "ตอนแรกว่าจะถาม พอแบบนี้ไม่ถามดีกว่า", "date": "19-02-2019 14:05", "retweet": 0, "like": 0}, {"id": "1097319188773797890", "url": "https://twitter.com/khunnan2601/status/1097319188773797890", "username": "", "text": "Morning pic.twitter.com/2oX6qo7JPs", "date": "18-02-2019 09:17", "retweet": 0, "like": 0}]