[{"id": "1099388190815703041", "url": "https://twitter.com/Kittyzss/status/1099388190815703041", "username": "", "text": "ภาพจำของเรามันคงต่างกัน #ป๊อปปองกูล #ป๊อบปองกูล https:// twitter.com/pongkool/statu s/1099384480081428481 …", "date": "24-02-2019 02:19", "retweet": 1, "like": 1}, {"id": "1098974082895208450", "url": "https://twitter.com/Kittyzss/status/1098974082895208450", "username": "", "text": "ฟังคลิปยังคะ หรือแต่อ่าน3บรรทัดเอ่ย", "date": "22-02-2019 22:53", "retweet": 0, "like": 0}, {"id": "1098640169182195712", "url": "https://twitter.com/Kittyzss/status/1098640169182195712", "username": "", "text": "ปลามันว่ายน้ำเก่งก็ควรจะอยู่ในน้ำ ไม่ใช่คิดจะอยากจะมาปีนต้นไม้ คนเก่งก็ต้องใช้ให้ถูกงาน https:// twitter.com/for_fwp/status /1098636666070216705 …", "date": "22-02-2019 00:46", "retweet": 1, "like": 0}, {"id": "1098637925246324736", "url": "https://twitter.com/Kittyzss/status/1098637925246324736", "username": "", "text": "ถามลุงแถวบ้านว่าชอบพรรคไหน แกบอกว่าคงจะ พปชร. นั่นล่ะ เขาให้เงินใช้ อีนี่รู้เลยทำไมผ่านมากี่ปีๆ ประเทศถึงวนอยู่แบบนี้ไม่ไปไหน #savethanaton", "date": "22-02-2019 00:37", "retweet": 4190, "like": 805}, {"id": "1098637302325104640", "url": "https://twitter.com/Kittyzss/status/1098637302325104640", "username": "", "text": "ชอบพรรคไหนก็ได้จะ ถึงแม้ไม่ใช่อนาคตใหม่ ขอให้เป็นพรรคที่เป็นประชาธิปไตย และไม่สืบทอดอำนาจของคสช. คนไทยต้องร่วมมือกัน #savethanaton", "date": "22-02-2019 00:35", "retweet": 32, "like": 11}, {"id": "1098636964998217728", "url": "https://twitter.com/Kittyzss/status/1098636964998217728", "username": "", "text": "ลุงๆป้าๆคนเฒ่าคนแก่ พวกหนูขอล่ะค่ะ การเมืองที่ท่านๆอยู่กันมา อย่าให้หนูต้องมารับเคราะห์เลย มันคืออนาคตของหนูให้หนูได้เลือกเองเถอะ นี่ทันยุคดิจิตอลแล้ว ให้มันจบที่รุ่นพวกท่านเถอะ เราจะเอา #อนาคตใหม่ #savethanaton", "date": "22-02-2019 00:33", "retweet": 219, "like": 67}, {"id": "1098636102619938818", "url": "https://twitter.com/Kittyzss/status/1098636102619938818", "username": "", "text": "พอบอกว่ายาก ก็ไม่มีใครอยากทำ พอมีคนจะทำ ก็บอกว่าทำได้ยาก มันก็เลยไม่ได้เริ่มสักทีไง #savethanaton https:// twitter.com/somo77961620/s tatus/1098628173602803712 …", "date": "22-02-2019 00:30", "retweet": 22, "like": 9}, {"id": "1098619087716966401", "url": "https://twitter.com/Kittyzss/status/1098619087716966401", "username": "", "text": "ยกให้เป็นเบอร์ 1 บุคคลโคตรเลวในดวงใจเลยค่ะ สกปรกมาก", "date": "21-02-2019 23:22", "retweet": 2, "like": 2}, {"id": "1098383653892059136", "url": "https://twitter.com/Kittyzss/status/1098383653892059136", "username": "", "text": "#savethanatorn สู้ๆนะพ่อ ฟ้าของพ่อก็สู้ๆนะ สู้ๆนะทุกคน สามัคคีกันไว้ เพราะความสามัคคีคือสิ่งที่เผด็จการกลัวที่สุด #ฟ้ารักพ่อ #อนาคตใหม่ pic.twitter.com/TqgYfpFZTV", "date": "21-02-2019 07:47", "retweet": 29, "like": 16}, {"id": "1098380273417240576", "url": "https://twitter.com/Kittyzss/status/1098380273417240576", "username": "", "text": "จริงจ้า ลุงเราก็โดน", "date": "21-02-2019 07:33", "retweet": 3, "like": 2}, {"id": "1098379993661337601", "url": "https://twitter.com/Kittyzss/status/1098379993661337601", "username": "", "text": "ขนาดแฮชแท็กยังลบ ชั่วระยำต่ำช้าจริงๆ #savethanatorn", "date": "21-02-2019 07:32", "retweet": 1, "like": 0}, {"id": "1098245586912854016", "url": "https://twitter.com/Kittyzss/status/1098245586912854016", "username": "", "text": "แมนกว่าทหารอีกอ่ะ", "date": "20-02-2019 22:38", "retweet": 0, "like": 1}, {"id": "1098245236587819014", "url": "https://twitter.com/Kittyzss/status/1098245236587819014", "username": "", "text": "คิดจะทำให้ประชาชนออกมาชุมนุมหรอ สร้างสถานการณ์เพื่อจะทำรัฐประหารงี้หรอ โทษนะอิฟ้ามันไม่ออกมาให้มึงหรอก มันขี้เกียจจะตาย โน้นนมันทวิตด่ามึงเสร็จมันก็นอนดู Netfix ต่อ #Savethanathorn", "date": "20-02-2019 22:37", "retweet": 34, "like": 19}, {"id": "1098240435238068225", "url": "https://twitter.com/Kittyzss/status/1098240435238068225", "username": "", "text": "เป็นประโยคที่อยากให้พ่อกลับมาอ่านอีก #Savethanathorn https:// twitter.com/thanathorn_fwp /status/1096721465129332736 …", "date": "20-02-2019 22:18", "retweet": 5, "like": 2}, {"id": "1098238583738003458", "url": "https://twitter.com/Kittyzss/status/1098238583738003458", "username": "", "text": "ประเทศมาถึงจุดที่ผู้นำไม่มีคุณสมบัติอะไรเลยนอกจาก”มีอำนาจ” #Savethanathorn", "date": "20-02-2019 22:10", "retweet": 5, "like": 0}, {"id": "1098238111522250754", "url": "https://twitter.com/Kittyzss/status/1098238111522250754", "username": "", "text": "คสช. คือที่สุดของโคตรเลวในดวงใจ #Savethanathorn", "date": "20-02-2019 22:09", "retweet": 7, "like": 2}, {"id": "1098233207613403141", "url": "https://twitter.com/Kittyzss/status/1098233207613403141", "username": "", "text": "นายกที่เปิดรับทุกความคิดเห็น นายกที่มาจากประชาธิปไตย โคตรคลู!!!", "date": "20-02-2019 21:49", "retweet": 65, "like": 45}, {"id": "1098187097154834434", "url": "https://twitter.com/Kittyzss/status/1098187097154834434", "username": "", "text": "อยากจะปริ้นใส่กระดาษA3 ไปติดไว้ในลิฟต์ทุกตัวในทำเนียบ #หนักแผ่นดิน #Savethanathorn https:// twitter.com/darksid7840969 4/status/1098181060192436224 …", "date": "20-02-2019 18:46", "retweet": 2, "like": 2}, {"id": "1098186016756707328", "url": "https://twitter.com/Kittyzss/status/1098186016756707328", "username": "", "text": "คุณไม่ได้เดินคนเดียวแน่นอน", "date": "20-02-2019 18:42", "retweet": 0, "like": 0}, {"id": "1098178710300110849", "url": "https://twitter.com/Kittyzss/status/1098178710300110849", "username": "", "text": "กุง่วง นี่ข่าวดีเลย์หรอ", "date": "20-02-2019 18:13", "retweet": 0, "like": 0}, {"id": "1098172125070774273", "url": "https://twitter.com/Kittyzss/status/1098172125070774273", "username": "", "text": "ไม่ว่าอะไรก็ตาม การกระทำของคุณไม่สูญเปล่า #Savethanathorn", "date": "20-02-2019 17:46", "retweet": 4, "like": 4}, {"id": "1098171750808936448", "url": "https://twitter.com/Kittyzss/status/1098171750808936448", "username": "", "text": "คือจะร้องไห้อ่ะจุก เหลืออด เหมือนรอวันระเบิดเต็มทน ทำไมเราต้องมาเจออะไรแบบนี้ เป็นคนไทยแต่ทำไมถึงเลวได้ถึงขนาดนี้ #Savethanathorn", "date": "20-02-2019 17:45", "retweet": 2, "like": 1}, {"id": "1098064991284948992", "url": "https://twitter.com/Kittyzss/status/1098064991284948992", "username": "", "text": "ผู้สมัคร สมัครสมาชิกพรรคซ้ำซ้อนเพื่อหวังเป็นสส.", "date": "20-02-2019 10:41", "retweet": 0, "like": 0}, {"id": "1098045121893814272", "url": "https://twitter.com/Kittyzss/status/1098045121893814272", "username": "", "text": "เลือกคนที่ไม่รู้ว่าจะดีหรือเปล่า ก็ยังดีกว่าเลือกคนที่รู้ว่าไม่ดีแน่ๆ #เลือกตั้ง62 #หนักแผ่นดิน #อนาคตใหม่ #เลือกตั้งปี62", "date": "20-02-2019 09:22", "retweet": 7, "like": 6}, {"id": "1097955283135918081", "url": "https://twitter.com/Kittyzss/status/1097955283135918081", "username": "", "text": "#หนักเเผ่นดิน ไหมคะ https:// twitter.com/drballban/stat us/1097879893373681670 …", "date": "20-02-2019 03:25", "retweet": 3, "like": 0}, {"id": "1097935556271427584", "url": "https://twitter.com/Kittyzss/status/1097935556271427584", "username": "", "text": "วันนี้โทรหาพ่อเพื่อจะพูดเรื่องพรรค #อนาคตใหม่ พ่อบอกว่าไม่เคยได้ยินเลย ไม่รู้จักเลย ก็เลยลองพูดชื่อ ธนาธร ดู พ่อตอบกลับมาว่า “อ่าวเขาเลิกตีเทนนิสแล้วหรอ เขาเป็นนักเทนนิสนี่” คือบับบ พ่อนั่นมันภราดร จังหวะสามช่ามากกก555555 #เลือกตั้ง62 #ฟ้ารักพ่อ", "date": "20-02-2019 02:06", "retweet": 3, "like": 9}, {"id": "1097931682433327104", "url": "https://twitter.com/Kittyzss/status/1097931682433327104", "username": "", "text": "ผู้ชายบางคนที่แอดเฟสมา มาไลค์รัวให้ กดหัวใจรัวๆให้ โบกมือในเฟสส่งสติกเกอร์มา ทั้งๆที่รูปหน้าปกเป็นรูปพรีวีดดิ้งกับแฟนและสถานะแต่งงาน แบบนี้คือเค้าจะสื่ออะไรคะ", "date": "20-02-2019 01:51", "retweet": 0, "like": 0}, {"id": "1097926444737388545", "url": "https://twitter.com/Kittyzss/status/1097926444737388545", "username": "", "text": "ก็เป็นไปตามขั้นตอนถูกแล้วนะคะ คัดมาเหลือ 2 คน แล้วให้กรรมการพรรคเลือก เผื่อดูประวัติให้ละเอียดอีกทีนึงตามความเหมาะสมด้วย pic.twitter.com/YxoRYt8S8T", "date": "20-02-2019 01:30", "retweet": 288, "like": 21}, {"id": "1097924275808362496", "url": "https://twitter.com/Kittyzss/status/1097924275808362496", "username": "", "text": "ขั้นตอนการเลือก pic.twitter.com/25KCwKrytz", "date": "20-02-2019 01:22", "retweet": 1, "like": 1}, {"id": "1097924095541301248", "url": "https://twitter.com/Kittyzss/status/1097924095541301248", "username": "", "text": "pic.twitter.com/uZOCJGewWQ", "date": "20-02-2019 01:21", "retweet": 2, "like": 2}, {"id": "1097923867643760640", "url": "https://twitter.com/Kittyzss/status/1097923867643760640", "username": "", "text": "รายชื่อผู้ได้รับคะแนนสูงสุดของแต่ละเขต2 คน จะถูกส่งให้กรรมการพรรคพิจารณา เพื่อดูประวัติให้ละเอียดอีกทีค่ะ โดยผญ คนนี้เหมือนจะมีที่มาว่าเอาคนของตนเองมาโหวดให้ pic.twitter.com/PUUrI0kj0X", "date": "20-02-2019 01:20", "retweet": 366, "like": 28}, {"id": "1097922415177326592", "url": "https://twitter.com/Kittyzss/status/1097922415177326592", "username": "", "text": "หาคำตอบมาให้แล้วค่ะ pic.twitter.com/zWQt4SBq1t", "date": "20-02-2019 01:14", "retweet": 256, "like": 23}, {"id": "1097919260553240576", "url": "https://twitter.com/Kittyzss/status/1097919260553240576", "username": "", "text": "เหตุผลจริงๆเราไม่อาจรู้ อาจมีตื้นลึกหนาบาง อย่าเสพข่าวข้างเดียว", "date": "20-02-2019 01:02", "retweet": 47, "like": 11}, {"id": "1097892976225746945", "url": "https://twitter.com/Kittyzss/status/1097892976225746945", "username": "", "text": "ยินดีค่ะ", "date": "19-02-2019 23:17", "retweet": 0, "like": 1}, {"id": "1097886338899034113", "url": "https://twitter.com/Kittyzss/status/1097886338899034113", "username": "", "text": "มีคนพยายามทำลายธนาธร แต่ฟ้าทุกคนแข็งแรงมาก คนรุ่นใหม่ข้อมูลเข้าถึงนะคะ เด็กgenนี้เขาไม่ธรรมดา #ฟ้ารักพ่อ #อนาคตใหม่ ไม่ #หนักแผ่นดิน #เลือกตั้ง62", "date": "19-02-2019 22:51", "retweet": 26, "like": 24}, {"id": "1097877477475536896", "url": "https://twitter.com/Kittyzss/status/1097877477475536896", "username": "", "text": "ประเทศอื่นไปถึงไหนกันแล้ว ขณะที่ไทยยังรัฐประหารอยู่ ใครกันแน่ที่ #หนักแผ่นดิน", "date": "19-02-2019 22:16", "retweet": 0, "like": 3}, {"id": "1097876708332457984", "url": "https://twitter.com/Kittyzss/status/1097876708332457984", "username": "", "text": "ทหารที่ดีคือทหารที่รู้จักหน้าที่ ป้องกันเป็นรั้วของชาติ ไม่ใช่ทหารที่มีชื่อในบอร์ดบริหารทุกหน่วยงานแบบนี้เพราะมัน #หนักแผ่นดิน กินภาษีประชาชน ปิดหูปิดตาประชาชน แล้วอ้างความสงบ ทั้งๆที่มันคือการกดขี่ #เลือกตั้ง62 #อนาคตใหม่ #เพื่อไทย #ประชาธิปัตย์", "date": "19-02-2019 22:12", "retweet": 18, "like": 13}, {"id": "1097875158109286400", "url": "https://twitter.com/Kittyzss/status/1097875158109286400", "username": "", "text": "เนี่ย พอคิดว่าทำได้ยาก ก็ไม่มีใครทำ พอมีคนกล้าทำ ก็บอกทำได้ยาก!! ทุกอย่างมันต้องมีการเริ่มต้นหมด ถ้าพรรคไหนคิดว่ามันคือมิชชั่นก็คือสิ่งที่เค้าจะทำ พรรคไหนที่ทัศนคติตรงกับเราก็เลือกเขา ถือปากกาคนละด้ามอยู่แล้ว ทำไมต้องสาดโคลน #เลือกตั้ง62 #หนักแผ่นดิน #อนาคตใหม่", "date": "19-02-2019 22:06", "retweet": 25, "like": 14}, {"id": "1097755742478594048", "url": "https://twitter.com/Kittyzss/status/1097755742478594048", "username": "", "text": "ใช้เบอร์อะไรคะคุชชั่นกับรองพื้น", "date": "19-02-2019 14:12", "retweet": 0, "like": 0}, {"id": "1097577420683599872", "url": "https://twitter.com/Kittyzss/status/1097577420683599872", "username": "", "text": "มีให้อ่านไหมคั", "date": "19-02-2019 02:23", "retweet": 0, "like": 1}]