[{"id": "1099331416150597632", "url": "https://twitter.com/KittyMomayKung2/status/1099331416150597632", "username": "", "text": "จริงค่ะ ฟังได้ประมาณ 10 วิ แล้วกดส้นตีนรัวๆเรยย https:// twitter.com/ergosum75005/s tatus/1099330394606862336 …", "date": "23-02-2019 22:33", "retweet": 1, "like": 2}, {"id": "1099319222956580866", "url": "https://twitter.com/KittyMomayKung2/status/1099319222956580866", "username": "", "text": "ไม่เอาลุงอ่าาาา .. ไอ้ตูบตะหาก https:// twitter.com/drballban/stat us/1099243924575547392 …", "date": "23-02-2019 21:45", "retweet": 0, "like": 0}, {"id": "1099318596939829251", "url": "https://twitter.com/KittyMomayKung2/status/1099318596939829251", "username": "", "text": "ขี้เก๊กเจรงๆ 555", "date": "23-02-2019 21:42", "retweet": 0, "like": 0}, {"id": "1099318214075400193", "url": "https://twitter.com/KittyMomayKung2/status/1099318214075400193", "username": "", "text": "โอ๊ยย! อย่าเยอะ - ทีไอ้ตูบและคณะ ทั้งโกหก ตอแหล หน้าด้าน ไร้ยางอาย โกง แดรกสารพัด มึงยังทนมันมาได้ตั้ง 5 ปี - คนอื่นเรื่องอื่น จิ๊บๆกว่าทั้งนั้นแหล่ะ!", "date": "23-02-2019 21:41", "retweet": 0, "like": 0}, {"id": "1098972038771793920", "url": "https://twitter.com/KittyMomayKung2/status/1098972038771793920", "username": "", "text": "โร้ดแม็บพ่องง https:// twitter.com/redbamboo16/st atus/1098964618448261120 …", "date": "22-02-2019 22:45", "retweet": 0, "like": 0}, {"id": "1098958271740661761", "url": "https://twitter.com/KittyMomayKung2/status/1098958271740661761", "username": "", "text": "กล้าๆหน่อยไอ้ตูบ! https:// twitter.com/IceWaHan1/stat us/1098498807862448128 …", "date": "22-02-2019 21:50", "retweet": 2, "like": 6}, {"id": "1098933213395734528", "url": "https://twitter.com/KittyMomayKung2/status/1098933213395734528", "username": "", "text": "รอยที่หน้ามันน้อยไปหน่อยนะ - ถือว่าเป็นตัวแทนรอยทีนคนส่วนใหญ่ของประเทศก็แล้วกัน - ไอ้ขยะ!!ขี้ข้าเผด็จการ!! https:// twitter.com/loving_friday/ status/1098929891959926790 …", "date": "22-02-2019 20:11", "retweet": 16, "like": 27}, {"id": "1098932851888680961", "url": "https://twitter.com/KittyMomayKung2/status/1098932851888680961", "username": "", "text": "5555 https:// twitter.com/ppaom7/status/ 1098922343659794434 …", "date": "22-02-2019 20:09", "retweet": 1, "like": 3}, {"id": "1098928363656273920", "url": "https://twitter.com/KittyMomayKung2/status/1098928363656273920", "username": "", "text": "ทหารที่ดีต้องรู้จักหน้าที่ของตัวเอง รับเงินภาษีประชาชนก็ทำเพื่อประชาชนทั้งชาติ - คุณเห็นทหารเลวทรยศประชาชนด้วยการยึดอำนาจ ปล้นอำนาจ ปล้นประเทศ โกงกินหน้าด้านๆ ฯลฯ -มันมีปืน คุณก็มีปืน ทำไมคุณไม่ทำหน้าที่รักษาผลประโยชน์ชาติ? แบ่งกันกินปากมันน่ะสิถึงได้เงียบ - ทหารดีมีที่ไหน? https:// twitter.com/kandainthai/st atus/1098337459924914177 …", "date": "22-02-2019 19:51", "retweet": 0, "like": 0}, {"id": "1098897353262563330", "url": "https://twitter.com/KittyMomayKung2/status/1098897353262563330", "username": "", "text": "5555 ไปจนได้ ฮิฮิ", "date": "22-02-2019 17:48", "retweet": 0, "like": 0}, {"id": "1098895534272606208", "url": "https://twitter.com/KittyMomayKung2/status/1098895534272606208", "username": "", "text": "แอร๊ยย! น่ากินฝุดๆ", "date": "22-02-2019 17:41", "retweet": 0, "like": 0}, {"id": "1098639829229654016", "url": "https://twitter.com/KittyMomayKung2/status/1098639829229654016", "username": "", "text": "นึกว่าหนังผี", "date": "22-02-2019 00:45", "retweet": 0, "like": 0}, {"id": "1098638113205698560", "url": "https://twitter.com/KittyMomayKung2/status/1098638113205698560", "username": "", "text": "555 นั่นสิ https:// twitter.com/QllQlllQlllls/ status/1098568685889810442 …", "date": "22-02-2019 00:38", "retweet": 1, "like": 1}, {"id": "1098635941659308032", "url": "https://twitter.com/KittyMomayKung2/status/1098635941659308032", "username": "", "text": "ช่วงนี้ เดินระวังกันหน่อย pic.twitter.com/fIVShOP9n8", "date": "22-02-2019 00:29", "retweet": 3003, "like": 350}, {"id": "1098618283337539585", "url": "https://twitter.com/KittyMomayKung2/status/1098618283337539585", "username": "", "text": "แจกของรัวๆ https:// twitter.com/redbamboo16/st atus/1098595906897747973 …", "date": "21-02-2019 23:19", "retweet": 2, "like": 0}, {"id": "1098618039078072320", "url": "https://twitter.com/KittyMomayKung2/status/1098618039078072320", "username": "", "text": "แถวกะลา นายกฯด้านส้นเกือกอาย", "date": "21-02-2019 23:18", "retweet": 0, "like": 1}, {"id": "1098617612915732481", "url": "https://twitter.com/KittyMomayKung2/status/1098617612915732481", "username": "", "text": "มีสมองเสียหน่อยก็รู้แล้ว https:// twitter.com/KidForMe2/stat us/1098570075928387584 …", "date": "21-02-2019 23:17", "retweet": 0, "like": 0}, {"id": "1098613152785170432", "url": "https://twitter.com/KittyMomayKung2/status/1098613152785170432", "username": "", "text": "กล้สพูดนะเมิง....โหย....สุดๆๆอ่ะ - ส้นเกือกกรูอายเรยย", "date": "21-02-2019 22:59", "retweet": 0, "like": 0}, {"id": "1098552375990599681", "url": "https://twitter.com/KittyMomayKung2/status/1098552375990599681", "username": "", "text": "โอ้ยยย เค้าแช่งกันทั้งประเทศแหล่ะมึง https:// twitter.com/SpringNews_TV/ status/1098541981997817858 …", "date": "21-02-2019 18:57", "retweet": 0, "like": 0}, {"id": "1098551609817149440", "url": "https://twitter.com/KittyMomayKung2/status/1098551609817149440", "username": "", "text": "จริงค่ะ https:// twitter.com/RITT41/status/ 1098409653753368577 …", "date": "21-02-2019 18:54", "retweet": 0, "like": 0}, {"id": "1098550658511396865", "url": "https://twitter.com/KittyMomayKung2/status/1098550658511396865", "username": "", "text": "หนัก รก เลอะเทอะ น่าขยะแขยง น่ารังเกียจสุดๆ https:// twitter.com/Tiraputra/stat us/1098217668472057856 …", "date": "21-02-2019 18:51", "retweet": 1, "like": 6}, {"id": "1098550286619213824", "url": "https://twitter.com/KittyMomayKung2/status/1098550286619213824", "username": "", "text": "จริง https:// twitter.com/Jieroi/status/ 1098376771425263617 …", "date": "21-02-2019 18:49", "retweet": 1, "like": 0}, {"id": "1098549021839261696", "url": "https://twitter.com/KittyMomayKung2/status/1098549021839261696", "username": "", "text": "ต่อให้ถูกด้านก็ไม่ได้หรอกมึง ชาวบ้านกินข้าว ไม่ได้แดรกหญ้า", "date": "21-02-2019 18:44", "retweet": 0, "like": 2}, {"id": "1098544412726968320", "url": "https://twitter.com/KittyMomayKung2/status/1098544412726968320", "username": "", "text": "ทาสยุค2019 https:// twitter.com/kandainthai/st atus/1098395270620995584 …", "date": "21-02-2019 18:26", "retweet": 0, "like": 1}, {"id": "1098298202086756353", "url": "https://twitter.com/KittyMomayKung2/status/1098298202086756353", "username": "", "text": "แหง่ะ", "date": "21-02-2019 02:07", "retweet": 0, "like": 0}, {"id": "1098234643197743104", "url": "https://twitter.com/KittyMomayKung2/status/1098234643197743104", "username": "", "text": "มันตายยังคะ?", "date": "20-02-2019 21:55", "retweet": 0, "like": 0}, {"id": "1098224121245093888", "url": "https://twitter.com/KittyMomayKung2/status/1098224121245093888", "username": "", "text": "อมพระประธานมาพูดก็ไม่เชื่อค่ะ - ไอ้เหี้ย https:// twitter.com/shutup2557/sta tus/1098221463520239616 …", "date": "20-02-2019 21:13", "retweet": 2, "like": 0}, {"id": "1098221695066763264", "url": "https://twitter.com/KittyMomayKung2/status/1098221695066763264", "username": "", "text": "ครั้งหน้าถ้าฝ่ายประชาธิปไตยจะเผาไม่ต้องเผาห้างให้เมื่อยหรอกนะคะ - เผาเน้นๆเนื้อไปเร๊ยย! https:// twitter.com/ergosum75005/s tatus/1098210017801433088 …", "date": "20-02-2019 21:03", "retweet": 0, "like": 0}, {"id": "1098221380133257217", "url": "https://twitter.com/KittyMomayKung2/status/1098221380133257217", "username": "", "text": "วั๊ยย! ว่าจะไถกลบ 555 https:// twitter.com/Tiraputra/stat us/1098215125318754304 …", "date": "20-02-2019 21:02", "retweet": 0, "like": 1}, {"id": "1098221139124355077", "url": "https://twitter.com/KittyMomayKung2/status/1098221139124355077", "username": "", "text": "พวกสลิ่มสินะที่ไม่สงสัย - แม่งโง่ยันเงาก็เงี๊ยะ https:// twitter.com/Stop_Dadjarit/ status/1098079302820651008 …", "date": "20-02-2019 21:01", "retweet": 1, "like": 1}, {"id": "1098220683216150528", "url": "https://twitter.com/KittyMomayKung2/status/1098220683216150528", "username": "", "text": "อย่าว่าแต่เกียติเลย - ความเป็นคนพวกมันยังมีกันน้อยลงเรื่อยๆเล๊ย! https:// twitter.com/johnwinyu/stat us/1098145856442687488 …", "date": "20-02-2019 20:59", "retweet": 0, "like": 1}, {"id": "1098213784345178112", "url": "https://twitter.com/KittyMomayKung2/status/1098213784345178112", "username": "", "text": "อย่าลดเกียรติภูมิทหาร pic.twitter.com/hdOrZ5UQL4", "date": "20-02-2019 20:32", "retweet": 0, "like": 1}, {"id": "1098213493889585154", "url": "https://twitter.com/KittyMomayKung2/status/1098213493889585154", "username": "", "text": "มันคิดว่าคนไทยแดรหญ้าเป็นอาหารเช้าแหง๋ๆ https:// twitter.com/cherishy_amp/s tatus/1097710455890468864 …", "date": "20-02-2019 20:31", "retweet": 0, "like": 1}, {"id": "1098211232337690624", "url": "https://twitter.com/KittyMomayKung2/status/1098211232337690624", "username": "", "text": "มีคนมาถามเรื่องการศึกษาในอินบ็อกซ์เพจอนาคตใหม่เชียงรายเหมือนกันค่ะ คนสมัคร สส เขต 1 เชียงราย หมอเอก มาตอบชัดเจนทุกประเด็นจนคนถามขอบคุณมาก บอกว่าจริงๆแล้วอยู่จังหวัดอื่น แต่นโยบายทำเหมือนกันทั่วไทย อยู่ที่ไหนตอบก็เหมือนกันนะคะ ^ ^ https:// twitter.com/6r1gzp9shMox4K B/status/1097919169830371328 …", "date": "20-02-2019 20:22", "retweet": 0, "like": 1}, {"id": "1098203376234328065", "url": "https://twitter.com/KittyMomayKung2/status/1098203376234328065", "username": "", "text": "ทาส 2019 https:// twitter.com/saiyasasmith/s tatus/1098195319555325952 …", "date": "20-02-2019 19:51", "retweet": 3, "like": 7}, {"id": "1098203152178802688", "url": "https://twitter.com/KittyMomayKung2/status/1098203152178802688", "username": "", "text": "โถ...แก่กะโหลกกะลา แดกกันมูมมาม ไร้อนาคตยังจะมาชื่นชมกันอีก โง่สุดหัวสุดตีนบวกอีกเขย่งจริงๆ", "date": "20-02-2019 19:50", "retweet": 0, "like": 0}, {"id": "1098202211245424640", "url": "https://twitter.com/KittyMomayKung2/status/1098202211245424640", "username": "", "text": "มันมาจากอนาคตค่ะ https:// twitter.com/brian_the_love r/status/1098200238345449472 …", "date": "20-02-2019 19:46", "retweet": 0, "like": 0}, {"id": "1097870336266199040", "url": "https://twitter.com/KittyMomayKung2/status/1097870336266199040", "username": "", "text": "สารเลว ระยำ ทั้งโคตร! https:// twitter.com/varanyana12/st atus/1097454442218024960 …", "date": "19-02-2019 21:47", "retweet": 0, "like": 0}, {"id": "1097869345005264897", "url": "https://twitter.com/KittyMomayKung2/status/1097869345005264897", "username": "", "text": "ขุดหลุมใหญ่ๆ แล้วเอาพวกมันลงไปแล้วไถกลบค่ะ - ตายไปจะได้มีประโยชน์บ้าง จะยิงก็เปลืองกระสุน รมแก้สก็เสียค่าใช้จ่ายเยอะค่ะ", "date": "19-02-2019 21:43", "retweet": 0, "like": 1}, {"id": "1097868665020657666", "url": "https://twitter.com/KittyMomayKung2/status/1097868665020657666", "username": "", "text": "รับเงินหมา กาพรรคที่ชอบค่ะ ^ ^ https:// twitter.com/dadaSadd/statu s/1097710410793283584 …", "date": "19-02-2019 21:41", "retweet": 2, "like": 5}, {"id": "1097868078015074304", "url": "https://twitter.com/KittyMomayKung2/status/1097868078015074304", "username": "", "text": "จริง - ใครมาพูดแบบนี้ใกล้ๆจะเจอศอกกลับมิใช่น้อย - รำคาญ! https:// twitter.com/MaaxRedCamfrog /status/1097849257665585152 …", "date": "19-02-2019 21:38", "retweet": 1, "like": 1}, {"id": "1097867557258723329", "url": "https://twitter.com/KittyMomayKung2/status/1097867557258723329", "username": "", "text": "เงิน 4 ตันทีพ่อมันมีตอนเปิดบัญชี น่าจะหนักแผ่นดินกว่าใครเพื่อนนะ - เป็นทหารต่อให้เก็บเงินทุกบาทไม่แดกไม่ซื้ออะไรเลยทั้งชีวิต ทั้งพ่อทั้งลูก ทั้งโคตร ก็ไม่มีวันได้ 4 ตันขนาดนี้หรอกว่ะ! - ไอ้ปลิงประเทศ!! https:// twitter.com/MilanSLive/sta tus/1097420030868779008 …", "date": "19-02-2019 21:36", "retweet": 1, "like": 0}, {"id": "1097864099969388544", "url": "https://twitter.com/KittyMomayKung2/status/1097864099969388544", "username": "", "text": "เช่นกันค่ะ - เลือก อนาคตใหม่", "date": "19-02-2019 21:22", "retweet": 0, "like": 6}, {"id": "1097862990039113730", "url": "https://twitter.com/KittyMomayKung2/status/1097862990039113730", "username": "", "text": "ไม่โง่เป็นสลิ่มไม่ได้ค่ะ โง่ ดื้อด้าน และ สมควรตายสุดๆค่ะ https:// twitter.com/kalanistan/sta tus/1097858675975188480 …", "date": "19-02-2019 21:18", "retweet": 0, "like": 2}, {"id": "1097862604914012160", "url": "https://twitter.com/KittyMomayKung2/status/1097862604914012160", "username": "", "text": "ไม่แน่นะคะ ได้ยินข่าวแว่วๆมาเหมือนกันว่า รุ่นน้องจะสอยรุ่นพี่ ทหารน้ำจะสอยทหารบก", "date": "19-02-2019 21:16", "retweet": 0, "like": 0}, {"id": "1097861810185621505", "url": "https://twitter.com/KittyMomayKung2/status/1097861810185621505", "username": "", "text": "เผาคูหาแม่งเลยค่ะ https:// twitter.com/scomma/status/ 1097827164844523521 …", "date": "19-02-2019 21:13", "retweet": 0, "like": 2}, {"id": "1097859042767060992", "url": "https://twitter.com/KittyMomayKung2/status/1097859042767060992", "username": "", "text": "อาชีพนี้มีศักดิ์ศรีเหลืออยู่ที่ไหนกัน? นับวันกระทำตัวเป็นหอกข้างแคร่ เนรคุณ ข้าวไม่มียาง - ไอ้พวกปลิงประเทศ!", "date": "19-02-2019 21:02", "retweet": 1, "like": 17}]