[{"id": "1099417327580307456", "url": "https://twitter.com/kitthithach/status/1099417327580307456", "username": "", "text": "#ลูกทุ่งไอดอล อายแทน", "date": "24-02-2019 04:14", "retweet": 0, "like": 0}, {"id": "1099415669605462017", "url": "https://twitter.com/kitthithach/status/1099415669605462017", "username": "", "text": "#ภาพจำ เพลงนี้คงก้องในใจใครหลายคนตลอดกาล #ป๊อบปองกูล", "date": "24-02-2019 04:08", "retweet": 0, "like": 0}, {"id": "1097555406799290368", "url": "https://twitter.com/kitthithach/status/1097555406799290368", "username": "", "text": "เคยโดนมาแล้ว ยอด 2 หมื่น เดือนนึงได้คืน จากนั้นเลิกมช้เบย", "date": "19-02-2019 00:56", "retweet": 0, "like": 0}, {"id": "1097527018374090752", "url": "https://twitter.com/kitthithach/status/1097527018374090752", "username": "", "text": "กรุณาเลิกใช้นโยบายแจกเงินเหอะ เด็กเกิดใหม่มันไม่ช่วยอะไรหรอก เอาคนที่อยู่ให้มีกินอย่างสเถียรดีกว่า อย่านโยบายต้นกล้าอาชีพคือดีมาก นโยบายที่สร้างอาชีพจริงๆ จะก่อเกิดอะไรที่ดีกว่านี้เยอะ หยุดแจกเถอะ ลุงตู่ทำหนี้เยอะพอแล้ว #ประชาธิปัตย์ เด็กไม่เดือดร้อนเท่าพ่อแม่มัน แสนนึงแปบเดียว", "date": "18-02-2019 23:03", "retweet": 0, "like": 3}, {"id": "1097526118410682368", "url": "https://twitter.com/kitthithach/status/1097526118410682368", "username": "", "text": "ช่วยพูดเยอะๆหน่อยได้ไหมหมอ อยากฟังเสียงเยอะๆ", "date": "18-02-2019 22:59", "retweet": 0, "like": 1}]