[{"id": "1099408516610088960", "url": "https://twitter.com/kmdkkpNRYTXMSZ5/status/1099408516610088960", "username": "", "text": "ข่าวออกมาหรอคะหรือคิดไปเอง", "date": "24-02-2019 03:39", "retweet": 0, "like": 1}, {"id": "1099407062021197824", "url": "https://twitter.com/kmdkkpNRYTXMSZ5/status/1099407062021197824", "username": "", "text": "ไม่เกี่ยวกับหน้าตามั้ยอ่า ประสบการณ์ไม่ได้แปลว่าเป็นแบบนั้นทุกคนเด้อ คนจะแย่จะหน้าแบบไหนก็แย่ #ป๊อปปองกูล https:// twitter.com/no3in4/status/ 1099405788949360640 …", "date": "24-02-2019 03:34", "retweet": 1, "like": 0}, {"id": "1099403411366195200", "url": "https://twitter.com/kmdkkpNRYTXMSZ5/status/1099403411366195200", "username": "", "text": "ของคุณโบว์คือ 10 ปี แต่คุณปลาก็โดนมา14ปีและความไม่ไว้ใจอีกตลอดชีวิตคู่ป่าว พอถึงตอนนี้คนที่น่าเห็นใจที่สุดคือคุณปลาแล้วอ่ะอีกคนมาหลัง คบซ้อนแต่งงานก็โพสรูปอีกคนไม่มีแม้รูปแต่งงาน คือมองยังไงคือทุกข์อ่ะ #ป๊อบปองกูล", "date": "24-02-2019 03:19", "retweet": 9, "like": 4}, {"id": "1099382474252021760", "url": "https://twitter.com/kmdkkpNRYTXMSZ5/status/1099382474252021760", "username": "", "text": "ถ้าไม่อยากแต่งก็ไม่ต้องแต่งมั้ยอ่ะ ถ้าบอกโดนบังคับถ้าเขาบังคับพี่ป้อปคงไม่มีอีกคนละป่ะ", "date": "24-02-2019 01:56", "retweet": 0, "like": 0}, {"id": "1099380911966056448", "url": "https://twitter.com/kmdkkpNRYTXMSZ5/status/1099380911966056448", "username": "", "text": "คุณปลาจ้า", "date": "24-02-2019 01:50", "retweet": 0, "like": 0}, {"id": "1099380793737043969", "url": "https://twitter.com/kmdkkpNRYTXMSZ5/status/1099380793737043969", "username": "", "text": "ใช่ค่ะ คือ2คนเค้าก็ไม่ได้เสียใจมากน้อยกว่ากันเลย รับไม่ได้กับการพูดทำร้ายจิตใจที่บางคนทำมาก มันดูไร้มารยาทอ่ะ", "date": "24-02-2019 01:49", "retweet": 0, "like": 0}, {"id": "1099380322397896705", "url": "https://twitter.com/kmdkkpNRYTXMSZ5/status/1099380322397896705", "username": "", "text": "คือสงสารคุณปลาอ่ะ ถ้าไม่มีใจหรือรักอีกคนมากกว่าจะแต่งทำไม ทำไมไม่ทำให้มันเคลีย คือสงสารทั้งคู่ https:// twitter.com/Yaiaon88/statu s/1099379313005158400 …", "date": "24-02-2019 01:47", "retweet": 0, "like": 0}, {"id": "1099379138488455168", "url": "https://twitter.com/kmdkkpNRYTXMSZ5/status/1099379138488455168", "username": "", "text": "คือสงสารk.ปลานะ แล้วชาวเน้ตบางคนเป็นไรอ่ะ บางคนบอกพี่ป้อปไม่มีความสุขโดนของบ้าง คุณปลางั้นงี้ คือผู้หญิง2คนผิดไรอ่ะ คนผิดคือผู้ชายมั้ยอ่ะ แล้วพวกเธอก็แค่คนเสือกคนนึงมีสิทธิอะไรไปพูดทำร้ายจิตใจคนอ่ะ รู้เลยว่าโตมากับความคิดแบบไหน #ป๊อบปองกูล", "date": "24-02-2019 01:43", "retweet": 12, "like": 7}, {"id": "1099378030277943296", "url": "https://twitter.com/kmdkkpNRYTXMSZ5/status/1099378030277943296", "username": "", "text": "คือบางทีเขาอาจจะไม่รู้ก็ได้ค่ะ ถ้าพูดแบบนี้งั้นถ้าคุณโบว์รู้ทำไมถึงไม่ออกไปจากชีวิตเขาหล่ะคะ คนเหี้ยคือผชค่ะ แต่ว่าเจ้าสาว งงมาก", "date": "24-02-2019 01:38", "retweet": 1, "like": 3}, {"id": "1099377440651014144", "url": "https://twitter.com/kmdkkpNRYTXMSZ5/status/1099377440651014144", "username": "", "text": "แรงมาก คิดสักนิดก่อนพิมพ์นะคะ เผื่อคุณปลามาเห็น", "date": "24-02-2019 01:36", "retweet": 10, "like": 21}, {"id": "1099317652718141442", "url": "https://twitter.com/kmdkkpNRYTXMSZ5/status/1099317652718141442", "username": "", "text": "ถ้าเป็นลูกทุ่งก็ได้นะ แต่นี่คือห่วยอ่ะ ถ้าทำดีมันก็ดีอ่ะ แต่นี่แบบ", "date": "23-02-2019 21:38", "retweet": 0, "like": 0}, {"id": "1099284485718175744", "url": "https://twitter.com/kmdkkpNRYTXMSZ5/status/1099284485718175744", "username": "", "text": "น้องน่ารักแล้วค่ะ เท่านี้กำลังดีนะเราว่า", "date": "23-02-2019 19:26", "retweet": 0, "like": 4}, {"id": "1098473034753617920", "url": "https://twitter.com/kmdkkpNRYTXMSZ5/status/1098473034753617920", "username": "", "text": "เรทเท่าไหร่คะ", "date": "21-02-2019 13:42", "retweet": 0, "like": 0}, {"id": "1098234238627807232", "url": "https://twitter.com/kmdkkpNRYTXMSZ5/status/1098234238627807232", "username": "", "text": "ขออนุญาดขำค่ะ555555", "date": "20-02-2019 21:53", "retweet": 0, "like": 0}, {"id": "1098212699467526146", "url": "https://twitter.com/kmdkkpNRYTXMSZ5/status/1098212699467526146", "username": "", "text": "ตั้งแต่ลุงเป็นนายกควบกับเป็นห่าเหวไรทุกๆอย่าง ก็คือมันแย่ทุกอย่างอ่ะ แล้วนี่อะไร 4ปีก่อนอยากเป็นฮีโร่ ปัจจุบันอยากเป็นเหี้ยไรอ่ะ อยากเป็นนายกหรือเป็นคนเหี้ยเอาดีๆ #เลือกตั้งปี2562 #เลือกตั้ง62 #savethanathorn #ทีมลุงตู่ #หนักแผ่นดิน", "date": "20-02-2019 20:28", "retweet": 5, "like": 4}, {"id": "1098211834094481408", "url": "https://twitter.com/kmdkkpNRYTXMSZ5/status/1098211834094481408", "username": "", "text": "แต่อย่างน้อยเขายังไม่มีโอกาสได้ทำให้เราดูเลยหนี่คะ ไม่เหมือนบางคนมีโอกาสทำแล้วแต่เฮงซวยห่วยแตก กลัวแค่ตระกูลนั้นกับเด็กรุ่นใหม่ ดักดาน", "date": "20-02-2019 20:24", "retweet": 0, "like": 0}, {"id": "1098211424214515712", "url": "https://twitter.com/kmdkkpNRYTXMSZ5/status/1098211424214515712", "username": "", "text": "สงสารทุกอย่างที่เอาไปเทียบกับเขาค่ะ", "date": "20-02-2019 20:23", "retweet": 0, "like": 0}, {"id": "1098208950892224512", "url": "https://twitter.com/kmdkkpNRYTXMSZ5/status/1098208950892224512", "username": "", "text": "@prayutofficial เก่งนะคะ เรื่องฉลาดน้อยๆเรื่องโกงนี่เก่งเหลือเกิน ขอต้อนรับสู่โลกความเป็นจริงบ้างค่ะ พ่อหนุ่มทหารที่ไม่ควรเรียกตัวเองว่าเป็นทหารด้วยซ้ำเสียชื่อทหารจัม!!! #savethanathorn", "date": "20-02-2019 20:13", "retweet": 3, "like": 5}, {"id": "1098119496500310017", "url": "https://twitter.com/kmdkkpNRYTXMSZ5/status/1098119496500310017", "username": "", "text": "แล้วคนดีมันไม่ทำเสียหายหรออออออ", "date": "20-02-2019 14:17", "retweet": 0, "like": 0}, {"id": "1098117549269512192", "url": "https://twitter.com/kmdkkpNRYTXMSZ5/status/1098117549269512192", "username": "", "text": "ทหารรักชาติศาสนา กษัตริย์ อล้วคนทั่วไปเขาไม่รักหรออีโง่ คิดว่าทหารรักเป็นตัวเดียวหรอ คนอื่นเขาก็รักที่มึงท่องกันนั่นแหล่ะ #หนักเเผ่นดิน", "date": "20-02-2019 14:10", "retweet": 0, "like": 1}, {"id": "1098117034997473285", "url": "https://twitter.com/kmdkkpNRYTXMSZ5/status/1098117034997473285", "username": "", "text": "แล้วแบบไหนที่แท้จริงแบบทหารหรอจ่ะ คนหนักโลก", "date": "20-02-2019 14:07", "retweet": 0, "like": 0}, {"id": "1098116112389042176", "url": "https://twitter.com/kmdkkpNRYTXMSZ5/status/1098116112389042176", "username": "", "text": "จริงค่ะ โกหกแม่ว่าซื้อของมาถูกกว่าราคาจริงไม่นานโดนจับได้โดนด่าอีก แต่พอเป็นคนพวกนี้ กรรมทำงานช้ามาก ไม่เห็นตามได้สักคน", "date": "20-02-2019 14:04", "retweet": 0, "like": 0}, {"id": "1098115356252487683", "url": "https://twitter.com/kmdkkpNRYTXMSZ5/status/1098115356252487683", "username": "", "text": "แล้วทีมลุงนุติธรรมตรงไหนคะ???? ไม่เห็นเลยจ้า", "date": "20-02-2019 14:01", "retweet": 0, "like": 0}, {"id": "1098054167459856384", "url": "https://twitter.com/kmdkkpNRYTXMSZ5/status/1098054167459856384", "username": "", "text": "ถ้าเรื่องจำนำข้าวนี่ ข้าวไม่ได้ขายปล่อยทิ้งไว้มันหดตัวน้ำหนักไม่เท่สตอนแรกหรอกค่ะ แล้วคนอื่นผลาญไปเท่าไหร่ไม่รู้ตัวบ้างหรอ หรือรู้แค่โยนให้ตระกูลนั้น", "date": "20-02-2019 09:58", "retweet": 4, "like": 1}, {"id": "1098053799808098305", "url": "https://twitter.com/kmdkkpNRYTXMSZ5/status/1098053799808098305", "username": "", "text": "ถ้าไปจริงขอหลักฐานด้วยนะคะ", "date": "20-02-2019 09:56", "retweet": 0, "like": 2}, {"id": "1097811233040785408", "url": "https://twitter.com/kmdkkpNRYTXMSZ5/status/1097811233040785408", "username": "", "text": "แล้วใครไม่เหี้ยยย", "date": "19-02-2019 17:52", "retweet": 0, "like": 0}, {"id": "1097811051410731008", "url": "https://twitter.com/kmdkkpNRYTXMSZ5/status/1097811051410731008", "username": "", "text": "จ้าา่า", "date": "19-02-2019 17:52", "retweet": 1, "like": 0}]