[{"id": "1099400529719873536", "url": "https://twitter.com/kokoapanwannoi/status/1099400529719873536", "username": "", "text": "ผู้ว่าการรถไฟแห่งประเทศไทยคนใหม่ #ป๊อบปองกูล", "date": "24-02-2019 03:08", "retweet": 2, "like": 3}, {"id": "1098457003679051778", "url": "https://twitter.com/kokoapanwannoi/status/1098457003679051778", "username": "", "text": "จริงๆ สุเทพเค้าก็เก่งนะ . . . . . ปากเก่ง", "date": "21-02-2019 12:38", "retweet": 0, "like": 0}, {"id": "1098148496153108480", "url": "https://twitter.com/kokoapanwannoi/status/1098148496153108480", "username": "", "text": "มันเอากู กูก็เอามันดิ 5555", "date": "20-02-2019 16:12", "retweet": 0, "like": 0}, {"id": "1097557797854539777", "url": "https://twitter.com/kokoapanwannoi/status/1097557797854539777", "username": "", "text": "ทะเลาะกะแฟนนี่เองถึงมาอ่อยเรา", "date": "19-02-2019 01:05", "retweet": 0, "like": 0}, {"id": "1097350551660969984", "url": "https://twitter.com/kokoapanwannoi/status/1097350551660969984", "username": "", "text": "คนรุ่นเก่ามักคิดว่าเป็นเด็กควรเดินตามผู้ใหญ่เป็นสิ่งดี แต่เมื่อเด็กเริ่มมีความคิดเป็นของตัวเอง วิเคราะห์และพิจารณาเองแต่กลับไม่ตรงกับสิ่งที่ผู้ใหญ่คิดกลายเป็นว่าเด็กโดนล้างสมองหรอ ? สิ่งที่คนรุ่นใหม่มี แต่คนรุ่นเก่าไม่มีคือ เสรีภาพทางความคิด", "date": "18-02-2019 11:22", "retweet": 0, "like": 0}]