[{"id": "1099293146217730048", "url": "https://twitter.com/KornDemocrat/status/1099293146217730048", "username": "", "text": "ตื่นเต้นมาก เมื่อทราบว่า หัวหน้า @Abhisit_DP จะไปออกรายการของยาย สี่ทุ่มครึ่งคืนนี้ จะเปิดช่อง @onenews31 รอเลยครับ คิดถึงนะครับ @thepompam pic.twitter.com/5iE1RMKtvA", "date": "23-02-2019 20:01", "retweet": 105, "like": 159}, {"id": "1099220814816194561", "url": "https://twitter.com/KornDemocrat/status/1099220814816194561", "username": "", "text": "เมื่อคุณบอกให้ทีมงานเตรียมข้อมูลนโยบาย !!!! และนี่คือสิ่งที่ได้มา... https:// twitter.com/NochPH/status/ 1099218983205523457 …", "date": "23-02-2019 15:13", "retweet": 108, "like": 234}, {"id": "1098818184021368832", "url": "https://twitter.com/KornDemocrat/status/1098818184021368832", "username": "", "text": "ขอบคุณที่แวะมาทักทายนะครับ https:// twitter.com/Pang_Jinda/sta tus/1098620438702317568 …", "date": "22-02-2019 12:34", "retweet": 14, "like": 65}, {"id": "1098556104009703424", "url": "https://twitter.com/KornDemocrat/status/1098556104009703424", "username": "", "text": "มาร่วม #ChiangmaiPride ครับ พรรคเราสนับสนุน #ความเท่าเทียม ทุกรูปแบบ #Equality #LGBTQ pic.twitter.com/0ZPGnPztJS", "date": "21-02-2019 19:12", "retweet": 104, "like": 223}, {"id": "1098514838588813313", "url": "https://twitter.com/KornDemocrat/status/1098514838588813313", "username": "", "text": "https:// m.youtube.com/watch?v=mies3l ZOapw&feature=youtu.be … สัมภาษณ์เต็มๆ กับประเด็นนโยบายเศรษฐกิจ พรรค #ประชาธิปัตย์ ครับ #แก้จนสร้างคนสร้างชาติ", "date": "21-02-2019 16:28", "retweet": 52, "like": 64}, {"id": "1098445948173176832", "url": "https://twitter.com/KornDemocrat/status/1098445948173176832", "username": "", "text": "เย็นนี้พบกันครับ Chiang Mai Pride 2019 #LGBTQ #ประชาธิปัตย์ pic.twitter.com/0hzZOxVW14", "date": "21-02-2019 11:54", "retweet": 17, "like": 50}, {"id": "1098423564263256064", "url": "https://twitter.com/KornDemocrat/status/1098423564263256064", "username": "", "text": "เหตุที่คนเข้าใจผิดมากเพราะคิดว่า รับเงินแสนบาทเลยตอนเกิด ข้อเท็จจริงคือ รับสิทธิ์เงินแสน นั่นคือ รับ 5,000 ตอนเกิด และเดือนละ 1 พันจน 8 ขวบครับ ตามงานวิจัยคือ เพื่อดูแลโภชนาการของปฐมวัยที่ นักวิจัยเศรษฐศาสตร์ด้านการพัฒนามนุษย์บอกว่า สำคัญมากในการพัฒนาสมองครับ", "date": "21-02-2019 10:26", "retweet": 0, "like": 4}, {"id": "1098229169069031424", "url": "https://twitter.com/KornDemocrat/status/1098229169069031424", "username": "", "text": "ชอบพี่สุหฤทเหมือนกันครับ https:// twitter.com/suharit/status /1098200048544804866 …", "date": "20-02-2019 21:33", "retweet": 61, "like": 143}, {"id": "1098173248217305088", "url": "https://twitter.com/KornDemocrat/status/1098173248217305088", "username": "", "text": "หากเทียบในสัดส่วนต่อจีดีพีนั่นอยู่ที่ 1.3-1.5 ถือว่าอยู่ในเกณฑ์ปกติครับ ไม่ได้ผิดแปลกอะไร เพียงแต่ในเชิง จำนวนมูลค่าของงบ ผมชี้ว่า มีรัฐบาลเดียวที่กล้าลดงบ โดยไม่ต้องเอามาใช้เป็นข้อหาเสียง", "date": "20-02-2019 17:51", "retweet": 43, "like": 43}, {"id": "1098171922142027778", "url": "https://twitter.com/KornDemocrat/status/1098171922142027778", "username": "", "text": "การเมืองที่ดี ต้องมีหลักการ และมีการบริหารไปสู่จุดหมายแบบมีศิลปะ...", "date": "20-02-2019 17:46", "retweet": 74, "like": 109}, {"id": "1098170914913406981", "url": "https://twitter.com/KornDemocrat/status/1098170914913406981", "username": "", "text": "ส่วนพรรคไหนจะเอาเรื่อง งบทหารมาเสียงก็... ขอแนะนำว่า ประชาชนควรดูพฤติกรรมของทุกรัฐบาลในอดีตว่า เคยมีท่าทีอย่างไร โดยเฉพาะพรรคที่ประกาศว่า ..งบทหารต้องลดลง เคยมีการปรับงบทหารลงในยุคที่ตัวเองมีอำนาจ จริงหรือไม่ !? pic.twitter.com/pxKT1GLSps", "date": "20-02-2019 17:42", "retweet": 204, "like": 167}, {"id": "1098170703155650561", "url": "https://twitter.com/KornDemocrat/status/1098170703155650561", "username": "", "text": "เรื่องดุเดือดสองสามวันนี้ จริงๆ คืออย่างที่ย้ำไปครับ... การใช้งบรัฐไม่ว่าจะงบประมาณรายจ่ายประเภทใดก็ตาม (รวมถึงงบทหาร) ต้องโปร่งใส แต่ทุกฝ่ายไม่ควรเพิ่มเงื่อนไขความแตกแยก โดยไม่มีความรับผิดชอบต่อข้อเท็จจริง", "date": "20-02-2019 17:41", "retweet": 383, "like": 374}, {"id": "1098081406578642944", "url": "https://twitter.com/KornDemocrat/status/1098081406578642944", "username": "", "text": "ข้อเท็จจริงงบกลาโหม https://www. facebook.com/71254499739/po sts/10157107456599740?sfns=mo … (ขอบคุณกราฟฟิคโดย The Standard) pic.twitter.com/hi4wcTA3dD", "date": "20-02-2019 11:46", "retweet": 219, "like": 140}]