[{"id": "1099446758701060096", "url": "https://twitter.com/Kwan0Mod/status/1099446758701060096", "username": "", "text": "ฮือฮา! “โอ๊ค พานทองแท้” ขอใบสมัครเข้าพรรคอนาคตใหม่จาก “ธนาธร” #ธนาธร #อนาคตใหม่ นโยบาย #ธนาธรจึงรุ่งเรืองกิจ #อนาคตใหม่ #สมัครงานแจโด #พรรคพลังประชารัฐ #พรรคอนาคตใหม่ นโยบาย #พรรคประชาธิปัตย์ #พรรคเถอะกูเขาไม่รัก http://www. topicza.com/news71468.html ?d=23022019&f=72959 …", "date": "24-02-2019 06:11", "retweet": 1, "like": 1}, {"id": "1099315637313097729", "url": "https://twitter.com/Kwan0Mod/status/1099315637313097729", "username": "", "text": "เมนูแปลก!!ที่น่าขนลุก #อาหารเสริม #อาหาร #อาหารคลีน #อาหารเกาหลี #ขนมไทย #ขนมปังเนยโสด #ขนมผิงกะไอติมตัด #น่ารัก #ของดีบอกต่อ #ของมันต้องมี #ของดีเกาหลี http://www. you-health.net/news519.html?d =23022019&f=72959 …", "date": "23-02-2019 21:30", "retweet": 1, "like": 1}, {"id": "1099307688054280192", "url": "https://twitter.com/Kwan0Mod/status/1099307688054280192", "username": "", "text": "สนับสนุนเต็มที่! “ไพบูลย์”ย้ำหนุนบิ๊กตู่นั่งนายกฯคุยส่งผู้สมัครสส.335เขต #พรรคอนาคตใหม่ #พรรคเพื่อไทย #พรรคนี้มาไทยทําไมไม่บอก #พรรคไทยรักษาชาติ #ไทยรัฐดีเบต #พรรคพลังประชารัฐ #ไทยรัฐเลือกตั้ง62 #พรรคอนาคตใหม่ นโยบาย #พรรคภูมิใจไทย http://www. topicza.com/news86909.html ?d=23022019&f=72959 …", "date": "23-02-2019 20:59", "retweet": 0, "like": 1}, {"id": "1099295343110324224", "url": "https://twitter.com/Kwan0Mod/status/1099295343110324224", "username": "", "text": "\"ปล่อยวาง\" ไม่ใช่ \"ความพ่ายแพ้\" #ปล่อยของFestival #ปล่อย #ปล่อยวาง #ปล่อยของสะสมgot7 #แพ้แฟนเก่า #แพ้ #ไม่รู้ทําไม #ไม่ไหวบอกไหว http://www. topicza.com/news7915.html? d=23022019&f=72959 …", "date": "23-02-2019 20:10", "retweet": 0, "like": 1}, {"id": "1099253191038750720", "url": "https://twitter.com/Kwan0Mod/status/1099253191038750720", "username": "", "text": "ปฏิบัติธรรมชิคๆ...ไม่ไปวัดจะปฏิบัติธรรมได้อย่างไร? #ธรรมกาย #ธรรมะ #วัดหวังต้าเซียน #วัดพระธรรมกาย #วัดแชกงหมิว #จิตวิทยา http://www. topicza.com/news7699.html? d=23022019&f=72959 …", "date": "23-02-2019 17:22", "retweet": 0, "like": 1}, {"id": "1099220154515304453", "url": "https://twitter.com/Kwan0Mod/status/1099220154515304453", "username": "", "text": "ฮือฮา! “โอ๊ค พานทองแท้” ขอใบสมัครเข้าพรรคอนาคตใหม่จาก “ธนาธร” #ธนาธร #อนาคตใหม่ นโยบาย #ธนาธรจึงรุ่งเรืองกิจ #อนาคตใหม่ #สมัครงานแจโด #พรรคพลังประชารัฐ #พรรคอนาคตใหม่ นโยบาย #พรรคประชาธิปัตย์ #พรรคเถอะกูเขาไม่รัก http://www. topicza.com/news71468.html ?d=23022019&f=72959 …", "date": "23-02-2019 15:11", "retweet": 0, "like": 1}, {"id": "1099216187190202368", "url": "https://twitter.com/Kwan0Mod/status/1099216187190202368", "username": "", "text": "เรื่องเซ็กซ์...อยากรู้ แต่ไม่อยากถาม #เซ็กโฟน #เซ็กทอย #เซ็กส์ #เซ็กซี่ #เซ็กซี่น่าเย็ด #เซ็กโฟน #ผู้ชายสุดฟิน #ผู้ชายขายน้ํา #ผู้หญิง http://www. tricksex.net/news1829.html? d=23022019&f=72959 …", "date": "23-02-2019 14:55", "retweet": 0, "like": 1}, {"id": "1099193671499505664", "url": "https://twitter.com/Kwan0Mod/status/1099193671499505664", "username": "", "text": "แท้จริงแล้ว \"ผู้ชาย\" ต้องการอะไร ลองอ่านดูแล้วจะเข้าใจ “เขา” ได้ไม่ยากสักนิด!!! #ผู้ชายสุดฟิน #ผู้ชายขายตัว #ผู้ชายใส่แว่น #ผู้หญิง #ผู้เสพโมเมนต์ #เซ็กโฟน #เซ็กทอย #เซ็กซี่ #เซ็กส์ทอย #เซ็กส์หมู่ #เซ็กโฟน http://www. tricksex.net/news781.html?d =23022019&f=72959 …", "date": "23-02-2019 13:26", "retweet": 0, "like": 1}, {"id": "1099111047087120385", "url": "https://twitter.com/Kwan0Mod/status/1099111047087120385", "username": "", "text": "9 วิธีจัดห้องนอนเสริมโชคให้ตัวเอง #นอนนอกบ้าน #นอรีเทิร์น #เสริมจมูก #ใช้ดีบอกต่อ #ดวง #โชคชะตาของลาเต้ #นอนนอกบ้าน #ใช้ดีบอกต่อ #นอนซบอกกันไม่แปลกเพราะแควนกัน http://www. topicza.com/news411.html?d =23022019&f=72959 …", "date": "23-02-2019 07:57", "retweet": 0, "like": 1}, {"id": "1099085294094041090", "url": "https://twitter.com/Kwan0Mod/status/1099085294094041090", "username": "", "text": "ใครไม่อยากแก่เร็ว!!! อ่านด่วน... #แคปชั่นเด็ด #แคปชั่นกวนตีน #แคปชั่นอ่อย #แอพดีบอกต่อ #แคปชั่น2019 #แคปชั่นเศร้า #แคปชั่นโสด #แคปชั่นโดนๆ http://www. you-health.net/news326.html?d =23022019&f=72959 …", "date": "23-02-2019 06:15", "retweet": 0, "like": 1}, {"id": "1099080509693386757", "url": "https://twitter.com/Kwan0Mod/status/1099080509693386757", "username": "", "text": "เห็นแล้วหิว ไมค์ หุ่นทรมานใจเว่อร์ #เหงา #เห็นใจกันพอประมาณ #ไมค์กัน #หุ่นดี #ใจแตก #ใจบาง #ใต้เตียงดารา #ใหม่ดาวิกา http://www. darachilli.com/article/detail /87792?f=72959 …", "date": "23-02-2019 05:56", "retweet": 0, "like": 1}, {"id": "1098868885388812288", "url": "https://twitter.com/Kwan0Mod/status/1098868885388812288", "username": "", "text": "ความรัก...กับ...ผู้หญิง... #ความรู้สึก #ความรัก #ความรู้สึกล้วนๆ #ความรู้สึกของวันนี้ #ความลับของนางฟ้า #ผู้หญิงของเฮียฟ้า #ผู้ชายคนที่101 #ผู้เสพโมเมนต์ http://www. you-health.net/news29.html?d= 22022019&f=72959 …", "date": "22-02-2019 15:55", "retweet": 0, "like": 1}, {"id": "1098806198382387200", "url": "https://twitter.com/Kwan0Mod/status/1098806198382387200", "username": "", "text": "อ่านเลย!!! อย่าชะล่าใจ...เรื่องจริงที่ผู้ชายต้องรู้ #อ่านหนังสือ #ออฟกัน #เรื่องเล่าเช้านี้ #เรื่องมันช่างน่าอาย #จนค #ผู้เสพโมเมนต์ #ผู้ชายใส่แว่น #ผู้หญิง #ผู้ชายคนที่101 #ผู้โชคดี http://www. tricksex.net/news272.html?d =22022019&f=72959 …", "date": "22-02-2019 11:46", "retweet": 0, "like": 1}, {"id": "1098786006017273856", "url": "https://twitter.com/Kwan0Mod/status/1098786006017273856", "username": "", "text": "5 กฎเหล็กของความสัมพันธ์แบบ ‘One Night Stand’ #ความรู้สึก #ความรู้สึกของวันนี้ #ความทรงจํา #ความรัก #ความลับของนางฟ้า #กฎข้อนึงของความสัมพันธ์ #OneDayLeader7 http://www. tricksex.net/news87796.html ?d=22022019&f=72959 …", "date": "22-02-2019 10:26", "retweet": 0, "like": 1}, {"id": "1098523309833019392", "url": "https://twitter.com/Kwan0Mod/status/1098523309833019392", "username": "", "text": "ดังแล้วไม่ลืมกำพืด! นักร้องซุปตาร์สาว ดังขนาดนี้ ยัง“ปีนต้นมะยม ขย่มต้นมะขาม” อยู่เลย! #กําลังใจ #นักร้องที่น้องรัก #ต้นฟ้าไต้ฝุ่น #ต้นเจมส์ #มะมามากินข้าวมากินเหล้ามาอฟุงฟุงฟวยบะลั่กอุกอักอิ้กๆ #มะนาวภาคิน #สาวสอง #สาวใหญ่ #สาวอวบ http://www. starnews2day.com/news53830.html ?d=21022019&f=72959 …", "date": "21-02-2019 17:02", "retweet": 1, "like": 1}, {"id": "1098516250152493056", "url": "https://twitter.com/Kwan0Mod/status/1098516250152493056", "username": "", "text": "นักร้องสาวศัยกรรมอกสุดซ้ำ! เจอ“ซิลิโคนระเบิดจากหน้าอก”บนเครื่องบิน #ซิลิโคลชักว่าว #ศัลยกรรม #ศัลยกรรมเกาหลี #อกหัก #อกเกือบหักแอบรักคุณสามี #อกหักมันเจ็บ #นักร้องที่น้องรัก #นักศึกษารับงาน #นักศึกษา http://www. topicza.com/news82386.html ?d=21022019&f=72959 …", "date": "21-02-2019 16:34", "retweet": 0, "like": 1}, {"id": "1098459366288633856", "url": "https://twitter.com/Kwan0Mod/status/1098459366288633856", "username": "", "text": "รัฐธรรมนูญใหม่..คนไทยหรือใครที่ต้องเสีย #ข้อคิดดีๆ #หนักแผ่นดิน #พรรคนี้มาไทยทําไมไม่บอก #ข้อคิด #คนของเเปลน #ในปกครอง #เสียใจ #เสียความรู้สึก http://www. topicza.com/news858.html?d =21022019&f=72959 …", "date": "21-02-2019 12:48", "retweet": 0, "like": 1}, {"id": "1098453933834461185", "url": "https://twitter.com/Kwan0Mod/status/1098453933834461185", "username": "", "text": "ผลไม้อะไร แพงและคนไทยไม่ได้กิน!!! #ผลิตทำได้ #ผลบอล #อะไรอะไรก็ตี๋ #ไทยรัฐ #กินกันกับเตนิว #กินกับกัง #กินไรดีมอบู #กลิ่นกาสะลอง #กังกร http://www. food-trick.com/news1185.html? d=21022019&f=72959 …", "date": "21-02-2019 12:26", "retweet": 0, "like": 1}, {"id": "1098447108909129728", "url": "https://twitter.com/Kwan0Mod/status/1098447108909129728", "username": "", "text": "สูตรไอศกรีมโฮมเมด 5 รส ทำได้ง่ายๆไม่ต้องใช้เครื่องทำไอติม (เปิดร้านได้เลย) #สู้ๆ #ไอศกรีมบลิซซาร์ดนมเย็น #โฮะแฟมิลี่ #ไอติมแห่งปี2019 #ไอติม #เปิดร้านรับทรัพย์ #เปิดวิกบิ๊ก3ติดมันส์ #เปิดกล้อง #เปิดวิกบิ๊ก3 http://www. food-trick.com/news596.html?d =21022019&f=72959 …", "date": "21-02-2019 11:59", "retweet": 0, "like": 1}, {"id": "1098120298073710593", "url": "https://twitter.com/Kwan0Mod/status/1098120298073710593", "username": "", "text": "สะเทือนโลกออนไลท์!! แชร์สนั่นพริตตี้ โคโยตี้ นัวเนียนักบอลสุดสยิว! #โลกของอันอัน #โลกสีเทา #ออฟจุมพลทนไหวหรอ #แชรยอง #พริตตี้ #โคโยตี้ #นัดเย็ด #นางร้าย #นอนบ้านเพื่อน #นิยายวายมือสอง #นัดเย็ดเชียงใหม่ #น้องวีจ๋า #นักศึกษา http://www. socialhot24.com/news65943.html ?d=20022019&f=72959 …", "date": "20-02-2019 14:20", "retweet": 0, "like": 1}, {"id": "1098114128202293248", "url": "https://twitter.com/Kwan0Mod/status/1098114128202293248", "username": "", "text": "20 คำถามเซ็กซ์ ที่ผู้หญิงอยากรู้แต่กลับไม่ถาม? #เมียน้อย #เลสเบี้ยน #เย็ด #เซ็กทอย #เซ็กซี่ #ผู้ชายขายตัว #ผู้ชาย #ผู้หญิง #ผู้ชายขายน้ำ #อมควย #อ http://www. tricksex.net/news87031.html ?d=20022019&f=72959 …", "date": "20-02-2019 13:56", "retweet": 0, "like": 1}, {"id": "1098061918651146240", "url": "https://twitter.com/Kwan0Mod/status/1098061918651146240", "username": "", "text": "สื่อนอกเกาะติดการลงประชามติรับร่างรธน.ไทย #ประชาธิปัตย์ #ประชาธิปไตย #ประยุทธ์ #รัฐประหารซ้อน #มติชนในประเทศ #มติชนในประเทศ #มติชนออนไลน์ #เพื่อไทย #อนาคตใหม่ #ฟ้ารักพ่อ http://www. topicza.com/news11158.html ?d=20022019&f=72959 …", "date": "20-02-2019 10:28", "retweet": 0, "like": 1}, {"id": "1098049378663555072", "url": "https://twitter.com/Kwan0Mod/status/1098049378663555072", "username": "", "text": "เลขเด็ด หวยกุหลาบขาว ชุดบน-ล่าง งวด 1/3/62 ผลงานเข้าล่าง 56 #หวย #เลขเด็ด #หวยเด็ด #หวยออก #หวยลาว #หวย #เลขเด็ด #หวยเด็ด #หวย #หวยออก #หวยลาว http://www. lekded369.com/news87700.html ?d=20022019&f=72959 …", "date": "20-02-2019 09:39", "retweet": 0, "like": 1}, {"id": "1098043239834112000", "url": "https://twitter.com/Kwan0Mod/status/1098043239834112000", "username": "", "text": "ชวนส่อง!! ไอเดียเเฟชั่นชุดทำงานสวยดี มีสไตล์ #ชุดตุ๊กตา #ตุ๊กตาwannaone #ตลาดนัดnuest #ตลาดนัดWANNAONE️ #ตลาดนัดnuest #ถูกและดี #เครื่องสําอาง #ทำงาน http://www. you-health.net/news79305.html ?d=20022019&f=72959 …", "date": "20-02-2019 09:14", "retweet": 0, "like": 1}, {"id": "1097853386492243968", "url": "https://twitter.com/Kwan0Mod/status/1097853386492243968", "username": "", "text": "เร่งกดดัน! อนาคตใหม่แถลงจี้นายกฯลาออก #อนาคตใหม่ #ออฟกัน #อาทิตย์ก้องภพ #อรตาหวาน #อนาคตใหม่ ลําปาง #นายในฝัน #นายกรัฐมนตรี #นายกรัฐมนตรี http://www. topicza.com/news87199.html ?d=19022019&f=72959 …", "date": "19-02-2019 20:40", "retweet": 0, "like": 2}, {"id": "1097806681621188608", "url": "https://twitter.com/Kwan0Mod/status/1097806681621188608", "username": "", "text": "คนในแฉ! กลุ่มลับปาร์ตี้สยิวมีสายหื่น 7 หมื่นคน!! แอดมินรายได้เดือนละ 3 ล้าน! #ชักว่าว #ไซด์ไลน์ #ขายตัว #ขายหี #แฉข่าวเช้า #กลุ่มไลน์หนังโป๊ #กลุ่มลับ #สาวใหญ่รับงาน #สายหื่น #นัดเย็ด #ขายตัว http://www. topicza.com/news46270.html ?d=19022019&f=72959 …", "date": "19-02-2019 17:34", "retweet": 0, "like": 1}, {"id": "1097791761093558273", "url": "https://twitter.com/Kwan0Mod/status/1097791761093558273", "username": "", "text": "5 สมุนไพรเพิ่มพลังเซ็กส์ กินเป็นประจำ กระตุ้นการตั้งครรภ์สูง #เซ็กส์โฟน #เซ็กส์หมู่ #เซ็กทอย #เซ็กส์ #เซ็กซี่ #เซ็กโฟน #ประโยคนึงสะดุ้งทั้งไทม์ไลน์ #ประโยคจากหนังที่ฝังหัว http://www. tricksex.net/news71978.html ?d=19022019&f=72959 …", "date": "19-02-2019 16:35", "retweet": 0, "like": 1}, {"id": "1097647877982015489", "url": "https://twitter.com/Kwan0Mod/status/1097647877982015489", "username": "", "text": "ใครที่ไม่เคยได้รับโชคลาภ.. ทำตามนี้แล้วชีวิตของท่านก็จะมีแต่สิ่งดีๆ #โชคดีนะ #ละมาปัจจุบัน #ไม่ไหวบอกไหว #ชีวิตมันก็แบบนี้แหละ #ชีวิต #ชีวิตคิดบวก #ชี้เป้า http://www. topicza.com/news83931.html ?d=19022019&f=72959 …", "date": "19-02-2019 07:03", "retweet": 0, "like": 1}, {"id": "1097490925197000704", "url": "https://twitter.com/Kwan0Mod/status/1097490925197000704", "username": "", "text": "มีผู้สนับสนุนเพียบ! พลังประชารัฐรอคนสำคัญในรัฐบาลร่วมถกตั้งพรรค #พลังประชารัฐ #พลทหารของหัวกลม #เลือกตั้ง62 #เลือกตั้ง2562 #พรรคอนาคตใหม่ #พรรคเพื่อไทย #หนักแผ่นดิน #ประชาธิปัตย์ #ประยุทธ์ http://www. topicza.com/news78290.html ?d=18022019&f=72959 …", "date": "18-02-2019 20:40", "retweet": 0, "like": 1}, {"id": "1097421824336351232", "url": "https://twitter.com/Kwan0Mod/status/1097421824336351232", "username": "", "text": "น่าเอ็นดู!! เปิดเทอมวันแรก น้อง คีริน ลูกพ่อกาย แม่ฮารุ ร้องไห้หนักมาก!! (คลิป) #น่ารัก #เปิดกล้อง #เปิดวิกบิ๊ก3ติดมันส์ #เปิดวิกบิ๊ก3 #เทยเที่ยวไทย #วันนี้จะเป็นวันที่ดี #วันจันทร์ #แรงมากแม่ #กายกิต #การ์ตูน http://www. starnews2day.com/news40856.html ?d=18022019&f=72959 …", "date": "18-02-2019 16:05", "retweet": 0, "like": 1}, {"id": "1097377436918894592", "url": "https://twitter.com/Kwan0Mod/status/1097377436918894592", "username": "", "text": "จากรางวัลโนเบล หมอจุฬาฯต่อยอด คิดค้นยาแอนติบอดีรักษามะเร็ง #หมอยาท่าโฉลง #หมอโอ๊ค #หมอนวดชาย #หมอยาท่าโฉลงผ่อง #จุฬาไม่เป็นน้อง #จุฬา #จุฬาธรรมศาสตร์ #คิดมาก #คิดบวก #คิดจะรัก #ยานอนหลับแบบน้ำ #ยานอนหลับ http://www. topicza.com/news81639.html ?d=18022019&f=72959 …", "date": "18-02-2019 13:09", "retweet": 0, "like": 1}, {"id": "1097373513843802112", "url": "https://twitter.com/Kwan0Mod/status/1097373513843802112", "username": "", "text": "คุณป้าชาวนาดวงเฮง! ถูกรางวัลที่ 1 รับ 12 ล้าน เพราะเลขที่ตั้งใจซื้อไม่มี #ถูกและดี #ถูกบอกต่อ #เลขเด็ดงวดนี้ #เลขเด็ด #ชาวโลก http://www. lekded369.com/news87566.html ?d=18022019&f=72959 …", "date": "18-02-2019 12:53", "retweet": 0, "like": 1}, {"id": "1097369733060472832", "url": "https://twitter.com/Kwan0Mod/status/1097369733060472832", "username": "", "text": "เช็คเลยด่วนๆ! ซินแสเป็นหนึ่ง เผย ใครมีพยัญชนะ 8 ตัวนี้ จะโชคดี ได้รับงานชิ้นโหญ่เงินก้อนโต #ดวงดาว #ดวงวันนี้ #ดูดวง #ด้ายแดงนําโชค #ดูดวงฟรี #เป็นเอกเต็งหนึ่ง #เป็นที่หนึ่ง #รับงาน #รับงานรังสิต #รับงานบางนา #งานพิเศษ #รับวาดรูป http://www. topicza.com/news67192.html ?d=18022019&f=72959 …", "date": "18-02-2019 12:38", "retweet": 0, "like": 1}, {"id": "1097361970230026240", "url": "https://twitter.com/Kwan0Mod/status/1097361970230026240", "username": "", "text": "ท้องแข็ง !!! รูปภาพ ฮาฮา ขำขำ รวมภาพฮาฮาจากทั่วโลก ดูแล้วรับรองอมยิ้มแน่นอน .... #ของดีบอกต่อ #รูปที่เซฟไว้ดูตอนเครียด #รีวิววัตสัน #รู้ไหมใครโสด2019 #ยิ้ม #ยิ้มหวาน #ยยขคพ http://www. startclip.com/news7217.html? d=18022019&f=72959 …", "date": "18-02-2019 12:07", "retweet": 0, "like": 1}, {"id": "1097324194151317504", "url": "https://twitter.com/Kwan0Mod/status/1097324194151317504", "username": "", "text": "สาวๆ นักแสดงหนังโป๊ เผยเทคนิคบนเตียง 11 ข้อที่ผู้ชายควรรู้ #สาวใหญ่รับงาน #สาวใหญ่ #สาวสอง #สาวอ้วน #สาวมหาลัย #โสดอย่างเฉิดฉาย #โชว์เมีย #โชว์ควย #ผู้หญิง #ผู้ชายคนที่101 http://www. tricksex.net/news86563.html ?d=18022019&f=72959 …", "date": "18-02-2019 09:37", "retweet": 0, "like": 1}, {"id": "1097299849572016129", "url": "https://twitter.com/Kwan0Mod/status/1097299849572016129", "username": "", "text": "เสาร์-อาทิตย์นี้เจอแน่! กรมอุตุฯ เตือนฝนถล่ม-ลมกระโชกแรงซัด 25 จังหวัด ประชาชนระวังอันตราย #ข่าววันนี้ #ข่าวกระแส #ข่าวจริง #ข่าวด่วน #ข่าวจริงเช็กแล้ว #ข่าวสดบันเทิง #ข่าว7HD #ข่าวช่องวัน #ข่าวสดรอบโลก http://www. topicza.com/news87543.html ?d=17022019&f=72959 …", "date": "18-02-2019 08:00", "retweet": 0, "like": 1}]