[{"id": "1099202832190689280", "url": "https://twitter.com/kwonyulfan/status/1099202832190689280", "username": "", "text": "ไอ้อีหนีคุกยังได้รับโทษ สุเทพนี่แปลกจังก่อความวุ่นวายมากมายกับ กปปส.ยังอยู่ได้สบายดี น่าคริสนะคะ", "date": "23-02-2019 14:02", "retweet": 0, "like": 1}, {"id": "1098306712191197184", "url": "https://twitter.com/kwonyulfan/status/1098306712191197184", "username": "", "text": "บางทีก็สงสัย ครอบครัว คนรอบข้างลุงตู่ไม่มีใครบอกเค้ามั่งเหรอว่ามีแต่คนเกลียดแล้วเลิกเป็นนายกได้แล้ว ถ้าเราเป็นลูกเป็นหลานคงอายแทบจะฆ่าตัวตาย เค้าต้องโตมายังไง#Savethanatorn", "date": "21-02-2019 02:41", "retweet": 6, "like": 1}, {"id": "1098171393491951621", "url": "https://twitter.com/kwonyulfan/status/1098171393491951621", "username": "", "text": "จะอธิบายภาพนี้ยังไงดีคะ บุคคลทีรักสถาบันแต่ไม่ปฏิบัติตามพูดแต่ปากนี่ดีเหรอคะ เปลี่ยนเป็นระบบทหารสมัครใจค่ะไม่ได้ยกเลิก บางทีคนที่ไม่ได้ทำผิดเค้าก็ถูกใส่ร้ายได้นะคะคุณควรมีความคิดบ้าง คุณเหมือนอาศัยอยู่ในโลก 40 ปีที่แล้วไม่รู้ว่าเป็นความคิดคุณจริงๆหรือแค่หลงมัวเมาในเงินพนักงาน io pic.twitter.com/yuk5LvR5vx", "date": "20-02-2019 17:43", "retweet": 0, "like": 1}, {"id": "1097518883206946816", "url": "https://twitter.com/kwonyulfan/status/1097518883206946816", "username": "", "text": "https:// youtu.be/u52CQaT68WU เหตุผลที่ voice tv โดนแบน #พลังประชารัฐ", "date": "18-02-2019 22:31", "retweet": 1, "like": 0}]