[{"id": "1099294427837652992", "url": "https://twitter.com/lafindor/status/1099294427837652992", "username": "", "text": "คนจริง2019", "date": "23-02-2019 20:06", "retweet": 0, "like": 0}, {"id": "1098740807798935552", "url": "https://twitter.com/lafindor/status/1098740807798935552", "username": "", "text": "ลูกหมูป่าที่พระลูกวัดในจ.ชลบุรีเอามาเลี้ยง เพราะแม่หมูป่าไม่ยอมให้กินนม น้อนนนหิวไรปานนั้น #หมูป่ากินนมขวด pic.twitter.com/LXcbgirVbb", "date": "22-02-2019 07:26", "retweet": 0, "like": 1}, {"id": "1098378027694604288", "url": "https://twitter.com/lafindor/status/1098378027694604288", "username": "", "text": "ช่ายยยยยยย", "date": "21-02-2019 07:25", "retweet": 0, "like": 0}]