[{"id": "1099350692613873664", "url": "https://twitter.com/lalalaaom_/status/1099350692613873664", "username": "", "text": "ก้อนจิ๋วว ฝันดีนะหลานยาย", "date": "23-02-2019 23:50", "retweet": 0, "like": 2}, {"id": "1098590075556909058", "url": "https://twitter.com/lalalaaom_/status/1098590075556909058", "username": "", "text": "แก พี่ไอติม #ประชาธิปัตย์ เค้าน่ารักจริงๆอะ แบบน่ารักกกกกกก จริงๆ ตัวจริงคือไทป์บอยเฟรนด์เลย55555555", "date": "21-02-2019 21:27", "retweet": 1, "like": 1}, {"id": "1097886915003506689", "url": "https://twitter.com/lalalaaom_/status/1097886915003506689", "username": "", "text": "ชีวิตเหมือนจะดีค่ะ แต่ก็ยังไม่ดี เหมือนมีอะไรมาขัดจังหวะตลอด อยากได้มาบูชาเผื่อชีวิตจะดีขึ้นจริงๆซักทีค่ะ", "date": "19-02-2019 22:53", "retweet": 0, "like": 0}]