[{"id": "1099372096310763520", "url": "https://twitter.com/lastkumoo/status/1099372096310763520", "username": "", "text": "ถถถถ pic.twitter.com/G2PfZmyz3h", "date": "24-02-2019 01:15", "retweet": 0, "like": 0}, {"id": "1099369918888239104", "url": "https://twitter.com/lastkumoo/status/1099369918888239104", "username": "", "text": "ช่วงนี้ พี่ไมค์ ก็ฮอตนะ", "date": "24-02-2019 01:06", "retweet": 0, "like": 0}, {"id": "1099368234359246848", "url": "https://twitter.com/lastkumoo/status/1099368234359246848", "username": "", "text": "ลินเดเลิฟ เล่นคู่ใครแค่นั้นแหล่ะ 555", "date": "24-02-2019 00:59", "retweet": 0, "like": 0}, {"id": "1099367489664778240", "url": "https://twitter.com/lastkumoo/status/1099367489664778240", "username": "", "text": "แหม ไม่กล้าออกตัวแรงเท่าไหร่ กลัวตัวยิงนกลิเวอร์เบิร์ดอย่างมาซิยาล ไม่ฟิตอ่ะ", "date": "24-02-2019 00:56", "retweet": 0, "like": 0}, {"id": "1099365275617509376", "url": "https://twitter.com/lastkumoo/status/1099365275617509376", "username": "", "text": "อ้าว สเปอร์แพ้หรอ วันนี้ไม่ได้ดูบอลเลยสักลีค ประเด็นคือ โฟกัสวันพรุ่งนี้ไปแล้ว 5555 #เตะปาก", "date": "24-02-2019 00:48", "retweet": 0, "like": 1}, {"id": "1099364903020707840", "url": "https://twitter.com/lastkumoo/status/1099364903020707840", "username": "", "text": "เห็นเยอะเลย ตอนเปิดใช้ TweetDesk อ่ะ โอ้โห จากเป็นเรื่องอีพี่พ็อบ กลายเป็นเหยียดรูปร่างไปเลยบางคน โยงไปเรื่อยอ่ะ สักพักโยงเข้าอีโอ๊ต เฮียเผือกอีก คอยดูสิ", "date": "24-02-2019 00:46", "retweet": 0, "like": 0}, {"id": "1099363812598153217", "url": "https://twitter.com/lastkumoo/status/1099363812598153217", "username": "", "text": "ตอนนี้ มายด์เซ็ต ของคนมองผู้ชายอ้วนหุ่นหมี ว่า เป็นคนไม่ดี เริ่มมีเยอะแล้ว รบกวนเบรกก่อนนิดหนึ่ง หุ่มไม่ใช่นิสัย ตัดสินแบบนั้น ผมว่าไม่เหมาะนะเออ Case by Case สิ #ป๊อบปองกูล", "date": "24-02-2019 00:42", "retweet": 6, "like": 11}, {"id": "1099353872353513473", "url": "https://twitter.com/lastkumoo/status/1099353872353513473", "username": "", "text": "บอกฉันที ฉันต้องตามแท็กไหน หรือ ฉันควรไปนอนดี #ป๊อบปองกูล #ลูกทุ่งไอดอล", "date": "24-02-2019 00:02", "retweet": 1, "like": 2}, {"id": "1099222486426673153", "url": "https://twitter.com/lastkumoo/status/1099222486426673153", "username": "", "text": "โอ้ย ใจบ่ดีเลย", "date": "23-02-2019 15:20", "retweet": 0, "like": 0}, {"id": "1099033059708395520", "url": "https://twitter.com/lastkumoo/status/1099033059708395520", "username": "", "text": "เราขอเบื่อเธอได้ไหม ที่เธอยังเป็นแบบนี้อยู่ .... เตรียมสร้างตัวอีกเซิฟ", "date": "23-02-2019 02:47", "retweet": 0, "like": 0}, {"id": "1098989233052610560", "url": "https://twitter.com/lastkumoo/status/1098989233052610560", "username": "", "text": "เพลงจะอาร์ทไปไหนเนี๊ย ชอบๆๆ 555 \"bmbmbm\"- Black Midi\" #แมวนอก #CatRadio", "date": "22-02-2019 23:53", "retweet": 1, "like": 0}, {"id": "1098986628100444160", "url": "https://twitter.com/lastkumoo/status/1098986628100444160", "username": "", "text": "อ้าว วันนี้มี World Premier หรอ พอดียุ่งๆ ไม่ได้มาฟังหลายวีคเลย เสียใจ // ป.ล. นี่ก็พึ่งเสร็จธุระ #แมวนอก #CatRadio", "date": "22-02-2019 23:43", "retweet": 1, "like": 0}, {"id": "1098806158557556736", "url": "https://twitter.com/lastkumoo/status/1098806158557556736", "username": "", "text": "ไหนใครบด ไม่มี๊ #CanNayika #มาเป็นทรูปกันเถอะ #กลับบ่ออย่างเฉิดฉาย #เป็นทรูปอย่างเปิดเผย เอ๊ะ ทำไมแท็กคุ้นๆ", "date": "22-02-2019 11:46", "retweet": 1, "like": 5}, {"id": "1098796804399755264", "url": "https://twitter.com/lastkumoo/status/1098796804399755264", "username": "", "text": "ถึงไม่ได้นามสกุล เฟอร์กูสัน แต่ก็ตันแคนนะครับ // นั่นมันดันแคน", "date": "22-02-2019 11:09", "retweet": 1, "like": 3}, {"id": "1098793741920305152", "url": "https://twitter.com/lastkumoo/status/1098793741920305152", "username": "", "text": "ที่จริงก็ได้ตั้งแต่เมื่อวานแล้วล่ะ แต่ไม่ได้ขิง 5555 เต็มเฟสฉันหมดแล้ว #CanNayika pic.twitter.com/l9NFJiVRUz", "date": "22-02-2019 10:56", "retweet": 0, "like": 2}, {"id": "1098759892905582592", "url": "https://twitter.com/lastkumoo/status/1098759892905582592", "username": "", "text": "WWE", "date": "22-02-2019 08:42", "retweet": 0, "like": 0}, {"id": "1098759379975790592", "url": "https://twitter.com/lastkumoo/status/1098759379975790592", "username": "", "text": "ยังงงๆพวกที่ได้อยู่เลย ได้ได้ยังไงหว่า", "date": "22-02-2019 08:40", "retweet": 0, "like": 0}, {"id": "1098758539902738434", "url": "https://twitter.com/lastkumoo/status/1098758539902738434", "username": "", "text": "บางเพจทั้งส่อง ทั้งแชร์ ทั้งไลค์ แทบตายยังไม่ได้เลยเช่น เพจ WWE", "date": "22-02-2019 08:37", "retweet": 0, "like": 0}, {"id": "1098757462625144832", "url": "https://twitter.com/lastkumoo/status/1098757462625144832", "username": "", "text": "อะแฮ่มๆ แต่เพจ kamioshi smile ได้ ได้ไงไม่รู้แทบไม่ได้เข้าไปส่องเลย pic.twitter.com/09J6siNaxt", "date": "22-02-2019 08:32", "retweet": 0, "like": 0}, {"id": "1098556559821398016", "url": "https://twitter.com/lastkumoo/status/1098556559821398016", "username": "", "text": "กรี๊ดดดดด ได้ Top Fan เพจ #PointofView แล้วค๊าาาาา ดีใจ ติดตามตั้งแต่ก่อนเนียนขาย #วรรณคดีไทยไดเจสต์ อีก 555 pic.twitter.com/MmVkBbOVVr", "date": "21-02-2019 19:14", "retweet": 2, "like": 8}, {"id": "1098232202003771392", "url": "https://twitter.com/lastkumoo/status/1098232202003771392", "username": "", "text": "โอ๊ย ผู้หมวด ซาเอโกะสวย ให้คะแนน ล้านเต็ม 10 เลยอ่ะ บอกเลย #CITYHUNTER #NickyLarsonLeFilm #NickyLarsonetleParfumdeCupidon #ซิตี้ฮันเตอร์ pic.twitter.com/JtdYF5QmaZ", "date": "20-02-2019 21:45", "retweet": 0, "like": 0}, {"id": "1098136300056498176", "url": "https://twitter.com/lastkumoo/status/1098136300056498176", "username": "", "text": "ช่วงนี้เราเป็นคนเพื่อนเยอะนะ #แต่เพื่อนเราชื่อความเหงาอ่ะ #TelexTelexs https:// open.spotify.com/track/6TZAF2Gl WqPwJeTwCNnSza?si=GCI0wZu-RdGxHDlu6s29Zg …", "date": "20-02-2019 15:24", "retweet": 2, "like": 7}, {"id": "1098052293503504384", "url": "https://twitter.com/lastkumoo/status/1098052293503504384", "username": "", "text": "ชอบการ Anouce ของ #Andrade วันนี้ พูดว่า Andrade แล้วเพลงมันมีท่อนที่พูดว่า Cien Almas ต่อให้ 5555 #SDLive", "date": "20-02-2019 09:50", "retweet": 0, "like": 0}, {"id": "1097902291862970368", "url": "https://twitter.com/lastkumoo/status/1097902291862970368", "username": "", "text": "ออกแบบประเมิน IOC ไปให้อาจารย์ประเมิน ซึ่งลืมตรวจดูว่ามันมีอะไรผิดพลาดรึเปล่า อีเหี้ย อี Word มันจะมาเปลี่ยนคำตอบกูเล่นๆไม่ได้นะ อีห่า ผิดหมดเลยสัส ได้กลับมาแก้ใหม่ T^T #ชีวิตมหาลัย #ชีวิตเด็กปี7 #มหาภัพโปรเจคจบ", "date": "19-02-2019 23:54", "retweet": 0, "like": 0}, {"id": "1097851623986978817", "url": "https://twitter.com/lastkumoo/status/1097851623986978817", "username": "", "text": "โว้ยยย เอามาเดบิ้วทั้งที เอาไปเมืองที่มันมีส่วนร่วมกับโชว์หน่อยได้ม้ายยยยย เงียบชิบหายเลย สันขวาน #RAW #WWERaw", "date": "19-02-2019 20:33", "retweet": 0, "like": 1}, {"id": "1097851326413758465", "url": "https://twitter.com/lastkumoo/status/1097851326413758465", "username": "", "text": "สบายแล้ว กลับไป สปอตรีแล็กซ์ทันไหมหนิพ่อ #ป๋องกพล #อังคารคลุมโปง #EFM #EFMอังคารคลุมโปง #SportRelax pic.twitter.com/PSBMhdvBQ3", "date": "19-02-2019 20:32", "retweet": 0, "like": 0}, {"id": "1097850171029741568", "url": "https://twitter.com/lastkumoo/status/1097850171029741568", "username": "", "text": "ขอยาดโกรธา คนับ สบายแล้ว บาเยิร์นกู #MiaSanMia #FCBayern #NatherineBNK48 pic.twitter.com/BjEbpcTtzh", "date": "19-02-2019 20:27", "retweet": 0, "like": 2}, {"id": "1097421572766224385", "url": "https://twitter.com/lastkumoo/status/1097421572766224385", "username": "", "text": "ยอมแล้วจ้า ยอมเป็น Under Boss แล้ว #BossFever #TooSweet pic.twitter.com/2e6ShITNkr", "date": "18-02-2019 16:04", "retweet": 2, "like": 9}, {"id": "1097335054034817024", "url": "https://twitter.com/lastkumoo/status/1097335054034817024", "username": "", "text": "เย็ดเข้ อย่างบัพเลยว่ะ โคฟี่ Great Moment สำหรับ คิงสตั้น สัสๆ #WWEChamber", "date": "18-02-2019 10:20", "retweet": 0, "like": 0}, {"id": "1097330600849985536", "url": "https://twitter.com/lastkumoo/status/1097330600849985536", "username": "", "text": "เล่นกันสุดจริงแบบ เฮ้ย คิดได้ยังไงวะ ไบรอันรักโลก สุดจริงจัง บอกเลยว่า ถ้าทำขาย ก็ซื้ออ่ะจริงๆ", "date": "18-02-2019 10:02", "retweet": 0, "like": 1}, {"id": "1097324181971038208", "url": "https://twitter.com/lastkumoo/status/1097324181971038208", "username": "", "text": "ขอยาดเกลียด #WWEChamber pic.twitter.com/pAtTJbJ7KW", "date": "18-02-2019 09:37", "retweet": 0, "like": 1}, {"id": "1097315456891801600", "url": "https://twitter.com/lastkumoo/status/1097315456891801600", "username": "", "text": "ไปโอลิมปิก ต่อย UFC แทบไม่เคยแตก (แน่สิ เล่นรวบเขาชนะซะเร็วเลย ถ้าไม่เมาหมัด โฮมส์นี่ ก็ไม่แพ้อ่ะ แต่แม่งแพ้ก็ไม่แตกอยู่ดี) มาปล้ำมวยปล้ำ ปีกว่าๆ แตกเลย แหม #WWEChamber pic.twitter.com/cTSfotHv3k", "date": "18-02-2019 09:02", "retweet": 0, "like": 0}, {"id": "1097314858318479360", "url": "https://twitter.com/lastkumoo/status/1097314858318479360", "username": "", "text": "Austin Ref. ถถถถถถ กระทืบหมดเลย #WWEChamber pic.twitter.com/8kVbqmMmvN", "date": "18-02-2019 09:00", "retweet": 0, "like": 0}, {"id": "1097314160604471296", "url": "https://twitter.com/lastkumoo/status/1097314160604471296", "username": "", "text": "จย้าาาาาาาาาาา #WWEChamber pic.twitter.com/BfxWfBNCnn", "date": "18-02-2019 08:57", "retweet": 0, "like": 0}, {"id": "1097313972389261314", "url": "https://twitter.com/lastkumoo/status/1097313972389261314", "username": "", "text": "เกลียดการรู้ว่าแม่งเป็นเจ็บบทอ่ะ 5555 ว่าแต่ชุดหล่อนหนิ เหลืองเกิ๊น #WWEChamber pic.twitter.com/qmAhaV2FSw", "date": "18-02-2019 08:56", "retweet": 0, "like": 1}, {"id": "1097313519760945152", "url": "https://twitter.com/lastkumoo/status/1097313519760945152", "username": "", "text": "เดี๋ยว พึ่งไปเข้าห้องน้ำมาแป๊บเดียว เอาแล้วววว จบละ #WWEChamber #RawWomanChampionships", "date": "18-02-2019 08:55", "retweet": 0, "like": 0}, {"id": "1097309833630408705", "url": "https://twitter.com/lastkumoo/status/1097309833630408705", "username": "", "text": "ถึงแมตช์มันจะเดาง่ายก็เถอะ แต่ ได้อีกแชมป์มาคาดเอวสักทีแล้วเว้ยยยย หลังจากครองจักรวาลได้วันเดียว #WWEChamber #FinnBalor #BalorClub pic.twitter.com/R6g1VkByLW", "date": "18-02-2019 08:40", "retweet": 0, "like": 2}]