[{"id": "1099377534251102208", "url": "https://twitter.com/laughtyim/status/1099377534251102208", "username": "", "text": "เพิ่งสังเกตว่าอิแกะเฮย์เดย์มันมองแรงได้ด้วย //เซฟเข้ามีม pic.twitter.com/PeBisOff6r", "date": "24-02-2019 01:36", "retweet": 0, "like": 0}, {"id": "1098620956434587653", "url": "https://twitter.com/laughtyim/status/1098620956434587653", "username": "", "text": "พรุ่งนี่อยู่กับผู้จัดการและผู้ช่วยอีก3คนโดยปราศจากน้องเฮ้าส์ อีเหี้ยยย รอดมั่ยรอด ตัวช่วยหนึ่งเดียวกูบินไปแร้ววว", "date": "21-02-2019 23:30", "retweet": 0, "like": 0}, {"id": "1098620574601887744", "url": "https://twitter.com/laughtyim/status/1098620574601887744", "username": "", "text": "พี่เก้าแม่งแอบน่ากลัวแต่ชั้นก็ชอบนางอะ เอ๊ะ งงมะ", "date": "21-02-2019 23:28", "retweet": 0, "like": 0}, {"id": "1098619402566623233", "url": "https://twitter.com/laughtyim/status/1098619402566623233", "username": "", "text": "เมื่อยขาโว้ยย", "date": "21-02-2019 23:24", "retweet": 0, "like": 0}, {"id": "1098262438112161793", "url": "https://twitter.com/laughtyim/status/1098262438112161793", "username": "", "text": "ประชาธิปไตยอยู่ตรงหน้สแต่ฉันไม่สามารถเลือกได้ เคเลย #Savethanathorn", "date": "20-02-2019 23:45", "retweet": 2, "like": 2}, {"id": "1098262172365336576", "url": "https://twitter.com/laughtyim/status/1098262172365336576", "username": "", "text": "ซู่ๆๆๆๆๆๆ", "date": "20-02-2019 23:44", "retweet": 0, "like": 0}, {"id": "1098261715764932608", "url": "https://twitter.com/laughtyim/status/1098261715764932608", "username": "", "text": "พี่สอบเสร็จแล้ว กรี๊สสสสส", "date": "20-02-2019 23:42", "retweet": 0, "like": 0}, {"id": "1098261615139446784", "url": "https://twitter.com/laughtyim/status/1098261615139446784", "username": "", "text": "คือไปย้อนดูปะดิ้ว101มาแล้วชั้นอยากแต่งเรือบาป แดนกับอูจินน้อย เชิงว่าพ่อเลี้ยอายุสามเอ็ดกับลูกบุญธรรมที่รับมาเลี้ยงอายุสิบห้างี้ ความสัมพันธ์ซับซ้อนยิ่งกว่าเส้นโครมาทิน แต่กลัวบาปเหลือเกิน", "date": "20-02-2019 23:42", "retweet": 0, "like": 0}, {"id": "1098261077282906112", "url": "https://twitter.com/laughtyim/status/1098261077282906112", "username": "", "text": "จะได้ลงคืนนี้มั้ยมาเสี่ยงดวงกัน", "date": "20-02-2019 23:40", "retweet": 0, "like": 0}, {"id": "1098259090961133568", "url": "https://twitter.com/laughtyim/status/1098259090961133568", "username": "", "text": "ไม่อยากลงตอนจบแล้ว ฮืออออ ไม่อยากให้จบเลย", "date": "20-02-2019 23:32", "retweet": 0, "like": 0}, {"id": "1098201308790587392", "url": "https://twitter.com/laughtyim/status/1098201308790587392", "username": "", "text": "เอาให้สุดไปเลยค่ะลุง ล้มให้เต็มที่ค่ะถ้าอยากนั่งเก้าอี้นายกรัฐมนตรีทำไมไม่เขียนกฎเองไปเลยล่ะ ไหนๆก็ยึดอำนาจมาหมดแล้วนี่!!!", "date": "20-02-2019 19:42", "retweet": 0, "like": 0}, {"id": "1097777225204559873", "url": "https://twitter.com/laughtyim/status/1097777225204559873", "username": "", "text": "เป็นคนมีมนุษย์สัมพันธ์กับวินแถวบ้าน", "date": "19-02-2019 15:37", "retweet": 0, "like": 0}, {"id": "1097565144559677441", "url": "https://twitter.com/laughtyim/status/1097565144559677441", "username": "", "text": "ใครก็ได้จิกหัวชั้นกลับด้อมกะรัตที", "date": "19-02-2019 01:34", "retweet": 0, "like": 0}]