[{"id": "1099338805725675520", "url": "https://twitter.com/ligor999/status/1099338805725675520", "username": "", "text": "ลองฟัง...... https://www. facebook.com/49843344017437 3/posts/2790201714330856/ …", "date": "23-02-2019 23:02", "retweet": 0, "like": 0}, {"id": "1099337542892019712", "url": "https://twitter.com/ligor999/status/1099337542892019712", "username": "", "text": "ลองฟัง...... https://www. facebook.com/49843344017437 3/posts/2790187827665578/ …", "date": "23-02-2019 22:57", "retweet": 0, "like": 0}, {"id": "1099336662415421440", "url": "https://twitter.com/ligor999/status/1099336662415421440", "username": "", "text": "ลองฟัง...... https://www. facebook.com/49843344017437 3/posts/2790176107666750/ …", "date": "23-02-2019 22:54", "retweet": 0, "like": 0}, {"id": "1099330903422074881", "url": "https://twitter.com/ligor999/status/1099330903422074881", "username": "", "text": "..... เรี่ยม อำเภอชะอวด บ้านเรา ..... https://www. facebook.com/49843344017437 3/posts/2790125724338455/ …", "date": "23-02-2019 22:31", "retweet": 0, "like": 0}, {"id": "1099323752548986881", "url": "https://twitter.com/ligor999/status/1099323752548986881", "username": "", "text": "เรี่ยมๆ เยาวชนบ้านเรา https://www. facebook.com/49843344017437 3/posts/2790057511011943/ …", "date": "23-02-2019 22:03", "retweet": 0, "like": 0}, {"id": "1099250181365653504", "url": "https://twitter.com/ligor999/status/1099250181365653504", "username": "", "text": ".............. ตำรวจ นปพ. #เมืองคอน โชว์บุกจับยาแก้ไอ ลอตมหึมา มูลค่า 4 ล้านบาท เผย “เมศ มูสาลี” เอเย่นต์รายใหญ่หนีรอดไปได้ ลักลอบขายมานานแล้วให้วัยรุ่นผสมสูตร 4 คูณ 100 https://www. thairath.co.th/content/1503108", "date": "23-02-2019 17:10", "retweet": 0, "like": 0}, {"id": "1099236907702079489", "url": "https://twitter.com/ligor999/status/1099236907702079489", "username": "", "text": ".......... กระแสดัง วันนี้ https://www. facebook.com/49843344017437 3/posts/2789375884413439/ …", "date": "23-02-2019 16:17", "retweet": 0, "like": 0}, {"id": "1099233488945831939", "url": "https://twitter.com/ligor999/status/1099233488945831939", "username": "", "text": "..... เมืองขนอม เมืองนคร https://www. facebook.com/49843344017437 3/posts/2789352507749110/ …", "date": "23-02-2019 16:04", "retweet": 0, "like": 0}, {"id": "1099214104424701953", "url": "https://twitter.com/ligor999/status/1099214104424701953", "username": "", "text": "..... #การเมือง นายอภิสิทธิ์ ปชป. จี้ \"พล.อ.ประยุทธ์\" แสดงความชัดเจน ไฟเขียว 250 สว. สนับสนุนเสียงข้างมากเป็นนายกฯ https://www. posttoday.com/politic/news/5 81287 …", "date": "23-02-2019 14:47", "retweet": 0, "like": 0}, {"id": "1099193435750162433", "url": "https://twitter.com/ligor999/status/1099193435750162433", "username": "", "text": "#ไม่ประมาท เมืองนคร เสียชีวิตรายวัน https://www. facebook.com/49843344017437 3/posts/2789132881104406/ …", "date": "23-02-2019 13:25", "retweet": 0, "like": 0}, {"id": "1099186911049003009", "url": "https://twitter.com/ligor999/status/1099186911049003009", "username": "", "text": "#สลด ! รถไฟชนรถเก๋ง 3 แม่ลูก : ดับ 2 สาหัส 1 ........... เกิดเหตุรถไฟชนรถเก๋ง บริเวณจุดตัดหน้าองค์การบริหารส่วนตำบลพุนพิน ระหว่างสถานนีมะลวน-บ้านทุ่งโพธิ์ พื้นที่หมู่ 1 บ้านทุ่งโพธิ์ ตำบลพุนพิน อำเภอพุนพิน จังหวัดสุราษฎร์ธานี... http:// news.ch3thailand.com/local/88648", "date": "23-02-2019 12:59", "retweet": 0, "like": 1}, {"id": "1099177687808016384", "url": "https://twitter.com/ligor999/status/1099177687808016384", "username": "", "text": "........ ประเทศไทย จับมือ \"อินโดฯ-มาเลย์\" ลุย 5 มาตรการ ดันราคา #ยางพารา พุ่ง มอบเจ้าหน้าที่อาวุโสไปถกต่อทั้งจำกัดส่งออกยางพารารอบใหม่ 2-3 แสนตัน ดันใช้ยางพาราในแต่ละประเทศให้เพิ่มขึ้น อินโดฯ... https://www. facebook.com/49843344017437 3/posts/2789042424446785/ …", "date": "23-02-2019 12:22", "retweet": 0, "like": 0}, {"id": "1099151630409248768", "url": "https://twitter.com/ligor999/status/1099151630409248768", "username": "", "text": "#นครศรีดี๊ดี บ้านฉัน เมืองเดียวเที่ยวครบเครื่อง พักกาย พักใจ ที่นี่เมืองนคร เครดิตภาพ Instragram — in จังหวัดนครศรีธรรมราช https://www. facebook.com/49843344017437 3/posts/2788890617795299/ …", "date": "23-02-2019 10:39", "retweet": 0, "like": 0}, {"id": "1099139420601470978", "url": "https://twitter.com/ligor999/status/1099139420601470978", "username": "", "text": ".......... ที่เกิดเหตุพบ รถเก๋งฮอนด้าซิตี้ สีบรอนซ์เทา ทะเบียน กธ 1924 สงขลา สภาพด้านหน้าพังยับ หลังคาเปิด ตกอยู่ในคูข้างถนน พบศพ นายพีรยุทธ กุลวานิช อายุ 33 ปี ที่อยู่ 11/1 ม. 6 ต.บ้านเนิน อ.เชียรใหญ่ จ.นครศรีธรรมราช... https://www. matichon.co.th/news-monitor/n ews_1375970 …", "date": "23-02-2019 09:50", "retweet": 0, "like": 0}, {"id": "1099135159519997952", "url": "https://twitter.com/ligor999/status/1099135159519997952", "username": "", "text": "............... #กาารเมือง เลือกตั้งเมืองคอน ส่อเดือด! มือดีเผาป้าย พปชร.เขต8 เผยเป็นภาพคู่ผู้สมัครกับ“ลุงตู่”โร่แจ้งความตำรวจ เมื่อเวลา 13.00 น.วันที่ 22 ก.พ. 2562 ร.ต.อ.นนทชัย นพรัตน์ พนักงานสอบสวน สภ.สิชล จ.นครศรีธรรมราช... http://www. banmuang.co.th/mobile/news/po litic/142842 …", "date": "23-02-2019 09:33", "retweet": 0, "like": 0}, {"id": "1099130635355009024", "url": "https://twitter.com/ligor999/status/1099130635355009024", "username": "", "text": "...... นโยบายรื้อกองทัพ เห็นขั้วอำนาจการเมือง บรรยากาศการหาเสียงเลือกตั้ง เริ่มเดือดขึ้นอย่างเห็นได้ชัด ภายหลัง \"บิ๊กแดง\" พล.อ.อภิรัชต์ คงสมพงษ์ผบ.ทบ. ได้ออกมาแสดงความคิดเห็นทางการเมืองอย่างมีนัยสำคัญด้วยการบอกให้ไปฟังเพลง... https://www. posttoday.com/politic/analys is/581114 …", "date": "23-02-2019 09:15", "retweet": 0, "like": 0}, {"id": "1099127125238439938", "url": "https://twitter.com/ligor999/status/1099127125238439938", "username": "", "text": "....... พรรคภูมิใจไทย วอนชาวเมืองคอน เปิดหัวใจ! ทลายระบบผูกขาดการเมือง ที่ฉุดการพัฒนา “อนุทิน” ปราศรัยใหญ่เมืองคอน วอน ชาวบ้านเปิดหัวใจ-ให้โอกาส ภูมิใจไทย ทลายระบบผูกขาดการเมือง หลังฉุดรั้งการพัฒนา... https://www. khaosod.co.th/election-2019/ news_2223388 …", "date": "23-02-2019 09:01", "retweet": 1, "like": 0}, {"id": "1099123257632907264", "url": "https://twitter.com/ligor999/status/1099123257632907264", "username": "", "text": "............. #การเมือง ร้อนแรง นายจตุพร กล่าวต่อว่า ส่วนที่ตนได้ท้านายสุเทพ เทือกสุบรรณ ผู้ร่วมก่อตั้งพรรค รปช. มาดีเบตว่าเอาหรือไม่เอา พล.อ.ประยุทธ์จันทร์โอชา นายกฯ และหัวหน้า คสช.ผ่านสื่อนั้น นายสุเทพ... https://www. khaosod.co.th/election-2019/ news_2237847 …", "date": "23-02-2019 08:46", "retweet": 1, "like": 3}, {"id": "1099112539856621570", "url": "https://twitter.com/ligor999/status/1099112539856621570", "username": "", "text": "#ยางพารา : แนวทางนักการเมือง พรรคการเมือง ขณะนี้ก็เข้ามาก็บอกแนะนำนโยบาย แต่ละนโยบายดี แต่ไม่ได้บอกถึงว่าจะทำอย่างไร การผลิต การแปรรูป การขาย การซื้อ ใครขาย ใครซื้อ การตลาดอยู่ตรงไหน จะเชื่อถือ หรือทำได้หรือไม่ ก็ไม่ชัดเจน... https://www. thaipost.net/main/detail/29 454 …", "date": "23-02-2019 08:03", "retweet": 0, "like": 0}, {"id": "1099104206781214720", "url": "https://twitter.com/ligor999/status/1099104206781214720", "username": "", "text": "มังคุดเขา บ้านคีรีวง อำเภอลานสกา #นครศรีดี๊ดี .... เครดิตภาพ คุณทินกร ประเทศคอน ...... — in จังหวัดนครศรีธรรมราช https://www. facebook.com/NakhonSiThaila nd/posts/2788491904501837 …", "date": "23-02-2019 07:30", "retweet": 0, "like": 0}, {"id": "1098979666516369408", "url": "https://twitter.com/ligor999/status/1098979666516369408", "username": "", "text": "....... ราตรีสวัสดิ์ นครสองธรรม https://www. facebook.com/NakhonSiThaila nd/posts/2787596841258010 …", "date": "22-02-2019 23:15", "retweet": 0, "like": 0}, {"id": "1098965828077154306", "url": "https://twitter.com/ligor999/status/1098965828077154306", "username": "", "text": "#ทรงพระเจริญ ....... แถลงการณ์ ฉ.3 ฟ้าหญิงจุฬาภรณ์ พระอาการดีขึ้น ทรงประกอบพระกิจวัตรประจำวันได้ตามเดิม ขอพระราชทานพระอนุญาตเลื่อนการผ่าตัดกระจกพระเนตร ไปหลังถวายพระโอสถครบ 6 สัปดาห์ แถลงการณ์พระราชวัง เรื่อง สมเด็จพระเจ้าลูกเธอ... https://www. thairath.co.th/content/1502726", "date": "22-02-2019 22:20", "retweet": 0, "like": 1}, {"id": "1098925752953692161", "url": "https://twitter.com/ligor999/status/1098925752953692161", "username": "", "text": "..... หน่วยงานเกี่ยวข้อง ว่าไง https://www. facebook.com/49843344017437 3/posts/2787338297950531/ …", "date": "22-02-2019 19:41", "retweet": 0, "like": 0}, {"id": "1098915616331726849", "url": "https://twitter.com/ligor999/status/1098915616331726849", "username": "", "text": "การเลือกตั้ง เมืองนคร มี 8 เขต ท่านอยู่เขตไหน ?", "date": "22-02-2019 19:01", "retweet": 0, "like": 1}, {"id": "1098911681487360000", "url": "https://twitter.com/ligor999/status/1098911681487360000", "username": "", "text": ".......... ใครเคยชิมบ้าง #ขนมกวนขาว ขนมท้องถิ่น @จังหวัดนครศรีธรรมราช บ้านเรา #ของหร่อย #นครศรีดี๊ดี เครดิตภาพ facebook.. — in จังหวัดนครศรีธรรมราช https://www. facebook.com/49843344017437 3/posts/2787241294626898/ …", "date": "22-02-2019 18:45", "retweet": 0, "like": 0}, {"id": "1098903041363763200", "url": "https://twitter.com/ligor999/status/1098903041363763200", "username": "", "text": "...... #ข้าวหมกไก่ เมืองคอน ของหร่อย #นครศรีดี๊ดี ............ เครดิตภาพ Instragram — in จังหวัดนครศรีธรรมราช https://www. facebook.com/49843344017437 3/posts/2787183067966054/ …", "date": "22-02-2019 18:11", "retweet": 0, "like": 0}, {"id": "1098901035161051136", "url": "https://twitter.com/ligor999/status/1098901035161051136", "username": "", "text": "........ #สาระ เมืองนคร https://www. facebook.com/NakhonSiThaila nd/posts/2786832491334445 …", "date": "22-02-2019 18:03", "retweet": 0, "like": 0}, {"id": "1098893945776435200", "url": "https://twitter.com/ligor999/status/1098893945776435200", "username": "", "text": "‘ภท.’ออกโรงยัน! #นโยบายกัญชาเสรี ดันเมืองไทยกำไรพุ่ง ปี 3แสนล้านบาท “ศักดิ์สยาม”ยัน“กัญชาเสรี” ทำได้จริง-ศึกษาวิจัยมาแล้ว ลั่น สร้างรายได้สายเขียวปีละ 3 แสนล้านบาท ลดภาษีมูลค่าเพิ่มจาก 7% เหลือ 5% หวั่นกฎหมายรัฐบาลผูกขาดนายทุน... https://www. naewna.com/politic/397157", "date": "22-02-2019 17:35", "retweet": 0, "like": 0}, {"id": "1098888900817219584", "url": "https://twitter.com/ligor999/status/1098888900817219584", "username": "", "text": "......... หนัก !! โจรเห้อ !!! https://www. facebook.com/NakhonSiThaila nd/posts/2787074264643601 …", "date": "22-02-2019 17:15", "retweet": 0, "like": 0}, {"id": "1098884468062904320", "url": "https://twitter.com/ligor999/status/1098884468062904320", "username": "", "text": "เลือกตั้ง 62 : “เต้น ณัฐวุฒิ” จี้ พรรคพลังประชารัฐ อย่าให้บิ๊กตู่ใช้อำนาจแฝงหาเสียง ต้องสู้อย่างเปิดเผย - พรรคไทยรักษาชาติ ชี้แคนดิเดตนายกพรรคพลังประชารัฐ ควรแข่งขันแบบตรงไปตรงมา... https://www. springnews.co.th/politics/448340", "date": "22-02-2019 16:57", "retweet": 0, "like": 0}, {"id": "1098882482324164608", "url": "https://twitter.com/ligor999/status/1098882482324164608", "username": "", "text": "นายยงยศ แก้วเขียว นายกสมาคมกำนันผู้ใหญ่บ้านแห่งประเทศไทย หนุน ไฟเขียวอปท.ช่วย ส.ส.หาเสียง ไม่หวั่นชี้นำ ชาวบ้านตาสว่าง https://www. matichon.co.th/politics/news_ 1374892 …", "date": "22-02-2019 16:49", "retweet": 0, "like": 0}, {"id": "1098880676286197760", "url": "https://twitter.com/ligor999/status/1098880676286197760", "username": "", "text": "........... แม่ค้า #เมืองคอน ขับ จยย.พวงข้าง หลับใน เสียหลักชนต้นไม้ ตกคูน้ำดับ ส่วนลูกบาดเจ็บ เมื่อเวลา 05.30 น.วันที่ 22 ก.พ.62 ร.ต.อ.สุวิทย์ ทองสุภา รอง... https://www. tnews.co.th/contents/o1/49 4785?fbclid=IwAR2Nh7WbM89mjjdM1sWf62SbKe8m3uVHdlc3y6rkWikg2MzUlg494GFI_cE …", "date": "22-02-2019 16:42", "retweet": 0, "like": 0}, {"id": "1098880271187726336", "url": "https://twitter.com/ligor999/status/1098880271187726336", "username": "", "text": "#เมืองคอน พ่อเฒ่าวัย 68 งง ไม่เคยมีเรื่องขัดแย้งกับข้าราชการ ฝ่ายปกครองประจำอำเภอมาก่อน แต่กลับมาก่อเหตุยิงถล่มบ้าน เมื่อตอนใกล้รุ่ง เผยพฤติกรรมเป็นที่เอือมระอาของชาวบ้าน .... เมื่อวันที่ 22 ก.พ.62 ที่บ้านของนายสุรินทร์ ศิลารัตน์... https://www. posttoday.com/social/local/5 81169 …", "date": "22-02-2019 16:40", "retweet": 0, "like": 0}, {"id": "1098870626620649472", "url": "https://twitter.com/ligor999/status/1098870626620649472", "username": "", "text": ".......... พรือ นุ https://www. facebook.com/NakhonSiThaila nd/posts/2786827834668244 …", "date": "22-02-2019 16:02", "retweet": 0, "like": 0}, {"id": "1098855698538979328", "url": "https://twitter.com/ligor999/status/1098855698538979328", "username": "", "text": "ตลาดท้าวโคตร เมืองนคร https://www. facebook.com/NakhonSiThaila nd/posts/2786825574668470 …", "date": "22-02-2019 15:03", "retweet": 0, "like": 0}, {"id": "1098843891258683392", "url": "https://twitter.com/ligor999/status/1098843891258683392", "username": "", "text": "วันนี้ #เทศบาลนครนครศรีธรรมราช ขอเชิญร่วมกิจกรรมตลาดริมน้ำเมืองลิกอร์ ในวันศุกร์ที่ 22 กุมภาพันธ์ 2562 เวลา 16.00 น.เป็นต้นไป ขอเชิญร่วมแต่งกายสไตล์คาวบอย ช็อป ชมตลาดริมน้ำ สนุกกับกิจกรรมต่าง ๆ มากมาย... https://www. facebook.com/NakhonSiThaila nd/posts/2786804758003885 …", "date": "22-02-2019 14:16", "retweet": 0, "like": 0}, {"id": "1098828787716747264", "url": "https://twitter.com/ligor999/status/1098828787716747264", "username": "", "text": "#พักสายตา น้ำตกเหนือฟ้า อำเภอพิปูน จังหวัดนครศรีธรรมราช แผนที่ https:// goo.gl/h7Cppd เครดิตภาพ http:// facebook.com — in จังหวัดนครศรีธรรมราช https://www. facebook.com/NakhonSiThaila nd/posts/2786750148009346 …", "date": "22-02-2019 13:16", "retweet": 0, "like": 0}, {"id": "1098824432112422912", "url": "https://twitter.com/ligor999/status/1098824432112422912", "username": "", "text": "#สลด พ่อให้ลูกออกโรงเรียน มาขายยาบ้า ตร.เมืองคอน จับพ่อลูกค้ายา สุดสลดพ่อให้ลูกชายออกจากโรงเรียน มาขายยานรก บอกเรียนไปก็ไม่ทำให้ชีวิตดีขึ้น แถมรายได้ดี ไม่เหนืื่อย เมื่อวันที่ 22 ก.พ. ผู้สื่อข่าวรายงานว่า พ.ต.อ.ปรีชา ปัญญาเลิศ... https://www. newtv.co.th/news/30123", "date": "22-02-2019 12:58", "retweet": 0, "like": 0}, {"id": "1098808266157477888", "url": "https://twitter.com/ligor999/status/1098808266157477888", "username": "", "text": "ศูนย์ข่าวภาคใต้ - ผู้ประสานงานเครือข่ายปกป้อง ดิน น้ำ ป่า ภาคใต้ ประกาศดีเดย์ 23 ก.พ. เริ่มปฏิบัติการออกแบบบ้าน ออกแบบเมือง “เรื่องการจัดการน้ำโดยชุมชน” ชี้ที่ผ่านมาเกิดความแตกแยกจากโครงการของรัฐ หวังรัฐบาลเคารพการตัดสินใจของคนใต้ https:// mgronline.com/south/detail/9 620000018539 …", "date": "22-02-2019 11:54", "retweet": 0, "like": 0}, {"id": "1098793277506154496", "url": "https://twitter.com/ligor999/status/1098793277506154496", "username": "", "text": "เทียบฟอร์ม ว่าที่ ส.ส. จังหวัดนครศรีธรรมราช เขต 1 เครดิต Nakhon News Channel TV https:// goo.gl/XJx3DN #การเมือง #เมืองคอน https://www. facebook.com/NakhonSiThaila nd/videos/837664799915454/ …", "date": "22-02-2019 10:55", "retweet": 0, "like": 0}, {"id": "1098788759204618241", "url": "https://twitter.com/ligor999/status/1098788759204618241", "username": "", "text": "@@วัดนางพระยา เมืองนคร @@https://www. facebook.com/NakhonSiThaila nd/posts/2786495051368189 …", "date": "22-02-2019 10:37", "retweet": 0, "like": 0}, {"id": "1098782219835891712", "url": "https://twitter.com/ligor999/status/1098782219835891712", "username": "", "text": "ทหาร ทภ.4 ปรับภูมิทัศน์ 6แหล่งน้ำศักดิ์สิทธิ์ เมืองนคร เพื่อร่วมพิธีัโบราณ บรมราชาภิเษกในหลวง ผู้สื่อข่าวรายงานว่า การเตรียมความพร้อมแหล่งน้ำศักดิ์สิทธิ์ของ จ.นครศรีธรรมราช ซึ่งมีอยู่ด้วยกันถึง 6แหล่ง... https://www. facebook.com/NakhonSiThaila nd/posts/2786427581374936 …", "date": "22-02-2019 10:11", "retweet": 0, "like": 1}, {"id": "1098770601441804288", "url": "https://twitter.com/ligor999/status/1098770601441804288", "username": "", "text": "#อุบัติเหตุเสียชีวิต เมืองนคร .... เมื่อ 22 กุมภาพันธ์ 2562 เวลาประมาณ 04:45 น. สภ.เมือง นศ.รับแจ้งอุบัติเหตุ รถจยย.พ่วงข้างพลิกคว่ำ ก่อนถึงโค้งท่าแพ เสียชีวิตที่เกิดเหตุ 1 ราย ทราบชื่อ น.ส.ลัดดา จันทร์วิมล... https://www. facebook.com/49843344017437 3/posts/2786354044715623/ …", "date": "22-02-2019 09:25", "retweet": 0, "like": 0}, {"id": "1098758992292016128", "url": "https://twitter.com/ligor999/status/1098758992292016128", "username": "", "text": "หลายพรรคการเมือง ชูนโยบายสวัสดิการเงินอุดหนุนเด็กเล็ก คลิป : http://www. facebook.com/ThaiPBSFan/vid eos/290323301642436 … #ThaiPBS #เลือกตั้ง62 — in จังหวัดนครศรีธรรมราช https://www. facebook.com/49843344017437 3/posts/2786279278056433/ …", "date": "22-02-2019 08:38", "retweet": 0, "like": 0}, {"id": "1098745475425955840", "url": "https://twitter.com/ligor999/status/1098745475425955840", "username": "", "text": "ชาวนคร https://www. facebook.com/49843344017437 3/posts/2786183288066032/ …", "date": "22-02-2019 07:45", "retweet": 0, "like": 0}, {"id": "1098734069083299840", "url": "https://twitter.com/ligor999/status/1098734069083299840", "username": "", "text": "............ เมื่อถามว่า ตั้งใจจะออกไปใช้สิทธิ์เลือกตั้งหรือไม่ พบว่า ร้อยละ 96 ระบุว่า จะไปเลือกตั้ง ร้อยละ 31 ไม่ไปเลือกตั้ง และอีกร้อยละ 2.54 ยังไม่แน่ใจ ทั้งนี้ในจำนวนผู้ที่ระบุว่าจะไม่ไปเลือกตั้ง มีหลายเหตุผล โดย ร้อยละ 18.82... https://www. thairath.co.th/content/1501616", "date": "22-02-2019 06:59", "retweet": 0, "like": 1}, {"id": "1098609393225019393", "url": "https://twitter.com/ligor999/status/1098609393225019393", "username": "", "text": "..... #กรุงชิง บ้านเรา #นครศรีดี๊ดี .... https://www. facebook.com/49843344017437 3/posts/2785240418160319/ …", "date": "21-02-2019 22:44", "retweet": 0, "like": 0}, {"id": "1098600439162064899", "url": "https://twitter.com/ligor999/status/1098600439162064899", "username": "", "text": "#การเมือง ยามดึก .... \"พรรคไทยรักษาชาติ\" ชี้ กระแสที่ภาคใต้ ดีต่อเนื่อง ยันเดินหน้าลงพื้นที่อย่างหนัก ................. วันที่ 21 ก.พ. 62 - นายก่อแก้ว พิกุลทอง ผู้สมัครส.ส.บัญชีรายชื่อ... http://www. komchadluek.net/news/breaking- news/363346?qx= …", "date": "21-02-2019 22:08", "retweet": 0, "like": 0}, {"id": "1098590855634464770", "url": "https://twitter.com/ligor999/status/1098590855634464770", "username": "", "text": ".. สาธุ! บารมีพ่อท่านคล้าย เมืองนคร https://www. facebook.com/49843344017437 3/posts/2785102264840801/ …", "date": "21-02-2019 21:30", "retweet": 0, "like": 0}, {"id": "1098571966577930241", "url": "https://twitter.com/ligor999/status/1098571966577930241", "username": "", "text": "ขอแสดงความยินดี ด้วยครับ https://www. facebook.com/49843344017437 3/posts/2784959068188454/ …", "date": "21-02-2019 20:15", "retweet": 0, "like": 0}, {"id": "1098533118376439809", "url": "https://twitter.com/ligor999/status/1098533118376439809", "username": "", "text": "......... ที่นี่ #วัดนางพระยา เมืองนคร https://www. facebook.com/49843344017437 3/posts/2784685858215775/ …", "date": "21-02-2019 17:41", "retweet": 0, "like": 0}, {"id": "1098523346252120069", "url": "https://twitter.com/ligor999/status/1098523346252120069", "username": "", "text": "ภัยสังคม พึงระวัง https://www. facebook.com/NakhonSiThaila nd/posts/2784448044906223 …", "date": "21-02-2019 17:02", "retweet": 0, "like": 0}, {"id": "1098508356111593473", "url": "https://twitter.com/ligor999/status/1098508356111593473", "username": "", "text": "สุดยอด https://www. facebook.com/NakhonSiThaila nd/posts/2784439928240368 …", "date": "21-02-2019 16:02", "retweet": 0, "like": 0}, {"id": "1098504840861249536", "url": "https://twitter.com/ligor999/status/1098504840861249536", "username": "", "text": "..... รอวันเสร็จสมบูรณ์ ..... https://www. facebook.com/49843344017437 3/posts/2784512818233079/ …", "date": "21-02-2019 15:48", "retweet": 0, "like": 0}, {"id": "1098502534459604992", "url": "https://twitter.com/ligor999/status/1098502534459604992", "username": "", "text": "..... เรี่ยมๆ เมืองนคร https://www. facebook.com/49843344017437 3/posts/2784498744901153/ …", "date": "21-02-2019 15:39", "retweet": 0, "like": 0}, {"id": "1098495227654856706", "url": "https://twitter.com/ligor999/status/1098495227654856706", "username": "", "text": "........ ผู้บริหารเทศบาลนครนครศรีธรรมราช แจงเหตุย้ายผอ.โรงเรียนนานาชาติ เมืองคอน นครศรีธรรมราช-ผู้บริหารเทศบาลนครนครศรีฯ รับย้าย ผอ.รร.นานาชาติเอง ไม่มีใครสั่ง แจงเหตุขาดวิสัยทัศน์ ไม่ผ่าน14ตัวชี้วัด... https://www. posttoday.com/social/local/5 81021 …", "date": "21-02-2019 15:10", "retweet": 1, "like": 0}, {"id": "1098486569021857792", "url": "https://twitter.com/ligor999/status/1098486569021857792", "username": "", "text": ".................. นายกฤษฏา บุญราช รัฐมนตรีว่าการกระทรวงเกษตรและสหกรณ์ สั่ง อธิบดีกรมชลประทาน ตั้งสอบข้อเท็จจริง คนในกระทรวงเกษตรฯ ไปกว้านซื้อที่ ไว้รอเวรคืน โครงการชลประทาน ใน จ.นครศรีธรรมราช นายกฤษฎา... https://www. facebook.com/49843344017437 3/posts/2784408151576879/ …", "date": "21-02-2019 14:36", "retweet": 0, "like": 1}, {"id": "1098472765038817280", "url": "https://twitter.com/ligor999/status/1098472765038817280", "username": "", "text": "#วันนี้ จิตอาสาทำความดีด้วยหัวใจ รวมพลังร่วมทำความสะอาดวัดพระมหาธาตุ วรมหาวิหาร จังหวัดนครศรีธรรมราช ...........วันนี้( 21 กุมภาพันธ์ 2562) ที่บริเวณวัดพระธาตุวรมหาวิหาร จังหวัดนครศรีธรรมราช... https://www. facebook.com/NakhonSiThaila nd/posts/2784308428253518 …", "date": "21-02-2019 13:41", "retweet": 0, "like": 0}, {"id": "1098460253782343680", "url": "https://twitter.com/ligor999/status/1098460253782343680", "username": "", "text": "ตั้งแต่ทหารเรือ ได้มาตั้งหน่วยพิทักษ์ทะเล ที่ #เกาะกระ อ.ปากพนัง เมืองคอน เรือปั่นไฟ/อวนลาก/พวกลักลอบระเบิดปลา หายไป สิ่งที่เกิดขึ้นทันตาเห็นใน2-3ปี มานี้ ก็ดังภาพที่เห็น ปลาหลากหลายชนิด/ขนาดใหญ่ๆก็มีมากขึ้น... https://www. facebook.com/49843344017437 3/posts/2784257104925317/ …", "date": "21-02-2019 12:51", "retweet": 17, "like": 10}, {"id": "1098449311795273730", "url": "https://twitter.com/ligor999/status/1098449311795273730", "username": "", "text": "เสร็จแล้ว ..... https://www. facebook.com/49843344017437 3/posts/2784196098264751/ …", "date": "21-02-2019 12:08", "retweet": 0, "like": 0}, {"id": "1098444216315736066", "url": "https://twitter.com/ligor999/status/1098444216315736066", "username": "", "text": "..... ข่าวคดีดัง มาตอนนี้ติดๆ ...... https://www. facebook.com/49843344017437 3/posts/2784168264934201/ …", "date": "21-02-2019 11:48", "retweet": 0, "like": 0}, {"id": "1098435887430393857", "url": "https://twitter.com/ligor999/status/1098435887430393857", "username": "", "text": "#เมืองคอน พบก้อนน้ำมันลึกลับ ถูกคลื่นซัดติดชายหาดหัวไทร ชาวบ้านร้องขอ เจ้าหน้าที่ตรวจสอบ ชาวประมงพื้นบ้านในท้องที่หมู่ที่ 9 ต.หน้าสตน อ.หัวไทร จ.นครศรีธรรมราช แจ้งว่าช่วงเย็นที่ผ่านมาจนถึงช่วงเช้าของวันนี้(21 ก.พ.)... https://www. innnews.co.th/regional-news/ news_326691/ …", "date": "21-02-2019 11:14", "retweet": 0, "like": 0}, {"id": "1098428997539524609", "url": "https://twitter.com/ligor999/status/1098428997539524609", "username": "", "text": "#การเมือง \"เสรีพิศุทธ์\" ชู 6 นโยบาย ขอเสียง ลั่น หากได้เข้าบริหารประเทศ ขอจองกฐิน ยุบหน่วยทหาร บก.ทหารสูงสุด กองทัพน้อย ศาลทหาร พร้อมอัดฉีดเรียน-รักษาฟรี เสริมท่องเที่ยว... https://www. thairath.co.th/content/1500875", "date": "21-02-2019 10:47", "retweet": 1, "like": 0}, {"id": "1098418469366681600", "url": "https://twitter.com/ligor999/status/1098418469366681600", "username": "", "text": "...... ที่นี่เชียรใหญ่ #นครศรีดี๊ดี https://www. facebook.com/NakhonSiThaila nd/posts/2783902291627465 …", "date": "21-02-2019 10:05", "retweet": 0, "like": 0}, {"id": "1098404214668111872", "url": "https://twitter.com/ligor999/status/1098404214668111872", "username": "", "text": "......... #สาระ เมืองนคร https://www. facebook.com/NakhonSiThaila nd/posts/2783738811643813 …", "date": "21-02-2019 09:09", "retweet": 0, "like": 0}, {"id": "1098390639593443329", "url": "https://twitter.com/ligor999/status/1098390639593443329", "username": "", "text": "....... จันดีบ้านเรา #นครศรีดี๊ดี https://www. facebook.com/NakhonSiThaila nd/posts/2783715471646147 …", "date": "21-02-2019 08:15", "retweet": 0, "like": 0}, {"id": "1098359183282323456", "url": "https://twitter.com/ligor999/status/1098359183282323456", "username": "", "text": "...... ที่นี่เชียรใหญ่ เมืองนคร https://www. facebook.com/49843344017437 3/posts/2783624858321875/ …", "date": "21-02-2019 06:10", "retweet": 0, "like": 0}, {"id": "1098254777333440512", "url": "https://twitter.com/ligor999/status/1098254777333440512", "username": "", "text": "..... #ราตรีสวัสดิ์ @#เมืองนคร ...... https://www. facebook.com/NakhonSiThaila nd/posts/2782793618404999 …", "date": "20-02-2019 23:15", "retweet": 0, "like": 0}, {"id": "1098235783754829826", "url": "https://twitter.com/ligor999/status/1098235783754829826", "username": "", "text": "...... ว่ากันไป #การเมือง ยามดึกๆ https://www. facebook.com/49843344017437 3/posts/2782766948407666/ …", "date": "20-02-2019 21:59", "retweet": 0, "like": 0}, {"id": "1098224995421974528", "url": "https://twitter.com/ligor999/status/1098224995421974528", "username": "", "text": "สยอง ...... https://www. facebook.com/49843344017437 3/posts/2782695195081508/ …", "date": "20-02-2019 21:16", "retweet": 0, "like": 0}, {"id": "1098213416500510720", "url": "https://twitter.com/ligor999/status/1098213416500510720", "username": "", "text": "#ไม่ประมาท ..... https://www. facebook.com/NakhonSiThaila nd/posts/2782501541767540 …", "date": "20-02-2019 20:30", "retweet": 0, "like": 0}, {"id": "1098206893380493312", "url": "https://twitter.com/ligor999/status/1098206893380493312", "username": "", "text": "นครสองธรรม นครศรีดี๊ดี https://www. facebook.com/NakhonSiThaila nd/posts/2782049491812745 …", "date": "20-02-2019 20:05", "retweet": 0, "like": 0}, {"id": "1098198387344769024", "url": "https://twitter.com/ligor999/status/1098198387344769024", "username": "", "text": ".... ว่ากันไป..... https://www. facebook.com/49843344017437 3/posts/2782498648434496/ …", "date": "20-02-2019 19:31", "retweet": 0, "like": 0}, {"id": "1098168506183442433", "url": "https://twitter.com/ligor999/status/1098168506183442433", "username": "", "text": "............... #วันนี้ จังหวัดนครศรีธรรมราช จัดประชุมกรมการจังหวัดประจำเดือนกุมภาพันธ์ 2562 ..//พร้อมมอบเครื่องหมาย “รักษาดินแดนยิ่งชีพ” เกียรติบัตร โล่ประกาศเกียรติคุณ... https://www. facebook.com/NakhonSiThaila nd/posts/2782286325122395 …", "date": "20-02-2019 17:32", "retweet": 0, "like": 0}, {"id": "1098149074010660865", "url": "https://twitter.com/ligor999/status/1098149074010660865", "username": "", "text": "..... ย้อนชมความงดงาม กันอีกที https://www. facebook.com/49843344017437 3/posts/2782208618463499/ …", "date": "20-02-2019 16:15", "retweet": 0, "like": 0}, {"id": "1098131063346327552", "url": "https://twitter.com/ligor999/status/1098131063346327552", "username": "", "text": ".... สุดยอด https://www. facebook.com/NakhonSiThaila nd/posts/2781974275153600 …", "date": "20-02-2019 15:03", "retweet": 0, "like": 0}, {"id": "1098123919733620736", "url": "https://twitter.com/ligor999/status/1098123919733620736", "username": "", "text": ".... เตือนสติ เตือนใจ https://www. facebook.com/NakhonSiThaila nd/posts/2781999508484410 …", "date": "20-02-2019 14:35", "retweet": 0, "like": 0}, {"id": "1098116334657785856", "url": "https://twitter.com/ligor999/status/1098116334657785856", "username": "", "text": "ฮาาาาาาาาาาาาาาาาาา https://www. facebook.com/NakhonSiThaila nd/posts/2781695401848154 …", "date": "20-02-2019 14:05", "retweet": 0, "like": 0}, {"id": "1098109446385852424", "url": "https://twitter.com/ligor999/status/1098109446385852424", "username": "", "text": "#วันนี้ คุมผู้ต้องหามือชิงทอง ร้านดังกลางเมืองคอน ทำแผนรับสารภาพ เร่งล่าคู่หูหลบหนีอีกราย https:// mgronline.com/south/detail/9 620000017765 …", "date": "20-02-2019 13:37", "retweet": 0, "like": 1}, {"id": "1098095836410478592", "url": "https://twitter.com/ligor999/status/1098095836410478592", "username": "", "text": "............... ชื่มชม!! #โรงพยาบาลมหาราชนครศรีธรรมราช แห่ผ้าพระบฎให้ผู้ป่วย-ญาติร่วมสักการะ วันที่ 20 กุมภาพันธ์ 2562 ผู้สื่อข่าวรายงานว่า... https://www. matichon.co.th/news-monitor/n ews_1371351 …", "date": "20-02-2019 12:43", "retweet": 0, "like": 1}, {"id": "1098091963188801537", "url": "https://twitter.com/ligor999/status/1098091963188801537", "username": "", "text": "#การเมือง “ตู่ จตุพร” ท้า ถ้าพรรคพลังประชารัฐ ได้ไม่ถึง 126 ที่นั่ง “ประยุทธ์” ต้องหยุดคิดจะเป็นนายกฯ https://www. matichon.co.th/politics/news_ 1371471 …", "date": "20-02-2019 12:28", "retweet": 0, "like": 1}, {"id": "1098088285258211328", "url": "https://twitter.com/ligor999/status/1098088285258211328", "username": "", "text": "... #การเมือง และ #การทหาร https://www. facebook.com/49843344017437 3/posts/2781874458496915/ …", "date": "20-02-2019 12:13", "retweet": 0, "like": 0}, {"id": "1098081888999157760", "url": "https://twitter.com/ligor999/status/1098081888999157760", "username": "", "text": "............. รายชื่อผู้สมัครสมาชิกสภาผู้แทนราษฎรแบบแบ่งเขตเลือกตั้ง จังหวัดนครศรีธรรมราช เขต 2 เท่าที่ค้นหาภาพการหาเสียง ใน facebook แบบไม่เรียงเบอร์ หากว่าตกหล่นท่านใดไป ต้องขออภัย สามารถนำมาบอกกล่าวเพิ่มเติม ที่ใต้กระทู้ ได้ครับ .... — in... https://www. facebook.com/NakhonSiThaila nd/posts/2781839701833724 …", "date": "20-02-2019 11:48", "retweet": 0, "like": 0}, {"id": "1098073428110671879", "url": "https://twitter.com/ligor999/status/1098073428110671879", "username": "", "text": "............. รายชื่อผู้สมัครสมาชิกสภาผู้แทนราษฎรแบบแบ่งเขตเลือกตั้ง จังหวัดนครศรีธรรมราช เขต 1 เท่าที่ค้นหาภาพการหาเสียง ใน facebook แบบไม่เรียงเบอร์ หากตกหล่นท่านใดไป ต้องขออภัย สามารถนำมาบอกกล่าวเพิ่มเติม ใต้กระทู้ได้ครับ .... — in... https://www. facebook.com/NakhonSiThaila nd/posts/2781780388506322 …", "date": "20-02-2019 11:14", "retweet": 0, "like": 0}, {"id": "1098052463733596161", "url": "https://twitter.com/ligor999/status/1098052463733596161", "username": "", "text": "ขนส่ง #เมืองคอน ปรับ 2พัน โชเฟอร์สองแถว ปล่อย นร.หญิง เต้นหวาดเสียวท้ายรถ 20 ก.พ. 2562 นายฉัตรชัย อนันตกูล ขนส่งจังหวัดนครศรีธรรมราช เปิดเผยว่า จากกรณี ได้มีการเผยแพร่คลิป กลุ่มนักเรียนหญิงในชุดเนตรนารีของโรงเรียนแห่งหนึ่ง... https://www. thairath.co.th/content/1500381", "date": "20-02-2019 09:51", "retweet": 0, "like": 0}, {"id": "1098040228646776832", "url": "https://twitter.com/ligor999/status/1098040228646776832", "username": "", "text": "ทุ่งสงบ้านเรา เมืองนคร https://www. facebook.com/NakhonSiThaila nd/posts/2780095285341499 …", "date": "20-02-2019 09:02", "retweet": 0, "like": 0}, {"id": "1098033473556598784", "url": "https://twitter.com/ligor999/status/1098033473556598784", "username": "", "text": "#ค่าครองชีพ ธ.ก.ส.เผยจ่ายเงินช่วยเหลือชาวสวนยางพารา 1,600 ล้าน ไม่ถึง 10% ของยอดทั้งหมด นายอภิรมย์ สุขประเสริฐ ผู้จัดการธนาคารเพื่อการเกษตรและสหกรณ์การเกษตร (ธ.ก.ส.) เปิดเผยว่า การจ่ายเงินช่วยเหลือเกษตรกรชาวสวนยางพาราปี 2561-2562... https://www. posttoday.com/finance/news/5 80867 …", "date": "20-02-2019 08:35", "retweet": 1, "like": 1}, {"id": "1098021190348619776", "url": "https://twitter.com/ligor999/status/1098021190348619776", "username": "", "text": "#ทรงพระเจริญ สมเด็จพระเจ้าอยู่หัว เสด็จฯพร้อมด้วยพระเจ้าหลานเธอ ทั้งสองพระองค์ ไปในการพระราชพิธีทรงบำเพ็ญพระราชกุศล “มาฆบูชา” ณ พระอุโบสถวัดพระศรีรัตนศาสดาราม ในพระบรมมหาราชวัง สมเด็จพระสังฆราช ประทานพระคติธรรม เนื่องในวันมาฆบูชา... https://www. thairath.co.th/content/1500271", "date": "20-02-2019 07:47", "retweet": 6, "like": 7}, {"id": "1097889558073495553", "url": "https://twitter.com/ligor999/status/1097889558073495553", "username": "", "text": "ราตรีสวัสดิ์ เมืองนคร https://www. facebook.com/NakhonSiThaila nd/posts/2780334988650862 …", "date": "19-02-2019 23:04", "retweet": 0, "like": 0}, {"id": "1097857129837355010", "url": "https://twitter.com/ligor999/status/1097857129837355010", "username": "", "text": "#วันนี้ พุทธศาสนิกชนจำนวนมากรอชมและเข้าร่วมในริ้วขบวนอัญเชิญผ้าพระบฏพระราชทาน จำนวน 5 ผืน และขบวนผ้าพระบฏของหน่วยงานภาครัฐ ภาคเอกชน และสถาบันต่างๆ ในงานประเพณี #มาฆบูชาแห่ผ้าขึ้นธาตุ ประจำปี 2562... https://www. facebook.com/NakhonSiThaila nd/posts/2780237648660596 …", "date": "19-02-2019 20:55", "retweet": 0, "like": 0}, {"id": "1097843737479139328", "url": "https://twitter.com/ligor999/status/1097843737479139328", "username": "", "text": "#Nakhonsithammarat #Nakhonsithailand https://www. facebook.com/NakhonSiThaila nd/posts/2780076758676685 …", "date": "19-02-2019 20:01", "retweet": 0, "like": 0}, {"id": "1097831754633596929", "url": "https://twitter.com/ligor999/status/1097831754633596929", "username": "", "text": "งานบุญยิ่งใหญ่ แห่งเมืองนคร https://www. facebook.com/49843344017437 3/posts/2780067148677646/ …", "date": "19-02-2019 19:14", "retweet": 0, "like": 0}, {"id": "1097822612791615489", "url": "https://twitter.com/ligor999/status/1097822612791615489", "username": "", "text": "ฮาาาาาา https://www. facebook.com/NakhonSiThaila nd/posts/2779985018685859 …", "date": "19-02-2019 18:38", "retweet": 0, "like": 0}, {"id": "1097817117280227328", "url": "https://twitter.com/ligor999/status/1097817117280227328", "username": "", "text": "#การเมือง ....เข้มข้น https://www. facebook.com/49843344017437 3/posts/2779975648686796/ …", "date": "19-02-2019 18:16", "retweet": 0, "like": 1}, {"id": "1097813851049943040", "url": "https://twitter.com/ligor999/status/1097813851049943040", "username": "", "text": "#การเมือง คุณหญิงสุดารัตน์ ยืนยันปรับลดงบกองทัพ ไม่กระทบชีวิต- สวัสดิการทหารผู้น้อย https://www. matichon.co.th/politics/news_ 1369790 …", "date": "19-02-2019 18:03", "retweet": 0, "like": 0}, {"id": "1097807331599908865", "url": "https://twitter.com/ligor999/status/1097807331599908865", "username": "", "text": "#การเมือง \"อภิสิทธิ์\" ขอ ผบ.ทบ. วางตัวเป็นกลางทางการเมือง ชี้พรรคการเมืองมีสิทธิเสนอนโยบาย พร้อมย้ำงบประมาณของกองทัพสามารถลดได้ #ThaiPBSnews #เลือกตั้ง62 http:// news.thaipbs.or.th/content/277839", "date": "19-02-2019 17:37", "retweet": 0, "like": 0}, {"id": "1097802431512133632", "url": "https://twitter.com/ligor999/status/1097802431512133632", "username": "", "text": "..... #ไม่ประมาท https://www. facebook.com/49843344017437 3/posts/2779891722028522/ …", "date": "19-02-2019 17:17", "retweet": 0, "like": 0}, {"id": "1097784745071587329", "url": "https://twitter.com/ligor999/status/1097784745071587329", "username": "", "text": "#วันมาฆบูชา @จังหวัดนครศรีธรรมราช ประชาชนร่วมแห่ผ้าขึ้นธาตุมากมาย คับคั่ง https://www. innnews.co.th/regional-news/ news_324941/ … ภาพถ่ายมุมสูงเหนือวัดพระมหาธาตุวรมหาวิหาร อำเภอเมือง จังหวัดนครศรีธรรมราช... https://www. facebook.com/NakhonSiThaila nd/posts/2779766812041013 …", "date": "19-02-2019 16:07", "retweet": 3, "like": 3}, {"id": "1097771930357182464", "url": "https://twitter.com/ligor999/status/1097771930357182464", "username": "", "text": "ผู้ต้องหาชื่อนายปรีชา คชศิลา อายุ 43ปี ชาว อ.ทุ่งสง จ.นครศรีธรรมราช ให้การรับสารภาพว่า เคยติดคุกคดีลักทรัพย์ในพื้นที่ อ.ทุ่งสง เป็นเวลานาน 1 ปี 6 เดือน หลังพ้นโทษออกมาก็มาทำงานรับจ้างก่อสร้างในพื้นที่ ต.ที่วัง อ.ทุ่งสง จ.นครศรีธรรมราช... https:// m.tnews.co.th/contents/494257", "date": "19-02-2019 15:16", "retweet": 0, "like": 1}, {"id": "1097770890333319168", "url": "https://twitter.com/ligor999/status/1097770890333319168", "username": "", "text": "#นครศรีดี๊ดี .... https://www. facebook.com/49843344017437 3/posts/2779714252046269/ …", "date": "19-02-2019 15:12", "retweet": 0, "like": 0}, {"id": "1097767626003013632", "url": "https://twitter.com/ligor999/status/1097767626003013632", "username": "", "text": "...... วันมาฆบูชา @#นครศรีดี๊ดี https://www. facebook.com/NakhonSiThaila nd/posts/2779668622050832 …", "date": "19-02-2019 14:59", "retweet": 0, "like": 0}, {"id": "1097753958234259456", "url": "https://twitter.com/ligor999/status/1097753958234259456", "username": "", "text": "... การเมือง คือเรื่องของทุกคน https://www. facebook.com/NakhonSiThaila nd/posts/2779554798728881 …", "date": "19-02-2019 14:05", "retweet": 0, "like": 0}, {"id": "1097740066946863106", "url": "https://twitter.com/ligor999/status/1097740066946863106", "username": "", "text": "สุดยอดศรัทธา แห่งเมืองนคร https://www. facebook.com/NakhonSiThaila nd/posts/2779319862085708 …", "date": "19-02-2019 13:10", "retweet": 0, "like": 1}, {"id": "1097717495501283329", "url": "https://twitter.com/ligor999/status/1097717495501283329", "username": "", "text": "......... นักเรียน เมืองนครศรีธรรมราช เกือบ1หมื่นคน ร่วมพิธีแห่ผ้าขึ้นธาตุ ยิ่งใหญ่สวยงาม\" เมื่อเวลา 08.30 น.วันที่ 18 กพ.2562 บริเวณถนนราชดำเนิน สนามหน้าเมือง อ.เมือง จ.นครศรีธรรมราช ผศ.เชาวน์วัศ เสนพงศ์... https://www. facebook.com/NakhonSiThaila nd/posts/2779282542089440 …", "date": "19-02-2019 11:40", "retweet": 0, "like": 0}, {"id": "1097711373113425920", "url": "https://twitter.com/ligor999/status/1097711373113425920", "username": "", "text": "... ชื่นฉ่ำธรรมชาติ #นครศรีดี๊ดี https://www. facebook.com/NakhonSiThaila nd/posts/2779240238760337 …", "date": "19-02-2019 11:16", "retweet": 0, "like": 0}, {"id": "1097698739572027392", "url": "https://twitter.com/ligor999/status/1097698739572027392", "username": "", "text": ".... #นครศรีดี๊ดี บ้านเรา https://www. facebook.com/NakhonSiThaila nd/posts/2779181102099584 …", "date": "19-02-2019 10:25", "retweet": 0, "like": 0}, {"id": "1097688504677482496", "url": "https://twitter.com/ligor999/status/1097688504677482496", "username": "", "text": ".... #นครศรีดี๊ดี ....... https://www. facebook.com/NakhonSiThaila nd/posts/2779171892100505 …", "date": "19-02-2019 09:45", "retweet": 0, "like": 0}, {"id": "1097661687467978752", "url": "https://twitter.com/ligor999/status/1097661687467978752", "username": "", "text": "นครศรีธรรมราช https://www. facebook.com/NakhonSiThaila nd/posts/2778994382118256 …", "date": "19-02-2019 07:58", "retweet": 0, "like": 0}, {"id": "1097651427428552705", "url": "https://twitter.com/ligor999/status/1097651427428552705", "username": "", "text": "เรี่ยม ๆ https://www. facebook.com/49843344017437 3/posts/2778972902120404/ …", "date": "19-02-2019 07:17", "retweet": 0, "like": 0}, {"id": "1097514946248663041", "url": "https://twitter.com/ligor999/status/1097514946248663041", "username": "", "text": "..... งดงาม เมืองนคร ..... https://www. facebook.com/NakhonSiThaila nd/posts/2777996042218090 …", "date": "18-02-2019 22:15", "retweet": 0, "like": 0}, {"id": "1097507379120242688", "url": "https://twitter.com/ligor999/status/1097507379120242688", "username": "", "text": "............ ชมรมรักบ้านเกิด ร่วมกับหน่วยงานภาครัฐ ภาคเอกชน ประกอบพิธีกวนข้าวมธุปายาส 12 ปีนักษัตร 12 กระทะ เนื่องในงานประเพณีมาฆบูชา แห่ผ้าขึ้นธาตุ ประจำปี 2562 และสมโภชพระบรมธาตุนครศรีธรรมราช วันนี้(18... https://www. facebook.com/NakhonSiThaila nd/posts/2777951045555923 …", "date": "18-02-2019 21:45", "retweet": 1, "like": 1}, {"id": "1097498995839004678", "url": "https://twitter.com/ligor999/status/1097498995839004678", "username": "", "text": "................. #จังหวัดนครศรีธรรมราช จัดพิธีสมโภชผ้าพระบฏพระราชทาน เนื่องในงาน “มาฆบูชา แห่ผ้าขึ้นธาตุ ประจำปี 2562 และสมโภชพระบรมธาตุนครศรีธรรมราช วันนี้(18 ก.พ.62) เวลา 16.30 น. อำเภอปากพนัง... https://www. facebook.com/49843344017437 3/posts/2777944932223201/ …", "date": "18-02-2019 21:12", "retweet": 0, "like": 1}, {"id": "1097454466767278080", "url": "https://twitter.com/ligor999/status/1097454466767278080", "username": "", "text": "............. พุทธศาสนิกชน นับพันร่วมแรงร่วมใจสืบสานประเพณีมาฆบูชา แห่ผ้าห่มเจดีย์ #วัดควนชะลิก จ.นครศรีธรรมราช ขึ้นลงเขาสูงชันประมาณหนึ่งกิโลเมตร วันขึ้น 14 ค่ำเดือน 3 ของทุกปี ซึ่งปีนี้ตรงกบวันที่ 18... https://www. facebook.com/49843344017437 3/posts/2777651108919250/ …", "date": "18-02-2019 18:15", "retweet": 0, "like": 1}, {"id": "1097384569681063937", "url": "https://twitter.com/ligor999/status/1097384569681063937", "username": "", "text": "เด้ง.... http://www. siamrath.co.th/n/65895", "date": "18-02-2019 13:37", "retweet": 0, "like": 0}, {"id": "1097375658554974209", "url": "https://twitter.com/ligor999/status/1097375658554974209", "username": "", "text": "https://www. facebook.com/49843344017437 3/posts/2777225965628431/ …", "date": "18-02-2019 13:01", "retweet": 0, "like": 0}, {"id": "1097311265741930496", "url": "https://twitter.com/ligor999/status/1097311265741930496", "username": "", "text": "......... \"เครือข่ายลดอุบัติเหตุ\" หนุนกระทรวงสาธารณสุข ห้ามขายเหล้า วันสงกรานต์ 13 เมษายน แต่อีกฝ่ายคัดค้าน ชี้ เป็นการแก้ปัญหาไม่ตรงจุด....... http://www. thaich8.com/news_detail/78 664/%E0%B8%84%E0%B9%89%E0%B8%B2%E0%B8%99%E0%B8%AB%E0%B9%89%E0%B8%B2%E0%B8%A1%E0%B8%82%E0%B8%B2%E0%B8%A2%E0%B9%80%E0%B8%AB%E0%B8%A5%E0%B9%89%E0%B8%B2%E0%B8%A7%E0%B8%B1%E0%B8%99%E0%B8%AA%E0%B8%87%E0%B8%81%E0%B8%A3%E0%B8%B2%E0%B8%99%E0%B8%95%E0%B9%8C-%E0%B8%8A%E0%B8%B5%E0%B9%89-%E0%B9%81%E0%B8%81%E0%B9%89%E0%B8%AD%E0%B8%B8%E0%B8%9A%E0%B8%B1%E0%B8%95%E0%B8%B4%E0%B9%80%E0%B8%AB%E0%B8%95%E0%B8%B8%E0%B9%84%E0%B8%A1%E0%B9%88%E0%B8%95%E0%B8%A3%E0%B8%87%E0%B8%88%E0%B8%B8%E0%B8%94 …", "date": "18-02-2019 08:46", "retweet": 0, "like": 0}, {"id": "1097294045443809280", "url": "https://twitter.com/ligor999/status/1097294045443809280", "username": "", "text": "ยินดีต้อนรับ สู่เมืองนคร https://www. facebook.com/49843344017437 3/posts/2776765475674480/ …", "date": "18-02-2019 07:37", "retweet": 0, "like": 0}, {"id": "1097288692744347648", "url": "https://twitter.com/ligor999/status/1097288692744347648", "username": "", "text": "..... https://www. facebook.com/49843344017437 3/posts/2776733059011055/ …", "date": "18-02-2019 07:16", "retweet": 0, "like": 0}]