[{"id": "1099169234729488385", "url": "https://twitter.com/lilfxckinqueen/status/1099169234729488385", "username": "", "text": "I only eat one meal a day! pic.twitter.com/UKfXmUeiXO", "date": "23-02-2019 11:49", "retweet": 0, "like": 0}, {"id": "1099053532030865411", "url": "https://twitter.com/lilfxckinqueen/status/1099053532030865411", "username": "", "text": "ถ้าพรที่ขอสมหวังจะใช้รูปนี้อีก1ปีค่ะ #NewProfilePic pic.twitter.com/eKRLjmULz8", "date": "23-02-2019 04:09", "retweet": 0, "like": 0}, {"id": "1098773433641517057", "url": "https://twitter.com/lilfxckinqueen/status/1098773433641517057", "username": "", "text": "My Thai friend who lives in Texas is a fucking genius.. just came here but almost finished college I’ve been here longer than her still don’t know where im going lol love this bitch tho", "date": "22-02-2019 09:36", "retweet": 1, "like": 1}, {"id": "1098715829842124800", "url": "https://twitter.com/lilfxckinqueen/status/1098715829842124800", "username": "", "text": "At least, I’m not ugly", "date": "22-02-2019 05:47", "retweet": 1, "like": 1}]