[{"id": "1098965698313838594", "url": "https://twitter.com/listen2yourmind/status/1098965698313838594", "username": "", "text": "ทัศนคติ นะคะ", "date": "22-02-2019 22:20", "retweet": 0, "like": 1}, {"id": "1098516370550022144", "url": "https://twitter.com/listen2yourmind/status/1098516370550022144", "username": "", "text": "ชมพู1", "date": "21-02-2019 16:34", "retweet": 0, "like": 1}, {"id": "1098305027515461632", "url": "https://twitter.com/listen2yourmind/status/1098305027515461632", "username": "", "text": "ต้องเปลี่ยนร่างจอนเที่ยงคืนเท่านั้นป่ะคะ ถ้าไม่ใช่เวลานั้นไม่เปลี่ยน", "date": "21-02-2019 02:34", "retweet": 0, "like": 0}, {"id": "1098257665732431873", "url": "https://twitter.com/listen2yourmind/status/1098257665732431873", "username": "", "text": "รอดูอยู่จริงๆ ว่าจะสุดตรงไหน", "date": "20-02-2019 23:26", "retweet": 0, "like": 0}, {"id": "1098254178810454016", "url": "https://twitter.com/listen2yourmind/status/1098254178810454016", "username": "", "text": "ทหารไม่น่ายึดกันเองนะ แต่ถ้าฝ่ายตรงข้ามขึ้นมา ก็มีสิทธิวนลูปอีกรอบ", "date": "20-02-2019 23:12", "retweet": 0, "like": 0}, {"id": "1098253036755906560", "url": "https://twitter.com/listen2yourmind/status/1098253036755906560", "username": "", "text": "วนเวียนกันไปแบบนี้เรื่อยๆ เหรอคะ", "date": "20-02-2019 23:08", "retweet": 0, "like": 0}, {"id": "1098250969781948417", "url": "https://twitter.com/listen2yourmind/status/1098250969781948417", "username": "", "text": "หลังจากที่ -ออกรธน ตั้งสว. ตั้งกติกาเลือกตั้งเอง -ตั้งชื่อพรรคสอดคล้องกับชื่อโครงการที่ใช้ภาษีเราแจกเงินคนจน -เสนอยุบพรรคที่เป็นตัวเต็ง -ลงแคนดิเดตนายกโดยยังมีอำนาจเต็มบริหารบ้านเมือง -เร่งผ่านโครงการต่างๆ อยากรอดูว่ารัฐบาลนี้จะใช้อำนาจไปจนสุดที่ไหน #Savethanathorn", "date": "20-02-2019 23:00", "retweet": 42, "like": 17}, {"id": "1097867866819317760", "url": "https://twitter.com/listen2yourmind/status/1097867866819317760", "username": "", "text": "ขอบคุณจ้า", "date": "19-02-2019 21:37", "retweet": 0, "like": 0}, {"id": "1097867157126299649", "url": "https://twitter.com/listen2yourmind/status/1097867157126299649", "username": "", "text": "จะเลือกใครดีว้อย ใครที่ไม่ต้องไล่อีกฝ่ายไปพ้นๆ ไม่ต้องสาดโคลนใส่คู่แข่งไหนๆ คนที่จะมาทำงานอย่างตั้งใจ และคนที่ยอมรับฟังความเห็นใดๆ เพื่อพาชาติไทยไปพร้อมๆกัน ยังไม่เจอเลย #ฟ้ารักพ่อ #อนาคตใหม่ #เพื่อไทย #พลังประชารัฐ #เลือกตั้ง2562 #ประชาธิปัตย์ #เสรีรวมไทย", "date": "19-02-2019 21:35", "retweet": 1, "like": 2}, {"id": "1097863731608879104", "url": "https://twitter.com/listen2yourmind/status/1097863731608879104", "username": "", "text": "แล้วถ้าในเขตเราชอบคนอื่นมากกว่าจะทำไงดี", "date": "19-02-2019 21:21", "retweet": 0, "like": 0}, {"id": "1097851329785942017", "url": "https://twitter.com/listen2yourmind/status/1097851329785942017", "username": "", "text": "A/1 E/1 F/1 H/1", "date": "19-02-2019 20:32", "retweet": 0, "like": 0}, {"id": "1097851005725622277", "url": "https://twitter.com/listen2yourmind/status/1097851005725622277", "username": "", "text": "ด/1 ธ/1 จ/1 ฒ/1", "date": "19-02-2019 20:30", "retweet": 0, "like": 1}, {"id": "1097849136739627008", "url": "https://twitter.com/listen2yourmind/status/1097849136739627008", "username": "", "text": "ชอบพรรค แต่ไม่ชอบผู้สมัครเขตตัวเอง เอาไงดี #ฟ้ารักพ่อ #เพื่อไทย #ประชาธิปัตย์ #เลือกตั้ง2562", "date": "19-02-2019 20:23", "retweet": 0, "like": 0}, {"id": "1097818986450845696", "url": "https://twitter.com/listen2yourmind/status/1097818986450845696", "username": "", "text": "1ค่า", "date": "19-02-2019 18:23", "retweet": 0, "like": 1}]