[{"id": "1099255780325257217", "url": "https://twitter.com/lnzkndz/status/1099255780325257217", "username": "", "text": "ประมาณว่าหน้าเอสพลานาดพอดี", "date": "23-02-2019 17:32", "retweet": 0, "like": 0}, {"id": "1099253094825619457", "url": "https://twitter.com/lnzkndz/status/1099253094825619457", "username": "", "text": "ก็คือ ไม่เชื่อม ใช่มะ 555555555+", "date": "23-02-2019 17:22", "retweet": 0, "like": 0}, {"id": "1099251469063053315", "url": "https://twitter.com/lnzkndz/status/1099251469063053315", "username": "", "text": "ยังดูไม่ออกเลยว่าสถานีศูนย์ราชการนนท์ ของสายสีม่วง กับสายสีชมพู จะเชื่อมกันในลักษณะไหน", "date": "23-02-2019 17:15", "retweet": 0, "like": 0}, {"id": "1099250506147422208", "url": "https://twitter.com/lnzkndz/status/1099250506147422208", "username": "", "text": "ยกเลิกม่วงใต้จริงนี่ กูซื้อคอนโดมาเพื่อติดดอยโดยแท้ 5555555+", "date": "23-02-2019 17:11", "retweet": 0, "like": 0}, {"id": "1098645281749446657", "url": "https://twitter.com/lnzkndz/status/1098645281749446657", "username": "", "text": "ทุกคนต่างมีความหวัง และความฝัน เป็นของตัวเอง อย่าเที่ยวเอาสิ่งเหล่านั้นของเรา ไปยัดไว้ที่คนอื่นเลย", "date": "22-02-2019 01:07", "retweet": 0, "like": 0}, {"id": "1098644239800365056", "url": "https://twitter.com/lnzkndz/status/1098644239800365056", "username": "", "text": "กำลังใจ ผลิตให้ไม่ทัน บั่นทอนความรู้สึกกันเก่งเหลือเกิน", "date": "22-02-2019 01:02", "retweet": 0, "like": 0}, {"id": "1098644030424928256", "url": "https://twitter.com/lnzkndz/status/1098644030424928256", "username": "", "text": "เบื่อ ไม่อยากกลับบ้านเลย", "date": "22-02-2019 01:02", "retweet": 0, "like": 0}, {"id": "1098474290930888704", "url": "https://twitter.com/lnzkndz/status/1098474290930888704", "username": "", "text": "คิดว่ากูมีกี่มือหรอ อิเวร", "date": "21-02-2019 13:47", "retweet": 0, "like": 0}, {"id": "1098045841594433536", "url": "https://twitter.com/lnzkndz/status/1098045841594433536", "username": "", "text": "อีก 37 วัน", "date": "20-02-2019 09:25", "retweet": 0, "like": 0}, {"id": "1098045505580392448", "url": "https://twitter.com/lnzkndz/status/1098045505580392448", "username": "", "text": "อยากวาร์ปไปถึงหลังลาออก", "date": "20-02-2019 09:23", "retweet": 0, "like": 0}, {"id": "1097496409614368768", "url": "https://twitter.com/lnzkndz/status/1097496409614368768", "username": "", "text": "เหนื่อยหัวใจ..", "date": "18-02-2019 21:01", "retweet": 0, "like": 0}]