[{"id": "1099345404246683648", "url": "https://twitter.com/Loog_zo/status/1099345404246683648", "username": "", "text": "บิ๊กตู่ก็คบซ้อนนะครับ เป็นนายกฯด้วย เป็นหัวหน้าคณะยึดอำนาจด้วย", "date": "23-02-2019 23:29", "retweet": 3905, "like": 761}, {"id": "1099241736402923522", "url": "https://twitter.com/Loog_zo/status/1099241736402923522", "username": "", "text": "มีภาพคนที่ไม่ใช่ผู้สมัครเขตอยู่ในรูปด้วย โทษถึงยุบพรรค ! เย่ห์", "date": "23-02-2019 16:37", "retweet": 3, "like": 1}, {"id": "1099240830647205890", "url": "https://twitter.com/Loog_zo/status/1099240830647205890", "username": "", "text": "มีพลังประชารัฐพรรคเดียว ที่ (อาจจะ) ทำได้ตามที่หาเสียง เรามากาพรรคลุงเถอะครับ ปืนอยู่กับเรา อบอุ่นใจ", "date": "23-02-2019 16:33", "retweet": 3, "like": 0}, {"id": "1099240029015003136", "url": "https://twitter.com/Loog_zo/status/1099240029015003136", "username": "", "text": "คือเอาใครมาพูด ก็ต้องท่องเรื่องแก้ปัญหาปากท้อง แต่คดีจำนำข้าวก็เป็น 1 ในนโยบายเหล่านั้น ไหนจะคดีเก่าตั้งแต่สมัยไทยรักไทย และการที่ถูกระงับโครงการรถไฟความเร็วสูง", "date": "23-02-2019 16:30", "retweet": 6, "like": 5}, {"id": "1099239433797156864", "url": "https://twitter.com/Loog_zo/status/1099239433797156864", "username": "", "text": "อ.ปิยบุตร พูดถูก นโยบายของทุกพรรคก้าวหน้าหมด แต่ทุกอย่างจะไม่สามารถเกิดขึ้นได้เลยถ้ากองทัพยังถืออำนาจอยู่", "date": "23-02-2019 16:27", "retweet": 169, "like": 63}, {"id": "1099237635535454208", "url": "https://twitter.com/Loog_zo/status/1099237635535454208", "username": "", "text": "เห็นอนาคตใหม่รับอาสาสมัคร ผมนึกถึง นปช.เลยครับ แหม่", "date": "23-02-2019 16:20", "retweet": 0, "like": 1}, {"id": "1099237301144539136", "url": "https://twitter.com/Loog_zo/status/1099237301144539136", "username": "", "text": "ยาสูบหนีภาษีไปหากัญชา ละกัญชาจะรอดภาษีเรอะ", "date": "23-02-2019 16:19", "retweet": 1, "like": 2}, {"id": "1099224774096502784", "url": "https://twitter.com/Loog_zo/status/1099224774096502784", "username": "", "text": "Kerry เปิดสาขา นึกว่าที่ทำการพรรคอนาคตใหม่ เหมือนสัส", "date": "23-02-2019 15:29", "retweet": 0, "like": 0}, {"id": "1099223631106781184", "url": "https://twitter.com/Loog_zo/status/1099223631106781184", "username": "", "text": "คุณลูกโซ่ เจ้าของบิ๊กตู่ เชิญห้องตรวจที่ 5 ค่ะ - เคาท์เตอร์เรียกละ", "date": "23-02-2019 15:25", "retweet": 0, "like": 3}, {"id": "1099187580992548864", "url": "https://twitter.com/Loog_zo/status/1099187580992548864", "username": "", "text": "ถ้าเธอทำ พี่ติ่งจะไฝว้ แต่กับเรา เจ่เจ้ Ehndooว์", "date": "23-02-2019 13:01", "retweet": 0, "like": 0}, {"id": "1099187296690003969", "url": "https://twitter.com/Loog_zo/status/1099187296690003969", "username": "", "text": "หมาพี่ฆ่ากระรอกได้ครับ สร้างความสะใจต่อเจ้าของยิ่งนัก ! กระรอกมันเฉาะมะพร้าวทีเป็นลูก ๆ กินโหว่ทั้งพวง เธอไม่ควรมองมันน่ารักก @RsmlP", "date": "23-02-2019 13:00", "retweet": 0, "like": 0}, {"id": "1099185407701311488", "url": "https://twitter.com/Loog_zo/status/1099185407701311488", "username": "", "text": "ผมก็รักหมามากกก ผมถึงรักท่านครับ แฮ่มม", "date": "23-02-2019 12:53", "retweet": 0, "like": 1}, {"id": "1099185095557099520", "url": "https://twitter.com/Loog_zo/status/1099185095557099520", "username": "", "text": "ความตรงไปตรงมา ชัดเจน นี่ ปชป. สอบตกก่อนเลยค่ะพี่ https:// twitter.com/MallikaBoon/st atus/1099184723320946693 …", "date": "23-02-2019 12:52", "retweet": 12, "like": 8}, {"id": "1099183614514814980", "url": "https://twitter.com/Loog_zo/status/1099183614514814980", "username": "", "text": "ของผมนี่กระรอก มันวิ่ง ๆ กัด ๆ ลูกนั้นนิด ลูกนี้หน่อย แลัวระหว่างวิ่งก็ทั้งกัด ทั้งกระทืบชมพู่ลูกอ่อน ๆ ตกตายเป็นพวง", "date": "23-02-2019 12:46", "retweet": 0, "like": 0}, {"id": "1099181838021455872", "url": "https://twitter.com/Loog_zo/status/1099181838021455872", "username": "", "text": "ดู \"ท่าน\" มีความสนใจเรื่องสุนัขมาก ทุกวันนี้ก็ให้ทุนช่วยเหลือโครงการหมาจรจัด ตามจังหวัดต่าง ๆ ใครจะมา Set ZERO มึงพลาดส์แล้ว", "date": "23-02-2019 12:39", "retweet": 0, "like": 1}, {"id": "1099180355163025408", "url": "https://twitter.com/Loog_zo/status/1099180355163025408", "username": "", "text": "เราเคยมีการตัดสินให้ผลเลือกตั้งปี 49 ทั้งประเทศ เป็นโมฆะ เพราะหันก้นออกนอกคูหา", "date": "23-02-2019 12:33", "retweet": 1, "like": 3}, {"id": "1099179969735843840", "url": "https://twitter.com/Loog_zo/status/1099179969735843840", "username": "", "text": "เห็น กกต. ว่า ป้ายหาเสียงไม่ควรมีภาพ คนที่ไม่ใช่ผู้สมัครอยู่ในรูปด้วย คือจะให้โดนพรรรเพื่อไทย กับอนาคตใหม่นั่นแหละ ไม่ฟันวันนี้ เอาไปกอง ๆ รวมกันหลังเลือกตั้ง ว่าจะใช้ข้อไหนมายุบ มาตัดสิทธิ์ได้บ้าง", "date": "23-02-2019 12:31", "retweet": 1, "like": 3}, {"id": "1099177916233961472", "url": "https://twitter.com/Loog_zo/status/1099177916233961472", "username": "", "text": "ลุงกำนัน อยู่ดีดี ลากดารา คนดังมาฆ่ากลางถนน", "date": "23-02-2019 12:23", "retweet": 5, "like": 4}, {"id": "1099161997025861632", "url": "https://twitter.com/Loog_zo/status/1099161997025861632", "username": "", "text": "อ.เจษฎ์ ดูข้อกฎหมายผิด ต้องติดคุก 10 ปี", "date": "23-02-2019 11:20", "retweet": 2, "like": 1}, {"id": "1099161081396617216", "url": "https://twitter.com/Loog_zo/status/1099161081396617216", "username": "", "text": "คะแนนมันจะกลับไปหาพรรคแม่ กับพรรคอื่นแทนจิ ถ้ามีเยอะ ๆ จะกระจายออก จริง ๆ ไม่ยุบดีกับพวกนี้มากกว่า แล้วไปยุบหลังเลืิกตั้ง #ผ่างงง", "date": "23-02-2019 11:16", "retweet": 0, "like": 0}, {"id": "1099160572132651008", "url": "https://twitter.com/Loog_zo/status/1099160572132651008", "username": "", "text": "กระชับ ดูง่าย แต่ครอบคลุม ใช้เวลาชมครึ่งชั่วโมง ก็เข้าใจความ 'เป็นเมือง' ชอบคำว่า \"รับทุกสิ่งแต่ไม่ทิ้งราก\" #ThaiPBS https:// youtu.be/rhBKZMHDmss", "date": "23-02-2019 11:14", "retweet": 3, "like": 2}, {"id": "1098968844591222784", "url": "https://twitter.com/Loog_zo/status/1098968844591222784", "username": "", "text": "เอาจริงก็ยังไม่รู้ว่าเป้าหมายของพรรคต่อจากนี้คืออะไร เพราะหลายพื้นที่ก็เลี่ยงชนกับเพื่อไทย จะหวังเอาคะแนนเสียงก็คงยากหน่อย ถ้าคนการองจากเพื่อไทย น่าจะเลือกพรรคอื่นก่อน ทษช.", "date": "22-02-2019 22:32", "retweet": 0, "like": 0}, {"id": "1098968316897423360", "url": "https://twitter.com/Loog_zo/status/1098968316897423360", "username": "", "text": "สมาชิกของไทยรักษาชาติ เดินสายเป็นปกติละ ทั้งหาเสียง และออกรายการทีวี เหมือนเหตุการณ์วันนั้นไม่เคยเกิดขึ้น จริง ๆ ไม่ต้องยื่นยุบ ยื่นไรก็ได้นะ ถือว่าลืม ๆ กันไป", "date": "22-02-2019 22:30", "retweet": 1, "like": 4}, {"id": "1098965872893321216", "url": "https://twitter.com/Loog_zo/status/1098965872893321216", "username": "", "text": "เย็นนี้ไปวิ่ง เพิ่งเคยเห็นผู้พิการทางสายตาออกกำลัง เขาเดินรอบสนามนั่นแหละ ใช้ไม้ยาว ๆ แตะ ๆ ทางระหว่างเดิน ที่ทึ่งคือเดินนาน เดินหลายรอบมาก", "date": "22-02-2019 22:20", "retweet": 47, "like": 36}, {"id": "1098964386457149441", "url": "https://twitter.com/Loog_zo/status/1098964386457149441", "username": "", "text": "พลังประชารัฐ ถ้าไม่มีใครอาสา น่าจะมาหาคนรัก คสช.ใน Twitter ไปดีเบต", "date": "22-02-2019 22:15", "retweet": 7, "like": 4}, {"id": "1098823155450241024", "url": "https://twitter.com/Loog_zo/status/1098823155450241024", "username": "", "text": "ลุงไพศาล เริ่มคมละครับ ฉายา \"สุมาอี้ แห่งลุ่มแม่น้ำตาปี\" ไม่ได้มาเพราะโชคช่วย", "date": "22-02-2019 12:53", "retweet": 1, "like": 0}, {"id": "1098804276095139840", "url": "https://twitter.com/Loog_zo/status/1098804276095139840", "username": "", "text": "เรามีทรัมป์ กับคิม จับมือกันมาแล้วนะครับ มีณัฐวุฒิ ดีเบทกับแรมโบ้ด้วย", "date": "22-02-2019 11:38", "retweet": 1, "like": 0}, {"id": "1098803484080582657", "url": "https://twitter.com/Loog_zo/status/1098803484080582657", "username": "", "text": "การหย่าศึกปี 35 ทำให้ต่อมา เกิดรัฐธรรมนูญฉบับประชาชน 2540 ขึ้นเป็นครั้งแรก เราเอาแบบเดิมมั๊ย สนปะ สนปะ", "date": "22-02-2019 11:35", "retweet": 1, "like": 1}, {"id": "1098802297159659520", "url": "https://twitter.com/Loog_zo/status/1098802297159659520", "username": "", "text": "ท่านเป็นที่รักในชั่วข้ามคืน นะคะ นะคะ", "date": "22-02-2019 11:30", "retweet": 1, "like": 0}, {"id": "1098801821118738432", "url": "https://twitter.com/Loog_zo/status/1098801821118738432", "username": "", "text": "ท่านที่เพิ่งทรงดับทุกข์ ไม่กี่สัปดาห์มานี้ แอร๊ยย", "date": "22-02-2019 11:29", "retweet": 0, "like": 0}, {"id": "1098801613383192576", "url": "https://twitter.com/Loog_zo/status/1098801613383192576", "username": "", "text": "การใช้กติกาที่เขียนเองให้เขาเล่น มันก็ได้เปรียบอยู่แล้ว ไม่ต้องไปหาเรื่องจับกุม เดี๋ยวก็ Loop เดิม มาวุ่นวายฆ่ากันตายกลางเมืองอีก แล้วก็มี \"ท่าน\" ผู้นั้นมาหย่าศึก", "date": "22-02-2019 11:28", "retweet": 34, "like": 5}, {"id": "1098800989002330112", "url": "https://twitter.com/Loog_zo/status/1098800989002330112", "username": "", "text": "ธนาธร ชั่วโมงนี้ไปคล้ายมหาจำลองปี 35 ป๊อบปูล่าร์ในกลุ่มคนรุ่นใหม่ ที่อยากแสดงออกทางการเมืองในรูปแบบการต้านเผด็จการ (อเนก เหล่าธรรมทัศน์เรียกคนเวลานั้นว่าม็อบมือถือ) บิ๊กตู่ นี่ก็สุจินดา อยากครองอำนาจต่อ", "date": "22-02-2019 11:25", "retweet": 78, "like": 24}, {"id": "1098797600466075650", "url": "https://twitter.com/Loog_zo/status/1098797600466075650", "username": "", "text": "เห็นโฆษกพรรคที่ชื่อแด๊กนั่นไม่ธรรมดา เหนือกว่าคนอื่นในพรรคพอสมควร ไม่ใช่ตอบเก่งนะ แต่หน้าด้านดี ตอบทื่อ ๆ ไม่ดูเขิน ไม่มีอาย", "date": "22-02-2019 11:12", "retweet": 2, "like": 1}, {"id": "1098796026176008192", "url": "https://twitter.com/Loog_zo/status/1098796026176008192", "username": "", "text": "เห็นข่าว \"อดีตผู้พิพากษาศาลฎีกา\" แสดงทรรศนะว่า ธนาธรมีสิทธิ์จำคุก 10 ปี และยุบพรรคอนาคตใหม่ ผมคิดในใจไว้เลยชื่อนึง พอกดไปดู \"กูว่าแล้ว\" ไอ้คนเชียร์บ้านป่าแหว่งตามคาด", "date": "22-02-2019 11:06", "retweet": 522, "like": 225}, {"id": "1098794373276262400", "url": "https://twitter.com/Loog_zo/status/1098794373276262400", "username": "", "text": "บิ๊ีกตู่กินข้าวบนรถ บิ๊กป้อมกินไวน์บนเครื่อง ประชาชนแยกแยะได้แล้วนะครับ ว่าใครไฮคลาสกว่า", "date": "22-02-2019 10:59", "retweet": 46, "like": 12}, {"id": "1098792642031214593", "url": "https://twitter.com/Loog_zo/status/1098792642031214593", "username": "", "text": "ตอนที่หันมา \"เราพร้อมที่จะจับมือกับท่านอภิสิทธิ์\" มาร์คถึงกับหหน้าเจื่อน ...อย่าเพิ่งมาชวนกูให้คนดูเห็นสิ ไปชวนวันที่ชนะก่อน", "date": "22-02-2019 10:52", "retweet": 2, "like": 3}, {"id": "1098792096641609728", "url": "https://twitter.com/Loog_zo/status/1098792096641609728", "username": "", "text": "เฉลี่ยความอาย คนจำหน้าไม่ได้ด้วย", "date": "22-02-2019 10:50", "retweet": 0, "like": 2}, {"id": "1098791044890554368", "url": "https://twitter.com/Loog_zo/status/1098791044890554368", "username": "", "text": "พิธีกรใช้คำว่า \"คุณมีของในสต๊อกแล้วใช่มั๊ย 250\"", "date": "22-02-2019 10:46", "retweet": 0, "like": 4}, {"id": "1098767740418977792", "url": "https://twitter.com/Loog_zo/status/1098767740418977792", "username": "", "text": "มาร์คแกแสดงออกว่าไม่เห็นด้วยกับกติกา คสช. ไปทุกช่อง ทำแล้วกระแสดีย์ หลังเลือกตั้งมาจะแปลงร่างเป็นแรมโบ้ อีสานไหม คอยลุ้นกัน", "date": "22-02-2019 09:13", "retweet": 0, "like": 3}, {"id": "1098766623001915393", "url": "https://twitter.com/Loog_zo/status/1098766623001915393", "username": "", "text": "การยอมรับตรง ๆ ว่าไม่รู้ แล้วให้คนพื้นที่เป็นผู้เล่าปัญหา ก็ไม่ใช่เรื่องผิด กลับกันจะเป็นการดีกว่าด้วย", "date": "22-02-2019 09:09", "retweet": 1, "like": 1}, {"id": "1098764146462547968", "url": "https://twitter.com/Loog_zo/status/1098764146462547968", "username": "", "text": "สำหรับพรรคที่ชอบ ที่เชียร์ เล่น Tag ได้ แต่อย่าแบบถ้ำหลวงก็พอ แข่งกันเล่า Story ของพ่อแบบช่วงไว้อาลัยก็ไม่ต้อง มันจะกลายเป็นผลลบ ถ้าข้อมูลของคุณเฟค", "date": "22-02-2019 08:59", "retweet": 24, "like": 5}, {"id": "1098759855844687872", "url": "https://twitter.com/Loog_zo/status/1098759855844687872", "username": "", "text": "สุดารัตน์ ธนาธร อภิสิทธิ์ นี่ไปมาพร้อมกันหลายช่องแล้ว ส่วนพลังประชารัฐคนไปไม่เคยซ้ำหน้า", "date": "22-02-2019 08:42", "retweet": 35, "like": 22}, {"id": "1098759112794329088", "url": "https://twitter.com/Loog_zo/status/1098759112794329088", "username": "", "text": "กติกาได้เปรียบเยอะ ก็จะกลายเป็นตัวตลกบ่อยหน่อย แลกเอา https:// twitter.com/TNAMCOT/status /1098757840729067520 …", "date": "22-02-2019 08:39", "retweet": 61, "like": 40}, {"id": "1098757314595745792", "url": "https://twitter.com/Loog_zo/status/1098757314595745792", "username": "", "text": "ที่ได้สัมผัส คน ตจว.รู้จักธนาธรดีครับ รู้จักอนาคตใหม่แบบที่เรารู้นั่นแหละ ไม่ได้สนใจดราม่าอะไรของ อนค.ในออนไลน์ด้วย ไม่ใช่เขาไม่เล่นเฟซเล่นไลน์ แต่ไม่ได้อยู่ร่วมเกาะติดในกลุ่มแอคเคาท์การเมือง แต่รู้จักตัวผู้สมัครน้อย มีความลังเลในการลงคะแนน เพราะบัตรมีเพียงใบเดียว", "date": "22-02-2019 08:32", "retweet": 22, "like": 13}, {"id": "1098755416459075584", "url": "https://twitter.com/Loog_zo/status/1098755416459075584", "username": "", "text": "เนชั่นได้นายทุนใหม่ สามีมาดามเดียร์ มีสนธิญาณเป็นตัวหลักในการจัดรายการ แล้วสปริงนิวส์เวลานี้ยังเป็นของใครหว่า ที่ถามลอย ๆ เพราะสังเกตว่า แอคเคาท์ Social ของ Springnews ดูเป็นผู้เป็นคนขึ้น กลับไปมาตรฐานแบบเดิม จากที่ก่อนนี้เคยถูกแขวะว่า TNews สาขา 2", "date": "22-02-2019 08:24", "retweet": 11, "like": 8}, {"id": "1098594508873310210", "url": "https://twitter.com/Loog_zo/status/1098594508873310210", "username": "", "text": "เห็นไอ้แรมโบ้ในรายการงี้เก็ทเลย", "date": "21-02-2019 21:45", "retweet": 1, "like": 1}, {"id": "1098594189447753729", "url": "https://twitter.com/Loog_zo/status/1098594189447753729", "username": "", "text": "ที่บ้านและสมาคมลุงเขาทำเกี่ยวกับด้านนี้น่ะครับ ใช้กัญชารักษามะเร็ง และทำพวกสมุนไพร ใครเอากัญชาเสรีเลยอวยหมด แม้จะเป็นฝ่ายที่เคยเกลียด", "date": "21-02-2019 21:44", "retweet": 0, "like": 0}, {"id": "1098593702371569667", "url": "https://twitter.com/Loog_zo/status/1098593702371569667", "username": "", "text": "มือถือเพิ่งจอแตก ยังไม่มีเงินเปลี่ยนเครื่องใหม่เลยครับ เป็นนายทนไปก่อน #โถ", "date": "21-02-2019 21:42", "retweet": 0, "like": 0}, {"id": "1098593396858466305", "url": "https://twitter.com/Loog_zo/status/1098593396858466305", "username": "", "text": "ไม่ย้ายข้าง คนก็เอือมมันจะตายอยู่แล้ว พอทหารมาเอาไป นี่แทบจุดพลุ", "date": "21-02-2019 21:40", "retweet": 2, "like": 1}, {"id": "1098593042695622656", "url": "https://twitter.com/Loog_zo/status/1098593042695622656", "username": "", "text": "แอ๊ด คาราบาว ถึงกับแต่งเพลง นาย ก. นาย ก. นาย ก. คุณจะเป็นใครก็ได้ ขอให้ประชาชนไทยได้มีสิทธิ์เลือกนาย ก. พอแก่ตัวมันกลายเป็นนายทุน", "date": "21-02-2019 21:39", "retweet": 3, "like": 3}, {"id": "1098592337146626050", "url": "https://twitter.com/Loog_zo/status/1098592337146626050", "username": "", "text": "เห็นป้ายผู้สมัครตามถนนหนทาง อย่างน้อยเราก็มีสิทธิ์เลือก ไม่อยากเลือกใครก็ยังมีสิทธิ์แช่ง ถ้าสามารถพอ จะโน้มน้าวลุงขายไก่ทอดแถวบ้านมากาตามก็ได้ ...นี่คือการเลือกตั้ง ที่เสียงของเราถูกเปลี่ยนเป็นผลคะแนน", "date": "21-02-2019 21:36", "retweet": 2, "like": 1}, {"id": "1098590764831932417", "url": "https://twitter.com/Loog_zo/status/1098590764831932417", "username": "", "text": "ลุงเราคัดข่าวคุณภาพนะเธอว์ ! ขนาดธนาธรยังเคยบอกให้รีไปถึงไพศาล", "date": "21-02-2019 21:30", "retweet": 0, "like": 0}, {"id": "1098590046146355200", "url": "https://twitter.com/Loog_zo/status/1098590046146355200", "username": "", "text": "เหมือนไอ้แรมโบ้ ไม่รู้คิดไง คสช.มาเอาไป มันใหญ่คับโคราช เป็นที่รักมากของคนที่นั่นมั๊ง พอได้ตัวไป...คนเสื้อแดงเฮทั้งแผ่นดิน", "date": "21-02-2019 21:27", "retweet": 5, "like": 3}, {"id": "1098589341067046913", "url": "https://twitter.com/Loog_zo/status/1098589341067046913", "username": "", "text": "คลิกอ่านข่าวที่ลุงไพศาลแปะ มีแต่ชื่อเดิม ๆ ชื่อคุ้น ๆ นี่มันนักการเมือง version 0.5 สมบูรณ์แบบ นักการเมืองที่กองทัพเคยออกมาด่า และตอนนี้เอามาเป็นพวกด้วยนั่นแหละ", "date": "21-02-2019 21:24", "retweet": 0, "like": 2}, {"id": "1098588014278627334", "url": "https://twitter.com/Loog_zo/status/1098588014278627334", "username": "", "text": "นี่เลยเจ้าปี้ https:// youtu.be/GQzoLXOJDFg", "date": "21-02-2019 21:19", "retweet": 0, "like": 2}, {"id": "1098587733734367233", "url": "https://twitter.com/Loog_zo/status/1098587733734367233", "username": "", "text": "ใช่แล้วครับ ...น้องเล็ก ไปไกลถึงกับสมัครลงผู้แทน ผมยังส่งรหัสลุ้นหมูทองคำเซเว่นอยู่เลยครับ", "date": "21-02-2019 21:18", "retweet": 1, "like": 1}, {"id": "1098505390935834626", "url": "https://twitter.com/Loog_zo/status/1098505390935834626", "username": "", "text": "อดีตผู้สมัครของอนาคตใหม่ที่ออกมาแฉแต่ละคน ผมเห็นชื่อละแบบ....เขาไม่เอาเพราะชื่อพวกคุณเขียนยาก เรียกยาก จำยากปะวะ", "date": "21-02-2019 15:51", "retweet": 2, "like": 1}, {"id": "1098503446871732225", "url": "https://twitter.com/Loog_zo/status/1098503446871732225", "username": "", "text": "ลุงไพศาลแม่ง ใครชูกัญชากูอวยหมด", "date": "21-02-2019 15:43", "retweet": 4, "like": 3}, {"id": "1098497813544001536", "url": "https://twitter.com/Loog_zo/status/1098497813544001536", "username": "", "text": "ฝ่ายดีเบตของ พปชร. จะให้เหตุผลคล้าย ๆ กัน ว่า 250 คนยังไม่เห็นหน้าเลย จะรู้ได้ยังไงว่าโหวตให้ประยุทธ์ นี่มันกล่าวหาชัด ๆ อาจผิดกฎหมายเลือกตั้ง #นี่ เิาทายชื่อเลยมั๊ย ว่าใครติดบ้าง", "date": "21-02-2019 15:21", "retweet": 0, "like": 3}, {"id": "1098496984627896321", "url": "https://twitter.com/Loog_zo/status/1098496984627896321", "username": "", "text": "ผมว่าข้อนึงที่ณัฐวุฒิยกมา แล้วมีน้ำหนักยิ่งกว่า 250 สว.โหวตนายกฯ คือรัฐสภาที่ประกอบไปด้วย สนช. สปท. สปช. ส. พ่อ ส. แม่ ที่ คสช. ตั้งขึ้น ผ่านกฎหมาย ผ่านการลงมติทั้งหมด 100% ไม่หือ ไม่อือ ไม่เคยอภิปรายซักค้านรัฐบาลทหารแม้เพียงครั้งเดียว", "date": "21-02-2019 15:17", "retweet": 6, "like": 4}, {"id": "1098495902031872001", "url": "https://twitter.com/Loog_zo/status/1098495902031872001", "username": "", "text": "แรมโบ้ มาดีเบตกับณัฐวุฒิ ช่องอัมรินทร์ คอมเมนต์ใน Youtube โคตรเอกฉันท์ คือปกติมันต้องมีแบบ ไอ้เหี้ยเต้น ไอ้เผาบ้านเผาเมือง หลงหลุดมาประปราย นี่แรมโบ้ อีสานช่วยกลบหมด", "date": "21-02-2019 15:13", "retweet": 2, "like": 1}, {"id": "1098494718818713601", "url": "https://twitter.com/Loog_zo/status/1098494718818713601", "username": "", "text": "ฮานามิ ข้าวเกรียบรวยเพื่อน https:// twitter.com/victorworldfil m/status/1098217642450546689 …", "date": "21-02-2019 15:08", "retweet": 1, "like": 1}, {"id": "1098492495481073664", "url": "https://twitter.com/Loog_zo/status/1098492495481073664", "username": "", "text": "ยืนดูโมเดลรถตุ๊กตุ๊กไม้ ชอบ คิดว่่าถ้าวัสดุตัวรถมันประกอบด้วยไม้ หรือรถเป็นสี Wood วิ่งบนถนนคงงามตา กลืนไปกับธรรมชาติ ตัดมาความจริง รถสีแปร๋น ๆ วิ่งพา นทท. จีนทัวร์ ทั้งเสียงทั้งควันมาเต็ม", "date": "21-02-2019 14:59", "retweet": 1, "like": 1}, {"id": "1098491649812922368", "url": "https://twitter.com/Loog_zo/status/1098491649812922368", "username": "", "text": "เหนื่อยมั๊ยจ๊ะ ท่าน ส.ส.ใหม่ รักษาสุขภาพด้วย แสงแดดแรงไม่แพ้กระแสพรรคนะ ฮิ๊ววว", "date": "21-02-2019 14:56", "retweet": 0, "like": 0}, {"id": "1098469721328873473", "url": "https://twitter.com/Loog_zo/status/1098469721328873473", "username": "", "text": "เพิ่งกลับจากสะเมิงมาสองวันก่อน อากาศก็ดีมากเลยครับ นอนที่พักไม่ต้องเปิดแอร์ รอบตัวมีแต่ภูเขากับไร่สตอร์ บ้านคนอาศัยสะอาดตา เป็นบ้านไม้ธรรมชาติ ลมพัดเย็นมาก ฟ้าใส อากาศสดชื่น #ช่วยกันคุยทับ", "date": "21-02-2019 13:29", "retweet": 0, "like": 1}, {"id": "1098468776549310465", "url": "https://twitter.com/Loog_zo/status/1098468776549310465", "username": "", "text": "@YingNuiC9 จ.จันทบุรี เขต 3 กาเบอร์ 7 อนาคตใหม่ ฝากน้องด้วยครับ แหม่ @yanathicha_fwp", "date": "21-02-2019 13:25", "retweet": 7, "like": 2}, {"id": "1098434080180363265", "url": "https://twitter.com/Loog_zo/status/1098434080180363265", "username": "", "text": "กลางคืนกับตอนเช้านี้ บ้านเรายังเย็นอยู่เบยย อิอิฟีนว์", "date": "21-02-2019 11:07", "retweet": 0, "like": 0}, {"id": "1098433242514874368", "url": "https://twitter.com/Loog_zo/status/1098433242514874368", "username": "", "text": "ที่ นยบ.ประชารัฐถูกต่อว่าจากคนรักทหารน้อยกว่าที่โจมตีประชานิยม แยกเป็นสองส่วน - เกลียดขั้วทักษิณ ทำอะไรก็ได้ - ตัวนโยบายมีลักษณะของการยื่นให้กับคนที่ด้อยกว่า แบบที่คุ้นชิน คือเป็นผู้ให้ต่อเมื่ออยากให้ แต่ไม่ต้องการให้คนที่สถานะต่ำกว่ามีสิทธิ์ & เสียง ยกระดับฐานะขึ้นมาเทียบ", "date": "21-02-2019 11:04", "retweet": 3, "like": 1}, {"id": "1098421940623106048", "url": "https://twitter.com/Loog_zo/status/1098421940623106048", "username": "", "text": "แค่ลงเสนอตัวลงแข่ง ในเกมแบบนี้ ภายใต้รัฐบาลทหาร น้องก็หัวใจใหญ่มากแล้วครับ", "date": "21-02-2019 10:19", "retweet": 0, "like": 0}, {"id": "1098421135941632000", "url": "https://twitter.com/Loog_zo/status/1098421135941632000", "username": "", "text": "เธอฟอลชั้นก่อน #ชนะะ", "date": "21-02-2019 10:16", "retweet": 0, "like": 0}, {"id": "1098420696655351808", "url": "https://twitter.com/Loog_zo/status/1098420696655351808", "username": "", "text": "ใช่ครับ เห็นแวบแรกก็จำได้ละ แต่อดทึ่งไม่ได้ว่า OH ! น้องสุดยอดจว์", "date": "21-02-2019 10:14", "retweet": 0, "like": 0}, {"id": "1098420351434862594", "url": "https://twitter.com/Loog_zo/status/1098420351434862594", "username": "", "text": "นั่นสิ มาใหม่ ๆ นี่ตกใจสังคมทวิต คนใส ๆ แบบเรากว่าจะปรับตัวได้ตั้งนาน", "date": "21-02-2019 10:13", "retweet": 0, "like": 2}, {"id": "1098419347557498881", "url": "https://twitter.com/Loog_zo/status/1098419347557498881", "username": "", "text": "น้องเล็กนี่ผมฟอลคนที่สองใน Twitter ภาพจำแรกคือน้องดุมาก เหวี่ยงด้วย ตกใจว่ากูจะติดตามทำไมเนี่ย แต่น้องฟอลฯกลับไง มี flw กับเขาคนแรกในชีวิต ผ่านมา 9 ปี ตอนนี้สาวน้อยคนนั้น กลายเป็นผู้แทนฯ ลงสมัครเลือกตั้งส.ส.แล้ว", "date": "21-02-2019 10:09", "retweet": 21, "like": 17}, {"id": "1098415882743599104", "url": "https://twitter.com/Loog_zo/status/1098415882743599104", "username": "", "text": "(〜￣▽￣)〜 เข้าหาผู้ใหญ่แบบนี้สิ เฮียจะรักและเอ็นดู", "date": "21-02-2019 09:55", "retweet": 1, "like": 1}, {"id": "1098415350679367680", "url": "https://twitter.com/Loog_zo/status/1098415350679367680", "username": "", "text": "ก็ทวิตสุดท้าย เดือนพฤศจิกานู่นแล้ว #โถ", "date": "21-02-2019 09:53", "retweet": 2, "like": 0}, {"id": "1098414799581368320", "url": "https://twitter.com/Loog_zo/status/1098414799581368320", "username": "", "text": "เห็นคนไปโพสต์ประจานพรรคลุงคนนึง สมมติว่าชื่อลุง ต. พรรค พปชร. ผมนี่ใจไม่ดีเลยครับ เรายังไม่ได้..กลัวเขาหยุดแจก", "date": "21-02-2019 09:51", "retweet": 0, "like": 1}, {"id": "1098414380146843648", "url": "https://twitter.com/Loog_zo/status/1098414380146843648", "username": "", "text": "พี่เม่นรอคนพรรคลุงกำนันแปร๊บครับ คิดว่าลืมพาสเวิร์ด แล้วเบอร์มือถือเดิมที่ใช้สมัครทวิตทวิตคงถูกตัด", "date": "21-02-2019 09:49", "retweet": 3, "like": 0}, {"id": "1098413892579913728", "url": "https://twitter.com/Loog_zo/status/1098413892579913728", "username": "", "text": "ถึงยืนยันว่าไทยควรมีกระทรวงไสยศาสตร์ พลิกความเชื่อเป็นการสร้างรายได้ เก็บภาษี ส่งเสริมอัตลักษณ์การท่องเที่ยว", "date": "21-02-2019 09:47", "retweet": 0, "like": 0}, {"id": "1098178486974308352", "url": "https://twitter.com/Loog_zo/status/1098178486974308352", "username": "", "text": "ไม่รู้สึกไรเลยเหมือนกัน ส่วนมือถือตกเป็นมุกน่ะ ทำตกเองตอนเที่ยง สั่นจากแจ้งเตือน ไม่ใช่สั่นแผ่นดินไหว", "date": "20-02-2019 18:12", "retweet": 1, "like": 0}, {"id": "1098174790039289856", "url": "https://twitter.com/Loog_zo/status/1098174790039289856", "username": "", "text": "@victorworldfilm @AoddyByNFPT พี่วิกช่างใจร้ายกะน้องงงงว์", "date": "20-02-2019 17:57", "retweet": 2, "like": 2}, {"id": "1098174617913413634", "url": "https://twitter.com/Loog_zo/status/1098174617913413634", "username": "", "text": "@GoiNat26 รีทวิตไปหลายข่าว แต่ไม่แน่ใจว่าเกิดตั้งแต่เมื่อคืนหรือช่วงเช้ามานี้จ๊ะ รีอย่างเดียว แป่ววว", "date": "20-02-2019 17:56", "retweet": 0, "like": 0}, {"id": "1098174046183710720", "url": "https://twitter.com/Loog_zo/status/1098174046183710720", "username": "", "text": "ไม่เกี่ยวครับ พอดีทำตกเองน่ะ แฮ่", "date": "20-02-2019 17:54", "retweet": 0, "like": 0}, {"id": "1098173848795529219", "url": "https://twitter.com/Loog_zo/status/1098173848795529219", "username": "", "text": "เป็นคนมีเส้นสายกับเขาแล้ว pic.twitter.com/N8DsB2EAih", "date": "20-02-2019 17:53", "retweet": 2, "like": 1}, {"id": "1098172562280898560", "url": "https://twitter.com/Loog_zo/status/1098172562280898560", "username": "", "text": "@AoddyByNFPT อยากแคปจอให้ดูว่าทำไมเป้ ไฮร๊อก ถึงร้องเพลงกระจกร้าว แต่นึกขึ้นได้ว่าแคปไปมันจะเห็นเหรอ #ผ่างง", "date": "20-02-2019 17:48", "retweet": 2, "like": 2}, {"id": "1098170774370697216", "url": "https://twitter.com/Loog_zo/status/1098170774370697216", "username": "", "text": "แผ่นดินไหวนี่เอง มือถือเฮียถึงตกจนจอแตก เกิดเป็นรอยแยก 4 เส้นเหมือนขนาดแรงสั่นสะเทือน #โถ", "date": "20-02-2019 17:41", "retweet": 4, "like": 7}, {"id": "1098162389181026304", "url": "https://twitter.com/Loog_zo/status/1098162389181026304", "username": "", "text": "กระดาษ นสพ.ไม่มีแล้ว จะเอาไรเช็ดนั่นเช็ดนี่วะเนี่ย วันก่อน ร้านกระจก/ก่อสร้างก็มาเหมาไป ขาดตลาด", "date": "20-02-2019 17:08", "retweet": 6, "like": 0}, {"id": "1098155390573805568", "url": "https://twitter.com/Loog_zo/status/1098155390573805568", "username": "", "text": "แจกเงินกดกริ่งได้ครับ ไม่มีประจานแน่นอน ผมคนง่าย ไม่โวยวายสิ่งที่ตัวเองจะได้ประโยชน์", "date": "20-02-2019 16:40", "retweet": 11, "like": 10}, {"id": "1098149670352650240", "url": "https://twitter.com/Loog_zo/status/1098149670352650240", "username": "", "text": "พูดเรื่องตัดงบทหารตอนที่ทหารปกครองอยู่ คือดีย์", "date": "20-02-2019 16:17", "retweet": 0, "like": 1}, {"id": "1098147454900301824", "url": "https://twitter.com/Loog_zo/status/1098147454900301824", "username": "", "text": "ไปเที่ยว ค้างแรมที่นั่นช่วงวันเกิดน่ะครับ ถึงไปเห็นป้ายเข้า", "date": "20-02-2019 16:08", "retweet": 0, "like": 0}, {"id": "1098147285169405958", "url": "https://twitter.com/Loog_zo/status/1098147285169405958", "username": "", "text": "ถ้ายื่นสำนักพระราชวังน่าจะง่ายขึ้น #อ่าวๆ", "date": "20-02-2019 16:08", "retweet": 0, "like": 0}, {"id": "1098145975904886785", "url": "https://twitter.com/Loog_zo/status/1098145975904886785", "username": "", "text": "ผู้สมัคร ส.ส. อนาคตใหม่เมืองจันท์ มาฟอลผมด้วย แล้วผู้สมัครของเชียงใหม่ มึงรายงานตัวกับเฮียรึยัง เข้าหาผู้ใหญ่หน่อยเสะ แหม่", "date": "20-02-2019 16:02", "retweet": 15, "like": 11}, {"id": "1098145484756082688", "url": "https://twitter.com/Loog_zo/status/1098145484756082688", "username": "", "text": "อ้อ ดร. แป้ง ปชป. หนีไปสมัครในนามพรรคพลังประชารัฐที่สะเมิง", "date": "20-02-2019 16:01", "retweet": 0, "like": 0}, {"id": "1098145208284270593", "url": "https://twitter.com/Loog_zo/status/1098145208284270593", "username": "", "text": "ผมเพิ่งกลับจาก อำเภอสะเมิงมา สวยมากกว์ ธรรมชาติเว่อร์วัง ลมพัดเย็น ฟ้าก็ใส แผ่นดินเบา เดินสบาย หายใจสะดวก ไม่มีชาวนกหวีดมากรี๊ดที่นี่เลยครับ", "date": "20-02-2019 15:59", "retweet": 1, "like": 1}, {"id": "1098142917237993473", "url": "https://twitter.com/Loog_zo/status/1098142917237993473", "username": "", "text": "ถ้าแผ่นดินไทยมันหนัก ควรบินไปพักที่เยอรมัน", "date": "20-02-2019 15:50", "retweet": 1, "like": 1}, {"id": "1097856984857030658", "url": "https://twitter.com/Loog_zo/status/1097856984857030658", "username": "", "text": "ต้องไปแข่งกับพี่ที่ตลาดเซียนพระแถวบ้านเรา รายนั้นเอาหลวงพ่อสีทองมัดเอว 55555+", "date": "19-02-2019 20:54", "retweet": 1, "like": 0}]