[{"id": "1099342609011462144", "url": "https://twitter.com/loveXOLY/status/1099342609011462144", "username": "", "text": "มันไม่เต็มก็ไม่อะไร แต่นี้มันไม่ได้เลย..", "date": "23-02-2019 23:17", "retweet": 0, "like": 0}, {"id": "1098887548808515590", "url": "https://twitter.com/loveXOLY/status/1098887548808515590", "username": "", "text": "ต่อไปนี้ถ้าใครอยากเป็นนายกก็ต้องเรียนทหารนะ #savethanaton", "date": "22-02-2019 17:09", "retweet": 8, "like": 4}, {"id": "1098359574866718725", "url": "https://twitter.com/loveXOLY/status/1098359574866718725", "username": "", "text": "ไม่มีสักบาท", "date": "21-02-2019 06:11", "retweet": 0, "like": 0}, {"id": "1098247975569055745", "url": "https://twitter.com/loveXOLY/status/1098247975569055745", "username": "", "text": "เพิ่มรอบดั้ยม้อย.___. เห็นแก่คนไทยด้วยกัน", "date": "20-02-2019 22:48", "retweet": 0, "like": 0}, {"id": "1098246548041789440", "url": "https://twitter.com/loveXOLY/status/1098246548041789440", "username": "", "text": "อ่อ ขอบคุณค่ะ", "date": "20-02-2019 22:42", "retweet": 0, "like": 0}, {"id": "1098176001014525952", "url": "https://twitter.com/loveXOLY/status/1098176001014525952", "username": "", "text": "ใช่ค่ะ", "date": "20-02-2019 18:02", "retweet": 0, "like": 0}, {"id": "1098121274549624832", "url": "https://twitter.com/loveXOLY/status/1098121274549624832", "username": "", "text": "ทวิตพี่มิกซ์เป็นไรอ่ะ?? #mixxiw", "date": "20-02-2019 14:24", "retweet": 3, "like": 2}, {"id": "1098120600432734208", "url": "https://twitter.com/loveXOLY/status/1098120600432734208", "username": "", "text": "@mpwkc หาย", "date": "20-02-2019 14:22", "retweet": 0, "like": 0}, {"id": "1097868875440373765", "url": "https://twitter.com/loveXOLY/status/1097868875440373765", "username": "", "text": "วปปก็พี่เตอร์แค่ cut มา สีก็แต่เรียกทรัพย์ตามวันเกิด ไม่งมงายเล้ยย #pantherist pic.twitter.com/6YbgzYqgQb", "date": "19-02-2019 21:41", "retweet": 2, "like": 0}, {"id": "1097865844443541507", "url": "https://twitter.com/loveXOLY/status/1097865844443541507", "username": "", "text": "ตอนแรกงงว่าเฌอไหน #ข้างหลังเฌอ", "date": "19-02-2019 21:29", "retweet": 1, "like": 1}, {"id": "1097855170296205312", "url": "https://twitter.com/loveXOLY/status/1097855170296205312", "username": "", "text": "#Duckprints", "date": "19-02-2019 20:47", "retweet": 0, "like": 0}, {"id": "1097851496517910528", "url": "https://twitter.com/loveXOLY/status/1097851496517910528", "username": "", "text": "#พอลแทน เอาจริงๆนะ ไม่เคยคิดว่าคู่ที่เราจิ้นเองจะเป็นคู่เรียล เราคิดว่าเค้าก็มีสังคมของเค้า เค้าให้เราเท่านี้ เราก็ควรพอใจเท่านี้ดีกว่าเนอะ วินวินทั้งคู่", "date": "19-02-2019 20:32", "retweet": 19, "like": 12}, {"id": "1097812263639994369", "url": "https://twitter.com/loveXOLY/status/1097812263639994369", "username": "", "text": "แฮร่ โทษนะคะ ไม่ได้ดู;_;", "date": "19-02-2019 17:56", "retweet": 0, "like": 0}, {"id": "1097735137431670785", "url": "https://twitter.com/loveXOLY/status/1097735137431670785", "username": "", "text": "บิ๊กแพมเพิส", "date": "19-02-2019 12:50", "retweet": 1, "like": 0}, {"id": "1097543503477825536", "url": "https://twitter.com/loveXOLY/status/1097543503477825536", "username": "", "text": "แคปไว้เยอะมากๆอ่ะแก 5555 //พี่เตอร์น่ารักมากอีกแล้ว #เตอร์มิกซ์ pic.twitter.com/gep9IhWfla", "date": "19-02-2019 00:08", "retweet": 2, "like": 0}, {"id": "1097515304735756288", "url": "https://twitter.com/loveXOLY/status/1097515304735756288", "username": "", "text": "ขอโทษนะคะ แต่อดไม่ได้จริงๆ #Mixxiw pic.twitter.com/6epFr5mw1n", "date": "18-02-2019 22:16", "retweet": 0, "like": 0}, {"id": "1097476341136384000", "url": "https://twitter.com/loveXOLY/status/1097476341136384000", "username": "", "text": "ตลกอ่ะ ทำไมผู้นำเราสันดานแย่แบบนี้วะ ไม่ดิกลุ่มผู้นำ #หนักแผ่นดิน", "date": "18-02-2019 19:42", "retweet": 4, "like": 3}, {"id": "1097475662464442368", "url": "https://twitter.com/loveXOLY/status/1097475662464442368", "username": "", "text": "ถ้ามีรัฐประหารอีกคิดว่าพลังของประชาชนสู้ได้มั้ย ที่ผ่านมาเขากูไม่เห็นหัวพวกเราเลย รึเราทำอะไรไม่ได้ #หนักแผ่นดิน", "date": "18-02-2019 19:39", "retweet": 3, "like": 1}, {"id": "1097473836050612224", "url": "https://twitter.com/loveXOLY/status/1097473836050612224", "username": "", "text": "น้ำหนักของกูยังไม่ถึง 100 #หนักแผ่นดิน ขนาดนี้เลย ตายๆ", "date": "18-02-2019 19:32", "retweet": 1, "like": 1}, {"id": "1097342086641111040", "url": "https://twitter.com/loveXOLY/status/1097342086641111040", "username": "", "text": "ถ้าเอาตามความเป็นจริงตอนนี้มันไม่น่าจะเกิดสงครามแล้วค่ะ น่าจะเกิดแค่สงครามทางเศรษฐกิจ แล้วก็การรับสมัครทหาร เราว่าปริมาณมันอาจจะน้อยลง พอเหลืองบก็เอาไปพัฒนากองทัพให้มีคุณภาพมากจึ้น", "date": "18-02-2019 10:48", "retweet": 2, "like": 1}]