[{"id": "1099295206808072192", "url": "https://twitter.com/loving_friday/status/1099295206808072192", "username": "", "text": "http://www. amarintv.com/news-update/el ection2562/election-tips/news-17264/341936/ …", "date": "23-02-2019 20:09", "retweet": 0, "like": 0}, {"id": "1099213970324385792", "url": "https://twitter.com/loving_friday/status/1099213970324385792", "username": "", "text": "ฮาตรงเม้นต์จารย์นี่ละ pic.twitter.com/ZlsyeK0uBI", "date": "23-02-2019 14:46", "retweet": 2, "like": 6}, {"id": "1098960792983023616", "url": "https://twitter.com/loving_friday/status/1098960792983023616", "username": "", "text": "วีรกรรม จปร.7 \"กบฏยังเติร์ก\" หวังโค่นอำนาจ \"พล.อ.เปรม\" สุดท้ายล้มเหลว https://www. thairath.co.th/content/1501676", "date": "22-02-2019 22:00", "retweet": 0, "like": 2}, {"id": "1098953127632396288", "url": "https://twitter.com/loving_friday/status/1098953127632396288", "username": "", "text": "มึงก็ประกาศตัวเป็นนักการเมืองไม่ใช่หรอ >>> ‘บิ๊กตู่’ ซัด นักการเมืองสร้างความเกลียดชัง หยิบ งบฯทหารมาหาเสียงแบบไร้หลักการ https://www. matichon.co.th/election-2019/ news_1375824 … ผ่าน @มติชนออนไลน์", "date": "22-02-2019 21:30", "retweet": 4, "like": 2}, {"id": "1098947078095425536", "url": "https://twitter.com/loving_friday/status/1098947078095425536", "username": "", "text": "ซัดกกต.อย่า 2 มาตรฐาน ยุบ’ทษช.’วันเดียว แต่’พปชร.’ร้องเพลงรอ 1-2 สัปดาห์ https://www. matichonweekly.com/hot-news/artic le_172646 … ผ่าน @มติชนสุดสัปดาห์", "date": "22-02-2019 21:06", "retweet": 0, "like": 4}, {"id": "1098940472460865536", "url": "https://twitter.com/loving_friday/status/1098940472460865536", "username": "", "text": "หนังหน้าไฟ หรือ หน้าหนังหี pic.twitter.com/LperHTcjQs", "date": "22-02-2019 20:40", "retweet": 0, "like": 2}, {"id": "1098935307603304448", "url": "https://twitter.com/loving_friday/status/1098935307603304448", "username": "", "text": "นี่คือตัวอย่างของทหารไทยที่แม่งเก่งแต่รบกับประชาชน >>> ‘หมอเหรียญทอง’ ออกตัวแรงประกาศกร้าว! ผมพร้อมรบ!! หากจำเป็น https://www. matichon.co.th/social/news_13 75783 … ผ่าน @มติชนออนไลน์", "date": "22-02-2019 20:19", "retweet": 59, "like": 32}, {"id": "1098929891959926790", "url": "https://twitter.com/loving_friday/status/1098929891959926790", "username": "", "text": "มีวันนี้เพราะป้อมให้ pic.twitter.com/aLvcarfEsp", "date": "22-02-2019 19:57", "retweet": 196, "like": 68}, {"id": "1098928860765114370", "url": "https://twitter.com/loving_friday/status/1098928860765114370", "username": "", "text": "#ตู่โป๊ะแตก pic.twitter.com/HfdzoTD9N1", "date": "22-02-2019 19:53", "retweet": 3, "like": 3}, {"id": "1098893075475120128", "url": "https://twitter.com/loving_friday/status/1098893075475120128", "username": "", "text": "ไทยแลนด์4.0 >>> อาจารย์ มธ.ทำพิธียัญดาวจักรวาล ดึงพลังจิตจากเบื้องบน ให้บิ๊กตู่ เป็นนายกฯ ต่อ! https://www. khaosod.co.th/politics/news_ 2237660 … ผ่าน @ข่าวสด", "date": "22-02-2019 17:31", "retweet": 1, "like": 0}, {"id": "1098856933941862400", "url": "https://twitter.com/loving_friday/status/1098856933941862400", "username": "", "text": "โอวัลตีนนนนนน https:// twitter.com/Puppylove999/s tatus/1098772819423330304 …", "date": "22-02-2019 15:08", "retweet": 2, "like": 3}, {"id": "1098835899171823617", "url": "https://twitter.com/loving_friday/status/1098835899171823617", "username": "", "text": "เข้าทางเลย สัส >>> https://www. springnews.co.th/politics/448128", "date": "22-02-2019 13:44", "retweet": 1, "like": 1}, {"id": "1098579153345863681", "url": "https://twitter.com/loving_friday/status/1098579153345863681", "username": "", "text": "มิสเตอร์บีน https:// twitter.com/nutnid1802/sta tus/1098577507501060096 …", "date": "21-02-2019 20:44", "retweet": 0, "like": 1}, {"id": "1098575222989410306", "url": "https://twitter.com/loving_friday/status/1098575222989410306", "username": "", "text": "ไหนบอกห้ามพรรคการเมทองใช้นโยบายประชานิยม >>> “พปชร.”จัดหนัก! ลั่น แจก 7 หมื่นปลูกข้าว ไม่ขายฝัน เกี่ยวปั๊บรับ 4 หมื่น แถมค่าตากอีก 3 หมื่น https://www. matichon.co.th/politics/news_ 1374063 … ผ่าน @มติชนออนไลน์", "date": "21-02-2019 20:28", "retweet": 9, "like": 1}, {"id": "1098574024450297859", "url": "https://twitter.com/loving_friday/status/1098574024450297859", "username": "", "text": ">>> พ.ร.บ.มั่นคงไซเบอร์เข้า สนช. พรุ่งนี้ ค้นบ้าน ยึดคอมฯ https:// prachatai.com/journal/2019/0 2/81141 …", "date": "21-02-2019 20:23", "retweet": 0, "like": 1}, {"id": "1098570106748063744", "url": "https://twitter.com/loving_friday/status/1098570106748063744", "username": "", "text": "เดี๋ยวคงหาเรื่องซื้อเครื่องบินใหม่ >>> นายกฯ แจงเครื่องบิน C130 ขัดข้องเพราะเก่า จำเป็นต้องใช้งบกลาโหม https://www. sanook.com/news/7687410/ ผ่าน @sanook", "date": "21-02-2019 20:08", "retweet": 0, "like": 0}, {"id": "1098527694629724160", "url": "https://twitter.com/loving_friday/status/1098527694629724160", "username": "", "text": "หนุ่มไทย ที่เป็นทหารอเมริกัน โพสฉะพวกที่ชอบ พาพลทหารไปรับใช้ที่บ้านนาย นั้นไร้เกียรติ เเละน่าขยะเเขยง ! https://www. sharenews168.info/news-2009", "date": "21-02-2019 17:19", "retweet": 1, "like": 8}, {"id": "1098471501500563457", "url": "https://twitter.com/loving_friday/status/1098471501500563457", "username": "", "text": "มาวัดม่วง นมัสการหลวงพ่อองค์ใหญ่ ดันปิดบูรณะซะงั้น pic.twitter.com/piAvI95bXF", "date": "21-02-2019 13:36", "retweet": 0, "like": 0}, {"id": "1098471013195509761", "url": "https://twitter.com/loving_friday/status/1098471013195509761", "username": "", "text": "เออ เอาที่มึงสบายใจเถอะ ไอ้องค์กรขี้ข้า >>> เลขาฯ กกต.แจงส่งศาลยุบ ‘ทษช.’ เหตุหลักฐานชัดเจน ส่วน พปชร.มีแต่คำร้อง ต้องหาหลักฐานเพิ่ม https://www. matichon.co.th/politics/news_ 1373056 … ผ่าน @มติชนออนไลน์", "date": "21-02-2019 13:34", "retweet": 3, "like": 8}, {"id": "1098417095589548033", "url": "https://twitter.com/loving_friday/status/1098417095589548033", "username": "", "text": "ครับ", "date": "21-02-2019 10:00", "retweet": 0, "like": 1}, {"id": "1098403858135408640", "url": "https://twitter.com/loving_friday/status/1098403858135408640", "username": "", "text": "ครบทุกชื่อ!เงินโต๊ะจีน พปชร.ล็อตใหม่ 60 ราย 262 ล.-เกินกำหนด 1 เดือน ยังอุบอีก270ล้าน https://www. isranews.org/isranews/73986 -isranews-73986.html …", "date": "21-02-2019 09:07", "retweet": 36, "like": 6}, {"id": "1098402819063787520", "url": "https://twitter.com/loving_friday/status/1098402819063787520", "username": "", "text": "นายกฯ บินวนกลับ กทม. เปลี่ยนเครื่อง หลัง C130 ใบพัดขัดข้อง https://www. voicetv.co.th/read/ivnB1UOFF", "date": "21-02-2019 09:03", "retweet": 1, "like": 1}, {"id": "1098385366334074880", "url": "https://twitter.com/loving_friday/status/1098385366334074880", "username": "", "text": "มึงนี่ล่ะ เหมาะกับเพลงนี้สุดๆ >>> 'สุเทพ' ชอบเพลง 'หนักแผ่นดิน' - เตือนสติคนไทยให้รักชาติ https://www. voicetv.co.th/read/hDnlPCOLw", "date": "21-02-2019 07:54", "retweet": 0, "like": 0}, {"id": "1098384073720946694", "url": "https://twitter.com/loving_friday/status/1098384073720946694", "username": "", "text": "เชื้อชั่วไม่มีวันตาย >>> \"10 ปี 3เดือน 21วัน\" เปิดโปง รัฐบาลทหาร ยึดอำนาจประชาชน ยาวนานสุด https://www. thairath.co.th/content/1500990", "date": "21-02-2019 07:49", "retweet": 10, "like": 12}, {"id": "1098367760860495872", "url": "https://twitter.com/loving_friday/status/1098367760860495872", "username": "", "text": "วันนี้21/2/2562 ประเทศไทยเข้าสู่ฤดูร้อนอย่างเป็นทางการ", "date": "21-02-2019 06:44", "retweet": 2, "like": 6}, {"id": "1098249451993411584", "url": "https://twitter.com/loving_friday/status/1098249451993411584", "username": "", "text": "นโยบายดีๆไม่มี หาแดกด้วยการโหนทักษิณ ไอ้สัส กูอยากรู้จริงๆ ถ้าไม่มีทักษิญ ไอ้พวกเหี้ยนี้แม่งจะใช้ชีวิตยังไง เอาชื่อแม้วมาหาแดกก็กราบตีนแม้วมันด้วยล่ะ >>> http://www. amarintv.com/uncategorized/ news-17199/341075/ …", "date": "20-02-2019 22:54", "retweet": 0, "like": 0}, {"id": "1098248660050006024", "url": "https://twitter.com/loving_friday/status/1098248660050006024", "username": "", "text": "สปก.4-01 เสาโรงพัก >>>>> ‘ชวน’ นำทัพปราศรัยอยุธยา ชู ‘ปชป.’ เป็นรบ.ไม่เคยถูกทหารยึดอำนาจ เพราะไม่โกง https://www. matichon.co.th/politics/news_ 1372634 … ผ่าน @มติชนออนไลน์", "date": "20-02-2019 22:50", "retweet": 1, "like": 0}, {"id": "1098234222878158849", "url": "https://twitter.com/loving_friday/status/1098234222878158849", "username": "", "text": "เจ้าของรถหรู-รปภ.-ผู้บริหารห้าง ขอโทษน้องแบมแล้ว เจ้าตัวให้จบเท่านี้ https://www. matichon.co.th/bullet-news-to day/news_1372597 … ผ่าน @มติชนออนไลน์", "date": "20-02-2019 21:53", "retweet": 1, "like": 1}, {"id": "1098233602989387776", "url": "https://twitter.com/loving_friday/status/1098233602989387776", "username": "", "text": "ชาวสยามแห่รับ “ธนาธร” ท่วมท้น พร้อมฝากความหวังเปลี่ยนแปลงปท. (มีคลิป) https://www. matichon.co.th/politics/news_ 1372340 … ผ่าน @มติชนออนไลน์", "date": "20-02-2019 21:51", "retweet": 3, "like": 10}, {"id": "1098195824528347143", "url": "https://twitter.com/loving_friday/status/1098195824528347143", "username": "", "text": "ครับ pic.twitter.com/reTmmZPPyV", "date": "20-02-2019 19:21", "retweet": 2, "like": 1}, {"id": "1098138884527931392", "url": "https://twitter.com/loving_friday/status/1098138884527931392", "username": "", "text": "อีดอก แก่จนจะลงโลงยังหน้าด้านเหี้ยๆ >>>สาวฉุนเจอ “มนุษย์ป้า” นั่งตักในรถไฟใต้ดิน ซ้ำคนมาด้วยปรบมือเชียร์การกระทำ https://www. thairath.co.th/content/1500426", "date": "20-02-2019 15:34", "retweet": 1, "like": 1}, {"id": "1097835355095609345", "url": "https://twitter.com/loving_friday/status/1097835355095609345", "username": "", "text": "ย่อหน้าสุดท้ายโคตรพีค ไปอ่านซะ >>> ย้อนศึกบ้านเล็ก บ้านใหญ่ ชิงสมบัติ 4 พันล้านนายพลเสื้อคับ สุดท้ายจบพลิกล็อก https://www. thairath.co.th/content/1499985", "date": "19-02-2019 19:28", "retweet": 7, "like": 7}, {"id": "1097818181593325568", "url": "https://twitter.com/loving_friday/status/1097818181593325568", "username": "", "text": "สงสัยนายทหารไทยเป็นดูหนังสงครามโบราณแบบเรื่อง เดอะ แพตทิออต มากไป ที่พลทหารต้องมายืนเรียงแถวหน้ากระดานแล้วยิงใส่กันจนล้มตายห่าเป็นแถวๆ ใครมีกำลังพลมากกว่าก็ชนะ", "date": "19-02-2019 18:20", "retweet": 0, "like": 0}, {"id": "1097817465864646657", "url": "https://twitter.com/loving_friday/status/1097817465864646657", "username": "", "text": "@chuvit_online เลือกตั้งรอบนี้ไม่ลงหรอครับ ไม่เห็นป้ายพรรคเสี่ยเลย", "date": "19-02-2019 18:17", "retweet": 0, "like": 0}, {"id": "1097816919749480448", "url": "https://twitter.com/loving_friday/status/1097816919749480448", "username": "", "text": "ผมกินบิ๊กกัฟ 555", "date": "19-02-2019 18:15", "retweet": 0, "like": 0}, {"id": "1097816756515594241", "url": "https://twitter.com/loving_friday/status/1097816756515594241", "username": "", "text": "เกณฑ์ทหารเป็นหมื่นเป็นแสนคนไปทำอะไร ถ้ามีสงครามจริงๆสงครามยุคใหม่เป็นเกมส์กดกันแล้ว นั่งในบก.บังคับโดรนยิงจรวดถล่มกัน เกณฑ์ไปเป็นล้านก็เดธห่าหมด นายทหารไทยแม่งไม่4.0เลยว่ะ", "date": "19-02-2019 18:14", "retweet": 9, "like": 17}, {"id": "1097815723575918592", "url": "https://twitter.com/loving_friday/status/1097815723575918592", "username": "", "text": "กูแดกบิ๊กกัฟ 55555 pic.twitter.com/A6uk7AbtML", "date": "19-02-2019 18:10", "retweet": 0, "like": 1}, {"id": "1097815529325117442", "url": "https://twitter.com/loving_friday/status/1097815529325117442", "username": "", "text": "วันพระใหญ่ ห้ามขายเหล้าเบียร์ กูนั่งแดกเบียร์ไป3ขวดล่ะ แต่เกรงใจเจ๊เจ้าของร้านเดี๋ยวแกจะโดนสอยเลยต้องใส่แก้วบิ๊กกัฟ คือมึงห้ามคนอยากแดก คนอยากขายไม่ได้หรอ", "date": "19-02-2019 18:09", "retweet": 3, "like": 10}, {"id": "1097814402202365953", "url": "https://twitter.com/loving_friday/status/1097814402202365953", "username": "", "text": "เก่งๆอย่างไอ้แดง ถือลูกซองวิ่งไล่ยิงคน ตอนม็อบแดงที่ไทยคม เสียดายฝีมือนะครับถ้าต้องมานั่งโง่ๆในห้องแอร์ ลงใต้เถอะครับ ไปปราบโจรให้คนเค้าสรรเสริญ #หนักแผ่นดิน", "date": "19-02-2019 18:05", "retweet": 12, "like": 13}, {"id": "1097812609884024833", "url": "https://twitter.com/loving_friday/status/1097812609884024833", "username": "", "text": "มันได้ขึ้นเป็นจ่าฝูงทบ.เพราะใครล่ะ >>>> หญิงหน่อย ห่วง วิธีคิด ‘บิ๊กแดง’ อ่อนน้อมต่อแคนดิเดตนายกฯทหาร แข็งกร้าวตัวแทนจากปชช. https://www. matichon.co.th/politics/news_ 1369327 … ผ่าน @มติชนออนไลน์", "date": "19-02-2019 17:58", "retweet": 0, "like": 4}, {"id": "1097810168442642432", "url": "https://twitter.com/loving_friday/status/1097810168442642432", "username": "", "text": "ควย >>> ‘มงคลกิตติ์’ ชี้ ไทยศรีวิไลย์เห็นต่าง ชูนโยบายเพิ่มกำลังพล หวังติด 1 ใน 10 กองทัพโลก https://www. matichon.co.th/politics/news_ 1370078 … ผ่าน @มติชนออนไลน์", "date": "19-02-2019 17:48", "retweet": 2, "like": 3}, {"id": "1097808641527169025", "url": "https://twitter.com/loving_friday/status/1097808641527169025", "username": "", "text": "นักวิชาการจัดหนัก! คน 3 ประเภทที่โลกไม่ต้องการ หลังปลุก “หนักแผ่นดิน” เพาะความเกลียดชัง https://www. matichonweekly.com/in-depth/artic le_171768 … ผ่าน @มติชนสุดสัปดาห์", "date": "19-02-2019 17:42", "retweet": 9, "like": 9}, {"id": "1097758079221825537", "url": "https://twitter.com/loving_friday/status/1097758079221825537", "username": "", "text": "เมาแล้วเสือกขับ เหี้ยจริงๆ >>> วงจรปิดยันชัด เก๋งเมาแล้วขับพุ่งชนร้านเฟอร์นิเจอร์ จนไฟไหม้วอด 80 ล้าน (คลิป) https://www. thairath.co.th/content/1499173", "date": "19-02-2019 14:21", "retweet": 0, "like": 1}, {"id": "1097755921118195712", "url": "https://twitter.com/loving_friday/status/1097755921118195712", "username": "", "text": "ไอ้แดงกำลังโดนขุดพ่อมาด่า ปล่อยระเบิดกลบกระแาแม่งเลย >>> ปิดพื้นที่กู้ระเบิด 2 ลูกใน ซ.อินทามระ 55 http:// pptv36.news/urE ผ่าน @PPTVHD36", "date": "19-02-2019 14:13", "retweet": 4, "like": 0}, {"id": "1097648001013538816", "url": "https://twitter.com/loving_friday/status/1097648001013538816", "username": "", "text": "‘วีระ’ โพสต์พวกโกงชาติ ขายชาติ กบฏยึดอำนาจฉีก รธน.คือพวกหนักแผ่นดิน ผบ.ทบ.กล้าจัดการพวกนี้หรือไม่ https://www. matichonweekly.com/hot-news/artic le_171451 … ผ่าน @มติชนสุดสัปดาห์", "date": "19-02-2019 07:04", "retweet": 10, "like": 12}, {"id": "1097647806645325825", "url": "https://twitter.com/loving_friday/status/1097647806645325825", "username": "", "text": "เอาเงินมาสร้างระบบสาธารณูปโภค ระบบขนส่งมวลชนดีๆให้ปชช.ได้ใช้ดีกว่า #หนักแผ่นดิน >>> เปิดงบประมาณ! ผู้นำทหาร อนุมัติให้กองทัพ ตั้งแต่รัฐประหาร 1 ล้านล้าน https://www. khaosod.co.th/politics/news_ 2224927 … ผ่าน @ข่าวสด", "date": "19-02-2019 07:03", "retweet": 5, "like": 2}, {"id": "1097647391254040577", "url": "https://twitter.com/loving_friday/status/1097647391254040577", "username": "", "text": "ใครคิดเหมือนกูบ้างว่าไอ้อ้วนนี่ตัวหนักแผ่นดินเลย >>> ‘บิ๊กป้อม’ เอาด้วย ไล่คนเสนอลดงบทหาร ไปฟังเพลง ‘หนักแผ่นดิน’ https://www. matichon.co.th/politics/news_ 1368822 … ผ่าน @มติชนออนไลน์", "date": "19-02-2019 07:01", "retweet": 4, "like": 2}, {"id": "1097646265687392256", "url": "https://twitter.com/loving_friday/status/1097646265687392256", "username": "", "text": "ครม.ตั้งงบฉุกเฉิน 100 ล้านบาท ให้ \"บิ๊กแดง\" สั่งการกรณีเกิดเหตุชายแดน https://www. sanook.com/news/7684594/ ผ่าน @sanook", "date": "19-02-2019 06:57", "retweet": 4, "like": 1}, {"id": "1097645280424452096", "url": "https://twitter.com/loving_friday/status/1097645280424452096", "username": "", "text": "ปล่อยหมากัดม็อบ pic.twitter.com/zDq9KvWxMg", "date": "19-02-2019 06:53", "retweet": 4, "like": 8}, {"id": "1097644536237412352", "url": "https://twitter.com/loving_friday/status/1097644536237412352", "username": "", "text": "กำจัดจุดอ่อน มั้ยล่ะมึง https:// twitter.com/iamasiam14/sta tus/1097343239860801536 …", "date": "19-02-2019 06:50", "retweet": 0, "like": 0}, {"id": "1097644211606700032", "url": "https://twitter.com/loving_friday/status/1097644211606700032", "username": "", "text": "ไอ้สัส ทวงบุญคุณจังเลย ตัดหญ้าฆ่ามดขับรถให้นายล้างส้วมซักผ้าให้เมียนายนี่คืนการแทนคุณแผ่นดิน? ทำมาหาแดก จ่ายภาษีกลับคืนให้รัฐ เป็นคนดีของสังคมนี่ก็แทนคุณแผ่นดินละ >>> บิ๊กตู่ ลั่นไม่ยกเลิกเกณฑ์ทหาร หน้าที่ชายไทยต้องตอบแทนคุณแผ่นดิน https:// hilight.kapook.com/view/184143 ผ่าน @kapookdotcom", "date": "19-02-2019 06:49", "retweet": 0, "like": 0}, {"id": "1097491851597078528", "url": "https://twitter.com/loving_friday/status/1097491851597078528", "username": "", "text": "เก่งๆแบบน่าจะขอไปอยู่ชายแดนใต้นะ จะได้แสดงฝีมือทุกวัน https:// twitter.com/hohioeiei/stat us/1097421074852020224 …", "date": "18-02-2019 20:43", "retweet": 1, "like": 1}, {"id": "1097490512250994688", "url": "https://twitter.com/loving_friday/status/1097490512250994688", "username": "", "text": "#ประเทศกูมี #หนักแผ่นดิน pic.twitter.com/jErQr47Ncg", "date": "18-02-2019 20:38", "retweet": 9, "like": 10}, {"id": "1097488537321070592", "url": "https://twitter.com/loving_friday/status/1097488537321070592", "username": "", "text": "ขืนยังพูดจาเลอะเทอะ อีกหน่อยอาจจะเหมือนหลังพฤษภาทมิฬ ที่ทหารแม่งไม่กล้าแต่งเครื่องแบบ", "date": "18-02-2019 20:30", "retweet": 0, "like": 2}, {"id": "1097488214040862732", "url": "https://twitter.com/loving_friday/status/1097488214040862732", "username": "", "text": "อยู่ดีไม่ว่าดี ให้ชาวบ้านเค้าขุดพ่อมึงขึ้นมาด่ากันทั้งบาง ทรพีสัสๆ", "date": "18-02-2019 20:29", "retweet": 30, "like": 21}, {"id": "1097487296708763648", "url": "https://twitter.com/loving_friday/status/1097487296708763648", "username": "", "text": "มองผ่านๆนึกว่า นักข่าวที่ชื่อปานระพี https:// twitter.com/Neung_zeza/sta tus/1097197446432604160 …", "date": "18-02-2019 20:25", "retweet": 0, "like": 0}, {"id": "1097486916075671552", "url": "https://twitter.com/loving_friday/status/1097486916075671552", "username": "", "text": "พรรครักประเทศไทยของชูวิทย์ ไม่ลงเลือกตั้งรอบนี้หรอ?", "date": "18-02-2019 20:24", "retweet": 0, "like": 0}, {"id": "1097486160731955200", "url": "https://twitter.com/loving_friday/status/1097486160731955200", "username": "", "text": "แต่พรรคลุงแม่งเอาภาษีปชช. นโยบายรัฐมาหาเสียง >>> บิ๊กตู่ ฝากแง่คิด ปชช. พรรคการเมืองหาเสียง ใช้เงินมหาศาล ถามจะเอาเงินจากที่ไหน? https://www. matichon.co.th/politics/news_ 1369104 … ผ่าน @มติชนออนไลน์", "date": "18-02-2019 20:21", "retweet": 0, "like": 1}, {"id": "1097464922282180610", "url": "https://twitter.com/loving_friday/status/1097464922282180610", "username": "", "text": "เหี้ยทั้งโคตร พ่อยันลูก #หนักแผ่นดิน", "date": "18-02-2019 18:56", "retweet": 1, "like": 4}, {"id": "1097464654421315585", "url": "https://twitter.com/loving_friday/status/1097464654421315585", "username": "", "text": "พ่อมึงนี่ก็หนักแผ่นดินนะ ตายห่าไปบรรดาเมียๆแย่งมรดกกัน", "date": "18-02-2019 18:55", "retweet": 2, "like": 2}, {"id": "1097464442957123584", "url": "https://twitter.com/loving_friday/status/1097464442957123584", "username": "", "text": "หนักแผ่นดินมั้ยล่ะมึง https://www. voicetv.co.th/read/L_JzMTFOX", "date": "18-02-2019 18:54", "retweet": 1, "like": 1}, {"id": "1097462913248317441", "url": "https://twitter.com/loving_friday/status/1097462913248317441", "username": "", "text": "เกาหลีเหนือโมเดล เรามาล้างสมองกัน >>> ‘บิ๊กแดง’ สั่งเปิดเพลง ‘หนักแผ่นดิน’ ปลุกใจ ผ่านเสียงตามสาย-วิทยุ ทบ.ทั่วประเทศ https://www. matichon.co.th/politics/news_ 1369065 … ผ่าน @มติชนออนไลน์", "date": "18-02-2019 18:48", "retweet": 0, "like": 0}, {"id": "1097462476151566336", "url": "https://twitter.com/loving_friday/status/1097462476151566336", "username": "", "text": "กูดูยังไงแม่งก็ไม่มีทรงชาวนาเลย >>> สนช.เกณฑ์เครือข่ายชาวนา ชูป้ายโชว์ขอบคุณ ‘บิ๊กตู่’ หนุน พ.ร.บ.ข้าว https://www. matichon.co.th/politics/news_ 1369225 … ผ่าน @มติชนออนไลน์", "date": "18-02-2019 18:46", "retweet": 3, "like": 3}, {"id": "1097321683877224448", "url": "https://twitter.com/loving_friday/status/1097321683877224448", "username": "", "text": "องค์กรอะไร ผลงานไม่ค่อยมีแต่แดกงบสูงขึ้นทุกปี", "date": "18-02-2019 09:27", "retweet": 0, "like": 0}, {"id": "1097321376938057734", "url": "https://twitter.com/loving_friday/status/1097321376938057734", "username": "", "text": "หัวร้อนเลยนะ สัส >>> ผบ.ทบ.กร้าว! ไล่หญิงหน่อย ฟังเพลง “หนักแผ่นดิน” หลังชูเลิกเกณฑ์ทหาร-ตัดงบกห. https://www. matichon.co.th/politics/news_ 1368310 … ผ่าน @มติชนออนไลน์", "date": "18-02-2019 09:26", "retweet": 3, "like": 1}, {"id": "1097297148125691904", "url": "https://twitter.com/loving_friday/status/1097297148125691904", "username": "", "text": "สนามบินสุวรรณภูมิ ฝนตกหนักมาก", "date": "18-02-2019 07:50", "retweet": 0, "like": 2}]