[{"id": "1099292665751846912", "url": "https://twitter.com/Lulla_RABBIT/status/1099292665751846912", "username": "", "text": "ไม่เจอกันตั้งนาน เดี๋ยวขี่จักรยานไปหาดีกว่า https:// twitter.com/natsakdatornfc /status/1099248545360572416 …", "date": "23-02-2019 19:59", "retweet": 0, "like": 0}, {"id": "1099287519777107975", "url": "https://twitter.com/Lulla_RABBIT/status/1099287519777107975", "username": "", "text": "หายแล้วจ้า เพิ่งนึกได้ว่าจะคุยตั้งแต่วันโน้นที่น้ำหวานทวีตว่ากำลังไปโรงพยาบาลอะ หมอเดาว่าน่าจะเจอสารพิษตกค้างนั่นแหละ พอดีเพิ่งนึกได้จ้า พี่เองก็เคยเจอจากหอยแมลงภู่ด้วยนะ ชีวิตคนไทยก็แบบนี้แหละ เราจะเจอแจคพอตเมื่อไหร่ก็ไม่รู้ มาตรฐานความปลอดภัยเรื่องอาหารบ้านเราถือว่าแย่มากนะ", "date": "23-02-2019 19:39", "retweet": 0, "like": 0}, {"id": "1099285899114831872", "url": "https://twitter.com/Lulla_RABBIT/status/1099285899114831872", "username": "", "text": "@dolce_cantabile เมื่อปลายปีที่แล้วพ่อพี่ก็ท้องเสียอย่างรุนแรงหลังทานแหนงเนืองเจ้าดัง ทั้ง ๆ ที่เคยทานมาหลายครั้งไม่เป็นไร พี่สาวพี่พาไปโรงพยาบาลช้าด้วย ติดเชื้อจนต้องเข้า ICU ทุกวันนี้ยังงดทานผักสดอยู่เลยอะ ผลไม้ก็ปลอกเปลือกทิ้งก่อนทานทุกชนิด เช่น ฝรั่ง องุ่น ก็ด้วยนะ", "date": "23-02-2019 19:32", "retweet": 0, "like": 0}, {"id": "1099182085724499968", "url": "https://twitter.com/Lulla_RABBIT/status/1099182085724499968", "username": "", "text": "อิ่มแล้วก็ง่วง อาหารยังไม่ย่อยเลยมั้ย", "date": "23-02-2019 12:40", "retweet": 0, "like": 0}, {"id": "1099169063253663744", "url": "https://twitter.com/Lulla_RABBIT/status/1099169063253663744", "username": "", "text": "บางทีพอเจออะไรไม่พึงประสงค์แล้วต้องรีบเข้มแข็งค่ะ จะทำใจได้เมื่อไหร่ก็อีกเรื่อง ชาวบ้านอย่างเรา รัก โลภ โกรธ หลง มันก็มีบ้าง แต่อะไรที่จะพาสู่ทางไม่ดีต้องยั้งใจให้เร็วหน่อย แล้วค่อย ๆ ทำใจไปค่ะ", "date": "23-02-2019 11:48", "retweet": 1, "like": 1}, {"id": "1099168089051095040", "url": "https://twitter.com/Lulla_RABBIT/status/1099168089051095040", "username": "", "text": "คนสมัยนี้หลายคนไม่ค่อยมีมารยาทด้วยค่ะ มันเป็นเรื่องที่ต้องได้รับการสั่งสอนมาแต่เด็กและต้องรู้จักปรับตัว เรียนรู้ไปตลอดชีวิต ไหนจะพวกหลงตัวเองว่าเป็นคนดีอีก อันนี้เจอทีไรคลื่นไส้ทุกทีเลยค่ะ", "date": "23-02-2019 11:44", "retweet": 1, "like": 1}, {"id": "1099166254198210560", "url": "https://twitter.com/Lulla_RABBIT/status/1099166254198210560", "username": "", "text": "ระวังพี่ม่อนคาบไปชิมนะคะ หอมน้ำนมซะด้วย", "date": "23-02-2019 11:37", "retweet": 0, "like": 1}, {"id": "1099103859597692929", "url": "https://twitter.com/Lulla_RABBIT/status/1099103859597692929", "username": "", "text": "", "date": "23-02-2019 07:29", "retweet": 0, "like": 0}, {"id": "1099005254547300353", "url": "https://twitter.com/Lulla_RABBIT/status/1099005254547300353", "username": "", "text": "เจ้าบอสนี่รุ่นหลานแล้วนะคะเนี่ย", "date": "23-02-2019 00:57", "retweet": 0, "like": 0}, {"id": "1098874800213188609", "url": "https://twitter.com/Lulla_RABBIT/status/1098874800213188609", "username": "", "text": "ไม่นึกว่าคุณชายจะเล่นอะไรแบบนี้ด้วย", "date": "22-02-2019 16:19", "retweet": 0, "like": 0}, {"id": "1098796937271160832", "url": "https://twitter.com/Lulla_RABBIT/status/1098796937271160832", "username": "", "text": "เพิ่งได้ทานมื้อเช้าเป็นวาฟเฟิลข้าวโพดที่อร่อยมากเพราะนั่งทานบน ปอ. 511", "date": "22-02-2019 11:09", "retweet": 0, "like": 0}, {"id": "1098795933351854081", "url": "https://twitter.com/Lulla_RABBIT/status/1098795933351854081", "username": "", "text": "", "date": "22-02-2019 11:05", "retweet": 0, "like": 0}, {"id": "1098794895882375170", "url": "https://twitter.com/Lulla_RABBIT/status/1098794895882375170", "username": "", "text": "", "date": "22-02-2019 11:01", "retweet": 0, "like": 0}, {"id": "1098628177620942848", "url": "https://twitter.com/Lulla_RABBIT/status/1098628177620942848", "username": "", "text": "คิดถึงลิตเติ้ลเจจัง เป็นไงบ้างก็ไม่รู้ นางไม่อยู่แล้วแอบใจคอไม่ค่อยดี เหงา ๆ บอกไม่", "date": "21-02-2019 23:59", "retweet": 0, "like": 0}, {"id": "1098586723112501248", "url": "https://twitter.com/Lulla_RABBIT/status/1098586723112501248", "username": "", "text": "หมาแฝดนี่ใช่มอลทีสมั้ยคะ ของลูกสาวคนเล็กก็มีปัญหาเรื่องกินยาก นางเลยชอบแกล้งยกชามข้าวหมามาทำเป็นแย่งกิน หมาหวงก้าง เอ๊ย.. หมาหวงข้าวเลยเห่าทวง พอได้คืนมากินเกลี้ยงเลยค่ะ", "date": "21-02-2019 21:14", "retweet": 0, "like": 3}, {"id": "1098584475724730368", "url": "https://twitter.com/Lulla_RABBIT/status/1098584475724730368", "username": "", "text": "", "date": "21-02-2019 21:05", "retweet": 0, "like": 0}, {"id": "1098472254021619717", "url": "https://twitter.com/Lulla_RABBIT/status/1098472254021619717", "username": "", "text": "วันนี้ Work at home ต่อได้อีกหนึ่งวัน ตอนสายเลยไปเขี่ยเศษใบไม้กับเศษดินใต้แท้งค์น้ำ ใช้เวลาเกือบสามชั่วโมงเพราะติดปั๊มมาขวาง กวาดออกมาถมโคนต้นมะม่วงได้เยอะอยู่ ฉีดน้ำไล่ที่เหลือ เย็นกวาดต่ออีกรอบ ทำไว้รอต้อนรับคุณนายลิ้ตเติ้ลเจนะเนี่ย นางชอบมุดเข้าไปนอนกลางวัน คิดถึงนางจัง", "date": "21-02-2019 13:39", "retweet": 0, "like": 1}, {"id": "1098237120580210689", "url": "https://twitter.com/Lulla_RABBIT/status/1098237120580210689", "username": "", "text": "น้องนพส่งกำลังใจให้คุณพ่อ ม.ล.อภิมงคล โสณกุล #ประชาธิปัตย์ https://www. instagram.com/p/BuG25DLHlHc/ ?utm_source=ig_share_sheet&igshid=iquf8fy81y5p …", "date": "20-02-2019 22:05", "retweet": 0, "like": 0}, {"id": "1098197764356231174", "url": "https://twitter.com/Lulla_RABBIT/status/1098197764356231174", "username": "", "text": "ป้าแถวบ้านพาหมอมารับคุณนายลิ้ตเติ้ลเจไปทำหมันเมื่อตอนสาย ดิฉันมัววุ่นอยู่บ้านน้าอีกคนเลยไม่ได้ร่ำลา ใจหายโหวงเหวง ขอให้ปลอดภัยกลับมาอยู่เป็นเพื่อนกันนาน ๆ นะ ก็ว่าทำไมคุณนายมาดามเบลล์มาจ้องหน้ากดดันดิฉันแปลก ๆ คนอยากฟ้องว่ามีคนมาพาลูกนางไปมั้ง", "date": "20-02-2019 19:28", "retweet": 0, "like": 0}, {"id": "1098190955365068800", "url": "https://twitter.com/Lulla_RABBIT/status/1098190955365068800", "username": "", "text": "ก็แล้วแต่เลยค่ะ เดี๋ยวจะหาว่ารังแกเด็ก นี่ก็ไม่เลือกคุณเค้าแต่แรกจะถูกจัดเป็นแก๊งเต่าล้านปีไปด้วยมั้ยคะเนี่ย จริง ๆ แล้วอาวุโสยังมิถึงนะคะ", "date": "20-02-2019 19:01", "retweet": 0, "like": 0}, {"id": "1098190242870308864", "url": "https://twitter.com/Lulla_RABBIT/status/1098190242870308864", "username": "", "text": "Celeb มากค่ะ", "date": "20-02-2019 18:58", "retweet": 0, "like": 0}, {"id": "1098189746323447809", "url": "https://twitter.com/Lulla_RABBIT/status/1098189746323447809", "username": "", "text": "Stop น่าจะถูกหลักภาษามากกว่ามั้งคะ ไม่แน่ใจค่ะ ว่าใช้ Brake ได้มั้ย", "date": "20-02-2019 18:56", "retweet": 0, "like": 0}, {"id": "1098163395272966144", "url": "https://twitter.com/Lulla_RABBIT/status/1098163395272966144", "username": "", "text": "ใช่ค่ะ มองเห็นจากคันหน้าประจำ บนรถมีเสียงบอกว่าต่อไปคือป้ายอะไรทั้งไทยและอังกฤษ การนั่งรถป๊อปสายต่าง ๆ ที่เวียนในจุฬาฯ ถือเป็นความรื่นรมย์เสมอแม้จะผ่านตึกเดิม ๆ ต้นไม้เดิม ๆ ค่ะ", "date": "20-02-2019 17:12", "retweet": 0, "like": 0}, {"id": "1098142859478401024", "url": "https://twitter.com/Lulla_RABBIT/status/1098142859478401024", "username": "", "text": "มาดามเบลล์.. มะมี้ของลิ้ตเติ้ลเจค่ะ หน้าตาบึ้งตึงตลอด #MadamBellTheStreetCat #Cat #Thailand https://www. instagram.com/p/BuGPamQh9ew/ ?utm_source=ig_twitter_share&igshid=1n5x8lkc5ch6u …", "date": "20-02-2019 15:50", "retweet": 0, "like": 0}, {"id": "1098130166801256449", "url": "https://twitter.com/Lulla_RABBIT/status/1098130166801256449", "username": "", "text": "ต้องมีสักวันเนอะ", "date": "20-02-2019 15:00", "retweet": 0, "like": 0}, {"id": "1098127485093335040", "url": "https://twitter.com/Lulla_RABBIT/status/1098127485093335040", "username": "", "text": "ไม่พอใจอะไรหรือเจ้าคะ", "date": "20-02-2019 14:49", "retweet": 0, "like": 0}, {"id": "1098116460470325249", "url": "https://twitter.com/Lulla_RABBIT/status/1098116460470325249", "username": "", "text": "Eve and Boy ราคาดีนะคะ บางช่วงมี 1 แถม 1 ด้วย ถ้ามีโอกาสลองแวะไปดูค่ะ", "date": "20-02-2019 14:05", "retweet": 0, "like": 0}, {"id": "1098115879160532992", "url": "https://twitter.com/Lulla_RABBIT/status/1098115879160532992", "username": "", "text": "ยังเหมือนกัน วันวาเลนไทน์เห็นว่าลงพารากอนว่าจะแวะก็ลืม บริษัทไม่ได้ไกลบ้านเรานะ แต่ไม่ใช่ทางผ่านเลยไม่ได้กินซะที", "date": "20-02-2019 14:03", "retweet": 0, "like": 0}, {"id": "1098111317930520576", "url": "https://twitter.com/Lulla_RABBIT/status/1098111317930520576", "username": "", "text": "21 ก็ด้วยค่ะ อยากให้สายนี้มีทางด่วนช่วงเช้ากับเย็นก็ยังดีนะคะ อ้อมเหลือเกิน", "date": "20-02-2019 13:45", "retweet": 0, "like": 0}, {"id": "1098110081600708608", "url": "https://twitter.com/Lulla_RABBIT/status/1098110081600708608", "username": "", "text": "ชอบรถรุ่นนี้ค่ะ แอร์เย็นจนหนาว ใช้ 142 ประจำแต่ต้องลุ้นเอาว่าจะเจอรถรุ่นนี้มั้ย สาย 138 นี่น่าจะมีแต่รถรุ่นใหม่นี้ทุกคันแล้วมั้งคะ เวลาไปต่อหรือรอรถใต้ทางด่วน กม. 9 เห็น 138 มีแต่รถรุ่นใหม่ตลอดค่ะ", "date": "20-02-2019 13:40", "retweet": 0, "like": 0}, {"id": "1098027379698524160", "url": "https://twitter.com/Lulla_RABBIT/status/1098027379698524160", "username": "", "text": "https:// twitter.com/ch3thailandnew s/status/1098026679417487360 …", "date": "20-02-2019 08:11", "retweet": 0, "like": 0}, {"id": "1098027107119034369", "url": "https://twitter.com/Lulla_RABBIT/status/1098027107119034369", "username": "", "text": "", "date": "20-02-2019 08:10", "retweet": 0, "like": 1}, {"id": "1097912156807282688", "url": "https://twitter.com/Lulla_RABBIT/status/1097912156807282688", "username": "", "text": "ขอแคะกระปุกแป๊บนะคะ ชอบคิดอะไรบ๊อง ๆ ในการตัดสินใจเรื่องจริงจังในแต่ละช่วงชีวิตเสมอค่ะ แต่ก็อยากเจอจริง ๆ นะคะ มีเรื่องสงสัยอยากถามมากมายค่ะ", "date": "20-02-2019 00:33", "retweet": 0, "like": 1}, {"id": "1097910864772886528", "url": "https://twitter.com/Lulla_RABBIT/status/1097910864772886528", "username": "", "text": "Happy birthday. Wish you all the best. pic.twitter.com/Vi9tYAugjV", "date": "20-02-2019 00:28", "retweet": 1, "like": 0}, {"id": "1097907624165556225", "url": "https://twitter.com/Lulla_RABBIT/status/1097907624165556225", "username": "", "text": "เผื่อวันหนึ่งมีโอกาสเจอเหล่าเทพเจ้ากรีกจะได้ทักทายพูดคุยกันได้ค่ะ ตอน ม. ปลาย ปุ้มเลือกเรียนศิลป์ฝรั่งเศสไม่ใช่แค่เพราะเกลียดเลข แต่อยากพูดภาษาที่เค้าว่าเพราะที่สุดในโลกและเผื่อได้เจอมาดามโคโค่ ชาแนล พระนางมาครี อองตัวแนตต์ พระเจ้าหลุยส์ทถกพระองค์จะได้คุยกันรู้เรื่องค่ะ", "date": "20-02-2019 00:15", "retweet": 1, "like": 2}, {"id": "1097904090594500608", "url": "https://twitter.com/Lulla_RABBIT/status/1097904090594500608", "username": "", "text": "May you rest forever in peace. You're always My Inspiration. #KarlLagerfeld https:// twitter.com/time/status/10 97892341241864198 …", "date": "20-02-2019 00:01", "retweet": 0, "like": 0}, {"id": "1097883471018520577", "url": "https://twitter.com/Lulla_RABBIT/status/1097883471018520577", "username": "", "text": "เป็นเราจะผลักมันออกค่ะ มันไม่มีสิทธิ์มาทำกับเราแบบนี้", "date": "19-02-2019 22:39", "retweet": 0, "like": 3}, {"id": "1097882804061237248", "url": "https://twitter.com/Lulla_RABBIT/status/1097882804061237248", "username": "", "text": "เมื่อหัวค่ำพาคุณลิ้ตเติ้ลเจไปเล่นหน้าบ้านเช่นเคย ดิฉันเพลิดเพลินกับพระจันทร์เสวยฤกษ์มาฆะคืนนี้มาก ตามประสาคนเกิดวันจันทร์วันเพ็ญเดือน 12 เมื่อเช้าถวายค่าน้ำค่าไฟวัดทุ่งลานนาตามศรัทธาไม่เกินกำลัง ตอนเย็นขี่จักรยานเจอเหรียญสิบเลยเอาไปหยอดกล่องวัดพระบาทน้ำพุ อนุโมทนาบุญร่วมกันนะคะ", "date": "19-02-2019 22:37", "retweet": 0, "like": 0}, {"id": "1097880660490870785", "url": "https://twitter.com/Lulla_RABBIT/status/1097880660490870785", "username": "", "text": "เวลาดูละครย้อนยุค ตัวละครไหนจบจากปีนังนี่ดูหรูหราหมาเห่า (เปิ๊ดสะก๊าด) มากเลยนะคะ", "date": "19-02-2019 22:28", "retweet": 0, "like": 0}, {"id": "1097752039109550080", "url": "https://twitter.com/Lulla_RABBIT/status/1097752039109550080", "username": "", "text": "#ทีมว่าน #4แยกปากหวาน pic.twitter.com/7mxYHyLcho", "date": "19-02-2019 13:57", "retweet": 0, "like": 0}, {"id": "1097712218047696896", "url": "https://twitter.com/Lulla_RABBIT/status/1097712218047696896", "username": "", "text": "เอาที่สบายใจค่ะ #LittleJTheStreetCat #Cat #Thailand https://www. instagram.com/p/BuDLlJ9Btd2/ ?utm_source=ig_twitter_share&igshid=98z2kzva57vq …", "date": "19-02-2019 11:19", "retweet": 0, "like": 0}, {"id": "1097578289160323072", "url": "https://twitter.com/Lulla_RABBIT/status/1097578289160323072", "username": "", "text": "ไม่รู้ ไม่เห็นยังจะดีกว่า พอได้รู้ ได้เห็นก็เป็นห่วงจนนอนไม่หลับเลยเนี่ย เหมือนกลายเป็นห่วงมาผูกคอตัวเอง ดวงตาเห็นธรรมฉลองวันพระใหญ่เลย แต่ยังทำใจไม่ได้ ยังปลงไม่ตกเจ้าค่ะ", "date": "19-02-2019 02:27", "retweet": 0, "like": 0}, {"id": "1097567111709224961", "url": "https://twitter.com/Lulla_RABBIT/status/1097567111709224961", "username": "", "text": "ถือว่าโปรดสัตว์แล้วกันนะคะ", "date": "19-02-2019 01:42", "retweet": 0, "like": 2}, {"id": "1097566708460449792", "url": "https://twitter.com/Lulla_RABBIT/status/1097566708460449792", "username": "", "text": "เลือกไปบริจาคบ้าง แล้วซื้อใหม่ ตกลงว่าได้เข้านอนเร็วบ้างมั้ยคะลูก", "date": "19-02-2019 01:41", "retweet": 0, "like": 0}, {"id": "1097400929693794304", "url": "https://twitter.com/Lulla_RABBIT/status/1097400929693794304", "username": "", "text": "แอบอยากให้มีพี่นินา ญารินดาด้วยอะ พี่ชอบมาก เคยนั่งรถป๊อปผ่านเห็นแกเดินอยู่หน้าถาปัตย์เกือบจะกรี๊ดออกมาแล้ว", "date": "18-02-2019 14:42", "retweet": 0, "like": 1}, {"id": "1097395641431384064", "url": "https://twitter.com/Lulla_RABBIT/status/1097395641431384064", "username": "", "text": "", "date": "18-02-2019 14:21", "retweet": 0, "like": 0}, {"id": "1097395452020895744", "url": "https://twitter.com/Lulla_RABBIT/status/1097395452020895744", "username": "", "text": "ต้องเขียนว่า.. สวัสดีวันอาทิตย์ ด้วยค่ะ ชุดเข้ากันมากทีเดียว", "date": "18-02-2019 14:20", "retweet": 0, "like": 1}, {"id": "1097393801696468993", "url": "https://twitter.com/Lulla_RABBIT/status/1097393801696468993", "username": "", "text": "", "date": "18-02-2019 14:14", "retweet": 0, "like": 1}]