[{"id": "1098977539848957953", "url": "https://twitter.com/macroart/status/1098977539848957953", "username": "", "text": "น่าไปช็อปของกิน บลูแพลนเที่ยวพาเยือน : ชวนล้มละลายที่ ดอง ดอง ดองกิ ช้อปได้ที่ไทยไม่ต้องบินไกลไปถึงญี่ปุ่น https:// pantip.com/topic/38581506 #pantip via @pantip1996", "date": "22-02-2019 23:07", "retweet": 0, "like": 0}, {"id": "1097865771219337218", "url": "https://twitter.com/macroart/status/1097865771219337218", "username": "", "text": "สูตรรัฐบาลผสมแบบไหนที่คุณรับได้มากที่สุด? #เพื่อไทย #ประชาธิปัตย์ #อนาคตใหม่ #พลังประชารัฐ", "date": "19-02-2019 21:29", "retweet": 0, "like": 1}, {"id": "1097348573702717440", "url": "https://twitter.com/macroart/status/1097348573702717440", "username": "", "text": "คนเงินเดือนเป็นแสนมีอยู่จริง จะเชื่อแล้วพัฒนาตัวเอง หรือจะแซะแล้วอยู่กับที่ ก็ขึ้นกับตัวเองทั้งนั้น ทำไมคนรวยในพันทิปเยอะจัง <<<< มีเรื่องจะเล่าให้ฟังค่ะ https:// pantip.com/topic/38553162 #pantip via @pantip1996", "date": "18-02-2019 11:14", "retweet": 15, "like": 5}]