[{"id": "1098162727430762499", "url": "https://twitter.com/Mamomatow/status/1098162727430762499", "username": "", "text": "ชวนได้น่ารักจริง พ่อคุณพ่อขนุนหนัง https:// twitter.com/tawan_v/status /1098112223925260288 …", "date": "20-02-2019 17:09", "retweet": 0, "like": 0}, {"id": "1098018752627539968", "url": "https://twitter.com/Mamomatow/status/1098018752627539968", "username": "", "text": "มีความรู้สึกว่าอยากจะนอน ไม่อยากไปทำงานเลย อยากงอแง ได้เหมือนตอนอนุบาลที่ไม่อยากไปโรงเรียน แต่ยังไงย่าก็จับอาบน้ำใส่ชุดนักเรียนขึ้นรถไปโรงเรียนอยู่ดี ได้แต่นั่งทำตาปริบๆปริ่มน้ำตา", "date": "20-02-2019 07:37", "retweet": 0, "like": 0}]