[{"id": "1099370548067426304", "url": "https://twitter.com/MAN_NSTDA/status/1099370548067426304", "username": "", "text": "คนที่ด่าๆๆ หรือสงสารคนนั่นคนนี้ ถามจริง รู้เรื่องราวทั้งหมดแล้วเหรอ...ก็นะ อดใจรอกันไปก่อน #ป๊อบปองกูล", "date": "24-02-2019 01:08", "retweet": 2, "like": 0}, {"id": "1099215344948805632", "url": "https://twitter.com/MAN_NSTDA/status/1099215344948805632", "username": "", "text": "เป็นแคมเปญโฆษณาที่หลอกให้หลงผิดได้ Here มาก...แม่งรับพลังลบมาเต็มๆ pic.twitter.com/mgnZQaT9No", "date": "23-02-2019 14:52", "retweet": 0, "like": 0}, {"id": "1098961991190757376", "url": "https://twitter.com/MAN_NSTDA/status/1098961991190757376", "username": "", "text": "กลุ่มสยามวาลา ประกอบธุรกิจมามากกว่า 100 ปี เคล็ดลัพธ์คือปรับเปลี่ยนองค์กรณ์ หรือกระบวนการทางธุรกิจให้เหมาะกับสถาณการณ์ปัจจุบัน เช่น กลุ่มงาน Logistics ที่ช่วยสนับสนุนบริษัทตัวเองมานานจนเชี่ยวชาญ จึงเอาความเชี่ยวชาญตรงนี้ไปแตกเป็นอีกธุรกิจเพื่อให้บริการชาวบ้าน", "date": "22-02-2019 22:05", "retweet": 1, "like": 0}, {"id": "1098585149304786945", "url": "https://twitter.com/MAN_NSTDA/status/1098585149304786945", "username": "", "text": "“ผมไม่ได้จ้างคนฉลาดมา เพื่อที่ผมจะบอกว่าให้เขาทำอะไร แต่ผมจ้างคนฉลาดมาเพื่อ ให้เขามาบอกผมว่าเขาจะทำอะไรให้ผม” - สตีฟ จ็อบ", "date": "21-02-2019 21:08", "retweet": 1, "like": 0}, {"id": "1098469180775456768", "url": "https://twitter.com/MAN_NSTDA/status/1098469180775456768", "username": "", "text": "ตอนแรกก็สงสัยเช่นกันครับ และก็ได้แต่พูดใส่อารมณ์ตามๆกันมา ก็เลยหาข้อมูลจากเว็บของทวิตเตอร์เลยดีกว่า", "date": "21-02-2019 13:27", "retweet": 0, "like": 0}, {"id": "1098449449632714752", "url": "https://twitter.com/MAN_NSTDA/status/1098449449632714752", "username": "", "text": "pic.twitter.com/GoBgHlsx9z", "date": "21-02-2019 12:08", "retweet": 2, "like": 2}, {"id": "1098409491601575936", "url": "https://twitter.com/MAN_NSTDA/status/1098409491601575936", "username": "", "text": "การที่เทรนหายไปมันเป็น อัลกอลิทึ่มของ twitter ครับ เพราะให้เรื่องอื่นๆที่คนสนใจได้โผล่มาบ้าง pic.twitter.com/Ty2HfHXpAu", "date": "21-02-2019 09:30", "retweet": 0, "like": 1}, {"id": "1098377396850352129", "url": "https://twitter.com/MAN_NSTDA/status/1098377396850352129", "username": "", "text": "ไม่มีใครลบแฮชแท็กได้ว้อยๆๆๆๆๆ ที่มันหายเพราะเป็นกติกาของ twitter ที่กำหนดให้หัวข้อใดๆก็ตามขึ้นเทรนได้ชั่วขณะ เต็มที่ก็วันนึงเท่านั้น เพื่อให้หัวข้ออื่นๆที่กำลังได้รับความนิยม ได้โผล่มาให้เห็นบ้าง #savethanatorn", "date": "21-02-2019 07:22", "retweet": 20, "like": 1}, {"id": "1098261653194338304", "url": "https://twitter.com/MAN_NSTDA/status/1098261653194338304", "username": "", "text": "มันไม่ได้ยากเกินความสามารถนะ แต่ทำไมทำไม่ได้สักที #IELTS", "date": "20-02-2019 23:42", "retweet": 0, "like": 0}, {"id": "1097752517255979010", "url": "https://twitter.com/MAN_NSTDA/status/1097752517255979010", "username": "", "text": "เพิ่งได้รู้ข้อมูลว่าการปล่อยมลพิษจากเครื่องบินนั้นสูงมาก สูงกว่าการเดินทางโดยพาหนะอื่นๆ ถ้าเทียบอัตราการปล่อยของเสียต่อระยะทางนะ และหากบินช่วงกลางคืนก็ยิ่งมีผลกระทบต่อสิ่งแวดล้อมมากกว่าตอนกลางวัน เพราะ contrail (น่าจะหมายถึงไอที่พ่นออกมา) ไม่สะท้อนแสงกลับเหมือนตอนกลางวัน", "date": "19-02-2019 13:59", "retweet": 0, "like": 0}, {"id": "1097741993470349313", "url": "https://twitter.com/MAN_NSTDA/status/1097741993470349313", "username": "", "text": "พอสรุปเบื้องต้นได้ไหมว่า ความเห็นต่างทางการเมือง ทำให้คนต้องเกลียดกัน เพราะ อย่างเรื่องกีฬา, การแต่งตัว, การฟังเพลง, ฯลฯ ก็มีเห็นต่าง และด่ากัน ก็ไม่เห็นว่าต้องเกลียดกัน เช่น ชอบนักบอลคนนึงมา 10 กว่าปี แล้วมารู้ว่า นักบอลคนนั้นมีรสนิยมทางการเมืองตรงข้าม ก็เกลียดเฉยเลย อะไรงี้", "date": "19-02-2019 13:17", "retweet": 0, "like": 0}, {"id": "1097728607059726336", "url": "https://twitter.com/MAN_NSTDA/status/1097728607059726336", "username": "", "text": "มันแปลกไหมที่มีรสนิยมการเมืองต่างกันแล้วต้องเกลียดกัน มันควรจะเป็นอย่างนี้เหรอ? หรืออย่างไร? #หนักเเผ่นดิน", "date": "19-02-2019 12:24", "retweet": 4, "like": 4}, {"id": "1097693229166645248", "url": "https://twitter.com/MAN_NSTDA/status/1097693229166645248", "username": "", "text": "ดันสักยันต์-ศาลพระภูมิ เป็นสินค้าส่งออก ชี้ไทยมีอาจารย์ดัง – ทั่วโลกแห่ใช้บริการ https://www. smartsme.co.th/content/216683 ?fbclid=IwAR1BzKgvvgvOLW7dan2JFvZKSnEykoimr-TsBBD5CM-Q0kVsHcfTfgxyHf0 … โดยส่วนตัวเห็นด้วยนะ เพราะทุกวันนี้การค้ามันอยู่บนพื้น,านของความเชื่อ", "date": "19-02-2019 10:03", "retweet": 0, "like": 0}, {"id": "1097527720311844866", "url": "https://twitter.com/MAN_NSTDA/status/1097527720311844866", "username": "", "text": "อุปนิสัยของคนไทยพร้อมที่จะก้าวสู่การเป็นประเทศที่มีรายได้สูง หรือประเทศที่เจริญแล้วได้หรือยัง ถ้ายังคนไทยควรจะมีอุปนิสัยอย่างไรหว่า? #Thailandinnovation", "date": "18-02-2019 23:06", "retweet": 0, "like": 0}, {"id": "1097507816833601537", "url": "https://twitter.com/MAN_NSTDA/status/1097507816833601537", "username": "", "text": "เพลงบักแตงโม มาดังได้จังหวะ กับสองคนนี้จริงๆ #thevoiceTH", "date": "18-02-2019 21:47", "retweet": 0, "like": 0}, {"id": "1097405483424444416", "url": "https://twitter.com/MAN_NSTDA/status/1097405483424444416", "username": "", "text": "https://www. facebook.com/nitikorn.k/pos ts/10157148481763653 …", "date": "18-02-2019 15:00", "retweet": 0, "like": 0}, {"id": "1097373772514975744", "url": "https://twitter.com/MAN_NSTDA/status/1097373772514975744", "username": "", "text": "รายละเอียดทั้งหมดหาอ่านได้ที่ รายงานฉบับนี้ https:// drive.google.com/file/d/1o9oZul VthpZzp1AuuawIuutjGoIw3ZYI/view … #thailandinnovation", "date": "18-02-2019 12:54", "retweet": 0, "like": 0}, {"id": "1097373420767965185", "url": "https://twitter.com/MAN_NSTDA/status/1097373420767965185", "username": "", "text": "รัฐกำลังปรับโครงสร้างอุตสาหกรรมแห่งอนาคต ด้วย Innovation Driven ด้วยตัวเลขลงทุนในกลุ่มอุตสาหกรรม New S-Curve กว่า 4 แสนล้านบาท และสามารถเพิ่มสัดส่วนการลงทุนทำ R&D/ จาก 0.47(ปี 2556) เป็น 1.0(ปี 2560) ซึ่งเป็นมูลค่าการลงทุนกว่า 4 แสนล้านเช่นกัน #thailandinnovation", "date": "18-02-2019 12:53", "retweet": 0, "like": 0}, {"id": "1097372182731153409", "url": "https://twitter.com/MAN_NSTDA/status/1097372182731153409", "username": "", "text": "ภาพรวมการพัฒนาประเทศไทย พ.ศ.2557-2561 จาก GDP1.0 เป็น 4.2 ตามลำดับ สำหรับปีนี้ ปี 2562 เศรษฐกิจโลกชะลอตัว แต่ไทยน่าจะโตสวน เนื่องจาก การลงทุนของเอกชน,การส่งออก, การใช้จ่ายของภาคครัวเรือน, การลงทุนของรัฐอย่างต่อเนื่อง เป็นต้น #thailandinnovation", "date": "18-02-2019 12:48", "retweet": 0, "like": 0}, {"id": "1097370878768119808", "url": "https://twitter.com/MAN_NSTDA/status/1097370878768119808", "username": "", "text": "ตัวชี้วัดที่บอกว่าประเทศที่พัฒนาหรือยัง เขาวัดกันที่รายได้เฉลี่ยต่อหัวประชากร หรือ GNP per capita มีเกณฑ์ดังนี้ ต่ำกว่า $995=รายได้ต่ำ, $995-3,895=รายได้ปานกลางถึงต่ำ, $3,985-12,055=รายได้ปานกลางถึงสูง, $12,055 ขึ้นไปเป็นรายได้สูง ส่วนไทยอยู่ที่ $3,000-8,999 #thailandinnovation", "date": "18-02-2019 12:43", "retweet": 0, "like": 0}, {"id": "1097368677962280960", "url": "https://twitter.com/MAN_NSTDA/status/1097368677962280960", "username": "", "text": "ความสามารถในการแข่งขันของประเทศไทยปี 2018 ที่ WEF จัดอันดับ พบว่า ประเทศไทยยังคงถูกจัดอยู่ในกลุ่มประเทศที่ขับเคลื่อนด้วย ประสิทธิภาพการผลิต (Efficiency-driven Country) ส่วนประเทศที่พัฒนาแล้วจะขับเคลื่อนด้วยนวัตกรรม (Innovation-driven Country) #thailandinnovation", "date": "18-02-2019 12:34", "retweet": 0, "like": 0}]