[{"id": "1099333163585662981", "url": "https://twitter.com/ManitaSriphanga/status/1099333163585662981", "username": "", "text": "วันๆทะเลาะกับหมา สงสัยไม่มีเพื่อนเล่น", "date": "23-02-2019 22:40", "retweet": 0, "like": 0}, {"id": "1097557985721692161", "url": "https://twitter.com/ManitaSriphanga/status/1097557985721692161", "username": "", "text": "โตขึ้น ความรัก ก็เปลี่ยนรูปแบบไป คาดหวังให้น้อยที่สุดเท่าที่ทำได้ คงเป็นสิ่งที่จะทำให้เรามีความสุข แต่กลับมันก็เป็นเส้นบางๆที่เปราะบาง", "date": "19-02-2019 01:06", "retweet": 1, "like": 1}]