[{"id": "1099356943720755200", "url": "https://twitter.com/maygic4/status/1099356943720755200", "username": "", "text": "กัญชาเพื่อสันทนาการ คืออะไรเหรอคะ", "date": "24-02-2019 00:14", "retweet": 0, "like": 0}, {"id": "1099344073066835968", "url": "https://twitter.com/maygic4/status/1099344073066835968", "username": "", "text": "เม้นเฉียบมากก", "date": "23-02-2019 23:23", "retweet": 0, "like": 0}, {"id": "1099338375352348673", "url": "https://twitter.com/maygic4/status/1099338375352348673", "username": "", "text": "อย่างเราชอบดูหนังประวัติศาสตร์ หนังสงคราม ก็ทำให้เราได้เข้าใจเรื่องต่างๆผ่านหนัง บางเรื่องพอดูเสร็จก็ทำให้เราอยากไปหาอ่านเพิ่ม หรือพอเราเคยอ่านมาแล้วก็อยากดูหนังที่คล้ายกับเรื่องราวที่อยากดู เช่น อลิซาเบธ โรมานอฟ ทรอย https:// twitter.com/dogmouthbear/s tatus/1099327544401178624 …", "date": "23-02-2019 23:01", "retweet": 3, "like": 4}, {"id": "1099314509741678593", "url": "https://twitter.com/maygic4/status/1099314509741678593", "username": "", "text": "เคสนี้ขอเผือกแบบเงียบๆละกันเนอะ เดี๋ยวหมาอีกเพราะหลายๆเคสก็เงิบมาหลายทีแล้วถ้าออกตัวแรง #ป๊อบปองกูล", "date": "23-02-2019 21:26", "retweet": 0, "like": 1}, {"id": "1099180445147717633", "url": "https://twitter.com/maygic4/status/1099180445147717633", "username": "", "text": "แค่เห็นที่คุณตอบมาก็ไม่ต่างจากคำพูดเดิมๆเมื่อสมัยโน้นที่กลุ่มสีเสื้อเอาแต่ด่าฝ่ายที่ไม่เห็นด้วยกับพวกตัวเอง ทวิตพูดถึงทหารสมัยที่รัฐประหารชาติชายแค่นั้น ใครกันแน่ที่โง่งมทวิตไม่เกี่ยวทักษิณก็โยงให้เกี่ยวอยู่ได้ ทักษิณได้สัมปทานก่อนรัฐประหารอีก รูปนี้ก็เห็นหลายรอบแล้วค่ะ", "date": "23-02-2019 12:33", "retweet": 0, "like": 0}, {"id": "1098986848049741825", "url": "https://twitter.com/maygic4/status/1098986848049741825", "username": "", "text": "ถ้าจะสอนให้เด็กรู้จริง อย่างแรกคือกล้ายอมรับอดีตต่างๆที่มันเกิดขึ้นในทุกเรื่องอย่างเท่าเทียม ทุกฝ่าย เลวร้ายสุดควรเขียนใหม่ตั้งแต่ยุค6ตุลาเป็นต้นมา ว่า ทหาร นักศึกษา ประชาชน นักการเมือง ใครทำอะไรบ้าง ไม่ใช่มีแต่ประชดประชัน", "date": "22-02-2019 23:44", "retweet": 0, "like": 0}, {"id": "1098982324601946112", "url": "https://twitter.com/maygic4/status/1098982324601946112", "username": "", "text": "เพราะประวัติศาสตร์ไทยเกี่ยวกันหลายฝ่ายไม่ใช่แค่การเมืองอย่างเดียวแต่มันลากยาวเกี่ยวข้องกับสถาบันด้วยค่ะ", "date": "22-02-2019 23:26", "retweet": 0, "like": 1}, {"id": "1098962808656474112", "url": "https://twitter.com/maygic4/status/1098962808656474112", "username": "", "text": "คุณช่อนี่เรารู้จักตั้งแต่เป็นพิธีกรในช่องVoice", "date": "22-02-2019 22:08", "retweet": 0, "like": 0}, {"id": "1098951579015667712", "url": "https://twitter.com/maygic4/status/1098951579015667712", "username": "", "text": "เราเชื่อว่ามีอีกหลายครอบครัวที่เป็นแบบนี้ ถ้าปรับทัศนคติคนในบ้านไม่ได้ก็ไปวัดกันตอนเลือกตั้งนี่แหละค่ะ", "date": "22-02-2019 21:24", "retweet": 0, "like": 0}, {"id": "1098949213210038273", "url": "https://twitter.com/maygic4/status/1098949213210038273", "username": "", "text": "นี่นึกภาพออกเลย เพราะมีอยู่ไม่กี่เรื่องแหละ มุขเดิมๆตั้งแต่10ปีที่แล้วค่ะ", "date": "22-02-2019 21:14", "retweet": 0, "like": 0}, {"id": "1098948138499358721", "url": "https://twitter.com/maygic4/status/1098948138499358721", "username": "", "text": "คงโดนเหมาไปทั้งทวิต 5555", "date": "22-02-2019 21:10", "retweet": 0, "like": 0}, {"id": "1098947600575655937", "url": "https://twitter.com/maygic4/status/1098947600575655937", "username": "", "text": "ทั้งหมดที่ว่ามาคือ เราต้องแก้ที่รัฐธรรมนูญค่ะ ที่มีกฏหมายต่างๆไว้เอื้อให้กลุ่มใดกลุ่มหนึ่งแบบชัดเจน", "date": "22-02-2019 21:08", "retweet": 0, "like": 1}, {"id": "1098945229879558145", "url": "https://twitter.com/maygic4/status/1098945229879558145", "username": "", "text": "นอกจากอายุแล้ว ทวิตยังหลากหลายทั้งอาชีพ เพศ ทัศนคติด้วยค่ะ อย่างติ่งเกาหลีนี่ที่เม้นๆกันอาจจะเป็นหมอ เป็นทนาย หรือครูงี้อะ", "date": "22-02-2019 20:58", "retweet": 0, "like": 0}, {"id": "1098939571067183104", "url": "https://twitter.com/maygic4/status/1098939571067183104", "username": "", "text": "ฟังอยู่ๆ นี่ได้ยินแล้วขำไปหมด 5555", "date": "22-02-2019 20:36", "retweet": 0, "like": 0}, {"id": "1098937726802354176", "url": "https://twitter.com/maygic4/status/1098937726802354176", "username": "", "text": "อยากให้เสรีเข้าสภาเป็นฝ่ายค้านที่กล้าชนค่ะ", "date": "22-02-2019 20:29", "retweet": 24, "like": 14}, {"id": "1098937169207390209", "url": "https://twitter.com/maygic4/status/1098937169207390209", "username": "", "text": "ใช่ค่ะ รู้จักตั้งแต่อยู่นิติราษฏร์", "date": "22-02-2019 20:26", "retweet": 0, "like": 10}, {"id": "1098930451224289281", "url": "https://twitter.com/maygic4/status/1098930451224289281", "username": "", "text": "มือ1 ธนาธร มือ2 ปิยบุตร ทั้งคู่โดนโจมตีด้วยประเด็นต่างๆเยอะทีเดียวค่ะ", "date": "22-02-2019 20:00", "retweet": 0, "like": 7}, {"id": "1098930066594000896", "url": "https://twitter.com/maygic4/status/1098930066594000896", "username": "", "text": "ใช่เลยค่ะ แบบที่ธนาธรพูด", "date": "22-02-2019 19:58", "retweet": 0, "like": 6}, {"id": "1098920082112053248", "url": "https://twitter.com/maygic4/status/1098920082112053248", "username": "", "text": "จอมขวัญ : พรรคปชป คือ ตัวแปร? แปรไปอยู่ไหนก็ได้ ปชป : ไม่มีหรอกครับ มีแต่พรรคอื่นที่จะมาอยู่กับผม 5555555 #ไทยรัฐเลือกตั้ง62 pic.twitter.com/WURL3Kef7w", "date": "22-02-2019 19:18", "retweet": 191, "like": 62}, {"id": "1098917772413685760", "url": "https://twitter.com/maygic4/status/1098917772413685760", "username": "", "text": "จตุพร สรุปว่า การเมืองวันนี้ คือฝ่ายเอาประยุทธ์และฝ่ายไม่เอาประยุทธ์ แล้วค่อยมาวัดกันที่ปล่ยทาง #ไทยรัฐเลือกตั้ง62", "date": "22-02-2019 19:09", "retweet": 1, "like": 1}, {"id": "1098916667227140097", "url": "https://twitter.com/maygic4/status/1098916667227140097", "username": "", "text": "ธนาธรเคยบอกว่า ไม่กลัวหากต้องติดคุก ในพรรคก็ยังมีคนอื่นที่อุดมการณ์เดียวกัน เนี่ยดีเบตวันนี้ อ.ปิยบุตรก็ร่างโคลนธนาธรเลย กล้าพูด กล้าแสดงความคิดเห็นแบบชัดเจนในฝั่งตรงข้ามเผด็จการ #ไทยรัฐเลือกตั้ง62", "date": "22-02-2019 19:05", "retweet": 3779, "like": 834}, {"id": "1098806227461496832", "url": "https://twitter.com/maygic4/status/1098806227461496832", "username": "", "text": "ที่จริงจะง่ายกว่านั้นถ้าอ่านจากแหล่งข่าวที่เชื่อถือได้เป็นกลาง เพราะหลักๆคือสื่อต้องเผยแพร่ตามข้อเท็จจริง แต่สมัยนี้หลายๆสื่อไม่ใช่แบบนั้นก็เลยเชื่อถือไม่ได้ค่ะ", "date": "22-02-2019 11:46", "retweet": 0, "like": 2}, {"id": "1098786932744630272", "url": "https://twitter.com/maygic4/status/1098786932744630272", "username": "", "text": "เราพูดถึงคนส่วนมากในวัยนั้นค่ะ ซึ่งหลายๆคนอาจมีเหตุผล เปิดรับข้อมูลหลายด้านก็มีค่ะ", "date": "22-02-2019 10:29", "retweet": 0, "like": 0}, {"id": "1098629325186711552", "url": "https://twitter.com/maygic4/status/1098629325186711552", "username": "", "text": "อยากลองเป็นอมตะแบบที่ไม่ใช่vampire", "date": "22-02-2019 00:03", "retweet": 1, "like": 1}, {"id": "1098599027749371904", "url": "https://twitter.com/maygic4/status/1098599027749371904", "username": "", "text": "วันนี้ทั้ง3คนตอบได้ดีในประเด็นต่างๆ ยกเว้นคนที่คุณก็รู้ว่าใคร หน้าแห้งไปหลายยก #ช่อง9ดีเบต #เลือกตั้ง62 pic.twitter.com/uhFYIW91ZT", "date": "21-02-2019 22:03", "retweet": 85, "like": 44}, {"id": "1098561370629365761", "url": "https://twitter.com/maygic4/status/1098561370629365761", "username": "", "text": "อย่าคิดดังค่ะ", "date": "21-02-2019 19:33", "retweet": 0, "like": 0}, {"id": "1098544630440747010", "url": "https://twitter.com/maygic4/status/1098544630440747010", "username": "", "text": "หน้าตาfood support ที่จะให้ศิลปินเหมือนข้าวเวฟในเซเว่นเลย ด้อมไม่น่ามีคนแบบนี้เลยอะ #เค้กหมื่นห้าสปาเกตตีสองหมื่น", "date": "21-02-2019 18:27", "retweet": 0, "like": 1}, {"id": "1098522267800166400", "url": "https://twitter.com/maygic4/status/1098522267800166400", "username": "", "text": "เสียดายวงนี้ เพลงเพราะๆทั้งนั้น แถมสามคนนี้ก็ร้องเพลงดีเสียงดีด้วย #Room39", "date": "21-02-2019 16:58", "retweet": 0, "like": 0}, {"id": "1098448990486519814", "url": "https://twitter.com/maygic4/status/1098448990486519814", "username": "", "text": "เฟสข่าวเกี่ยวกับธนาธร ก็จะเจอไรแบบนี้อยู่ตลอด ลุงๆป้าที่เอาแต่ด่าคนอื่นโง่ที่เชียร์ธนาธร ...โถๆ พ่อไอสไตน์ 5555 #Savethanatorn pic.twitter.com/cvBdZ1mghe", "date": "21-02-2019 12:07", "retweet": 74, "like": 16}, {"id": "1098435545447903237", "url": "https://twitter.com/maygic4/status/1098435545447903237", "username": "", "text": "รุ่น40 ขึ้นไปจะผูกพันกับเรื่องอนุรักษนิยมเกือบทุกเรื่อง เช่น สถาบัน การเมืองแบบเก่าๆ รับสารด้านเดียว เหนียวแน่นฝ่ายตัวเองไม่รับความเห็นต่าง หัวร้อนง่ายถ้ามีเด็กกว่ามาแย้งความคิด", "date": "21-02-2019 11:13", "retweet": 2, "like": 6}, {"id": "1098212915457355777", "url": "https://twitter.com/maygic4/status/1098212915457355777", "username": "", "text": "เหมือนกัน บ้านเราสมัยที่พ่อแม่ยังหนุ่มๆสาวๆ แล้วผ่านช่วง6ตุลามา ก็ไม่ชอบรัฐประหารหรืออะไรที่ไม่ใช่ประชาธิปไตยเลยค่ะ เล่าให้เราฟังด้วยเพราะเราเกิดไม่ทันยุคนั้น", "date": "20-02-2019 20:28", "retweet": 0, "like": 0}, {"id": "1098176985136738304", "url": "https://twitter.com/maygic4/status/1098176985136738304", "username": "", "text": "ประชาธิปไตยไม่เคยมีอยู่แล้ว เพราะถ้ามีจริง ไทยคงไม่มีรัฐประหารเป็นว่าเล่น รุ่นพ่อแม่เรา ก็เจอ รุ่นเราก็เจอ ในอนาคตรุ่นลูกก็คงไม่พ้นอีก รัฐประหารคนอื่นมาแต่ปากบอกว่าประชาธิปไตย ย้อนแย้งสุดๆ #Savethanathorn", "date": "20-02-2019 18:06", "retweet": 5, "like": 3}, {"id": "1098130252113428481", "url": "https://twitter.com/maygic4/status/1098130252113428481", "username": "", "text": "รู้สึกแก่ทันทีเมื่อนึกถึงสมัยนั้นค่ะ", "date": "20-02-2019 15:00", "retweet": 0, "like": 0}, {"id": "1097885681425104898", "url": "https://twitter.com/maygic4/status/1097885681425104898", "username": "", "text": "เราไม่ทันตอนนั้นและไม่เคยดูคลิปนี้ ทำไมถึงไปร้องเพลงนี้คะ", "date": "19-02-2019 22:48", "retweet": 0, "like": 0}, {"id": "1097796802047139840", "url": "https://twitter.com/maygic4/status/1097796802047139840", "username": "", "text": "ไม่เหมือนตอนดูในรายการเลยค่ะ ไฮโซขึ้นเยอะ", "date": "19-02-2019 16:55", "retweet": 1, "like": 2}, {"id": "1097753029074313222", "url": "https://twitter.com/maygic4/status/1097753029074313222", "username": "", "text": "เหมือนกันค่ะ ไม่รู้จักมันมีแดงเบอกันดีด้วยเหรอ 5555", "date": "19-02-2019 14:01", "retweet": 0, "like": 1}, {"id": "1097752587292405760", "url": "https://twitter.com/maygic4/status/1097752587292405760", "username": "", "text": "โชคดีที่ตอนเรียนไม่เคยเจอเมทแบบนี้ สยองมาก ควรอยู่คนเดียวไปเลย https:// twitter.com/Anpla48/status /1097536160614633472 …", "date": "19-02-2019 13:59", "retweet": 0, "like": 0}, {"id": "1097507441724387328", "url": "https://twitter.com/maygic4/status/1097507441724387328", "username": "", "text": "เขตที่ตัวเองมีทะเบียนบ้านอยู่ค่ะ ต้องเช็กว่าในพื้นที่บ้านตัวเองมีผู้สมัครเบอร์ไหนบ้างค่ะ เพราะต่างพื้นที่ก็คนละเบอร์แล้วค่ะ", "date": "18-02-2019 21:45", "retweet": 0, "like": 0}, {"id": "1097505871087562753", "url": "https://twitter.com/maygic4/status/1097505871087562753", "username": "", "text": "ชอบตรง ชิ่วๆ 5555", "date": "18-02-2019 21:39", "retweet": 0, "like": 0}, {"id": "1097499611814490112", "url": "https://twitter.com/maygic4/status/1097499611814490112", "username": "", "text": "เราไม่เคยได้ยินเลยจนกระทั่งมีประเด็น ที่รรก็ไม่เคยเปิดค่ะ", "date": "18-02-2019 21:14", "retweet": 0, "like": 0}, {"id": "1097484907637485574", "url": "https://twitter.com/maygic4/status/1097484907637485574", "username": "", "text": "น่ารักจังอะ", "date": "18-02-2019 20:16", "retweet": 0, "like": 1}, {"id": "1097483604307763201", "url": "https://twitter.com/maygic4/status/1097483604307763201", "username": "", "text": "ยังมีคนอีกเยอะมากที่จะเลือกประยุทธ์ เช่นข้าราชการ ทหาร ตำรวจ กลุ่มเหล่านี้ง่ายต่อการจัดการ เราเชื่อว่ามีขบวนการอยู่ นี่ยังไม่รวมคนอื่นๆที่ชอบประยุทธ์เพราะแจกตังให้อีก และพวกที่ไม่เอาทักษิณก็จะเลือกประยุทธ์ค่ะ", "date": "18-02-2019 20:10", "retweet": 0, "like": 0}, {"id": "1097481046059212803", "url": "https://twitter.com/maygic4/status/1097481046059212803", "username": "", "text": "ถ้ามีอีก ก็คงไม่เงียบแล้วจัดการได้ง่ายๆเหมือนครั้งที่ผ่านมาค่ะ พวกเราอาจจะสู้ได้หรือไม่ได้ก็อยากให้แสดงพลังกันแบบสันติ ดีกว่าปล่อยผ่านเหมือนทุกครั้งค่ะ", "date": "18-02-2019 20:00", "retweet": 0, "like": 1}, {"id": "1097479753949270016", "url": "https://twitter.com/maygic4/status/1097479753949270016", "username": "", "text": "จริงจังดีค่ะ 5555", "date": "18-02-2019 19:55", "retweet": 1, "like": 0}, {"id": "1097459217735114752", "url": "https://twitter.com/maygic4/status/1097459217735114752", "username": "", "text": "ถ้าจูงใจให้ไปฟังไปต้อนรับแล้วมีค่าตอบแทนให้ นั่นคือการซื้อเสียงค่ะ", "date": "18-02-2019 18:34", "retweet": 0, "like": 0}, {"id": "1097451479458144256", "url": "https://twitter.com/maygic4/status/1097451479458144256", "username": "", "text": "จะมีอยู่กลุ่มหนึ่งที่ชอบคิดว่าถ้ามีใครไม่เห็นด้วยกับกลุ่มตัวเอง ก็จะโยนให้เป็นพวกทักษิณ อะไรๆก็ทักษิณ ทั้งๆที่หลายๆเรื่องไม่ได้เกี่ยวกันเลยด้วยซ้ำ อย่างต้นทวิตนี้ เกี่ยวกับทักษิณตรงไหนกัน?", "date": "18-02-2019 18:03", "retweet": 3, "like": 0}, {"id": "1097445749581799424", "url": "https://twitter.com/maygic4/status/1097445749581799424", "username": "", "text": "เมนูนี้ถ้าสั่งที่ร้านนี่แพง ทั้งๆที่เป็นเมนูง่ายๆ ต้นทุนก็ไม่ได้แพงเลยค่ะ", "date": "18-02-2019 17:40", "retweet": 1, "like": 1}, {"id": "1097436055031013377", "url": "https://twitter.com/maygic4/status/1097436055031013377", "username": "", "text": "เราอธิบายว่ามันอาจเป็นประเด็นได้ ส่วนคุณจะเรียกตู่ เรียกเขียวก็ส่วนของคุณค่ะ สติเรามีอยู่แล้วเวลาตอบใคร", "date": "18-02-2019 17:01", "retweet": 0, "like": 0}, {"id": "1097432667312640000", "url": "https://twitter.com/maygic4/status/1097432667312640000", "username": "", "text": "เรียกกัน บิ๊กแดง แต่การตั้งโหวตว่า “เห็นด้วยกับแดง” ซึ่งอาจมีคนเข้าใจเจตนาว่าหมายถึง กลุ่มคนเสื้อแดง และเอาไปเป็นประเด็นว่าที่ไม่เห็นด้วยเยอะแยะเพราะเป็นพวกเสื้อแดงค่ะ ซึ่งมันไม่ใช่ สังคมไม่ได้มีแค่เสื้อเหลืองเสื้อแดง", "date": "18-02-2019 16:48", "retweet": 0, "like": 0}, {"id": "1097426866246307840", "url": "https://twitter.com/maygic4/status/1097426866246307840", "username": "", "text": "ทำไมต้องตั้งโหวตให้มีแต่แดง เจตนาคืออะไรคะ", "date": "18-02-2019 16:25", "retweet": 0, "like": 0}, {"id": "1097426347759026176", "url": "https://twitter.com/maygic4/status/1097426347759026176", "username": "", "text": "ไปเลือกตั้งและบอกคนรอบข้าง ให้เลือกพรรคที่ไม่หนุนทหารค่ะ ยังมีคนอีกเยอะที่จะเลือกลุงค่ะ", "date": "18-02-2019 16:23", "retweet": 1, "like": 0}, {"id": "1097366067930791936", "url": "https://twitter.com/maygic4/status/1097366067930791936", "username": "", "text": "แค่เรื่องมีเมียน้อยก็แย่แล้วนะคะ", "date": "18-02-2019 12:23", "retweet": 1, "like": 0}, {"id": "1097365605512933378", "url": "https://twitter.com/maygic4/status/1097365605512933378", "username": "", "text": "", "date": "18-02-2019 12:22", "retweet": 0, "like": 0}, {"id": "1097356918731943937", "url": "https://twitter.com/maygic4/status/1097356918731943937", "username": "", "text": "ตำรวจกับทหาร ไม่ถูกกันมาตลอดอยู่แล้ว แต่เคสนี้ เสรีพูดตรงใจ #หนักแผ่นดิน pic.twitter.com/8VsdxDgmyw", "date": "18-02-2019 11:47", "retweet": 1535, "like": 290}, {"id": "1097353443532918785", "url": "https://twitter.com/maygic4/status/1097353443532918785", "username": "", "text": "อภิรัชต์ คงสมพงษ์ (ผบ.ทบ.) คือลูกชายของอดีต รสช. ผบ.ทหาร สุนทร คงสมพงษ์ ที่เคยรัฐประหาร สมัยนั้นก็อ้างว่ารัฐทุจริต ทำเพื่อพี่น้อง พอยึดเสร็จก็ให้กลุ่มรสช.ของตัวเองบริหาร เป็นรัฐบาลหาาร ร่างกฎหมายเอื้อให้พวกทหารกลุ่มตัวเอง คุ้นๆกันมั้ยคะ #หนักแผ่นดิน", "date": "18-02-2019 11:33", "retweet": 5840, "like": 945}, {"id": "1097348205593866242", "url": "https://twitter.com/maygic4/status/1097348205593866242", "username": "", "text": "เราจะกดหัวใจเพราะอยากเฟบไว้มาดูทีหลัง ไม่ใช่เพราะชอบทวิตนั้น หลังๆทวิตชอบทำเลียนแบบเฟส จึงเปลี่ยนปุ่มดาวเป็นหัวใจ แล้วเพิ่มbookmarkมาให้แทน และที่ไม่ชอบที่สุดคือฟังชั่นขี้แชร์ให้คนอื่นรู้เหมือนเฟส อย่างกดlikeอันไหนก็โชว์หราในtimelineคนอื่นค่ะ", "date": "18-02-2019 11:12", "retweet": 556, "like": 33}, {"id": "1097342730794020864", "url": "https://twitter.com/maygic4/status/1097342730794020864", "username": "", "text": "เราเคยไปงานแต่งแล้วได้เป็นเพื่อนเจ้าสาว ธีมคือ แดงเบอร์กันดี ตอนแรกงง แดงแบบไหน ไม่รู้จัก แต่ดีที่นางไปซื้อผ้าเองแล้วให้เพื่อนเจ้าสาวไปตัดค่ะ", "date": "18-02-2019 10:51", "retweet": 224, "like": 28}]