[{"id": "1099264605686120454", "url": "https://twitter.com/me_teera/status/1099264605686120454", "username": "", "text": "แดด ณ. เวลา 17.48 น. ถนนราชดำเนิน #ฤดูร้อน pic.twitter.com/AulyoT5BM6", "date": "23-02-2019 18:08", "retweet": 0, "like": 0}, {"id": "1099233994229444608", "url": "https://twitter.com/me_teera/status/1099233994229444608", "username": "", "text": "How are you today ? เฮา อา ยู ทูเดย์ ? วันนี้เป็นไงบ้าง ?", "date": "23-02-2019 16:06", "retweet": 0, "like": 0}, {"id": "1099214500962566144", "url": "https://twitter.com/me_teera/status/1099214500962566144", "username": "", "text": "14.19 หน้าเทคโนโลยีวิมล ถ.ประชาชื่น มีอุบัติเหตุ จยย.+รถเมล์สาย70 บาดเจ็บ 1 คน กู้ภัยกำลังช่วยเหลือ @fm91trafficpro pic.twitter.com/m3aMGdSr9Z", "date": "23-02-2019 14:48", "retweet": 0, "like": 0}, {"id": "1099021784626561024", "url": "https://twitter.com/me_teera/status/1099021784626561024", "username": "", "text": "01.58 อุบัติเหตุปากซอยลาดพร้าว-วังหิน 72 มีคนเจ็บ 2 ราย / กู้ภัยถึงแล้วระหว่างช่วยเหลือ", "date": "23-02-2019 02:03", "retweet": 0, "like": 0}, {"id": "1099012916190146560", "url": "https://twitter.com/me_teera/status/1099012916190146560", "username": "", "text": "เฮ้ย มันดีมาก https:// youtu.be/2W2bn0HuKd4", "date": "23-02-2019 01:27", "retweet": 0, "like": 0}, {"id": "1099008182116962305", "url": "https://twitter.com/me_teera/status/1099008182116962305", "username": "", "text": "ช่วยกันคนละไม้ คนละมือ pic.twitter.com/wBWgYJ03ij", "date": "23-02-2019 01:09", "retweet": 0, "like": 0}, {"id": "1099007343239430144", "url": "https://twitter.com/me_teera/status/1099007343239430144", "username": "", "text": "เภสัชกรรมสมาคมแห่งประเทศไทยฯ เชิญเภสัชกรและผู้สนใจทั่วไป ร่วมประชุมวิชาการ ครบรอบ90ปี ภสท. หัวข้อ \"กัญชา : แนวทางการประยุกต์ใช้ทางการแพทย์สำหรับประเทศไทย\" วันที่ 14 มี.ค.62 ที่ศูนย์การประชุมแห่งชาติสิริกิติ์ รายละเอียดและลงทะเบียน ได้ที่ https://www. pat.or.th /", "date": "23-02-2019 01:05", "retweet": 0, "like": 0}, {"id": "1098828787133739008", "url": "https://twitter.com/me_teera/status/1098828787133739008", "username": "", "text": "แผ่นดินไหว อ.วังเหนือ จ.ลำปางเริ่มตั้งแต่พุธที่ 20 ก.พ. 20ครั้ง หนักสุดตอน 16.05น. ขนาด 4.9 พฤ.21 ก.พ. ไหว 3 ครั้ง มากสุดเวลา01.53น. ขนาด 2.2 มาวันนี้ ศ.22 ก.พ. เริ่มไหว02.02น. ขนาด 1.9 ล่าสุด10.07น. ขนาด 1.9 ครั้งที่ 5 ของวันนี้ #แผ่นดินไหวลำปาง #ตื่นตัวแต่ไม่ตื่นตูม", "date": "22-02-2019 13:16", "retweet": 0, "like": 0}, {"id": "1098459503756857344", "url": "https://twitter.com/me_teera/status/1098459503756857344", "username": "", "text": "จาก สมาคมนักข่าวนักหนังสือพิมพ์แห่งประเทศไทย จัดทำข้อพึงระวังของสื่อมวลชนในการ \"รายงานข่าวการเลือกตั้ง 24 มีนาคม 2562\" #เลือกตั้ง62 pic.twitter.com/Ff2hY7aPkz", "date": "21-02-2019 12:48", "retweet": 0, "like": 0}, {"id": "1098454398563274752", "url": "https://twitter.com/me_teera/status/1098454398563274752", "username": "", "text": "#คำเกี่ยวกับพระราชพิธีบรมราชาภิเษก ข้อมูลโดย คณะกรรมการฝ่ายประชาสัมพันธ์พระราชพิธีบรมราชาภิเษก https://www. facebook.com/18350111834166 8/posts/2704064099618678/ …", "date": "21-02-2019 12:28", "retweet": 0, "like": 0}, {"id": "1098245318980718592", "url": "https://twitter.com/me_teera/status/1098245318980718592", "username": "", "text": "ขณะนี้ จ.ลำปางได้ตั้งศูนย์ปฏิบัติการฉุกเฉิน ที่ อบต.ทุ่งฮั้ว อ.วังเหนือ จ.ลำปาง เพื่อติดตามเฝ้าระวังสถานการณ์ในพื้นที่ #แผ่นดินไหวลำปาง", "date": "20-02-2019 22:37", "retweet": 0, "like": 0}, {"id": "1098243155625820160", "url": "https://twitter.com/me_teera/status/1098243155625820160", "username": "", "text": "(ต่อ) แผ่นดินไหวที่ อ.วังเหนือ จ.ลำปาง วันนี้ 15.15 ขนาด 2.3 15.26 \"-----\" 3.3 16.05 \"-----\" 4.9 16.54 \"-----\" 2.3 17.50 \"-----\" 3.0 17.59 \"-----\" 3.7 18.15 \"-----\" 2.5 20.58 \"-----\" 1.9 21.51 \"-----\" 1.8 ล่าสุด 21.58 \"___\" 1.6", "date": "20-02-2019 22:29", "retweet": 1, "like": 0}, {"id": "1098242890872975361", "url": "https://twitter.com/me_teera/status/1098242890872975361", "username": "", "text": "วันนี้(20ก.พ.)เกิดแผ่นดินไหวที่ อ.วังเหนือ จ.ลำปาง 12:17 ขนาด 3.3 12.28 \"-----\" 2.4 12.29 \"-----\" 2.1 12.54 \"-----\" 2.6 12.57 \"-----\" 2.0 13.01 \"-----\" 2.1 13.17 \"-----\" 2.3 13.55 \"-----\" 2.4 14.00 \"-----\" 3.1 14.19 \"-----\" 2.8 (ต่อ)", "date": "20-02-2019 22:28", "retweet": 1, "like": 0}, {"id": "1098164914097516544", "url": "https://twitter.com/me_teera/status/1098164914097516544", "username": "", "text": "กรมอุตุนิยมวิทยา ประกาศว่า ประเทศไทยจะเริ่มเข้าสู่ฤดูร้อนอย่างเป็นทางการเป็นที่เรียบร้อย pic.twitter.com/ZFTRtCXtiK", "date": "20-02-2019 17:18", "retweet": 0, "like": 0}, {"id": "1098144555113734144", "url": "https://twitter.com/me_teera/status/1098144555113734144", "username": "", "text": "แผ่นดินไหวที่ อ.วังเหนือ ลำปาง วันนี้เริ่มตั้งแต่ 12.17น. ขนาด 3.3 ลึก 8 กม. แล้วก็ไหวมาเป็นช่วงๆ ล่าสุด 15.26 น. ไหวขนาด 3.3 ลึก 5 กม.", "date": "20-02-2019 15:57", "retweet": 0, "like": 0}, {"id": "1097910516679430144", "url": "https://twitter.com/me_teera/status/1097910516679430144", "username": "", "text": "ปิดการลงทะเบียนขอใช้สิทธิเลือกตั้งล่วงหน้า เป็นที่เรียบร้อย 14-16 มี.ค.62 ออกเสียงลงคะแนนนอกราชอาณาจักร 17 มี.ค.62 ออกเสียงลงคะแนนก่อนวันเลือกตั้ง ณ สถานที่กลางในเขตเลือกตั้ง นอกเขตเลือกตั้ง และที่เลือกตั้งกลางสำหรับคนพิการ ทุพพลภาพ หรือผู้สูงอายุ 24 มี.ค.62 วันเลือกตั้ง ส.ส.", "date": "20-02-2019 00:27", "retweet": 0, "like": 0}, {"id": "1097908769780973569", "url": "https://twitter.com/me_teera/status/1097908769780973569", "username": "", "text": "การเลือกตั้งที่จะมีขึ้นวันที่ 24 มีนา นี้ มีพรรคการเมืองให้ปชช.ได้ตัดสินใจเลือก 104 พรรคการเมือง ข้อมูล ณ 18 ก.พ.62 ดูโลโก้เครื่องหมาย และชื่อย่อพรรคการเมืองที่ดำเนินการในปัจจุบัน ทั้ง 104 พรรคการเมือง ศึกษาทำความเข้าใจก่อนจะได้ไม่ลงคะแนนให้ผิด https://www. facebook.com/34643137573670 1/posts/770250513354783/ …", "date": "20-02-2019 00:20", "retweet": 0, "like": 0}, {"id": "1097889644757176321", "url": "https://twitter.com/me_teera/status/1097889644757176321", "username": "", "text": "กกต.กทม.ประกาศรายชื่อผู้สมัครรับเลือกตั้ง ส.ส. แบบแบ่งเขต กรุงเทพฯ (เขตเลือกตั้งที่ 1 - 30) #เลือกตั้ง62 #กกต http://www. ect.go.th/bangkok/main.p hp?filename=index …", "date": "19-02-2019 23:04", "retweet": 0, "like": 0}, {"id": "1097740247574560768", "url": "https://twitter.com/me_teera/status/1097740247574560768", "username": "", "text": "ทบ.เตรียมเรียกกำลังพลสำรองประเภทนายทหารสัญญาบัตรกองหนุน, นายทหารประทวนกองหนุน และพลทหารกองหนุน ใครที่มีรายชื่อในบัญชีบรรจุกำลังของหน่วยกำลังพลสำรอง ได้รับ“คำสั่งเรียกพล”ให้ไปรายงานตัวตามวัน เวลา สถานที่ ที่กำหนดในเอกสาร #กำลังพลสำรองรู้หน้าที่พร้อมทันทีเมื่อเรียกพล #ฝึกตามปกติ pic.twitter.com/GqD601KS8Z", "date": "19-02-2019 13:10", "retweet": 0, "like": 0}, {"id": "1097522293964705792", "url": "https://twitter.com/me_teera/status/1097522293964705792", "username": "", "text": "หลังจากผบ.ทบ.พูดให้ไปฟังเพลง #หนักแผ่นดิน กลายเป็นว่าต่างฝ่ายต่างบอกให้ไปฟังเหมือนกัน ด้วยเหตุผลของแต่ละฝ่าย ตอนนี้เริ่มเห็นการกาง งบประมาณออกมาให้เห็นกัน", "date": "18-02-2019 22:44", "retweet": 0, "like": 2}, {"id": "1097416841259999232", "url": "https://twitter.com/me_teera/status/1097416841259999232", "username": "", "text": "คำว่า #ตัดงบ ถือว่าเป็นคำต้องห้าม ถ้าเมื่อไรรัฐบาลพูดแบบนี้ บอกได้เลยว่าฝั่งที่ถูกตัดไม่แฮปปี้แน่ แต่คำว่าตัดงบ ดันถูกนำมาใช้ในการหาเสียง แล้วยิ่งผบ.ทบ.ออกมาด้วยชื่อเพลงสั่นๆแต่ได้ใจความ #หนักแผ่นดิน", "date": "18-02-2019 15:45", "retweet": 0, "like": 0}]