[{"id": "1099444698387632129", "url": "https://twitter.com/meenamarch/status/1099444698387632129", "username": "", "text": "BTW เพลงภาพจำเวอร์ชั่นที่เราชอบแล้วฟังมันซ้ำแล้วซ้ำเล่าคือใน The mask line Thai เจ้าของเพลงไม่มีผลใดๆต่อการฟังนะจ๊ะ เพราะคิดว่ายักษ์เขียว ยักษ์แดงเพราะมาก https:// youtu.be/LMdq2j0Gk1c #ป๊อบปองกูล", "date": "24-02-2019 06:03", "retweet": 1, "like": 1}, {"id": "1099444031107432449", "url": "https://twitter.com/meenamarch/status/1099444031107432449", "username": "", "text": "จะเป็นไปได้ไหม ถ้าคนที่คบมา 14 ปี แต่งงานด้วยเพื่อที่จะรอดูวันนี้ที่ป๊อบยอมสารภาพว่าที่ผ่านมาป๊อบคบใครแล้วไม่ยอมบอก ให้รู้ว่านางรัก หนักกว่านั้นคือโคตรเจ็บ รู้ทั้งรู้แต่ก็ทน.. ผิดกว่านั้นคือ #ป๊อบปองกูล ที่ไม่กล้ายอมรับความจริง", "date": "24-02-2019 06:00", "retweet": 0, "like": 2}, {"id": "1099302458076028928", "url": "https://twitter.com/meenamarch/status/1099302458076028928", "username": "", "text": "กอดค่ะ..", "date": "23-02-2019 20:38", "retweet": 0, "like": 0}, {"id": "1098540897493409797", "url": "https://twitter.com/meenamarch/status/1098540897493409797", "username": "", "text": "จริงๆประทับใจสุดของเราก็ 1-24 แต่ถ้าจะให้ครบถ้วนก็ต้องไปต่อให้ครบ 48 ค่ะ พออ่านครบเราก็จะอ่านวนๆ 1-24 อยู่อย่างนั้น ภาคต่อเรารู้สึกเหมือนมันเยิ่นเย้อ แต่เพราะมีเสียงเรียกร้องจากคนอ่าน ผู้เขียนเลยต้องเขียนต่อ แต่ผูกเรื่องดีมากจริงๆค่ะ", "date": "21-02-2019 18:12", "retweet": 0, "like": 0}]