[{"id": "1099231058556444673", "url": "https://twitter.com/mewhaesj/status/1099231058556444673", "username": "", "text": "HAPPY BIRTHDAY นะคะคุณโลก", "date": "23-02-2019 15:54", "retweet": 0, "like": 0}, {"id": "1098868786944299008", "url": "https://twitter.com/mewhaesj/status/1098868786944299008", "username": "", "text": "เรียกโชคจากโออิชิ​ซักหน่อย​ #โออิชิรถสุดฮิพทริปสุดโอ pic.twitter.com/tZuUQjakaQ", "date": "22-02-2019 15:55", "retweet": 0, "like": 1}, {"id": "1098151922605801473", "url": "https://twitter.com/mewhaesj/status/1098151922605801473", "username": "", "text": "กลับจากอุตรดิตถ์​ตอนนี้ถึงสุพรรณบุรี​แต่ใจนี่ไป​อยู่​เอ็มควอเทียละ", "date": "20-02-2019 16:26", "retweet": 0, "like": 0}]