[{"id": "1099289994827448320", "url": "https://twitter.com/mhanation_kcl/status/1099289994827448320", "username": "", "text": "'กิ๊ก มยุริญ'สึกแล้ว! หลังบวชนานนาน 227 วัน https:// siampongsnews.blogspot.com/2019/02/227.ht ml … pic.twitter.com/jdw3L95aSd", "date": "23-02-2019 19:48", "retweet": 0, "like": 0}, {"id": "1099242730067095552", "url": "https://twitter.com/mhanation_kcl/status/1099242730067095552", "username": "", "text": "'ร้อน เหนื่อย'! น้องเกรซต้องทน ชูศีลธรรมนำชาติ https:// siampongsnews.blogspot.com/2019/02/blog-p ost_23.html … pic.twitter.com/iuAdU0VvQh", "date": "23-02-2019 16:41", "retweet": 0, "like": 0}, {"id": "1099174641292140546", "url": "https://twitter.com/mhanation_kcl/status/1099174641292140546", "username": "", "text": "ประกาศรายชื่อผู้ผ่านการคัดเลือกอบรมเป็นพระธรรมทูตสายต่างประเทศรุ่นที่ 25 http:// thebuddh.com/?p=41279 pic.twitter.com/BXXc9TTvzE", "date": "23-02-2019 12:10", "retweet": 1, "like": 1}, {"id": "1099166423945863173", "url": "https://twitter.com/mhanation_kcl/status/1099166423945863173", "username": "", "text": "'มาร์ค'ยังกั๊กมี250ส.ว.หนุน ร่วมพปชร.ดัน'บิ๊กตู่'นั่งนายกฯ https:// siampongsnews.blogspot.com/2019/02/250.ht ml … pic.twitter.com/8jPIoiUmv8", "date": "23-02-2019 11:37", "retweet": 0, "like": 0}, {"id": "1098970696548462592", "url": "https://twitter.com/mhanation_kcl/status/1098970696548462592", "username": "", "text": "'แซม'พร้อมภรรยาร่วมถวายทุนการศึกษาเณรอินเดีย 150 รูป https:// siampongsnews.blogspot.com/2019/02/150.ht ml … pic.twitter.com/bV3hqTeBta", "date": "22-02-2019 22:40", "retweet": 0, "like": 0}, {"id": "1098924657908928513", "url": "https://twitter.com/mhanation_kcl/status/1098924657908928513", "username": "", "text": "จีนพัฒนาไม่หยุด!ผู้ประกาศข่าว AIจีนทั้ง'ชาย-หญิงคนแรก' https:// siampongsnews.blogspot.com/2019/02/ai_22. html … pic.twitter.com/874FaxHjVh", "date": "22-02-2019 19:37", "retweet": 0, "like": 0}, {"id": "1098858227977007104", "url": "https://twitter.com/mhanation_kcl/status/1098858227977007104", "username": "", "text": "เบื่อการเมือง!สมเด็จพระพุทธโฆษาจารย์แนะทำอย่างไร https:// siampongsnews.blogspot.com/2019/02/blog-p ost_22.html … pic.twitter.com/LjafoCpNqC", "date": "22-02-2019 15:13", "retweet": 0, "like": 2}, {"id": "1098792104812113920", "url": "https://twitter.com/mhanation_kcl/status/1098792104812113920", "username": "", "text": "ฟ้ายิ้มสู้!ลุยขอคะแนนถิ่นนราธิวาส ชู'ศีลธรรม นำชาติ' https:// siampongsnews.blogspot.com/2019/02/blog-p ost_81.html … pic.twitter.com/28Co4uoaaO", "date": "22-02-2019 10:50", "retweet": 0, "like": 0}, {"id": "1098776235788820480", "url": "https://twitter.com/mhanation_kcl/status/1098776235788820480", "username": "", "text": "สมาธิสรณะยาม'ยะใส'ติดคุก 'สุภิญญา'เผยชีวิตในห้องขัง https:// siampongsnews.blogspot.com/2019/02/blog-p ost_94.html … pic.twitter.com/ZSkJkZ7rEE", "date": "22-02-2019 09:47", "retweet": 0, "like": 0}, {"id": "1098612012639084544", "url": "https://twitter.com/mhanation_kcl/status/1098612012639084544", "username": "", "text": "สำนักข่าวซินหัว เปิดตัว “ผู้ประกาศข่าว AI” หญิงคนแรกของโลก https:// siampongsnews.blogspot.com/2019/02/ai_21. html …", "date": "21-02-2019 22:54", "retweet": 0, "like": 0}, {"id": "1098566748364623872", "url": "https://twitter.com/mhanation_kcl/status/1098566748364623872", "username": "", "text": "คณะสงฆ์ปรับแผนรับพรบ.พระปริยัติธรรม 'มจร'จัดธรรมจาริกใต้-พัฒนาแรงงานต่างด้าว https:// siampongsnews.blogspot.com/2019/02/blog-p ost_99.html … pic.twitter.com/lmgk6fITdZ", "date": "21-02-2019 19:54", "retweet": 0, "like": 0}, {"id": "1098521986731364353", "url": "https://twitter.com/mhanation_kcl/status/1098521986731364353", "username": "", "text": "'เกรซ'คนรุ่นใหม่'แผ่นดินธรรม' ฝ่ากระแส 'บสย.รักพี่วิน' จีบขอคะแนน https:// siampongsnews.blogspot.com/2019/02/blog-p ost_21.html … pic.twitter.com/LO2hmXatxi", "date": "21-02-2019 16:57", "retweet": 0, "like": 0}, {"id": "1098466760724889600", "url": "https://twitter.com/mhanation_kcl/status/1098466760724889600", "username": "", "text": "'สุชาติ'ตอก คสช.ซื้ออาวุธ ทำเศรษฐกิจตกต่ำ https:// siampongsnews.blogspot.com/2019/02/blog-p ost_59.html … pic.twitter.com/aItZ21gvGS", "date": "21-02-2019 13:17", "retweet": 0, "like": 0}, {"id": "1098448945045397504", "url": "https://twitter.com/mhanation_kcl/status/1098448945045397504", "username": "", "text": "เสียงแนะจากคนเคยอยู่ในรั้วสีเขียว! อย่าเพียงแต่พูดอยู่บนเวที แต่จงลงมือทำความดีเพื่อประชาชน https:// siampongsnews.blogspot.com/2019/02/blog-p ost_93.html … pic.twitter.com/0tNMsynQxk", "date": "21-02-2019 12:06", "retweet": 0, "like": 0}, {"id": "1098424439643852800", "url": "https://twitter.com/mhanation_kcl/status/1098424439643852800", "username": "", "text": "นักสันติภาพทั่วโลกโหยหา สันติภายในแบบมีสติเป็นฐาน https:// siampongsnews.blogspot.com/2019/02/blog-p ost_89.html … pic.twitter.com/XZi6CtqFDg", "date": "21-02-2019 10:29", "retweet": 0, "like": 0}, {"id": "1098186415945375745", "url": "https://twitter.com/mhanation_kcl/status/1098186415945375745", "username": "", "text": "แนะผู้มีสิทธิเลือกตั้งอ่าน'Bad Leadership'ภาวะผู้นำที่เลวร้าย https:// siampongsnews.blogspot.com/2019/02/bad-le adership.html … pic.twitter.com/W6biCj1N5d", "date": "20-02-2019 18:43", "retweet": 0, "like": 0}, {"id": "1098180799109554176", "url": "https://twitter.com/mhanation_kcl/status/1098180799109554176", "username": "", "text": "\"ทักษิณ\"ฟิตหุ่นเพื่องานแต่งลูกสาว 22 มี.ค. นี้ https:// siampongsnews.blogspot.com/2019/02/22.html pic.twitter.com/MwVEhfRK0Y", "date": "20-02-2019 18:21", "retweet": 0, "like": 0}, {"id": "1098165491263102977", "url": "https://twitter.com/mhanation_kcl/status/1098165491263102977", "username": "", "text": "ฤกษ์วันมาฆบูชา!ยกเสาเอกก่อสร้างอาคาร สถาบันสติภาวนาเพื่อสันติภาพแดนอีสานใต้ https:// siampongsnews.blogspot.com/2019/02/blog-p ost_51.html … pic.twitter.com/GPgBGzNLKB", "date": "20-02-2019 17:20", "retweet": 0, "like": 0}, {"id": "1098079480982032384", "url": "https://twitter.com/mhanation_kcl/status/1098079480982032384", "username": "", "text": "'ตู่'ถามเปิดเพลงหนักแผ่นดิน อยากให้ไทยฆ่าไทยอีกหรือ https:// siampongsnews.blogspot.com/2019/02/blog-p ost_82.html … pic.twitter.com/gX6a1Ia3Q2", "date": "20-02-2019 11:38", "retweet": 0, "like": 0}, {"id": "1098076392489504768", "url": "https://twitter.com/mhanation_kcl/status/1098076392489504768", "username": "", "text": "เจริญสันติภาวนา วันมาฆบูชาสามัคคี คณะสงฆ์ยุโรปเหนือ https:// siampongsnews.blogspot.com/2019/02/blog-p ost_58.html … pic.twitter.com/am42O81OTH", "date": "20-02-2019 11:26", "retweet": 0, "like": 0}, {"id": "1097800066880856064", "url": "https://twitter.com/mhanation_kcl/status/1097800066880856064", "username": "", "text": "สาวน่องเหล็ก!ปั่นขอคะแนน ชู'ศีลธรรม นำชาติ'ทำหน้าที่ ส.ส. https:// siampongsnews.blogspot.com/2019/02/blog-p ost_46.html … pic.twitter.com/9YNaQ1Okkr", "date": "19-02-2019 17:08", "retweet": 0, "like": 0}, {"id": "1097708155822194688", "url": "https://twitter.com/mhanation_kcl/status/1097708155822194688", "username": "", "text": "ชาวพุทธนานาชาติตักบาตร 2,000 รูป ที่มหาเจดีย์พระพุทธเจ้าล้านพระองค์วันมาฆบูชา! https:// siampongsnews.blogspot.com/2019/02/2000.h tml … pic.twitter.com/7b3T56Q3pj", "date": "19-02-2019 11:03", "retweet": 0, "like": 0}, {"id": "1097518567627513856", "url": "https://twitter.com/mhanation_kcl/status/1097518567627513856", "username": "", "text": "สมเด็จพระสังฆราช ประทานพระคติธรรม เนื่องในดิถีมาฆบูชา https:// siampongsnews.blogspot.com/2019/02/blog-p ost_18.html … pic.twitter.com/pqUryOtDFt", "date": "18-02-2019 22:29", "retweet": 0, "like": 0}, {"id": "1097476679067348993", "url": "https://twitter.com/mhanation_kcl/status/1097476679067348993", "username": "", "text": "หลวงพ่อขอบิณฑบาตวอนเมตตา ช่วยคนจน คนแก่ คนพิการ ผู้ป่วยติดเตียง http://www. banmuang.co.th/news/region/14 2331 … pic.twitter.com/DJy2Kqoy8R", "date": "18-02-2019 19:43", "retweet": 0, "like": 0}, {"id": "1097339113986973696", "url": "https://twitter.com/mhanation_kcl/status/1097339113986973696", "username": "", "text": "ศ. (พิเศษ)ร.ท. ดร.บรรจบ ชงราชบัณฑิตบัญญัติศัพท์ 'Mindset'หมวดธรรมประยุกต์ใช้กับสังคมสมัยใหม่ https:// siampongsnews.blogspot.com/2019/02/mindse t.html … pic.twitter.com/gAwIZ2DJTs", "date": "18-02-2019 10:36", "retweet": 0, "like": 0}, {"id": "1097328992426708994", "url": "https://twitter.com/mhanation_kcl/status/1097328992426708994", "username": "", "text": "สังคมไทยมองการบวชอย่างไร? http:// thebuddh.com/?p=41208 pic.twitter.com/gjpKh3S2nX", "date": "18-02-2019 09:56", "retweet": 0, "like": 0}, {"id": "1097322322275364864", "url": "https://twitter.com/mhanation_kcl/status/1097322322275364864", "username": "", "text": "'แม้ว'เตือนระวัง!วิกฤติศก.ปลายปี62-63 แนะทำธุรกิจสร้างมิตรดีกว่าสร้างศัตรู https:// siampongsnews.blogspot.com/2019/02/62-63. html … pic.twitter.com/PzrFfNTlWu", "date": "18-02-2019 09:30", "retweet": 0, "like": 0}]