[{"id": "1099364659528794112", "url": "https://twitter.com/MilanSLive/status/1099364659528794112", "username": "", "text": "Congratulations !!! ทรัมป์ คว้ารางวัล นักแสดงชายยอดแย่ รางวัลราสเบอร์รี่เน่า #RazzieAwards จากการรับบท เป็น \"ตัวเอง\" จากเรื่อง #Fahrenheit119 และ เคลลีแอนน์ คอนเวย์ ที่ปรึษาคนสนิท คว้าราสเบอร์รี่เน่า สาขา สมทบหญิงยอดแย่ จากการรับบทเป็น \"ตัวเอง\" เช่นกัน จาก #Fahrenheit119 pic.twitter.com/88Xw1nfpPK", "date": "24-02-2019 00:45", "retweet": 1, "like": 1}, {"id": "1099341473823092736", "url": "https://twitter.com/MilanSLive/status/1099341473823092736", "username": "", "text": "#Futurista https:// twitter.com/MilanSLive/sta tus/1098878321557819392 …", "date": "23-02-2019 23:13", "retweet": 3, "like": 1}, {"id": "1099314864370024448", "url": "https://twitter.com/MilanSLive/status/1099314864370024448", "username": "", "text": "ดู ทัศนคติ ของเขา ต่อ #อนาคตใหม่ ก่อนโดนผมแหก จนสติกลับเข้าร่างวันนี้ (ถามไปแต่ไม่ตอบ) #futurista pic.twitter.com/bsrQECZHcU", "date": "23-02-2019 21:27", "retweet": 3, "like": 4}, {"id": "1099311354182131712", "url": "https://twitter.com/MilanSLive/status/1099311354182131712", "username": "", "text": "เมื่อวาน ยังดูถูก คนรุ่นใหม่ #futurista อยู่เลย วันนี้โดนผมแหกเข้าไป สติกลับเข้าร่าง ทวิตชม #อนาคตใหม่ รัวๆๆๆๆๆๆ เลย จ้าาาา 5555555 pic.twitter.com/f6GxZapbbH", "date": "23-02-2019 21:13", "retweet": 8, "like": 4}, {"id": "1099304384716988416", "url": "https://twitter.com/MilanSLive/status/1099304384716988416", "username": "", "text": "ก็เพราะ โดนผมแหกไปชุดใหญ่ๆ เต็มๆ เมื่อเช้าไงครับ สติกลับเข้าร่างเลย ไม่งั้นไม่มีมาทำดีหรอก เขาจ้องจะแว้งกัด #อนาคตใหม่ ตลอด #futurista pic.twitter.com/e98tpCpf9P", "date": "23-02-2019 20:46", "retweet": 9, "like": 8}, {"id": "1099300507472941057", "url": "https://twitter.com/MilanSLive/status/1099300507472941057", "username": "", "text": "เมื่อวาน เพิ่งทวิตดูถูกเด็กรุ่นใหม่ ว่าสะกดชื่อ ธนาธร ไม่เป็น แถมไปแซะใส่ #อนาคตใหม่ เขาอีก วันนี้ โดนผมแหกเข้าไป บล็อคผมปั๊บ ทวิตชุบตัวทันที ชม #พรรคอนาคตใหม่ แบบออกนอกหน้า แถมรีทวิตของ #futurista แบบ รัวๆๆๆๆ โคตรพลิกลิ้นอ่ะ คนแบบนี้ pic.twitter.com/yyPyIJcalF", "date": "23-02-2019 20:30", "retweet": 20, "like": 17}, {"id": "1099282146030546944", "url": "https://twitter.com/MilanSLive/status/1099282146030546944", "username": "", "text": "โดนผมแหกบ่อยๆ เพราะคุณพี่มีอคติกับ #อนาคตใหม่ ไปลองเซิทชื่อแอดของเขา กับ \"อนาคตใหม่\" \"ธนาธร\" กันดู ว่าคนนี้มีอคติขนาดไหน ขนาด สลิ่ม คิดต่างผมยังปล่อยวางนะ เพราะสลิ่มก็คือสลิ่ม แต่คนที่บอกว่าเป็นฝั่ง ปชต.เหมือนกันแต่คอยแว้งกัดกันแบบนี้ ใช้ไม่ได้ครับ #แน่จริงปลดบล็อค #futurista pic.twitter.com/gVTVvUcpwl", "date": "23-02-2019 19:17", "retweet": 3, "like": 8}, {"id": "1099277670964068353", "url": "https://twitter.com/MilanSLive/status/1099277670964068353", "username": "", "text": "เยี่ยมมากกกกก", "date": "23-02-2019 18:59", "retweet": 0, "like": 0}, {"id": "1099275662974541824", "url": "https://twitter.com/MilanSLive/status/1099275662974541824", "username": "", "text": "ผมกำลังพูดถึงคนนี้ ไปอ่านใหม่ครับ pic.twitter.com/qXDxvb74cf", "date": "23-02-2019 18:51", "retweet": 0, "like": 0}, {"id": "1099274565262295045", "url": "https://twitter.com/MilanSLive/status/1099274565262295045", "username": "", "text": "นัก ประชาธิปไตย หรือ นักบล็อคในตำนาน? ทำเป็นมาเนียน บอกช่วยเชียร์ #อนาคตใหม่ แต่แว้งกัดอนาคตใหม่ตลอด วันก่อน ประกาศ แบบเดียวกับ อ.ปวิน เป๊ะ ว่าต่อให้เหลือ #พรรคอนาคตใหม่ พรรคเดียวจะไปเลือก #ประชาธิปัตย์ ตามสบายเลยครับ โดนผมแหกปั๊บ บล็อคเลย มาแบบ อ.ปวิน นักบล็อคเป๊ะ #futurista pic.twitter.com/thRXV69en3", "date": "23-02-2019 18:47", "retweet": 3, "like": 7}, {"id": "1099269355810873344", "url": "https://twitter.com/MilanSLive/status/1099269355810873344", "username": "", "text": "คนที่ประกาศว่า เหลือเพียง #อนาคตใหม่ พรรคเดียว ก็จะไปเลือก #ประชาธิปัตย์ คนมีจุดยืนแบบนี้ อย่าต้องกังวลว่าต้องมาช่วยเชียร์ #พรรคอนาคตใหม่ เลยครับ เชิญตามเชียร์พรรคแมลงสาบ ตามที่คุณวาดฝันไว้ได้เลย ปล่อยทางนี้เขาจัดการเองไม่ต้องการคนไร้จุดยืนแบบนี้หรอก ตามสบายเลยนะ #futurista https:// twitter.com/hoonchuckyai/s tatus/1099130202699878400 …", "date": "23-02-2019 18:26", "retweet": 2, "like": 2}, {"id": "1099268065156464641", "url": "https://twitter.com/MilanSLive/status/1099268065156464641", "username": "", "text": "ปัญหาของ พวกไร้จุดยืน ที่ชอบตามเกมส์คนที่ขีดเส้นให้เดิน กระทั้งแก่ๆ ที่อวดเก่งเรียกตัวเองว่า \"นักวิพากษ์การเมือง\" (ที่วิเคราะห์ไรไม่เคยตรง) ก็ยังโดนจูงจมูกจนตัวเองก็หลงทางเสียจุดยืนไปแบบหมดหน้าตัก แสดงให้เห็นว่าแก่แล้วแก่เลยแบบนี้ต่างหากไม่จำเป็นที่คนรุ่นใหม่เสมอไปที่ถูกจูงจมูก https:// twitter.com/hoonchuckyai/s tatus/1099131153305427968 …", "date": "23-02-2019 18:21", "retweet": 2, "like": 1}, {"id": "1099261744906551297", "url": "https://twitter.com/MilanSLive/status/1099261744906551297", "username": "", "text": "คุณเทา โคตรฮิฟ หนีบสเก็ตบอร์ดมาหาเสียงด้วย #futurista #savethanathorn #อนาคตใหม่ #ฟ้ารักพ่อ pic.twitter.com/qfmIJSkm6b", "date": "23-02-2019 17:56", "retweet": 12, "like": 8}, {"id": "1099232832164048896", "url": "https://twitter.com/MilanSLive/status/1099232832164048896", "username": "", "text": "กำ \"ความจริง\" ให้แน่นๆ ...แล้วฟาดดด ออกไปไม่ต้องยั้งครับ น้องๆ #Futurista \\7 https:// twitter.com/MilanSLive/sta tus/1098894977365491712 …", "date": "23-02-2019 16:01", "retweet": 4, "like": 0}, {"id": "1099183177531191296", "url": "https://twitter.com/MilanSLive/status/1099183177531191296", "username": "", "text": "อยากได้บรรยากาศ การเมืองแบบใหม่ๆ ก็อย่าร้องเรียกหา #รัฐบาลแห่งชาติ แบบเก่าๆ โบร้านโบราณ ครับ #Futurista pic.twitter.com/jZiNhDfgR4", "date": "23-02-2019 12:44", "retweet": 3, "like": 4}, {"id": "1099178494896988160", "url": "https://twitter.com/MilanSLive/status/1099178494896988160", "username": "", "text": "30 วันจากนี้ ขอให้เหล่า #Futurista ปชช.ชาว #อนาคตใหม่ ต่อสู้ร่วมกันส่งต่อความจริง สู้ความเท็จ ส่งต่อแนวคิดอุดมการณ์นโยบายพรรค สู้อุบายสาดโคลนแบบเก่าๆ ส่งต่อการเมืองแห่งความหวังให้กับคนไทย สู้กับการเมืองแห่งความกลัว เดินหน้าสู่ 24 มีนา วันที่อำนาจสูงสุดจะกลับมาเป็นของปชช. -- ธนาธร pic.twitter.com/lirf8gB9jX", "date": "23-02-2019 12:25", "retweet": 79, "like": 59}, {"id": "1099177588944039936", "url": "https://twitter.com/MilanSLive/status/1099177588944039936", "username": "", "text": "คนที่กำลังกลัวไม่ใช่เรา ไม่ใช่ประชาชน คนที่กำลังกลัวคือเครือข่ายเผด็จการ กลัวการทวงคืนอำนาจกลับมาเป็นของประชาชนผ่านการเลือกตั้ง กลัว #อนาคตใหม่ ที่อำนาจสูงสุดจะกลับมาเป็นของประชาชน #Futurista \\7 - ธนาธร pic.twitter.com/GGPlUzqAiV", "date": "23-02-2019 12:22", "retweet": 120, "like": 79}, {"id": "1099170561215721473", "url": "https://twitter.com/MilanSLive/status/1099170561215721473", "username": "", "text": "ธนาธร : คนถามผมว่า #อนาคตใหม่ โดนทั้งข่าวปลอม ข่าวปล่อย คดีพรบ.คอมฯ ผมอาจติดคุก โดนขู่ยุบพรรค ผู้สมัครโดนคุกคาม ป้ายถูกทำลาย กลัวหรือไม่? ตอบตรงนี้ว่า “ไม่กลัว” นี่คืออาการดิ้นเฮือกสุดท้ายของอำนาจที่ไม่เป็นปชต.นี่คืออาการขวัญหนีดีฝ่อของคนที่รู้ว่า 24 มีนา จะเจอกับอะไร #Futurista pic.twitter.com/igA7pCy56B", "date": "23-02-2019 11:54", "retweet": 59, "like": 33}, {"id": "1099168121766633474", "url": "https://twitter.com/MilanSLive/status/1099168121766633474", "username": "", "text": "#futurista \\7 https:// twitter.com/MilanSLive/sta tus/1098878321557819392 …", "date": "23-02-2019 11:44", "retweet": 1, "like": 1}, {"id": "1099135755543166977", "url": "https://twitter.com/MilanSLive/status/1099135755543166977", "username": "", "text": "สถาปนาตัวเองเป็น \"นักวิพากษ์การเมือง\" แต่เงิบแดกมานับครั้งไม่ถ้วน นี่คือ ความง่ายโคตรๆ ของความอยากเป็นอะไรก็ได้เป็น ไม่สนว่าเคยพลาดอะไรมาบ้าง ยังกล้าเรียกตัวเองเป็นนักวิพากษ์การเมือง #กระจอกครับ", "date": "23-02-2019 09:35", "retweet": 0, "like": 0}, {"id": "1099131268384452608", "url": "https://twitter.com/MilanSLive/status/1099131268384452608", "username": "", "text": "อย่าแก่แล้วแก่เลย เชื่อผม", "date": "23-02-2019 09:18", "retweet": 0, "like": 0}, {"id": "1099131099966365698", "url": "https://twitter.com/MilanSLive/status/1099131099966365698", "username": "", "text": "คุณแซะเด็กรุ่นใหม่ ว่าเขาสะกดชื่อ ธนาธร ไม่เป็น ทั้งที่เขาตั้งใจ พอคุณโดนตอกกลับ ทำเป็นรับไม่ได้ ผม ไม่ปิดกั้นนะ เม้นชั่นมาได้ตลอด ทุกทวิตของผม ผมรับผิดชอบและพร้อมรับการตอบกลับทุกรูปแบบ", "date": "23-02-2019 09:17", "retweet": 1, "like": 1}, {"id": "1099129705322577920", "url": "https://twitter.com/MilanSLive/status/1099129705322577920", "username": "", "text": "ชัดเจนยังไง ตอน หม่อมฯ ลงแคนนิเดต #ทรษ คุณยังเต้นดีใจ คลั่งนารีขี่ม้าอยู่เลยครับ แถมยังมีหน้าเรียกร้อง #รัฐบาลแห่งชาติ ที่เป็นความคิดที่โคตรจะล้าหลังเลย ถึงบอกไง ไปหาจุดยืนตัวเองให้เจอก่อน ค่อยมาแซะ #เด็กรุ่นใหม่ เขา จะได้ไม่โดนเด็กเขาด่า ว่าแก่แล้วแก่เลย แก่กระโหลกกะลา pic.twitter.com/Iicp1XVUTb", "date": "23-02-2019 09:11", "retweet": 1, "like": 1}, {"id": "1099128423832670208", "url": "https://twitter.com/MilanSLive/status/1099128423832670208", "username": "", "text": "แซะเด็กรุ่นใหม่ ว่าเขาสะกดชื่อไม่ถูก ทั้งที่พวกเขาตั้งใจ คุณมันอคติกับทุกสิ่งที่ เป็น #อนาคตใหม่ ต่างหาก เยาะเย้ยว่าพวกเขาอ่อนหัด แล้วเป็นไง เขาโตมาได้จนครองใจคนรุ่นใหม่ คุณก็คาดไม่ถึง เพราะดูถูกไว้เยอะ เงิบ เกลียดใครก็เชิญ อยากแซะๆ ได้ รับให้ได้ว่าต้องเจอแซะกลับนะ เจอกันยาวๆ pic.twitter.com/pOTimXFIbn", "date": "23-02-2019 09:06", "retweet": 1, "like": 1}, {"id": "1099116005438119936", "url": "https://twitter.com/MilanSLive/status/1099116005438119936", "username": "", "text": "#อนาคตใหม่ \\7 #เลือกตั้ง62 #เลือกตั้ง2562 #ไทยรัฐดีเบต #ไทยรัฐเลือกตั้ง62 #ฟ้ารักพ่อ #savethanathorn #savethanaton #savethanathon #ฟ้ารักพ่อและนโยบายของพ่อ https:// twitter.com/MilanSLive/sta tus/1098878321557819392 …", "date": "23-02-2019 08:17", "retweet": 8, "like": 7}, {"id": "1099115670493515776", "url": "https://twitter.com/MilanSLive/status/1099115670493515776", "username": "", "text": "ผม สน ประเด็นที่คุณดูถูกคนรุ่นใหม่ว่าเขาสะกดชื่อไม่เป็น คือเขาตั้งใจ แต่คุณทำเป็นไปแซะเด็กเขา ทำอวดเก่ง เงิบแดกมากี่ครั้งแล้วคุณอ่ะ พวกเด็กๆ เขารู้ว่ากำลังทำอะไร คุณละรู้จุดยืนตัวเองยัง มีแต่อคติ เห็นเปลี่ยนหัวไปเรื่อย ยึดติดแต่ตัวบุคคล เกลียด #อนาคตใหม่ ไม่ลืมหูลืมตาเลยเนอะ pic.twitter.com/BtKiuPQSlw", "date": "23-02-2019 08:16", "retweet": 4, "like": 3}, {"id": "1098947172291076096", "url": "https://twitter.com/MilanSLive/status/1098947172291076096", "username": "", "text": "เจษฎ์ : เชื่อเป็นความผิดพลาดของผู้ดูแลเว็บไซต์ ธนาธร และ #พรรคอนาคตใหม่ ไม่มีเจตนาหลอกลวง ตนได้รับการติดต่อขอสัมภาษณ์กับสำนักข่าวแห่งหนึ่ง ก่อนให้ความเห็นทางกฎหมายที่จำผิดพลาดสลับกับมาตราความผิดในฐานอื่นๆ ในพ.ร.ป.ที่มีโทษถึงยุบพรรค จึงต้องขอโทษ ถือไม่เป็นธรรมต่อ #อนาคตใหม่ pic.twitter.com/OpjcbPCC1q", "date": "22-02-2019 21:06", "retweet": 8, "like": 4}, {"id": "1098894977365491712", "url": "https://twitter.com/MilanSLive/status/1098894977365491712", "username": "", "text": "สิ่งที่ผม จะแนะนำน้องๆ ในการตอบโต้ข้อเท็จจริง กับผู้ที่เมนชั่นเข้ามาบิดเบือนจุดยืนของ #อนาคตใหม่ นะครับ การตอบโต้การบิดเบือนที่สาสมที่สุด คือการตอบโต้ด้วย \"ความจริง\" ภาษาที่จะตอบโต้คนที่บิดเบือนอย่างน่ารังเกียจนั้นหยาบได้นะ ขอแค่พ่วงข้อเท็จจริงไปด้วยเป็นพอ #SaveThanaton", "date": "22-02-2019 17:39", "retweet": 18, "like": 19}, {"id": "1098892052505346050", "url": "https://twitter.com/MilanSLive/status/1098892052505346050", "username": "", "text": "\"โอบรับความหลากหลาย\" - #อนาคตใหม่ \\7 #SaveTanathorn #SaveThanaton #เลือกตั้ง2562 #เลือกตั้ง62 #ฟ้ารักพ่อ https:// twitter.com/MilanSLive/sta tus/1098878321557819392 …", "date": "22-02-2019 17:27", "retweet": 13, "like": 6}, {"id": "1098887764777480193", "url": "https://twitter.com/MilanSLive/status/1098887764777480193", "username": "", "text": "#savethanaton https:// twitter.com/MilanSLive/sta tus/1098881022039515136 …", "date": "22-02-2019 17:10", "retweet": 1, "like": 1}, {"id": "1098887683542155265", "url": "https://twitter.com/MilanSLive/status/1098887683542155265", "username": "", "text": "#savethanaton https:// twitter.com/MilanSLive/sta tus/1098878321557819392 …", "date": "22-02-2019 17:10", "retweet": 2, "like": 1}, {"id": "1098881022039515136", "url": "https://twitter.com/MilanSLive/status/1098881022039515136", "username": "", "text": "“สำหรับน้องคนไหนที่กำลังร้องไห้อยู่ ไม่ร้องแล้วนะคะ อย่ากังวลแต่อย่างใดเลย” - Yesssssss #SaveThanaton #อนาคตใหม่ \\7 #ฟ้ารักพ่อ #ฟ้ารักช่อ #ฟ้ารักพ่อและนโยบายของพ่อ https:// twitter.com/Pannika_FWP/st atus/1098880120348016640 …", "date": "22-02-2019 16:43", "retweet": 16, "like": 8}, {"id": "1098878321557819392", "url": "https://twitter.com/MilanSLive/status/1098878321557819392", "username": "", "text": "นี่คือ ฐานเสียงสำคัญ ของ #อนาคตใหม่ เฉพาะประชากรของชาติพันธุ์ กระเหรี่ยงกว่า 1 ล้านคน ชาวม้ง อีกกว่าครึ่งล้าน ไหนจะ ชาวไทใหญ่-ชาวเผ่าลาหู่และลั้ว อีก เหล่านี้ ทาง #พรรคอนาคตใหม่ มีผู้สมัครครบทุกชาติพันธุ์ ตีไปกว่า 2 ล้านคน ลองคิดเป็นจำนวน ส.ส.ที่จะได้ว่ากี่คน? #SaveThanaton pic.twitter.com/qzjZCjaENS", "date": "22-02-2019 16:33", "retweet": 320, "like": 106}, {"id": "1098844152521871361", "url": "https://twitter.com/MilanSLive/status/1098844152521871361", "username": "", "text": "กรณี 12 พรรคนี้ เป็นกลุ่มพรรคที่แก้ข้อมูลให้เป็นเท็จ เพื่อให้ดูมีคุณสมบัติครบ ตามข่าวมีคนยื่นเรื่องยุบพรรคแล้ว ไม่เกี่ยวกับอนาคตใหม่ ส่วนกรณี #อนาคตใหม่ เป็นเพียงการแก้ไขข้อมูลให้ถูกต้อง เมื่อเพิ่งพบฐานข้อมูลเดิมคาดเคลื่อน ซึ่งพรรคไหนๆ ก็ทำกัน เพื่อให้ ปชช.ได้รับข้อมูลที่ครบถ้วน pic.twitter.com/V4FIs1yrbB", "date": "22-02-2019 14:17", "retweet": 1, "like": 1}, {"id": "1098840472112422912", "url": "https://twitter.com/MilanSLive/status/1098840472112422912", "username": "", "text": "#อนาคตใหม่ \\7 #ฟ้ารักพ่อ #ฟ้ารักพ่อและนโยบายของพ่อ #ฟ้ารักช่อ #SaveThanaton #SaveThanathorn #SaveThanathon #SaveThanatorn #เลือกตั้ง62 #เลือกตั้ง2562 https:// twitter.com/MilanSLive/sta tus/1098826938544664576 …", "date": "22-02-2019 14:02", "retweet": 2, "like": 5}, {"id": "1098832502691483648", "url": "https://twitter.com/MilanSLive/status/1098832502691483648", "username": "", "text": "Quote of the Day - มองเตสกิเออ #SaveThanaton #อนาคตใหม่ \\7 pic.twitter.com/KXA9e9q4D5", "date": "22-02-2019 13:30", "retweet": 10, "like": 6}, {"id": "1098827143562186754", "url": "https://twitter.com/MilanSLive/status/1098827143562186754", "username": "", "text": "#SaveThanaton \\7 https:// twitter.com/MilanSLive/sta tus/1098826938544664576 …", "date": "22-02-2019 13:09", "retweet": 5, "like": 0}, {"id": "1098826938544664576", "url": "https://twitter.com/MilanSLive/status/1098826938544664576", "username": "", "text": "ประวัติของ ธนาธร เป็นฐานข้อมูลเก่าที่คาดเคลื่อนและลงก่อนมี พรฎ.ลต กรณี 12 พรรคจงใจแก้ข้อมูลให้เป็น \"เท็จ\" เพื่อให้ได้เปรียบ นี้น่าจะผิดกว่า แต่ #อนาคตใหม่ แก้ข้อมูลให้เป็น \"จริง\" เมื่อเพิ่งพบว่าข้อมูลเก่าคาดเคลื่อน หากเท่านี้จะยุบพรรค คงโดนทุกพรรคที่แก้อะไรให้ถูกต้องหลังมี พรฎ. pic.twitter.com/YYHilSVP7c", "date": "22-02-2019 13:08", "retweet": 34, "like": 11}, {"id": "1098817698534809600", "url": "https://twitter.com/MilanSLive/status/1098817698534809600", "username": "", "text": "ยิ่งลุงเสรีหงุดหงิด ยิ่งลุงดี้หงุดหงิด ยิ่งลุงกนกหงุดหงิด ยิ่งป้าศัลยาหงุดหงิด ไวรัลจะยิ่งแพร่กระจายออกไปอย่างกว้างขวาง อย่าลืมเป็นอันขาดว่า โหวตเตอร์ รุ่นใหม่ ที่ยังไม่เคยเลือกตั้ง มีจำนวนมากถึง 7.5 ล้านเสียง แค่ 7.5 ล้านเสียงก็ได้ ส.ส.มากกว่า 60 ไปแล้ว #อนาคตใหม่ #SaveThanaton pic.twitter.com/KmF7OKs0hX", "date": "22-02-2019 12:32", "retweet": 31, "like": 18}, {"id": "1098798669338271744", "url": "https://twitter.com/MilanSLive/status/1098798669338271744", "username": "", "text": "โครงการนี้ ของ ทรัมป์ ยังห่างไกลคำว่าเป็นไปได้ครับ ทั้งคนในพรรคเดียวก็ไม่สนับสนุน รวมถึง จนท.กลาโหมสหรัฐฯ ก็ยี้ปาก ยังต้องไปเถียงกันในสภาอีกเยอะ ทัพอากาศสหรัฐฯ ยิ่งใหญ่อยู่แล้ว ดูแลดาวเทียมทุกดวง ไม่จำเป็นต้องเพิ่มทัพอวกาศ ประกันสุขภาพถ้วนหน้าต่างหากที่คนเมกันต้องการ และยังไม่มี pic.twitter.com/5r5S7FxHyf", "date": "22-02-2019 11:16", "retweet": 2, "like": 3}, {"id": "1098789980611080192", "url": "https://twitter.com/MilanSLive/status/1098789980611080192", "username": "", "text": "ระวัง คนแก่ผู้ไร้จุดยืนและหลักการทางการเมืองให้ดีๆ นอกจากพวกนี้จะส่งต่อความไร้มาตฐานแล้ว ยังสามารถหันมาโจมตีบิดเบือนจุดยืนผู้อื่นได้อย่างไม่อายด้วย ระวัง !!!", "date": "22-02-2019 10:42", "retweet": 0, "like": 0}, {"id": "1098786564308590593", "url": "https://twitter.com/MilanSLive/status/1098786564308590593", "username": "", "text": "#อนาคตใหม่ \\7 #ฟ้ารักพ่อ #SaveThanaton #SaveThanathorn #SaveThanathon #SaveThanatorn https:// twitter.com/MilanSLive/sta tus/1098553098149089280 …", "date": "22-02-2019 10:28", "retweet": 9, "like": 0}, {"id": "1098786024073777153", "url": "https://twitter.com/MilanSLive/status/1098786024073777153", "username": "", "text": "เมื่อ แก่กระโหลกกะลาบนทวิตเตอร์ ดูถูกคนรุ่นใหม่ ว่าสะกดชื่อไม่ถูก ทั้งที่เด็กรุ่นใหม่ เขาเปลี่ยนชื่อแท็ก เพื่อไม่ให้ซ้ำกับแบบที่หายไปก่อนหน้า #savethanaton #Savethanathorn #savethanathon #savethanatorn #savethanathor นี่คือ ตัวอย่างของ คนที่เกลียด #อนาคตใหม่ แบบไม่ลืมหูลืมตา https:// twitter.com/hoonchuckyai/s tatus/1098749835153334272 …", "date": "22-02-2019 10:26", "retweet": 14, "like": 9}, {"id": "1098760882731929600", "url": "https://twitter.com/MilanSLive/status/1098760882731929600", "username": "", "text": "\\7 #savethanathorn #savethanathon #Savethanatorn #อนาคตใหม่ #ฟ้ารักพ่อ #ฟ้ารักพ่อและนโยบายของพ่อ #ฟ้ารักช่อ #เลือกตั้ง62 #24มีนากาอนาคตใหม่ https:// twitter.com/MilanSLive/sta tus/1096949374452621312 …", "date": "22-02-2019 08:46", "retweet": 0, "like": 1}, {"id": "1098757851055452160", "url": "https://twitter.com/MilanSLive/status/1098757851055452160", "username": "", "text": "ปากกา 3 ด้าม \\7 #savethanathorn #savethanathon #Savethanatorn #อนาคตใหม่ #ฟ้ารักพ่อ #ฟ้ารักพ่อและนโยบายของพ่อ #ฟ้ารักช่อ #เลือกตั้ง62 #24มีนากาอนาคตใหม่ pic.twitter.com/ZOFqxImIrU", "date": "22-02-2019 08:34", "retweet": 2, "like": 5}, {"id": "1098624675402248192", "url": "https://twitter.com/MilanSLive/status/1098624675402248192", "username": "", "text": "https:// twitter.com/MilanSLive/sta tus/1096322165757009921?s=19 …", "date": "21-02-2019 23:45", "retweet": 0, "like": 1}, {"id": "1098580834917920769", "url": "https://twitter.com/MilanSLive/status/1098580834917920769", "username": "", "text": "#ดีเบต \"วงการภาพยนตร์ไทย\" 6 มีนา 13.00 น. หอศิลปฯ กรุงเทพ หัวข้อ \"อนาคตหนังไทยหลังการเลือกตั้ง\" 1. ธัญญ์วาริน สุขะพิสิษฐ์ #อนาคตใหม่ 2. มิ่งขวัญ แสงสุวรรณ #เศรษฐกิจใหม่ 3. องอาจ คล้ามไพบูลย์ #ประชาธิปัตย์ 4. อนุสรณ์ สร้อยสงิม #สามัญชน 5. หม่อมฯ เฉลิมชาตรี ยุคล #สมาคมผู้กำกับ pic.twitter.com/gSlMfpG8eN", "date": "21-02-2019 20:50", "retweet": 112, "like": 42}, {"id": "1098575472030449664", "url": "https://twitter.com/MilanSLive/status/1098575472030449664", "username": "", "text": "#SaveThanathon #SaveThanathorn https:// twitter.com/MilanSLive/sta tus/1098553098149089280 …", "date": "21-02-2019 20:29", "retweet": 5, "like": 3}, {"id": "1098572905913303043", "url": "https://twitter.com/MilanSLive/status/1098572905913303043", "username": "", "text": "ปก TIME แมกกาซีน ฉบับใหม่ ให้เราได้เห็นภาพแคนดิเดตผู้ลงสมัครชิงตำแหน่ง ปธน.สหรัฐฯ แห่มาจองกฐิน ทรัมป์ ในการเลือกตั้ง ปีหน้า 2020 กันเยอะมาก pic.twitter.com/ywvc4kv7Uh", "date": "21-02-2019 20:19", "retweet": 3, "like": 3}, {"id": "1098560376449290240", "url": "https://twitter.com/MilanSLive/status/1098560376449290240", "username": "", "text": "#SaveThanathon https:// twitter.com/MilanSLive/sta tus/1098553098149089280 …", "date": "21-02-2019 19:29", "retweet": 12, "like": 6}, {"id": "1098553098149089280", "url": "https://twitter.com/MilanSLive/status/1098553098149089280", "username": "", "text": "ผู้ทรงอิทธิพลทางการเมือง ที่ใช้ทวิตเตอร์ได้อย่างทรงพลังในช่วงนี้ ธนาธร มาแรงมาก ยอดรีทวิตเทียบชั้นระดับผู้นำเบอร์ต้นๆ ของโลกได้เลย อีก 1 เดือนหลังจากนี้ นอกจาก #อนาคตใหม่ จะปักธงในใจคนรุ่นใหม่สำเร็จแล้ว ต่างชาติจะหันมาจับตามองนักการเมืองสุดฮ็อตอย่างธนาธรแน่นอน #SaveThanathorn pic.twitter.com/4wSCKUXMSg", "date": "21-02-2019 19:00", "retweet": 123, "like": 38}, {"id": "1098411614821175297", "url": "https://twitter.com/MilanSLive/status/1098411614821175297", "username": "", "text": "ตร.ในแมรี่แลนด์ บุกจับกุม \"ทหารอเมริกัน คลั่งขวา\" ผู้เรียกตัวเองว่า \"คนขาวรักชาติ\" พร้อมอาวุธจำนวนมาก พบเตรียมการสังหาร นักการเมืองฝ่ายซ้ายสหรัฐฯ เป้าหมายตั้งแต่ นักข่าว, ส.ส.พรรคเดโมเครต, ประธานสภา(เดโมเครต) อีกทั้ง แคนดิเดตผู้สมัครชิงประธานาธิบดี ปี 2020 https:// nyti.ms/2GBwZsf", "date": "21-02-2019 09:38", "retweet": 2, "like": 1}, {"id": "1098179885078474753", "url": "https://twitter.com/MilanSLive/status/1098179885078474753", "username": "", "text": "มาถึงสยาม แวะทานสักหน่อย 'ดู๋ดี๋ สยาม' pic.twitter.com/Jlv2dimm2G – bei ดู๋ดี๋สยาม (doo dee siam)", "date": "20-02-2019 18:17", "retweet": 0, "like": 0}, {"id": "1098179389055856640", "url": "https://twitter.com/MilanSLive/status/1098179389055856640", "username": "", "text": "ได้เจอ ธนาธร กับ คุณช่อ ตัวจริงล่ะ มาถึงสยาม เก็บบรรยากาศมาฝากน้องๆ #อนาคตใหม่ \\7 #ฟ้ารักพ่อเพราะนโยบายของพ่อ #ฟ้ารักพ่อ #SaveThanathorn #เลือกตั้ง62 #พรรคอนาคตใหม่ https://www. pscp.tv/w/bz0ehDFWR2p2 RFZlTWFwUU98MU9kS3JSdkxqUG5LWFAjx90NVjPIdVK7xwvi8xqFPjGay-T5859iGbwmRG-3 …", "date": "20-02-2019 18:15", "retweet": 8, "like": 10}, {"id": "1098177567146668032", "url": "https://twitter.com/MilanSLive/status/1098177567146668032", "username": "", "text": "พี่ เอา แผ่นหลัง ของพ่อ มาฝากน้องๆ (2) #อนาคตใหม่ \\7 #ฟ้ารักพ่อเพราะนโยบายของพ่อ #ฟ้ารักพ่อ #SaveThanathorn #เลือกตั้ง62 #พรรคอนาคตใหม่ pic.twitter.com/z2QNLvBEos", "date": "20-02-2019 18:08", "retweet": 15, "like": 8}, {"id": "1098173851538665472", "url": "https://twitter.com/MilanSLive/status/1098173851538665472", "username": "", "text": "เอา แผ่นหลัง ของพ่อ มาฝากน้องๆ ครับ #อนาคตใหม่ \\7 #ฟ้ารักพ่อเพราะนโยบายของพ่อ #ฟ้ารักพ่อ #SaveThanathorn #เลือกตั้ง62 #พรรคอนาคตใหม่ pic.twitter.com/21mEhjSKq1", "date": "20-02-2019 17:53", "retweet": 68, "like": 43}, {"id": "1098172854800011266", "url": "https://twitter.com/MilanSLive/status/1098172854800011266", "username": "", "text": "ก็มาดิคร้าบบบบ มาถึงสยาม เก็บบรรยากาศมาฝากน้องๆ #ฟ้ารักพ่อ #SaveThanathorn #พรรคอนาคตใหม่ #อนาคตใหม่ \\7 https://www. pscp.tv/w/bz0ehDFWR2p2 RFZlTWFwUU98MU9kS3JSdkxqUG5LWFAjx90NVjPIdVK7xwvi8xqFPjGay-T5859iGbwmRG-3 …", "date": "20-02-2019 17:49", "retweet": 18, "like": 14}, {"id": "1098164132346380288", "url": "https://twitter.com/MilanSLive/status/1098164132346380288", "username": "", "text": "วันนี้ ผมมาถึงสยาม #savethanathorn #พรรคอนาคตใหม่ #อนาคตใหม่ #ฟ้ารักพ่อ https:// twitter.com/MilanSLive/sta tus/1098162360978526209 …", "date": "20-02-2019 17:15", "retweet": 9, "like": 9}, {"id": "1098162360978526209", "url": "https://twitter.com/MilanSLive/status/1098162360978526209", "username": "", "text": "ก็มาดิคร้าบบบบ #อนาคตใหม่ \\7 https://www. pscp.tv/w/bz0ehDFWR2p2 RFZlTWFwUU98MU9kS3JSdkxqUG5LWFAjx90NVjPIdVK7xwvi8xqFPjGay-T5859iGbwmRG-3 …", "date": "20-02-2019 17:08", "retweet": 6, "like": 6}, {"id": "1098140473548365825", "url": "https://twitter.com/MilanSLive/status/1098140473548365825", "username": "", "text": "Epic! #SaveThanathorn #อนาคตใหม่ #ฟ้ารักพ่อ #ฟ้ารักพ่อเพราะนโยบายของพ่อ #เลือกตั้ง62 #พรรคอนาคตใหม่ \\7 https:// twitter.com/Plwn2/status/1 098127954201083904 …", "date": "20-02-2019 15:41", "retweet": 7, "like": 8}, {"id": "1098138735932108805", "url": "https://twitter.com/MilanSLive/status/1098138735932108805", "username": "", "text": "ใครคือ ไอดอลในดวงใจ ของ ธนาธร แห่ง #อนาคตใหม่ ??? #ฟ้ารักพ่อ #SaveThanathorn #เลือกตั้ง62 #ธนาธร #พรรคอนาคตใหม่ \\7 pic.twitter.com/UicFVaWZjt", "date": "20-02-2019 15:34", "retweet": 18, "like": 17}, {"id": "1098117657096667137", "url": "https://twitter.com/MilanSLive/status/1098117657096667137", "username": "", "text": "#SaveThanathorn #อนาคตใหม่ \\7 pic.twitter.com/jLh5qhOype", "date": "20-02-2019 14:10", "retweet": 7, "like": 3}, {"id": "1098104442409357315", "url": "https://twitter.com/MilanSLive/status/1098104442409357315", "username": "", "text": "แว่วมาว่า มีเพลง ของ #Nirvana ในหนังเรื่อง #CaptainMarvel ด้วย ...นี่รอเลย pic.twitter.com/Rg4jWzv3xb", "date": "20-02-2019 13:17", "retweet": 1, "like": 1}, {"id": "1098095905641619456", "url": "https://twitter.com/MilanSLive/status/1098095905641619456", "username": "", "text": "ธนาธร วิ่งขึ้นตึก 23 ชั้น ทำเวลาแค่ 3.41 นาที วันนี้ เราจะลองกันบ้าง มาดูกันจะใช้เวลาเท่าไร #อนาคตใหม่ \\7 #ฟ้ารักพ่อ ... ส่วนผม ขึ้นลิฟต์นะ https:// twitter.com/minimememvy/st atus/1098080724081463296 …", "date": "20-02-2019 12:44", "retweet": 1, "like": 3}, {"id": "1098076769167372289", "url": "https://twitter.com/MilanSLive/status/1098076769167372289", "username": "", "text": "จังหวะซิทคอมมากกกกก #อนาคตใหม่ \\7 #เลือกตั้ง62 #ฟ้ารักพ่อ #ฟ้ารักช่อ https:// twitter.com/rachanfriend/s tatus/1098065627200155648 …", "date": "20-02-2019 11:27", "retweet": 3, "like": 11}, {"id": "1098076377968926720", "url": "https://twitter.com/MilanSLive/status/1098076377968926720", "username": "", "text": "E-Sport is coming #อนาคตใหม่ \\7 pic.twitter.com/jpoPVOvKW3", "date": "20-02-2019 11:26", "retweet": 8, "like": 5}, {"id": "1098072783488090112", "url": "https://twitter.com/MilanSLive/status/1098072783488090112", "username": "", "text": "สัญลักษณ์ นาซี 'สวัสดิกะ' ถูกพ่นทับบนหลุมศพชาวยิวหลายแห่งในสุสานยิวทางตะวันออกของฝรั่งเศส ซึ่งการกระทำในลักษณะต่อต้านชาวยิวที่เกิดขึ้นอย่างต่อเนื่อง ทำให้เกิดการเดินขบวนประท้วงขึ้นในหลายเมืองของฝรั่งเศส #VOA pic.twitter.com/shn1ESeIZJ", "date": "20-02-2019 11:12", "retweet": 0, "like": 0}, {"id": "1098072099892019200", "url": "https://twitter.com/MilanSLive/status/1098072099892019200", "username": "", "text": "วันนี้ เปลี่ยนกระแส #ฟ้ารักพ่อ ให้เป็นมีตติ้งกันครับ ไปกันให้เยอะๆ #อนาคตใหม่ \\7 #เขย่าสยาม #เลือกตั้ง62 pic.twitter.com/rwkJ3wKewn", "date": "20-02-2019 11:09", "retweet": 1, "like": 7}, {"id": "1097848759201845248", "url": "https://twitter.com/MilanSLive/status/1097848759201845248", "username": "", "text": "อีก 1 เหตุผล ที่ผมเลือก เชียร์ ธนาธร #อนาคตใหม่ \\7 #ชื่นชอบไอดอลคนเดียวกัน #ฟ้ารักพ่อ #เลือกตั้ง62 pic.twitter.com/XOlkdlHStQ", "date": "19-02-2019 20:21", "retweet": 10, "like": 11}, {"id": "1097831420637016067", "url": "https://twitter.com/MilanSLive/status/1097831420637016067", "username": "", "text": "เลือก #อนาคตใหม่ \\7 เขย่าสิ่งเดิมๆในสภา", "date": "19-02-2019 19:13", "retweet": 1, "like": 4}, {"id": "1097673061766025216", "url": "https://twitter.com/MilanSLive/status/1097673061766025216", "username": "", "text": "", "date": "19-02-2019 08:43", "retweet": 0, "like": 1}, {"id": "1097668841323155456", "url": "https://twitter.com/MilanSLive/status/1097668841323155456", "username": "", "text": "นับถือหัวจิตหัวใจครับ", "date": "19-02-2019 08:27", "retweet": 0, "like": 0}, {"id": "1097663002495541248", "url": "https://twitter.com/MilanSLive/status/1097663002495541248", "username": "", "text": "#24มีนา คนรุ่นใหม่ แสดงพลังเปลี่ยนประเทศ เลือก #อนาคตใหม่ \\7 ให้เข้าไปเขย่าสิ่งเดิมๆ #หนักแผ่นดิน ให้สะเทือน #เลือกตั้ง62 #ฟ้ารักพ่อ #ฟ้ารักพ่อเพราะนโยบายของพ่อ https:// twitter.com/MilanSLive/sta tus/1097123501314519040 …", "date": "19-02-2019 08:03", "retweet": 3, "like": 0}, {"id": "1097535646606880769", "url": "https://twitter.com/MilanSLive/status/1097535646606880769", "username": "", "text": "เชื่อมือพี่ พี่รับตีนเอง 555", "date": "18-02-2019 23:37", "retweet": 0, "like": 1}, {"id": "1097533222710210562", "url": "https://twitter.com/MilanSLive/status/1097533222710210562", "username": "", "text": "5555555", "date": "18-02-2019 23:28", "retweet": 0, "like": 1}, {"id": "1097532232200122368", "url": "https://twitter.com/MilanSLive/status/1097532232200122368", "username": "", "text": "วันนี้ ลุงแม้ว พูดยาวเหยียดเป็นสิบนาที - ทั้งวันคนรีทวิต 1,500 https:// twitter.com/ThaksinLive/st atus/1097329934203113472?s=19 … วันนี้ ธนาธร พูดแค่สามนาที - ชม.เดียวคนรีทวิต 5,000 https:// twitter.com/Thanathorn_FWP /status/1097504652252262401?s=19 … ...ถึงเวลาเก่าไป ใหม่มาแล้วล่ะ น้องๆ ครับ #24มีนากาอนาคตใหม่ #เขย่าสภา #เลือกตั้ง62 #อนาคตใหม่ #ฟ้ารักพ่อ pic.twitter.com/m4CUrg9og8", "date": "18-02-2019 23:24", "retweet": 7, "like": 8}, {"id": "1097478057554636801", "url": "https://twitter.com/MilanSLive/status/1097478057554636801", "username": "", "text": "ได้มาก !!! พาแม่ยาย ช่วยติดป้ายหาเสียง #อนาคตใหม่ \\7 #เลือกตั้ง62 #ฟ้ารักพ่อ #ฟ้ารักทีมพ่อด้วย https:// twitter.com/kan_ait/status /1097466337507500032 …", "date": "18-02-2019 19:48", "retweet": 1, "like": 2}, {"id": "1097469296119140352", "url": "https://twitter.com/MilanSLive/status/1097469296119140352", "username": "", "text": "#24มีนา คนรุ่นใหม่ แสดงพลังเปลี่ยนประเทศ เลือก #อนาคตใหม่ \\7 ให้เข้าไปเขย่าสิ่งเดิมๆ #หนักแผ่นดิน ให้สะเทือน #เลือกตั้ง62 #ฟ้ารักพ่อ #ฟ้ารักพ่อเพราะนโยบายของพ่อ pic.twitter.com/IYSJ0naegv", "date": "18-02-2019 19:14", "retweet": 39, "like": 30}, {"id": "1097465438538088448", "url": "https://twitter.com/MilanSLive/status/1097465438538088448", "username": "", "text": "#ฟ้ารักแม่ #อนาคตใหม่ \\7 https:// twitter.com/MilanSLive/sta tus/1097140289255305216 …", "date": "18-02-2019 18:58", "retweet": 1, "like": 1}, {"id": "1097454546656256000", "url": "https://twitter.com/MilanSLive/status/1097454546656256000", "username": "", "text": "แม่ช่อฟาดดด เปรี้ยงเดียว !!! #ประเทศกูมี ติดเทรนทวิตเตอร์เลยตอนนี้ แถมดัน #อนาคตใหม่ ขึ้นเทรนทวิตเตอร์โลกอันดับ 2 อีก แข่งกับแฮ็ชแท็ก #หนักแผ่นดิน ....แม่แรงส์จิ๊งงง https:// twitter.com/MilanSLive/sta tus/1097433749862531074 …", "date": "18-02-2019 18:15", "retweet": 13, "like": 12}, {"id": "1097453559296098304", "url": "https://twitter.com/MilanSLive/status/1097453559296098304", "username": "", "text": "#ฟ้ารักช่อ #อนาคตใหม่ \\7 https:// twitter.com/MilanSLive/sta tus/1097420030868779008 …", "date": "18-02-2019 18:11", "retweet": 6, "like": 6}, {"id": "1097448364499644417", "url": "https://twitter.com/MilanSLive/status/1097448364499644417", "username": "", "text": "#อนาคตใหม่ \\7 https:// twitter.com/MilanSLive/sta tus/1097345072553574400 …", "date": "18-02-2019 17:50", "retweet": 0, "like": 2}, {"id": "1097436035691143169", "url": "https://twitter.com/MilanSLive/status/1097436035691143169", "username": "", "text": "กอล์ฟ​ ธัญญ์วาริ​น​ สุข​ะ​พิ​สิษฐ์​ นำทีมผู้สมัคร ส.ส.บัญชี​รายชื่อ​ #อนาคตใหม่ ที่ทำงานด้านนโยบายความเท่าเทียมทางเพศ​ เข้าพบ​ปะพูดคุยกับเครือข่ายเพื่อนกะเทยไทย Thai Transgender Alliance-ThaiTGA เพื่อรับฟังข้อเสนอเชิงนโยบายด้านสิทธิความเท่าเทียม​ของความหลากหลาย​ทางเพศ​ในประเทศไทย pic.twitter.com/kPL9TviDv2", "date": "18-02-2019 17:01", "retweet": 8, "like": 8}, {"id": "1097433749862531074", "url": "https://twitter.com/MilanSLive/status/1097433749862531074", "username": "", "text": "\"ไม่มีใคร #หนักแผ่นดิน ทุกคนหนักเท่ากันบนแผ่นดินนี้ ทำงานจ่ายภาษีเหมือนกัน แต่ที่เรารู้แน่ๆ คืองบประมาณกองทัพหนักและเป็นภาระแผ่นดินมากเกินจำเป็น เพลงหนักแผ่นดินถือว่าเชยไปแล้ว ตีตราปชช.ร่วมชาติที่เห็นต่าง ถ้าอยากฟังเพลงที่ทันสมัยควรฟัง #ประเทศกูมี หลายๆรอบ - แม่ช่อ #อนาคตใหม่ \\7 pic.twitter.com/Uh6xsOj1fT", "date": "18-02-2019 16:52", "retweet": 2789, "like": 597}, {"id": "1097425001781719045", "url": "https://twitter.com/MilanSLive/status/1097425001781719045", "username": "", "text": "จัดไป !!! #อนาคตใหม่ โต้ไม่มีใคร #หนักแผ่นดิน ชี้สะท้อนจำเป็นต้องปฏิรูปกองทัพ แนะหากอยากฟังเพลงทันสมัย ให้ฟัง #ประเทศกูมี หลายๆรอบ pic.twitter.com/Qt85XGrsI2", "date": "18-02-2019 16:18", "retweet": 132, "like": 92}, {"id": "1097420030868779008", "url": "https://twitter.com/MilanSLive/status/1097420030868779008", "username": "", "text": "แม่ช่อฟาดดด !!! #อนาคตใหม่ โต้ไม่มีใคร #หนักแผ่นดิน ชี้สะท้อนจำเป็นต้องปฏิรูปกองทัพ แนะหากอยากฟังเพลงทันสมัย ให้ฟัง #ประเทศกูมี หลายๆรอบ https://www. posttoday.com/politic/news/5 80685 …", "date": "18-02-2019 15:58", "retweet": 5560, "like": 1023}, {"id": "1097402643176087552", "url": "https://twitter.com/MilanSLive/status/1097402643176087552", "username": "", "text": "พี่ มีความตั้งใจจะส่งต่อ #อนาคตใหม่ ให้น้องๆ ดั่งที่ความตั้งใจในทวิตปักหมุดของพี่ นั่นแหละ", "date": "18-02-2019 14:49", "retweet": 0, "like": 2}, {"id": "1097381554509176832", "url": "https://twitter.com/MilanSLive/status/1097381554509176832", "username": "", "text": "#อนาคตใหม่ \\7 https:// twitter.com/MilanSLive/sta tus/1096307240552693765 …", "date": "18-02-2019 13:25", "retweet": 3, "like": 3}, {"id": "1097379624990851072", "url": "https://twitter.com/MilanSLive/status/1097379624990851072", "username": "", "text": "https://www. facebook.com/events/3589015 54952915/?ti=as …", "date": "18-02-2019 13:17", "retweet": 1, "like": 1}, {"id": "1097358829761654784", "url": "https://twitter.com/MilanSLive/status/1097358829761654784", "username": "", "text": "#24มีนา คนรุ่นใหม่ แสดงพลังเปลี่ยนประเทศ เลือก #อนาคตใหม่ \\7 ให้เข้าไปเขย่าสิ่ง \"เดิมๆ\" ให้สะเทือน #เลือกตั้ง62 #ฟ้ารักพ่อ #ฟ้ารักพ่อเพราะนโยบายของพ่อ https:// twitter.com/MilanSLive/sta tus/1097123501314519040 …", "date": "18-02-2019 11:55", "retweet": 6, "like": 6}, {"id": "1097354639148703744", "url": "https://twitter.com/MilanSLive/status/1097354639148703744", "username": "", "text": "\"...ทั้งหมดนี้ เราเชื่อว่า #วัฒนธรรมไทย สามารถไปได้กับ #วัฒนธรรมสากล เราสามารถเชิดชูวัฒนธรรมไทยได้โดยไม่ปฏิเสธโลกาภิวัฒน์\" - ธัญญ์วาริน สุขะพิสิษฐ์ เปิดนโยบาย #ด้านวัฒนธรรม ​ ของ #อนาคตใหม่ \\7 #เลือกตั้ง62 #ฟ้ารักพ่อ #ฟ้ารักพ่อเพราะนโยบายของพ่อ pic.twitter.com/U7JIJiI0ec", "date": "18-02-2019 11:38", "retweet": 41, "like": 24}, {"id": "1097352192703422465", "url": "https://twitter.com/MilanSLive/status/1097352192703422465", "username": "", "text": "#ฟ้ารักพ่อ #เลือกตั้ง62 #ฟ้ารักทีมพ่อด้วย #อนาคตใหม่ \\7 https:// twitter.com/MilanSLive/sta tus/1097140289255305216 …", "date": "18-02-2019 11:28", "retweet": 2, "like": 7}, {"id": "1097345072553574400", "url": "https://twitter.com/MilanSLive/status/1097345072553574400", "username": "", "text": "แม่ฟาดมากก !!! ฟัง วิสัยทัศน์ ว่าที่ \"รัฐมนตรีกระทรวงวัฒนธรรม\" ของ #อนาคตใหม่ กอล์ฟ (Golf) ธัญญ์วาริน ผู้กำกับรางวัลสุพรรณหงส์ ผู้นำเสนอนโยบาย #โอบรับความหลากหลาย ว่าที่ ส.ส. #กะเทยแต่งหญิง ผู้ประกาศขอใช้คำเรียกตัวเองว่า \"กะเทย\" อย่างเต็มภาคภูมิ #ฟ้ารักพ่อ #ฟ้ารักทีมพ่อด้วย pic.twitter.com/5PNFJKbOvq", "date": "18-02-2019 11:00", "retweet": 180, "like": 80}, {"id": "1097332862280335361", "url": "https://twitter.com/MilanSLive/status/1097332862280335361", "username": "", "text": "เช้าวันจันทร์ วันทำงานก็ไม่เว้น #ฟ้ารักพ่อ และ #อนาคตใหม่ \\7 กระหึ่มไม่หยุด ผงาดติด อันดับ 1-2 ความนิยมสูงสุดบนทวิตเตอร์อีกล่ะ เช้านี้ (เมื่อวานวันหยุดก็ติดรองTop-วันก่อนTop3) pic.twitter.com/dBatPnEvRq", "date": "18-02-2019 10:11", "retweet": 4, "like": 8}]