[{"id": "1099293952438464512", "url": "https://twitter.com/MissOneNueng/status/1099293952438464512", "username": "", "text": "เดือน เม.ย.นี้ เตรียมเปิดทดลองใช้บริการรถไฟฟ้าใต้ดินสายใหม่ สถานีหัวลำโพงถึงสถานีหลักสอง ฟรี ก่อนจะเปิดให้บริการจริงเดือน ก.ย. https://www. thairath.co.th/content/1503023", "date": "23-02-2019 20:04", "retweet": 0, "like": 0}, {"id": "1099283355940470784", "url": "https://twitter.com/MissOneNueng/status/1099283355940470784", "username": "", "text": "ใครดูบอล มา https://www. facebook.com/1237685752/pos ts/10214279511161837/ …", "date": "23-02-2019 19:22", "retweet": 0, "like": 0}, {"id": "1099272111896449024", "url": "https://twitter.com/MissOneNueng/status/1099272111896449024", "username": "", "text": "ชุลีกร นิธิประภา Joom Poschanan Prabhakamol Hoonyai https://www. facebook.com/1237685752/pos ts/10214279342157612/ …", "date": "23-02-2019 18:37", "retweet": 0, "like": 0}, {"id": "1099271500568264704", "url": "https://twitter.com/MissOneNueng/status/1099271500568264704", "username": "", "text": "เรไรมันม่วง https://www. facebook.com/1237685752/pos ts/10214279332037359/ …", "date": "23-02-2019 18:35", "retweet": 0, "like": 0}, {"id": "1099269938294837250", "url": "https://twitter.com/MissOneNueng/status/1099269938294837250", "username": "", "text": "พรุ่งนี้ เลย เจอกัน https://www. facebook.com/1237685752/pos ts/10214279308716776/ …", "date": "23-02-2019 18:29", "retweet": 0, "like": 0}, {"id": "1099268338776043520", "url": "https://twitter.com/MissOneNueng/status/1099268338776043520", "username": "", "text": "ทางนี้ใช้บ่อย เมื่อตอนทำงาน เดอะ รอยัลเจมส์ https://www. facebook.com/1237685752/pos ts/10214279270075810/ …", "date": "23-02-2019 18:22", "retweet": 0, "like": 0}, {"id": "1099211558574469121", "url": "https://twitter.com/MissOneNueng/status/1099211558574469121", "username": "", "text": "เวลา 14.28น. ติดหนึบหนับ!! ถ.บรมราชชนนี ขาออก มุ่งหน้า ศาลายา ท้ายถึงต่างระดับฉิมพลี \"ไม่หนำใจ\" ต่อเนื่องเข้า ถ.กาญจนาภิเษก (ตะวันตก) ท้ายอยู่หน้าวัดคงคา อ.บางใหญ่ นนทบุรี สาเหตุ ตรงใต้ต่างระดับพุทธมณฑล (สาย... https://www. facebook.com/1237685752/pos ts/10214278306051710/ …", "date": "23-02-2019 14:37", "retweet": 0, "like": 0}, {"id": "1099202436370059264", "url": "https://twitter.com/MissOneNueng/status/1099202436370059264", "username": "", "text": "ยิงสด! ฟุตบอลโตโยต้า ไทยลีก 2019 \"บุรีรัมย์ ยูไนเต็ด VS ชลบุรี เอฟซี\" เวลา 18:15 น. เป็นต้นไป ทางทรูโฟร์ยู ช่อง 24 -ช่องทางการรับชม - ทีวี ดิจิตอล- กด 24 ช่อง True4U ลิ้งค์ดูสด - https:// goo.gl/NF7MXq ... https://www. facebook.com/1237685752/pos ts/10214278188968783/ …", "date": "23-02-2019 14:00", "retweet": 0, "like": 0}, {"id": "1099191002554744833", "url": "https://twitter.com/MissOneNueng/status/1099191002554744833", "username": "", "text": "\"ยกฟ้องคดีเผา\" ปิดฉากวาทะกรรมลวงโลก \"เผาบ้านเผาเมือง\" !! https:// thaienews.blogspot.com/2014/09/blog-p ost_34.html?m=1 …", "date": "23-02-2019 13:15", "retweet": 0, "like": 0}, {"id": "1099190557954306048", "url": "https://twitter.com/MissOneNueng/status/1099190557954306048", "username": "", "text": "ใครอยากพักแบบปลีกวิเวก ท่ามกลางธรรมชาติ อันร่มรื่น แนะนำค่ะ https://www. facebook.com/1237685752/pos ts/10214278012324367/ …", "date": "23-02-2019 13:13", "retweet": 0, "like": 0}, {"id": "1099141364283977728", "url": "https://twitter.com/MissOneNueng/status/1099141364283977728", "username": "", "text": "น่ารักมากๆ หนุ่มหน้าใส หัวใจนักปรุง จบแล้ว — กำลังดู 9 MCOT", "date": "23-02-2019 09:58", "retweet": 0, "like": 0}, {"id": "1099135849378177024", "url": "https://twitter.com/MissOneNueng/status/1099135849378177024", "username": "", "text": "ส่งออกไทยทรุดหนักต่อเนื่อง ม.ค.ติดลบกระฉูด 5.65%-ขาดดุลสูงสุดรอบ 7 ปี https://www. thairath.co.th/content/1502811", "date": "23-02-2019 09:36", "retweet": 0, "like": 0}, {"id": "1099124033197502464", "url": "https://twitter.com/MissOneNueng/status/1099124033197502464", "username": "", "text": "https://www. facebook.com/1237685752/pos ts/10214276937657501/ …", "date": "23-02-2019 08:49", "retweet": 0, "like": 0}, {"id": "1099123614043889664", "url": "https://twitter.com/MissOneNueng/status/1099123614043889664", "username": "", "text": "เจ้าของร้านข้าวหมูแดงชื่อดัง ซินฮะเส็ง องค์พระปฐมเจดีย์ ขี่มอเตอร์ไซค์กลับรถ โดนกระบะเสี่ยไร่อ้อยวัย 71 ปีชนกระเด็นตายคาที่ อ้างโดนตัดหน้า https://www. thairath.co.th/content/1502568", "date": "23-02-2019 08:47", "retweet": 0, "like": 0}, {"id": "1099121099504156673", "url": "https://twitter.com/MissOneNueng/status/1099121099504156673", "username": "", "text": "อุดร หนองคาย หนองบัว เลย เจอกัน https://www. facebook.com/1237685752/pos ts/10214276886856231/ …", "date": "23-02-2019 08:37", "retweet": 0, "like": 0}, {"id": "1098925530605281280", "url": "https://twitter.com/MissOneNueng/status/1098925530605281280", "username": "", "text": "พรรคไทยรักษาชาติจะปราศรัยใหญ่ที่ลานคนเมือง หน้าศาลาว่าการกรุงเทพมหานครวันที่ 1 มีนาคม 2562 Namphueng Ch Weerachai Fendi ประภาส ตี๋ สร. https://www. facebook.com/1237685752/pos ts/10214273056920485/ …", "date": "22-02-2019 19:40", "retweet": 0, "like": 0}, {"id": "1098924886775410688", "url": "https://twitter.com/MissOneNueng/status/1098924886775410688", "username": "", "text": "ข่าวดีคนกรุง! เปิดเดินรถไฟฟ้าใต้ดิน หัวลำโพง-หลักสอง เม.ย.นี้ http:// news.ch3thailand.com/economy/88524 #ข่าวช่อง3 #Ch3ThailandNews http:// news.ch3thailand.com/economy/88524", "date": "22-02-2019 19:38", "retweet": 0, "like": 0}, {"id": "1098919130369933312", "url": "https://twitter.com/MissOneNueng/status/1098919130369933312", "username": "", "text": "ประกาศ พรรคไทยรักษาชาติ ปราศัยใหญ่ เสาร์ 23 กพ 62 ที่วงเวียนใหญ่ เริ่ม 16.00 เป็นต้นไป", "date": "22-02-2019 19:15", "retweet": 0, "like": 0}, {"id": "1098916961939910656", "url": "https://twitter.com/MissOneNueng/status/1098916961939910656", "username": "", "text": "https://www. facebook.com/1237685752/pos ts/10214272887276244/ …", "date": "22-02-2019 19:06", "retweet": 0, "like": 0}, {"id": "1098856418407411712", "url": "https://twitter.com/MissOneNueng/status/1098856418407411712", "username": "", "text": "อดีตอาจารย์มธ. ทำพิธียัญดาวจักรวาล ดึงพลังศักดิ์สิทธิ์จากเบื้องบน ให้ 'บิ๊กตู่' เป็น นายก https:// morning-news.bectero.com/political/22-F eb-2019/139119 …", "date": "22-02-2019 15:06", "retweet": 0, "like": 0}, {"id": "1098722774476980225", "url": "https://twitter.com/MissOneNueng/status/1098722774476980225", "username": "", "text": "https://www. facebook.com/1237685752/pos ts/10214269597313997/ …", "date": "22-02-2019 06:14", "retweet": 0, "like": 0}, {"id": "1098713857697054720", "url": "https://twitter.com/MissOneNueng/status/1098713857697054720", "username": "", "text": "เย็นนี้ คืนนี้ รถคงติดสนั่น ดูเส้นทางหลีกเลี่ยง http://www. fm91bkk.com / ออมสินจัดงานใหญ่-พระครูบาบุญช", "date": "22-02-2019 05:39", "retweet": 0, "like": 0}, {"id": "1098619707802902528", "url": "https://twitter.com/MissOneNueng/status/1098619707802902528", "username": "", "text": "เกาหลีที่ฟูดแลนด์ https://www. facebook.com/1237685752/pos ts/10214266737002491/ …", "date": "21-02-2019 23:25", "retweet": 0, "like": 0}, {"id": "1098606167327195137", "url": "https://twitter.com/MissOneNueng/status/1098606167327195137", "username": "", "text": "พี่รักแม่ชบา ใช่มั้ย พี่บอกชั้นมาตรงๆ", "date": "21-02-2019 22:31", "retweet": 0, "like": 0}, {"id": "1098596803962961926", "url": "https://twitter.com/MissOneNueng/status/1098596803962961926", "username": "", "text": "https://www. facebook.com/1237685752/pos ts/10214265840780086/ …", "date": "21-02-2019 21:54", "retweet": 0, "like": 0}, {"id": "1098521943798509568", "url": "https://twitter.com/MissOneNueng/status/1098521943798509568", "username": "", "text": "เวลา 16.40น. ถ.วิทยุ ที่ติดอยู่ตอนนี้!! ต่อเนื่องจาก ถ.เพชรบุรี ด่วนขั้นที่ 1 จากด่านเพชรบุรี ไปอาจณรงค์ แยกมิตรสัมพันธ์ เข้าซอยนานา (สุขุมวิท 3) จากแยกมิตรสัมพันธ์ ไปแยกอโศกเพชร #FM91 https://www. facebook.com/1237685752/pos ts/10214264028094770/ …", "date": "21-02-2019 16:56", "retweet": 0, "like": 0}, {"id": "1098521656299945984", "url": "https://twitter.com/MissOneNueng/status/1098521656299945984", "username": "", "text": "ค่ายประกาศแล้วว่า ROOM39 วงแตกแล้วจ้า https://www. thairath.co.th/content/1501643", "date": "21-02-2019 16:55", "retweet": 0, "like": 0}, {"id": "1098471353877913600", "url": "https://twitter.com/MissOneNueng/status/1098471353877913600", "username": "", "text": "คนฆ่าตัวตายเยอะจริงๆ https://www. thairath.co.th/content/1501415", "date": "21-02-2019 13:35", "retweet": 0, "like": 0}, {"id": "1098470688304726016", "url": "https://twitter.com/MissOneNueng/status/1098470688304726016", "username": "", "text": "979 เลขสวยนะ https://www. facebook.com/1237685752/pos ts/10214263157032994/ …", "date": "21-02-2019 13:33", "retweet": 0, "like": 0}, {"id": "1098446741592989696", "url": "https://twitter.com/MissOneNueng/status/1098446741592989696", "username": "", "text": "ตร.สหรัฐฯรวบ'พระศรีไพร'เจ้าอาวาสวัดไทยในลาสเวกัส ล่วงละเมิดทางเพศเด็ก http:// news.ch3thailand.com/abroad/88438 #ข่าวช่อง3 #Ch3ThailandNews http:// news.ch3thailand.com/abroad/88438", "date": "21-02-2019 11:58", "retweet": 0, "like": 0}, {"id": "1098445289323585536", "url": "https://twitter.com/MissOneNueng/status/1098445289323585536", "username": "", "text": "อาร์ตตัวแมร่ นะคะขอบอก Panisara At Cash Jeerapan Padungpak คุณชื่น วิเศษ Aussanee Mingthaisong Patcharee Kriengwatana Jarunee Srisuwan Mukda Sopissitthikul กุ้งนาง กุลนะวะณิชย์ https://www. facebook.com/1237685752/pos ts/10214262806624234/ …", "date": "21-02-2019 11:52", "retweet": 0, "like": 0}, {"id": "1098397265310302208", "url": "https://twitter.com/MissOneNueng/status/1098397265310302208", "username": "", "text": "Worawat Soinak Yanyong Phochaem https://www. facebook.com/1237685752/pos ts/10214261890481331/ …", "date": "21-02-2019 08:41", "retweet": 0, "like": 0}, {"id": "1098395658531135488", "url": "https://twitter.com/MissOneNueng/status/1098395658531135488", "username": "", "text": "สรุปๆ https://www. facebook.com/1237685752/pos ts/10214261836599984/ …", "date": "21-02-2019 08:35", "retweet": 0, "like": 0}, {"id": "1098374439731785729", "url": "https://twitter.com/MissOneNueng/status/1098374439731785729", "username": "", "text": "วันนี้ทำ ลาบสันในหมู กับผัดเห็ด ค่ะ", "date": "21-02-2019 07:10", "retweet": 0, "like": 0}, {"id": "1098205768254246913", "url": "https://twitter.com/MissOneNueng/status/1098205768254246913", "username": "", "text": "พระจันทร์โต๊โต ดูดิ ตอนนี้", "date": "20-02-2019 20:00", "retweet": 0, "like": 0}, {"id": "1098186607629193216", "url": "https://twitter.com/MissOneNueng/status/1098186607629193216", "username": "", "text": "ข่าวร้าย ปตท.-บางจาก ประกาศปรับขึ้นราคาน้ำมัน มีผลตี 5 วันพรุ่งนี้ https://www. thairath.co.th/content/1500903", "date": "20-02-2019 18:44", "retweet": 0, "like": 0}, {"id": "1098186132943077376", "url": "https://twitter.com/MissOneNueng/status/1098186132943077376", "username": "", "text": "จนท.พร้อมด้วยรถน้ำ อาสาสมัคร พร้อมลุย หลังเกิดเหตุเพลิงไหม้หญ้า บริเวณริมถนนเลี่ยงเมืองชลฯ มุ่งหน้าบางแสน โดย จนท.ทำงานกันอย่างเต็มที่ cr.พรเทพโช๊คอัพบ้านสวนชลบุรี Pui Nongpanga Intarasenee https://www. facebook.com/1237685752/pos ts/10214257029239803/ …", "date": "20-02-2019 18:42", "retweet": 0, "like": 0}, {"id": "1098177461378928640", "url": "https://twitter.com/MissOneNueng/status/1098177461378928640", "username": "", "text": "พบผู้เสียชิวิตในรถ ซอยวชิรธรรมสาธิต 57 แยก 25 อ่านข่าว .. https:// bit.ly/2IsdrZ1 http://www. fm91bkk.com / พบผู้เสียชิวิตในรถ-ซอยวชิรธรรม", "date": "20-02-2019 18:08", "retweet": 0, "like": 0}, {"id": "1098173606989770752", "url": "https://twitter.com/MissOneNueng/status/1098173606989770752", "username": "", "text": "เลือกเห็ดที่ตลาดนัด ไปทำกับข้าว รู้สึกเหมือนโดนงับ เห้ย...หมากัด ยังรู้สึกถึงแรงเขี้ยวอยู่เลย ดีที่วันนี้นุ่งกระโปรงผ้าหนามา", "date": "20-02-2019 17:52", "retweet": 0, "like": 0}, {"id": "1098132983070904320", "url": "https://twitter.com/MissOneNueng/status/1098132983070904320", "username": "", "text": "Narisara Tonn https://www. facebook.com/1237685752/pos ts/10214256394903945/ …", "date": "20-02-2019 15:11", "retweet": 0, "like": 0}, {"id": "1098113799758868480", "url": "https://twitter.com/MissOneNueng/status/1098113799758868480", "username": "", "text": "รถสองแถวนักเรียน ชนกับรถกระบะ นร.บาดเจ็บหลายราย . ถนนมิตรภาพ ขาเข้า บริเวณจุดก่อสร้าง กลางเขื่อนลำตะคอง รถบรรทุก 6 ล้อ สองแถว บรรทุกนักเรียน ชนกับรถกระบะ แล้วรถบรรทุุก 6 ล้อ เสียหลักลงข้างทาง มีเด็กนักเรียนได้รับบาดเจ็บหลายราย กู้ภัยถึงแล้ว Cr.ภาพป... https://www. facebook.com/1237685752/pos ts/10214256177658514/ …", "date": "20-02-2019 13:55", "retweet": 0, "like": 0}, {"id": "1098107124511432706", "url": "https://twitter.com/MissOneNueng/status/1098107124511432706", "username": "", "text": "ตินาท ต้นป็อด พันธ์โพธิ์ โชติการ มีศิริ https://www. facebook.com/1237685752/pos ts/10214256103656664/ …", "date": "20-02-2019 13:28", "retweet": 0, "like": 0}, {"id": "1098087841781829632", "url": "https://twitter.com/MissOneNueng/status/1098087841781829632", "username": "", "text": "https://www. facebook.com/1237685752/pos ts/10214255899651564/ …", "date": "20-02-2019 12:11", "retweet": 0, "like": 0}, {"id": "1098075674789564416", "url": "https://twitter.com/MissOneNueng/status/1098075674789564416", "username": "", "text": "Putt Eagle สตาร์ จริงเข้าใจ https://www. facebook.com/1237685752/pos ts/10214255711446859/ …", "date": "20-02-2019 11:23", "retweet": 0, "like": 0}, {"id": "1098071967712727040", "url": "https://twitter.com/MissOneNueng/status/1098071967712727040", "username": "", "text": "ใครอ้วน หรือมีภาวะไขมันสูง ความดันสูง อ่านค่ะ https://www. khaosod.co.th/lifestyle/news _2224487 …", "date": "20-02-2019 11:08", "retweet": 0, "like": 0}, {"id": "1098065053239062528", "url": "https://twitter.com/MissOneNueng/status/1098065053239062528", "username": "", "text": "จะดวง จะเฮง จะอะไรก็แล้วแต่ จะคิดได้เมื่อไหร่เท่านั้นเอง https://www. thairath.co.th/content/1499836", "date": "20-02-2019 10:41", "retweet": 0, "like": 0}, {"id": "1098053401093431296", "url": "https://twitter.com/MissOneNueng/status/1098053401093431296", "username": "", "text": "ป่าแหว่งยังไม่พอ สลดใจพบต้นยางสี่แยกสารภี ถนนเชียงใหม่-ลำพูน อายุกว่า 100 ปี ถูกตัดเหลือแต่ตอโด่เด่กลางสี่แยก https:// amp.mgronline.com/onlinesection/ 9620000017426.html …", "date": "20-02-2019 09:55", "retweet": 0, "like": 0}, {"id": "1098019797306994689", "url": "https://twitter.com/MissOneNueng/status/1098019797306994689", "username": "", "text": "ตรวจสอบรายชื่อ ที่ลงทะเบียนเลือกตั้งนอกเขตล่วงหน้าไว้ ได้ที่นี่ https://www. bora.dopa.go.th/Election/Elece nter/outvote/enq/index.php …", "date": "20-02-2019 07:41", "retweet": 0, "like": 0}, {"id": "1097869644856156160", "url": "https://twitter.com/MissOneNueng/status/1097869644856156160", "username": "", "text": "คุณหญิงสุดารัตน์ ลงพื้นที่ ภาคอีสานวันนี้ https://www. facebook.com/1237685752/pos ts/10214251626584740/ …", "date": "19-02-2019 21:44", "retweet": 0, "like": 0}, {"id": "1097768714584256514", "url": "https://twitter.com/MissOneNueng/status/1097768714584256514", "username": "", "text": "เวลา 14.59น. ติดมาจาก ถ.อ่อนนุช !! ถ.สุขุมวิท ขาเข้า กลับรถใต้สะพานข้ามคลองพระโขนง ท้ายอยู่บีทีเอส ปุณณวิถี ซอยสุขุมวิท 50 ก็ออกถ.สุขุมวิท \"ไม่ได้\" #FM91 https://www. facebook.com/1237685752/pos ts/10214249912701894/ …", "date": "19-02-2019 15:03", "retweet": 0, "like": 0}, {"id": "1097759656305291264", "url": "https://twitter.com/MissOneNueng/status/1097759656305291264", "username": "", "text": "ใครอยากคุยกับชัชชาติในวันที่ 21 กุมภาพันธ์ ตั้งแต่เวลา 14.00น.เป็นต้นไป เชิญลงทะเบียนตามลิงค์ด้านล่าง https:// goo.gl/forms/yrIRpjVe mcXKtoaW2?fbclid=IwAR3R0chXVuorR9lE2GYJZt2yisqiDdqXWFjdtEWZmFJOUQNsmydpbP7fVFM … https://www. facebook.com/1237685752/pos ts/10214249836819997/ …", "date": "19-02-2019 14:27", "retweet": 0, "like": 0}, {"id": "1097759020679553024", "url": "https://twitter.com/MissOneNueng/status/1097759020679553024", "username": "", "text": "https://www. facebook.com/1237685752/pos ts/10214249832539890/ …", "date": "19-02-2019 14:25", "retweet": 0, "like": 0}, {"id": "1097757862489550849", "url": "https://twitter.com/MissOneNueng/status/1097757862489550849", "username": "", "text": "#Julie ขนมปังหมูหยองน้ำพริกเผาไวท์ชอคเคลือบเกล็ดกาแฟ...สั่งเลยใหม่สดทุกวัน #ไม่มีสารกันบูด Line : jumanji771 Tel : 0825647771 FB : Aingpran Sunamalai Yaovaluck Poolvaraluck https://www. facebook.com/1237685752/pos ts/10214249825539715/ …", "date": "19-02-2019 14:20", "retweet": 0, "like": 0}, {"id": "1097753197861527552", "url": "https://twitter.com/MissOneNueng/status/1097753197861527552", "username": "", "text": "https://www. facebook.com/1237685752/pos ts/10214249786978751/ …", "date": "19-02-2019 14:02", "retweet": 0, "like": 0}, {"id": "1097745712123506688", "url": "https://twitter.com/MissOneNueng/status/1097745712123506688", "username": "", "text": "พบวัตถุต้องสงสัย คล้ายระเบิดลูกเกลี้ยง บริเวณเสาไฟฟ้า ซอยอินทามระ55 http://www. fm91bkk.com / พบวัตถุต้องสงสัย-คล้ายระเบิดลู", "date": "19-02-2019 13:32", "retweet": 0, "like": 0}, {"id": "1097715146196017158", "url": "https://twitter.com/MissOneNueng/status/1097715146196017158", "username": "", "text": "สนช.เมินเสียงต้านเดินหน้าพิจารณาร่าง พ.ร.บ.ข้าวในสภาวาระ 2-3 วันที่ 20 ก.พ.นี้ https://www. posttoday.com/politic/news/5 80732 … https://www. posttoday.com/politic/news/5 80732 …", "date": "19-02-2019 11:31", "retweet": 0, "like": 0}, {"id": "1097708769134268416", "url": "https://twitter.com/MissOneNueng/status/1097708769134268416", "username": "", "text": "จอมขวัญ ปล่อยไหลยาว https://www. facebook.com/1237685752/pos ts/10214249302486639/ …", "date": "19-02-2019 11:05", "retweet": 0, "like": 0}, {"id": "1097690081467367425", "url": "https://twitter.com/MissOneNueng/status/1097690081467367425", "username": "", "text": "เตรียมตัว สอบปลายภาค ม.2", "date": "19-02-2019 09:51", "retweet": 0, "like": 0}, {"id": "1097685541015904256", "url": "https://twitter.com/MissOneNueng/status/1097685541015904256", "username": "", "text": "Classic https://www. facebook.com/1237685752/pos ts/10214248735072454/ …", "date": "19-02-2019 09:33", "retweet": 0, "like": 0}, {"id": "1097682577438138373", "url": "https://twitter.com/MissOneNueng/status/1097682577438138373", "username": "", "text": "Wallop Meenang อภิวัฒน์ แสงพัทธสีมา https://www. thairath.co.th/content/1499448", "date": "19-02-2019 09:21", "retweet": 0, "like": 0}, {"id": "1097526095165906945", "url": "https://twitter.com/MissOneNueng/status/1097526095165906945", "username": "", "text": "สำนักพระราชวัง แถลงการณ์ 'พระองค์โสมสวลี' ทรงรู้พระองค์ดีขึ้น เคลื่อนไหวพระวรกายได้มากขึ้น // #FM91 http://www. fm91bkk.com/- สำนักพระราชวัง-แถลง-พระองค์โ", "date": "18-02-2019 22:59", "retweet": 0, "like": 0}, {"id": "1097525737186185216", "url": "https://twitter.com/MissOneNueng/status/1097525737186185216", "username": "", "text": "โปรดเกล้าฯ พ.ร.บ.ยาเสพติดให้โทษฉบับใหม่เปิดทางให้ใช้พืชกระท่อมและกัญชาทางการแพทย์ มีผลพรุ่งนี้... อ่านต่อที่ : https://www. dailynews.co.th/politics/694049 https://www. dailynews.co.th/politics/694049", "date": "18-02-2019 22:58", "retweet": 0, "like": 0}, {"id": "1097520627345309696", "url": "https://twitter.com/MissOneNueng/status/1097520627345309696", "username": "", "text": "Foodland https://www. facebook.com/1237685752/pos ts/10214245538152533/ …", "date": "18-02-2019 22:38", "retweet": 0, "like": 0}, {"id": "1097520555010318336", "url": "https://twitter.com/MissOneNueng/status/1097520555010318336", "username": "", "text": "Foodland https://www. facebook.com/1237685752/pos ts/10214245537192509/ …", "date": "18-02-2019 22:37", "retweet": 0, "like": 0}, {"id": "1097489778105143296", "url": "https://twitter.com/MissOneNueng/status/1097489778105143296", "username": "", "text": "เครียดไป ฟังเบาๆ https://www. youtube.com/attribution_li nk?a=frF9b5lduaM&u=%2Fwatch%3Fv%3DUiYuGMvCMuU%26feature%3Dshare …", "date": "18-02-2019 20:35", "retweet": 0, "like": 0}, {"id": "1097480152584314880", "url": "https://twitter.com/MissOneNueng/status/1097480152584314880", "username": "", "text": "อร่อยมาก สั่งเลยค่ะ https://www. facebook.com/1237685752/pos ts/10214244887896277/ …", "date": "18-02-2019 19:57", "retweet": 0, "like": 0}, {"id": "1097479648416387072", "url": "https://twitter.com/MissOneNueng/status/1097479648416387072", "username": "", "text": "เวลา 19.37น. \"เฉลยคำตอบ รถติด \" ถ.ร่มเกล้า จากสุวรรณภูมิ ไปมีนบุรี ( เย็น \"สู่\" ค่ำ) ตรงแยกเคหะร่มเกล้า รถบรรทุกคอมเพรสเซอร์แอร์ หลังจากเบรครถ คอมแอร์ฯ ที่ขนมา เลื่อนไถลมาด้านหน้า เหมือนจะร่วงจากตัวรถ... https://www. facebook.com/1237685752/pos ts/10214244880976104/ …", "date": "18-02-2019 19:55", "retweet": 0, "like": 0}, {"id": "1097468773160775681", "url": "https://twitter.com/MissOneNueng/status/1097468773160775681", "username": "", "text": "เคล็ดลับ https://www. youtube.com/watch?v=HrX9S2 Jwp6A …", "date": "18-02-2019 19:12", "retweet": 0, "like": 0}, {"id": "1097468201758150657", "url": "https://twitter.com/MissOneNueng/status/1097468201758150657", "username": "", "text": "ประเด็นไทยรักษาชาติ https://www. facebook.com/1237685752/pos ts/10214244666770749/ …", "date": "18-02-2019 19:09", "retweet": 0, "like": 0}, {"id": "1097434808563580934", "url": "https://twitter.com/MissOneNueng/status/1097434808563580934", "username": "", "text": "https://www. facebook.com/1237685752/pos ts/10214244206879252/ …", "date": "18-02-2019 16:57", "retweet": 0, "like": 0}, {"id": "1097426691650052097", "url": "https://twitter.com/MissOneNueng/status/1097426691650052097", "username": "", "text": "วันก่อนรายการ “ถามตรงๆกับจอมขวัญ” เชิญไปออกรายการ ผมไม่สะดวก วันนี้ลงตัว 1 ทุ่ม ไทยรัฐทีวีครับ #จาตุรนต์_ฉายแสง https://www. facebook.com/1237685752/pos ts/10214244112516893/ …", "date": "18-02-2019 16:24", "retweet": 0, "like": 0}, {"id": "1097421798772109312", "url": "https://twitter.com/MissOneNueng/status/1097421798772109312", "username": "", "text": "ในวันมาฆบูชา ****ห้ามขายเครื่องดื่มแอลกอฮอล์ทุกชนิดทั้งชนิดขายส่งและปลีก ฝ่าฝืนมีโทษจำคุกไม่เกิน 6 เดือน ปรับไม่เกิน 10,000 บาท โดยเริ่มตั้งแต่หลังเที่ยงคืน (18 ก.พ. 2562) ถึงเวลาเที่ยงคืน 00.00 น.ของวันที่ 19 ก.พ.2562 https://www. cm108.com/bbb/topic/7986 -%E0%B8%AB%E0%B9%89%E0%B8%B2%E0%B8%A1%E0%B8%82%E0%B8%B2%E0%B8%A2%E0%B9%80%E0%B8%84%E0%B8%A3%E0%B8%B7%E0%B9%88%E0%B8%AD%E0%B8%87%E0%B8%94%E0%B8%B7%E0%B9%88%E0%B8%A1%E0%B9%81%E0%B8%AD%E0%B8%A5%E0%B8%81%E0%B8%AE%E0%B8%AD%E0%B8%A5%E0%B8%A5%E0%B9%8C-%E0%B9%83%E0%B8%99%E0%B8%A7%E0%B8%B1%E0%B8%99%E0%B8%A1%E0%B8%B2%E0%B8%86%E0%B8%9A%E0%B8%B9%E0%B8%8A%E0%B8%B2-%E0%B8%9D%E0%B9%88%E0%B8%B2%E0%B8%9D%E0%B8%B7%E0%B8%99%E0%B8%88%E0%B8%B3%E0%B8%84%E0%B8%B8%E0%B8%81-6%E0%B9%80%E0%B8%94%E0%B8%B7%E0%B8%AD%E0%B8%99-%E0%B8%9B%E0%B8%A3%E0%B8%B1%E0%B8%9A-1-%E0%B8%AB%E0%B8%A1%E0%B8%B7%E0%B9%88%E0%B8%99/ …", "date": "18-02-2019 16:05", "retweet": 0, "like": 0}, {"id": "1097419577686802432", "url": "https://twitter.com/MissOneNueng/status/1097419577686802432", "username": "", "text": "งานนครปฐม ประกาศรับสมัครพนักงานขับรถทัวร์ 8 ล้อ และ 6 ล้อสนใจโทร 081-9342068 สมคิด พัวพิรุณ https://www. facebook.com/1237685752/pos ts/10214244027154759/ …", "date": "18-02-2019 15:56", "retweet": 0, "like": 0}, {"id": "1097418213040648192", "url": "https://twitter.com/MissOneNueng/status/1097418213040648192", "username": "", "text": "ป๊อป อารียา สุดเศร้า สูญเสียคุณแม่ ป่วยโรคสมองน้อยฝ่อ https://www. thairath.co.th/content/1498995", "date": "18-02-2019 15:51", "retweet": 0, "like": 0}, {"id": "1097417638731427841", "url": "https://twitter.com/MissOneNueng/status/1097417638731427841", "username": "", "text": "คนเราตายไปก็เอาอะไรไปไม่ได้สักอย่าง ทำเพื่อคนอยู่แท้ๆ ถึงหรือเปล่า ไม่มีใครรู้ได้ https://www. thairath.co.th/content/528488", "date": "18-02-2019 15:48", "retweet": 0, "like": 0}, {"id": "1097375402396274688", "url": "https://twitter.com/MissOneNueng/status/1097375402396274688", "username": "", "text": "My God... https://www. facebook.com/1237685752/pos ts/10214243517942029/ …", "date": "18-02-2019 13:00", "retweet": 0, "like": 0}, {"id": "1097358548495884290", "url": "https://twitter.com/MissOneNueng/status/1097358548495884290", "username": "", "text": "วาว https://www. facebook.com/1237685752/pos ts/10214243367938279/ …", "date": "18-02-2019 11:54", "retweet": 0, "like": 0}, {"id": "1097357428553732096", "url": "https://twitter.com/MissOneNueng/status/1097357428553732096", "username": "", "text": "ปลาหมึกสดๆ https://www. facebook.com/1237685752/pos ts/10214243357698023/ …", "date": "18-02-2019 11:49", "retweet": 0, "like": 0}, {"id": "1097346246128263169", "url": "https://twitter.com/MissOneNueng/status/1097346246128263169", "username": "", "text": "การลงทะเบียนเลือกตั้งล่วงหน้านอกเขต online เหลือเวลาอีก 2วัน วันนี้ พรุ่งนี้ ลงยังค่ะ เตรียมเลขที่เล่มทะเบียนบ้าน และเลขหลังบัตรประจำตัวประชาชน ลงทะเบียนง่ายๆ cap หน้าจอไว้ https:// election.bora.dopa.go.th/ectoutvote/Log in.aspx …", "date": "18-02-2019 11:05", "retweet": 0, "like": 0}]