[{"id": "1098966861159456773", "url": "https://twitter.com/ML_M0EY/status/1098966861159456773", "username": "", "text": "กูจะเลือกเพื่อไทย เพราะกัญชาเนียแหละ 55555555555555555555555 #รักน้าสี่ศูนย์สอง #ไทยรัฐเลือกตั้ง62", "date": "22-02-2019 22:24", "retweet": 0, "like": 1}, {"id": "1098964632515923973", "url": "https://twitter.com/ML_M0EY/status/1098964632515923973", "username": "", "text": "จุติ นี่ควรไปจุติใหม่จริงๆ ถ้าจะคำพูดหล่อขนาดนั้น สร๊างภ๊าพจั๊งเล้ยค๊าาาาาาาาาา #ไทยรัฐเลือกตั้ง62", "date": "22-02-2019 22:16", "retweet": 0, "like": 3}, {"id": "1098964168282071042", "url": "https://twitter.com/ML_M0EY/status/1098964168282071042", "username": "", "text": "ใต้คุกเดียวกัน 555555555555555 #ประยุทธ์ไม่กล้าดีเบต", "date": "22-02-2019 22:14", "retweet": 5, "like": 1}, {"id": "1098959262670147585", "url": "https://twitter.com/ML_M0EY/status/1098959262670147585", "username": "", "text": "อ.จักษ์ นี่เป็นควยไรมากปะ พูดไม่ได้ละทำเสียงดังใส่ #ไทยรัฐเลือกตั้ง62", "date": "22-02-2019 21:54", "retweet": 3, "like": 2}, {"id": "1098958056673558528", "url": "https://twitter.com/ML_M0EY/status/1098958056673558528", "username": "", "text": "ก็มาดิลุง คนเขารอลุงเนียยย จะได้รู้ว่ามีคนชอบหรือไม่ขอบขนาดไหน ฟังแต่โพลกากๆ ไม่รู้ไปสำรวจแถวไหน .. #ประยุทธ์ไม่กล้าดีเบต", "date": "22-02-2019 21:49", "retweet": 2, "like": 0}, {"id": "1098956778891431936", "url": "https://twitter.com/ML_M0EY/status/1098956778891431936", "username": "", "text": "เอฟซี เสรี คือเป็นผู้ใหญ่ที่ไม่มีใครกล้าตบ .. #ไทยรัฐเลือกตั้ง62", "date": "22-02-2019 21:44", "retweet": 7, "like": 1}, {"id": "1098948749928198144", "url": "https://twitter.com/ML_M0EY/status/1098948749928198144", "username": "", "text": "ผมก็เพิ่งเคนได้ยิน รัฐประหาร ไม่ใช่เผด็จการ #จตุพร #ไทยรัฐเลือกตั้ง62", "date": "22-02-2019 21:12", "retweet": 3, "like": 2}, {"id": "1098947190246887424", "url": "https://twitter.com/ML_M0EY/status/1098947190246887424", "username": "", "text": "จริงๆ รำคาญปชปมาก #ไทยรัฐเลือกตั้ง62", "date": "22-02-2019 21:06", "retweet": 4, "like": 0}, {"id": "1098946746372128769", "url": "https://twitter.com/ML_M0EY/status/1098946746372128769", "username": "", "text": "เสรี vs ประยุทธ์ อันนี้ก็ดีย์ จะดูตั้งแต่ต้นยันจบ 5555555555 #ไทยรัฐเลือกตั้ง62", "date": "22-02-2019 21:04", "retweet": 10, "like": 6}, {"id": "1098945412260450304", "url": "https://twitter.com/ML_M0EY/status/1098945412260450304", "username": "", "text": "จตุพร vs ประยุทธ เหี้ยคู่ .. #ไทยรัฐเลือกตั้ง62", "date": "22-02-2019 20:59", "retweet": 4, "like": 6}, {"id": "1098944162525720576", "url": "https://twitter.com/ML_M0EY/status/1098944162525720576", "username": "", "text": "พวกชื่อ ปอ เนียๆ เสร็จเสรีทุกคนนะครับบบบ 5555555555 #ไทยรัฐเลือกตั้ง62", "date": "22-02-2019 20:54", "retweet": 1, "like": 4}, {"id": "1098610606930911232", "url": "https://twitter.com/ML_M0EY/status/1098610606930911232", "username": "", "text": "ทำไมดูดีเบตย้อนหลัง MCOT HD ช่วงธนาธรพูดแล้วเสียงหาย .. #savethanathon", "date": "21-02-2019 22:49", "retweet": 1, "like": 0}, {"id": "1098604616193921024", "url": "https://twitter.com/ML_M0EY/status/1098604616193921024", "username": "", "text": "ผมนี่รอดูเสรีพิสุทเลยจ๊ะ ชอบตอนตอบว่าอภิรักษ์อะหรอ เด็กเมื่อวานซืนนน 555555555555555 https:// twitter.com/asurapad/statu s/1098603761902252035 …", "date": "21-02-2019 22:25", "retweet": 0, "like": 0}, {"id": "1098569313013755904", "url": "https://twitter.com/ML_M0EY/status/1098569313013755904", "username": "", "text": "พรุ่งนี้มีดีเบตไทยรัฐด้วย ไม่พลาดๆ #savethanathon", "date": "21-02-2019 20:05", "retweet": 2, "like": 1}, {"id": "1098568466506801153", "url": "https://twitter.com/ML_M0EY/status/1098568466506801153", "username": "", "text": "ก่อนถามว่าเกลียดอะไรลุงขนาดนั้น ถามหาคนไม่เกลียดตอบง่ายกว่า .. เพราะมีน้อย #savethanathon", "date": "21-02-2019 20:01", "retweet": 1, "like": 0}, {"id": "1098568203326808064", "url": "https://twitter.com/ML_M0EY/status/1098568203326808064", "username": "", "text": "โอเคได้ จะพิมพ์เอา #savethanathon", "date": "21-02-2019 20:00", "retweet": 2, "like": 0}, {"id": "1098568122284498944", "url": "https://twitter.com/ML_M0EY/status/1098568122284498944", "username": "", "text": "คือรีมากก็ไม่ได้หรอ ???? #savethanathon", "date": "21-02-2019 20:00", "retweet": 3, "like": 0}, {"id": "1098566564603781120", "url": "https://twitter.com/ML_M0EY/status/1098566564603781120", "username": "", "text": "แต่กูก็ไม่แช่งเครื่องให้ตก หรือแช่งให้แกตายนะ กูตามด่าอย่างเดียว เผื่อลุงมันจะคิดได้แล้วเดินออกไปแต่โดยดี .. #ประชารัฐ มึงมาอ่าน #savethanathon", "date": "21-02-2019 19:54", "retweet": 1, "like": 0}, {"id": "1098566195505057792", "url": "https://twitter.com/ML_M0EY/status/1098566195505057792", "username": "", "text": "มึงไม่รู้จริงๆหรอ? 5555555555555555555555555555555555 /ด่าสามวันสามคืนยังไม่จบเลยมึงอะ https:// twitter.com/gbestboxer/sta tus/1098562151260639232 …", "date": "21-02-2019 19:52", "retweet": 0, "like": 0}, {"id": "1098561055427461120", "url": "https://twitter.com/ML_M0EY/status/1098561055427461120", "username": "", "text": "ตอนแรกก็อ่านแท็กผ่านๆไม่ได้อัพอะไร แต่พอเจอโดนลบแบบนี้ จะปั่นให้ยับเลยจ๊ะ #savethanathon", "date": "21-02-2019 19:32", "retweet": 9, "like": 1}, {"id": "1098534036329267200", "url": "https://twitter.com/ML_M0EY/status/1098534036329267200", "username": "", "text": "รู้แล้ววววว ไม่ต้องย้ำ /ปลุกความอ้วนในตัวคุณ pic.twitter.com/7GPBxo9hFg", "date": "21-02-2019 17:44", "retweet": 0, "like": 0}, {"id": "1098192586051710976", "url": "https://twitter.com/ML_M0EY/status/1098192586051710976", "username": "", "text": "เมื่อวานเวียนเทียนแล้วลืมกรวดน้ำอะ สัพเวสีเลยตามมาขอส่วนบุญถึงบ้านเรอะ 555555555555555555 ถอห", "date": "20-02-2019 19:08", "retweet": 0, "like": 0}, {"id": "1097861019311923202", "url": "https://twitter.com/ML_M0EY/status/1097861019311923202", "username": "", "text": "ถามพ่อค้าเหลือกี่คิว พ่อค้าบอกเหลือคิวเดียว แต่!!! แม้งสั่ง 3 ห้อ wtfffffff หอยทอดจ๋าาาาาาาาา", "date": "19-02-2019 21:10", "retweet": 0, "like": 0}, {"id": "1097859234480283648", "url": "https://twitter.com/ML_M0EY/status/1097859234480283648", "username": "", "text": "หิวสัชๆ หิวแบบจะแดกทั้งร้านหอยทอดได้แล้ว ถ้าพ่อค้ายังผัดแบบใจเย็นแบบนี้ ฮือออออ", "date": "19-02-2019 21:03", "retweet": 0, "like": 0}, {"id": "1097490444181618688", "url": "https://twitter.com/ML_M0EY/status/1097490444181618688", "username": "", "text": "เอาละเว้ยย เอาละเว้ยยน ไมยราพพพ #therapper2", "date": "18-02-2019 20:38", "retweet": 0, "like": 0}, {"id": "1097490364082970625", "url": "https://twitter.com/ML_M0EY/status/1097490364082970625", "username": "", "text": "พี่แชมป์ๆๆๆๆ ปู้นๆๆ #therapper2", "date": "18-02-2019 20:37", "retweet": 0, "like": 0}, {"id": "1097490074235596800", "url": "https://twitter.com/ML_M0EY/status/1097490074235596800", "username": "", "text": "#Therapper พี่แชมป์ ไมยราพพพพพพ", "date": "18-02-2019 20:36", "retweet": 0, "like": 0}]