[{"id": "1099326300215361536", "url": "https://twitter.com/mmaiic/status/1099326300215361536", "username": "", "text": "ถ้าผู้หญิงไม่เคยรู้มาก่อนว่าผู้ชายคบซ้อนก็คือน่าสงสารมากนะ ถ้าวันแต่งงานที่ควรจะมีความสุขที่สุดกลับเป็นวันที่รู้ความจริงว่าผู้ชายคบซ้อนผู้หญิงคนอื่นมาเป็นสิบปีน่ะ จะถอนตัวก็ไม่ทันแล้วอ่ะ ถ้าจะไปต่อก็ไม่รู้จะไว้ใจต่อไปได้ยังไง #ป๊อบปองกูล", "date": "23-02-2019 22:13", "retweet": 0, "like": 1}, {"id": "1099319623541899265", "url": "https://twitter.com/mmaiic/status/1099319623541899265", "username": "", "text": "แต่งจริง! #ป๊อบปองกูล pic.twitter.com/Garau65R2P", "date": "23-02-2019 21:46", "retweet": 0, "like": 0}, {"id": "1099317334156570625", "url": "https://twitter.com/mmaiic/status/1099317334156570625", "username": "", "text": "งงที่แบบถ้าคบซ้อนจริง แล้วคนที่ออกสื่อตลอดคือคุณโบ อ.ปลาก็ต้องรู้สิว่าเค้าคบซ้อน แล้วก็ยอมทนงี้หรอ คลับฟรายเดย์มากๆ", "date": "23-02-2019 21:37", "retweet": 0, "like": 1}, {"id": "1099317087506296832", "url": "https://twitter.com/mmaiic/status/1099317087506296832", "username": "", "text": "เท่าที่ตามเสือก - คบกับอ.ปลามานานมากตั้งแต่มัธยม รอจนจบป.เอกแล้วค่อยแต่ง เพื่อนๆ อาจารย์ฝ่ายเจ้าสาวไปงานหมดเลย - คบกับคุณโบว์ร้านก๋วยเตี๋ยวบ้านผีมาเป็นสิบปี แฟนคลับ/เพื่อนในวงการก็รู้จักคนนี้ - ไม่เห็นเพื่อนสนิทในวงการไปงานแต่งเลย - เป็นไปได้หรอวะ ถ้าจะคบซ้อนเป็นสิบปี #ป๊อบปองกูล", "date": "23-02-2019 21:36", "retweet": 11, "like": 0}, {"id": "1099315469113163776", "url": "https://twitter.com/mmaiic/status/1099315469113163776", "username": "", "text": "โปรโมทเพลงป่าววะ", "date": "23-02-2019 21:30", "retweet": 0, "like": 0}, {"id": "1099315071052767232", "url": "https://twitter.com/mmaiic/status/1099315071052767232", "username": "", "text": "เอ้า มีแต่คนออกมาพูดว่าอ.ปลาที่แต่งงานด้วยคบมาเป็นสิบปีแล้ว แต่แบบ คนที่ออกสื่อคือคุณโบที่เปิดร้านก๋วยเตี๋ยวบ้านผีนี่นา งง #ป๊อบปองกูล", "date": "23-02-2019 21:28", "retweet": 1, "like": 0}, {"id": "1099314074913886209", "url": "https://twitter.com/mmaiic/status/1099314074913886209", "username": "", "text": "ตามเสือกเงียบๆ ขอไม่แสดงความเห็น กลัวเกมพลิก แต่แบบ ตอนนี้งงมาก เพราะเท่าที่สังคมรับรู้ไม่ใช่แฟนคนนี้นี่หว่า ทำไมอยู่ดีๆ แต่งฟ้าแลบกับผู้หญิงอีกคน งงจริง #ป๊อบปองกูล", "date": "23-02-2019 21:24", "retweet": 5, "like": 0}, {"id": "1099293541568638976", "url": "https://twitter.com/mmaiic/status/1099293541568638976", "username": "", "text": "พูดถึงความสำเร็จของตัวเองอย่างไร ถึงจะไม่ดูน่าหมั่นไส้จนใครๆ ต้องกลอกตา | คำนี้ดี EP.140 https:// youtu.be/z2rXn8N1hpQ", "date": "23-02-2019 20:02", "retweet": 0, "like": 0}, {"id": "1098984693922332672", "url": "https://twitter.com/mmaiic/status/1098984693922332672", "username": "", "text": "คนเราเป็นไปได้ขนาดนี้เลย", "date": "22-02-2019 23:35", "retweet": 0, "like": 0}, {"id": "1098984622208147457", "url": "https://twitter.com/mmaiic/status/1098984622208147457", "username": "", "text": "คลิกเข้าไปอ่านข่าวอาจารย์ มธ. ทำพิธียัญดาวจักรวาล ดึงพลังจิตจากเบื้องบน ให้บิ๊กตู่ เป็นนายกฯต่อ เจอตำแหน่งรองศาสตราจารย์ก็คือ", "date": "22-02-2019 23:35", "retweet": 0, "like": 0}, {"id": "1098952119975985152", "url": "https://twitter.com/mmaiic/status/1098952119975985152", "username": "", "text": "ตอนแรกนึกว่าถ้วยรางวัลใหญ่มาก พออยู่ในมือชานยอลก็คือหดเหลืออันเท่ายาหม่องตราถ้วยทอง", "date": "22-02-2019 21:26", "retweet": 1, "like": 0}, {"id": "1098949722893541377", "url": "https://twitter.com/mmaiic/status/1098949722893541377", "username": "", "text": "แมงกุ๊ดจี่แบ้คยอนน่ารักมาก ฮือออ", "date": "22-02-2019 21:16", "retweet": 0, "like": 0}, {"id": "1098759359427883009", "url": "https://twitter.com/mmaiic/status/1098759359427883009", "username": "", "text": "สงสัยว่าทำไมผู้นำทหารบกกร่างจังอะ ทหารเรือกับทหารอากาศไม่เห็นมีใครมาออกสื่อ ทำตัวเผด็จการ นำทำรัฐประหารขนาดนี้", "date": "22-02-2019 08:40", "retweet": 1, "like": 1}, {"id": "1098604660326350853", "url": "https://twitter.com/mmaiic/status/1098604660326350853", "username": "", "text": "อันนี้หมายถึงวงไหนคะ", "date": "21-02-2019 22:25", "retweet": 0, "like": 0}, {"id": "1098604606689550337", "url": "https://twitter.com/mmaiic/status/1098604606689550337", "username": "", "text": "แค่แยกกันทำงาน ไม่ควรมีใครถูกด่าว่าทรยศเพื่อน", "date": "21-02-2019 22:25", "retweet": 0, "like": 0}, {"id": "1098604247883632641", "url": "https://twitter.com/mmaiic/status/1098604247883632641", "username": "", "text": "ถามว่าเสียดาย #Room39 มั้ย ก็เสียดายนะ แต่เค้าคงคุยกันมาดีแล้วแหละ ทอมได้ทำงานที่หลากหลายขึ้นมาก ได้เจอคนใหม่ๆ แล้วก็โตขึ้นด้วย ก็ย่อมมีทางที่อยากเดินเป็นของตัวเอง ส่วนมนกับพี่โอยังอยากทำเพลง ก็สามารถทำได้เลย ออกงานได้เลย โดยที่ไม่ต้องรอทอม", "date": "21-02-2019 22:23", "retweet": 2, "like": 2}, {"id": "1098590473038585860", "url": "https://twitter.com/mmaiic/status/1098590473038585860", "username": "", "text": "เนี่ย ถ้าเล่นเกมอยู่ แล้วกดออกไปดูหน้าอื่นก็คือ.. pic.twitter.com/TNgzEsBsDv", "date": "21-02-2019 21:29", "retweet": 0, "like": 0}, {"id": "1098589557090594817", "url": "https://twitter.com/mmaiic/status/1098589557090594817", "username": "", "text": "ตั้งแต่โหลด diner dash มาเล่น ก็คือเหมือนมือถือจะพังอ่ะ โนติเด้งอะไรขนาดนั้นอ่ะ มือถือสั่นยิ่งกว่า vibrator เนี่ยยยย ไม่ได้เร่งสปีดคลิปนะ ของจริง อีเวนเน้ย pic.twitter.com/iJqHZNxggU", "date": "21-02-2019 21:25", "retweet": 0, "like": 0}, {"id": "1098573546928758784", "url": "https://twitter.com/mmaiic/status/1098573546928758784", "username": "", "text": "คนรักประยุ้ดมาแค่ไหน วัดได้จากวันนี้ที่เครื่องบินมีปัญหาอ่ะ คือมีแต่คนแช่งมีคนไล่ให้ไปตุย ก็สงสารนังนะ แต่แบบ", "date": "21-02-2019 20:21", "retweet": 0, "like": 0}, {"id": "1098482964789321728", "url": "https://twitter.com/mmaiic/status/1098482964789321728", "username": "", "text": "เกมมือถือที่ทำอาหารแล้วก็จัดโต๊ะให้ลูกค้านั่งนี่คือเกมอะไรนะ", "date": "21-02-2019 14:22", "retweet": 0, "like": 0}, {"id": "1098455187885158400", "url": "https://twitter.com/mmaiic/status/1098455187885158400", "username": "", "text": "บอกว่าเป็นเจ้าของฟู้ดซัพพอร์ทงานที่แล้วเลยไว้ใจ โอ้โห เอาจริงๆ ถ้ารู้ว่าฟซพคราวก่อนเป็นแบบนี้ คือโดนแหกตั้งแต่ตอนนั้นแล้ว สปาเกตตี้เซเว่นมาก ไม่อายหรอวะถามจริง #เค้กหมื่นห้าสปาเกตตีสองหมื่น", "date": "21-02-2019 12:31", "retweet": 0, "like": 0}, {"id": "1098454414505852929", "url": "https://twitter.com/mmaiic/status/1098454414505852929", "username": "", "text": "ใครเป็นคนเสนอและตัดสินใจให้จ้างร้านเค้กเจ้าปัญหานี่อะ ผลงานก็ไม่มี แพงกว่าราคาตลาดสองเท่า ไม่ได้จะคาดคั้นถามหาความรับผิดชอบอะไรหรอก ไม่คาดหวัง แต่อยากรู้เหตุผลว่าทำไมถึงทำแบบนี้ หรือคิดว่า อ่อ เงินคนอื่น ได้มาฟรีๆ ก็ใช้ได้เลยสบายๆ #เค้กหมื่นห้าสปาเกตตีสองหมื่น", "date": "21-02-2019 12:28", "retweet": 4, "like": 0}, {"id": "1098449469970870273", "url": "https://twitter.com/mmaiic/status/1098449469970870273", "username": "", "text": "ถ้าทำโปรเจคแล้วเอาบิลเงินสดมาเป็นหลักฐานนี่ปัดตกเลยนะ เดินไปบีทูเอสก็ซื้อบิลเงินสดได้แล้ว จะเขียนบิลกี่บาทก็ได้", "date": "21-02-2019 12:08", "retweet": 1, "like": 0}, {"id": "1098446487485214720", "url": "https://twitter.com/mmaiic/status/1098446487485214720", "username": "", "text": "แต่คนรุ่นใหม่เนี่ย ค้นบทสัมภาษณ์เต็มๆ มาอ่านแล้วช่วยกระจายข้อมูลที่ถูกต้องแบบปากต่อปาก โดยที่ธนาธรไม่ต้องออกมาชี้แจงเองเลย แล้วอย่าลืมว่าคนรุ่นใหม่ที่มีสิทธิเลือกตั้งครั้งแรกมีมากถึง 14% ซึ่งแทบจะชี้ชะตาได้เลยว่านายกจะเป็นใคร #ธนาธร #อนาคตใหม่", "date": "21-02-2019 11:57", "retweet": 8, "like": 3}, {"id": "1098446161067704320", "url": "https://twitter.com/mmaiic/status/1098446161067704320", "username": "", "text": "ฟังที่เค้าวิเคราะห์ #เลือกตั้ง62 แล้วเห็นด้วยว่าไอ้ที่ปั่นกระแสลบเกี่ยวกับธนาธรเรื่องชุมนุมเสื้อแดง/ล้มศาสนา การสาดโคลนแบบเก่าๆ มันมีผลกับการรับรู้ของคนรุ่นเก่าเท่านั้นแหละ #ธนาธร #อนาคตใหม่", "date": "21-02-2019 11:55", "retweet": 1, "like": 1}, {"id": "1098413181377032192", "url": "https://twitter.com/mmaiic/status/1098413181377032192", "username": "", "text": "เดี๋ยวกลับไปใช้ไอโฟนตามผัวน้องจอน", "date": "21-02-2019 09:44", "retweet": 0, "like": 0}, {"id": "1098384032671256576", "url": "https://twitter.com/mmaiic/status/1098384032671256576", "username": "", "text": "ความเสถียรอะไรนี่ไม่ใช่ปัจจัยหลักในการตัดสินใจเลย แต่ว่าสายชาร์จไอโฟนห่วยอ่ะ เซ็ง", "date": "21-02-2019 07:48", "retweet": 0, "like": 0}, {"id": "1098383610049060864", "url": "https://twitter.com/mmaiic/status/1098383610049060864", "username": "", "text": "คือเปลี่ยนจากไอโฟนมาแอนดรอยถูกๆ คิดว่ามือถือหมื่นกว่าใช้สองปีแล้วทิ้งก็คุ้มแล้วอ่ะ ถึงเวลาก็ไปหารุ่นใหม่ นี่ถึงเวลาละ ตอนแรกลังเลว่าจะโน้ตหรือไอโฟน แต่คิดว่าคงกลับไปใช้ไอโฟน เพราะเคสหาง่าย แล้วก็อยากซื้อไอแพดมาวาดรูป เนี่ย เอามาใช้คู่กัน", "date": "21-02-2019 07:47", "retweet": 1, "like": 2}, {"id": "1098287876649828352", "url": "https://twitter.com/mmaiic/status/1098287876649828352", "username": "", "text": "ก็ถ้าไม่ดื้อด้านจะทำเค้กหมื่นห้า ใครจะมายึดมัดจำ อีควัย ถ้าไปจ้างร้านอื่นจ่ายแค่แปดพันเองป้ะ เนี่ย ส่วนต่างเจ็ดพันนี่เอาไปทำอะไร ทำไมแพงขนาดนั้น แหม เชฟโรงแรม เกรดพรีเมียม ถุย ลองดูหน้าร้าน ดูฝีมือทำเค้กก่อนเถอะ ขายปอนละสองร้อยยังแพง", "date": "21-02-2019 01:26", "retweet": 0, "like": 0}, {"id": "1098287240688496640", "url": "https://twitter.com/mmaiic/status/1098287240688496640", "username": "", "text": "สุดท้ายไปเอารูปร้านอื่นมาเป็นไกด์ ความจริงร้านนั้นเค้าคิดไม่กี่พัน แต่ทีมงานไปจ้างร้านไก่กาขอยอดโดเนทหมื่นห้า พอคนจับได้ไม่คืนเงินโดเนทบอกว่าร้านเค้กยึดมัดจำ คือจะเอาทุกทางเลยช้ะ", "date": "21-02-2019 01:24", "retweet": 0, "like": 0}, {"id": "1098287127668744192", "url": "https://twitter.com/mmaiic/status/1098287127668744192", "username": "", "text": "คือคิดจะคอรัปชั่นแต่แรกเลยรึป่าว ทำโปรเจคแบบไม่มีดีเทล ไม่มีการเทียบราคา ขออุบไอเดียนะคะ ไม่ได้จะให้โหวต แหม ถ้าจะลุยเดี่ยวขนาดนี้ควรใช้เงินตัวเองด้วย", "date": "21-02-2019 01:23", "retweet": 0, "like": 0}, {"id": "1098223378035400705", "url": "https://twitter.com/mmaiic/status/1098223378035400705", "username": "", "text": "ไม่ได้จะว่าเค้าโกงนะ แต่แบบทำให้มันโปร่งใสกว่านี้ก็ได้ ทำไมไม่ทำ ด้อมก็อยู่มาเป็นสิบปีแล้ว โตกันหมดแล้ว แทนที่จะทำอะไรให้เคลียร์ ดันมาขู่ว่าจะฟ้องกลับ /เกาหัวแกรกๆ", "date": "20-02-2019 21:10", "retweet": 0, "like": 0}, {"id": "1098222767130927105", "url": "https://twitter.com/mmaiic/status/1098222767130927105", "username": "", "text": "ตามเรื่องเค้กเจปาร์ตี้ด้วยเนี่ย ครั้งแรกที่เห็นว่าจะทำเค้กราคาเป็นหมื่นก็เอะใจแล้วนะ ขุดไปขุดมาก็คือโคตรจะ conflict of interest สุดท้ายยังไง มีคนท้วงให้หาร้านใหม่ แต่เงินส่วนต่างไม่คืนคนโดเนทนะ งงมาก", "date": "20-02-2019 21:08", "retweet": 0, "like": 0}, {"id": "1098214769553625091", "url": "https://twitter.com/mmaiic/status/1098214769553625091", "username": "", "text": "คือชอบตรงที่เรียนทั้งเมกาทั้งจีน ดูผสมผสาน เห็นโลกมาเยอะดี แต่ทำไมเป็นแบบนี้ เสียดาย ฮอลลล", "date": "20-02-2019 20:36", "retweet": 0, "like": 0}, {"id": "1098214110313893888", "url": "https://twitter.com/mmaiic/status/1098214110313893888", "username": "", "text": "ต้องกด mute อ่ะ หล่อมากตอนไม่ฟังตรรกะเค้า", "date": "20-02-2019 20:33", "retweet": 0, "like": 0}, {"id": "1098189664140185601", "url": "https://twitter.com/mmaiic/status/1098189664140185601", "username": "", "text": "มีปืนมีอาวุธแล้วยังไง ฆ่าคนได้ แต่ฆ่าจิตวิญญาณไม่ได้", "date": "20-02-2019 18:56", "retweet": 0, "like": 0}, {"id": "1098189494648369154", "url": "https://twitter.com/mmaiic/status/1098189494648369154", "username": "", "text": "ปี 2019 แล้วยังเล่นเกมการเมืองสกปรกๆ สาดโคลนให้คู่แข่ง ตามสอยคนเห็นต่าง แล้วมาบอกว่าตัวเองเป็นคนดี คนอื่นหนักแผ่นดิน กูจะอ้วก #savethanathorn", "date": "20-02-2019 18:55", "retweet": 22, "like": 7}, {"id": "1098188715648634880", "url": "https://twitter.com/mmaiic/status/1098188715648634880", "username": "", "text": "ไม่ว่าธนาธรจะชนะเลือกตั้งหรือไม่ก็ตาม สิ่งหนึ่งที่เค้าทำสำเร็จคือการปลุกความเป็นประชาธิปไตยให้ฟื้นคืนอีกครั้ง เรามองเห็นต้นตอของปัญหาแล้ว ต่อไปนี้ก็เป็นหน้าที่ของพวกเราแล้วแหละ ว่าจะแก้ไขหรือเพิกเฉย ถ้าธนาธรสู้ไม่ไหว มันก็จะมีคนรุ่นต่อไปมาสู้ต่อ #ธนาธร #อนาคตใหม่ #Savethanathorn", "date": "20-02-2019 18:52", "retweet": 664, "like": 213}, {"id": "1098140904634834944", "url": "https://twitter.com/mmaiic/status/1098140904634834944", "username": "", "text": "ทหารนี่ถูกฝึกความแข็งแกร่งความอดทนมาแล้วใช่ป้ะ ใครพูดถึงหน่อยก็ปรี๊ดแตก ใครวิจารณ์หน่อยก็จับเข้าคุก ใจบางเก่งขนาดนี้ ควรเกษียณไปนอนพักอยู่บ้าน #Savethanathorn", "date": "20-02-2019 15:42", "retweet": 9, "like": 2}, {"id": "1098118730230317056", "url": "https://twitter.com/mmaiic/status/1098118730230317056", "username": "", "text": "เขตรัฐบอกว่า ไอดอลตอนเด็กของเขาคือ นายชวน หลีกภัย ที่ชอบนายชวน เพราะชอบในความเป็นคนติดดิน และอีกคนหนึ่งคือ พล.ต.สนั่น ขจรประศาสน์ นักการเมืองที่ผู้เป็นพ่อเขาเคยใกล้ชิด ส่วนนักการเมืองที่เป็นไอดอลในปัจจุบันของเขตรัฐ จะเป็นใครไปไม่ได้นอกจาก “ลุงกำนัน” 5555555555555555555555555", "date": "20-02-2019 14:14", "retweet": 0, "like": 1}, {"id": "1098117472446689280", "url": "https://twitter.com/mmaiic/status/1098117472446689280", "username": "", "text": "ประวัติเค้าคือ สอนที่วิทยาลัยนานาชาติปรีดี พนมยงค์ สอนภาษาอังกฤษ แล้วสอนประวัติศาสตร์ไทย แต่ตอนหลังย้ายไปอยู่คณะวิทยาการเรียนรู้ศึกษาศาสตร์ เนี่ย ตรรกะแบบนี้ ตอนสอนโดนเด็กตบเกรียนมั้ย สงสัย", "date": "20-02-2019 14:09", "retweet": 0, "like": 1}, {"id": "1098117173233369088", "url": "https://twitter.com/mmaiic/status/1098117173233369088", "username": "", "text": "ดูดีเบตอยู่แล้วเห็นแม่ช่อตบเกรียนคนชื่อเขตรัฐแล้วต้องไปเสิร์ชดูประวัติอ่ะ อ่อ พ่อชื่อเอนก เหล่าธรรมทัศน์ จะทัศนคติแบบนี้ก็ไม่แปลกใจอ่ะ อืมๆ เคๆ", "date": "20-02-2019 14:08", "retweet": 0, "like": 2}, {"id": "1098113088950218752", "url": "https://twitter.com/mmaiic/status/1098113088950218752", "username": "", "text": "ไดโนเสาร์ไม่ใช่สัตว์ดึกดำบรรพ์ แต่เป็นความคิดของผู้คน", "date": "20-02-2019 13:52", "retweet": 0, "like": 0}, {"id": "1098094033585336320", "url": "https://twitter.com/mmaiic/status/1098094033585336320", "username": "", "text": "พริกทอดเกาหลีอร่อยมาก ฮืออ ยอม", "date": "20-02-2019 12:36", "retweet": 0, "like": 0}, {"id": "1098024283089981440", "url": "https://twitter.com/mmaiic/status/1098024283089981440", "username": "", "text": "อีดอก สอบเขียนวันนี้ก็คือทำให้อยากซื้อเครื่องคัดลายมือมาเป็นของตัวเอง เขียนไม่ทันโว้ยยยย", "date": "20-02-2019 07:59", "retweet": 0, "like": 0}, {"id": "1097863822956789760", "url": "https://twitter.com/mmaiic/status/1097863822956789760", "username": "", "text": "แบ้คยอนก็คือตลกไปเรื่อย น่ารักมากเลย ฮือออ", "date": "19-02-2019 21:21", "retweet": 0, "like": 0}, {"id": "1097862596529512448", "url": "https://twitter.com/mmaiic/status/1097862596529512448", "username": "", "text": "สูงเกือบสองเมตร แต่มาทำเสียงสองเสียงสาม บ้า เขิน", "date": "19-02-2019 21:16", "retweet": 0, "like": 1}, {"id": "1097862227397210112", "url": "https://twitter.com/mmaiic/status/1097862227397210112", "username": "", "text": "เขินชานยอลให้อาหารกวางจนต้องเปลี่ยนดิสเพอ่ะ บ้าจริง", "date": "19-02-2019 21:15", "retweet": 0, "like": 0}, {"id": "1097859604262748160", "url": "https://twitter.com/mmaiic/status/1097859604262748160", "username": "", "text": "ได้เท่าไหร่ 10 รึป้ะ pic.twitter.com/LtsncPuCTJ", "date": "19-02-2019 21:05", "retweet": 0, "like": 0}, {"id": "1097825772830486528", "url": "https://twitter.com/mmaiic/status/1097825772830486528", "username": "", "text": "อย่าดูถูกว่าเค้าโง่ เพียงเพราะเค้ามีสีผิวคล้ำกว่า อย่าดูถูกว่าเค้าโง่ เพียงเพราะเค้าทำงานจนเส้นเลือดปูดโปด", "date": "19-02-2019 18:50", "retweet": 0, "like": 0}, {"id": "1097825770972491776", "url": "https://twitter.com/mmaiic/status/1097825770972491776", "username": "", "text": "ช่วงนี้ดูคลิปเลือกตั้งเยอะมาก ชอบที่ธนาธรพูดประมาณว่า อย่าดูถูกคนต่างจังหวัด ยกตัวอย่างเช่น เพลงดังๆ ที่คุณฟังยอดวิวร้อยล้าน ส่วนเพลงลูกทุ่งยอดวิวสองร้อยล้านเต็มไปหมด แต่พวกคุณไม่รู้จัก แสดงให้เห็นว่าคนต่างจังหวัดมีอินเทอร์เน็ต เค้าดูยูทูบ เค้าเล่นเฟสบุ้ค เค้าเข้าถึงข้อมูล", "date": "19-02-2019 18:50", "retweet": 0, "like": 0}, {"id": "1097737537223684097", "url": "https://twitter.com/mmaiic/status/1097737537223684097", "username": "", "text": "สังคมเอ็มบีเอเป็นแบบในละครเลยป้ะ แส้บๆ บดๆ", "date": "19-02-2019 12:59", "retweet": 0, "like": 0}, {"id": "1097735612860325888", "url": "https://twitter.com/mmaiic/status/1097735612860325888", "username": "", "text": "แล้วก็สงสัยว่านายทหารที่บาดเจ็บล้มตายก็คือผู้น้อยทั้งนั้น นายพลนี่มีหน้าที่อะไร", "date": "19-02-2019 12:52", "retweet": 0, "like": 0}, {"id": "1097735142238433280", "url": "https://twitter.com/mmaiic/status/1097735142238433280", "username": "", "text": "สงสัยว่าถ้าให้ทหารออกรบจะเก่งเหมือนตอนสลายการชุมนุมไหม", "date": "19-02-2019 12:50", "retweet": 2, "like": 0}, {"id": "1097733725675184129", "url": "https://twitter.com/mmaiic/status/1097733725675184129", "username": "", "text": "เกิดวันนี้หรอ", "date": "19-02-2019 12:44", "retweet": 0, "like": 0}, {"id": "1097677119096709120", "url": "https://twitter.com/mmaiic/status/1097677119096709120", "username": "", "text": "เพราะอะไร เพราะชีวิตจริง โมเม้นโหดยิ่งกว่าฟิค ฮืออ เขิน", "date": "19-02-2019 08:59", "retweet": 0, "like": 0}, {"id": "1097677005636612097", "url": "https://twitter.com/mmaiic/status/1097677005636612097", "username": "", "text": "พูดไปงั้นอ่ะ ไม่อ่านฟิค", "date": "19-02-2019 08:59", "retweet": 0, "like": 0}, {"id": "1097676929648316416", "url": "https://twitter.com/mmaiic/status/1097676929648316416", "username": "", "text": "ชานยอลคือแบบ นิยามของคำว่าร่างแกร่งในฟิค", "date": "19-02-2019 08:59", "retweet": 0, "like": 0}, {"id": "1097676260661030912", "url": "https://twitter.com/mmaiic/status/1097676260661030912", "username": "", "text": "ไม่มีอะไรที่ชานยอลทำไม่ได้อ่ะ กินน้ำหนึ่งขวดในสามวินาที ฮืออ ขนลุก ถ้าบอกให้พี่กินขวดด้วย พี่ก็ทำให้ได้ อย่าท้า pic.twitter.com/D9Qpu78qoq", "date": "19-02-2019 08:56", "retweet": 0, "like": 1}, {"id": "1097520164688392192", "url": "https://twitter.com/mmaiic/status/1097520164688392192", "username": "", "text": "ขำแบบ หายใจไม่ทัน ฮืออ", "date": "18-02-2019 22:36", "retweet": 0, "like": 0}, {"id": "1097519769450819584", "url": "https://twitter.com/mmaiic/status/1097519769450819584", "username": "", "text": "ชานยอลเหยียบตีนน้อง โว้ยยยยยยยยย อีพวกบ้า 555555555555555555555", "date": "18-02-2019 22:34", "retweet": 0, "like": 0}, {"id": "1097518701606301696", "url": "https://twitter.com/mmaiic/status/1097518701606301696", "username": "", "text": "พี่จุนคือสุดมาก แบ่งให้น้องฮุนกินนี่คือพี่ชายแสนดี ประทับใจ ตัดภาพมาอีกทีก็คือพี่จุนย่องมาขโมยกินของพี่เฉิน 555555555", "date": "18-02-2019 22:30", "retweet": 0, "like": 0}, {"id": "1097517510285389824", "url": "https://twitter.com/mmaiic/status/1097517510285389824", "username": "", "text": "ตอนล่าสุดคือโคตรขำ น้องโด้ก็คือกินยั่วน้ำลายมาก น้องฮุนคือตาละห้อย พี่ไม่ยอมแบ่งสักที ชานยอลก็คือชานยอล อยากกินด้วย ขอได้มั้ย เอาเงินไปเลย จะเอาเท่าไหร่บอกมา 55555555", "date": "18-02-2019 22:25", "retweet": 0, "like": 0}, {"id": "1097512688995819520", "url": "https://twitter.com/mmaiic/status/1097512688995819520", "username": "", "text": "ประทับใจคุณพี่เท่าพิภพมาก อยากชวนกินเฝอเลยอ่ะ เดี๋ยวเลี้ยงสันคอหมูหนึ่งถาด ราคาไม่เกินสามพัน พี่น่าจะรับได้", "date": "18-02-2019 22:06", "retweet": 0, "like": 0}, {"id": "1097499316107718656", "url": "https://twitter.com/mmaiic/status/1097499316107718656", "username": "", "text": "หาเรื่อง(คุย) : สัมภาษณ์ พลตำรวจเอก เสรีพิศุทธ์ เตมียเวส หัวหน้าพรรคเสรีรวมไทย https:// youtu.be/xJmT6VjhfYY เผ็ชมากพ่อ", "date": "18-02-2019 21:13", "retweet": 0, "like": 2}, {"id": "1097485732812226560", "url": "https://twitter.com/mmaiic/status/1097485732812226560", "username": "", "text": "มองเซฮุนด้วยฟิลเตอร์เดียวกับจีซองแล้วเนี่ย ตัวเท่ากัน คือก็โตแล้วมีความผัวอยู่นะ แต่ประกายในแววตาใสซื่อจนแบบ น้อนนน หิวข้าวมั้ยคับ อยากกินอะไรบอกพี่ จะซื้อให้หนูทุกอย่างเลย ;;-;;", "date": "18-02-2019 20:19", "retweet": 1, "like": 0}, {"id": "1097463483015225344", "url": "https://twitter.com/mmaiic/status/1097463483015225344", "username": "", "text": "อย่างกับอ่านฟิค", "date": "18-02-2019 18:50", "retweet": 0, "like": 0}, {"id": "1097463397149401088", "url": "https://twitter.com/mmaiic/status/1097463397149401088", "username": "", "text": "จนถึงวันนี้ คุณธนาธรไม่ได้เป็นแค่นักศึกษาแล้วนะ คุณคือความหวังจริงๆ เราเชื่อว่าคุณเปลี่ยนประเทศนี้ได้ สู้ๆ", "date": "18-02-2019 18:50", "retweet": 1, "like": 0}, {"id": "1097462833753645057", "url": "https://twitter.com/mmaiic/status/1097462833753645057", "username": "", "text": "โห คือชาวนาประท้วงแล้วโดนสลายการชุมนุมจนมีผู้เสียชีวิต เหล่านักศึกษาธรรมศาสตร์ไปเรียกร้องให้อาจารย์เลิกทำงานให้รัฐบาล หนึ่งในนักศึกษานั้นชื่อ ธนาธร จึงรุ่งเรืองกิจ และอาจารย์คนนั้นชื่อ เอนก เหล่าธรรมทัศน์ หลายสิบปีผ่านไป อุดมการณ์ยังแรงกล้า แต่น่าเสียดาย ประเทศยังไม่เปลี่ยนแปลง", "date": "18-02-2019 18:48", "retweet": 8, "like": 4}, {"id": "1097415797373161472", "url": "https://twitter.com/mmaiic/status/1097415797373161472", "username": "", "text": "ลูกไม้หล่นไม่ไกลต้น #หนักแผ่นดิน", "date": "18-02-2019 15:41", "retweet": 0, "like": 1}, {"id": "1097411830077579264", "url": "https://twitter.com/mmaiic/status/1097411830077579264", "username": "", "text": "เนี่ย อยู่ดีไม่ว่าดีเนาะ มาด่าคนอื่นหนักแผ่นดิน โดนสวนคืนแบบด่ายันพ่อ ขำ", "date": "18-02-2019 15:25", "retweet": 0, "like": 0}]