[{"id": "1099317823338246144", "url": "https://twitter.com/mmiinterr/status/1099317823338246144", "username": "", "text": "รวมส่ง 120.-น้าาา", "date": "23-02-2019 21:39", "retweet": 0, "like": 0}, {"id": "1099289889776885761", "url": "https://twitter.com/mmiinterr/status/1099289889776885761", "username": "", "text": "คุณไข่ c 100จ้า pic.twitter.com/0sBlTNdLD4", "date": "23-02-2019 19:48", "retweet": 0, "like": 0}, {"id": "1099273436981907456", "url": "https://twitter.com/mmiinterr/status/1099273436981907456", "username": "", "text": "ซัทจัง 70จ้า pic.twitter.com/rlPsTFomJH", "date": "23-02-2019 18:43", "retweet": 0, "like": 0}, {"id": "1099272954876125184", "url": "https://twitter.com/mmiinterr/status/1099272954876125184", "username": "", "text": "จอนอ 150จ้า pic.twitter.com/gOIUeUPJEo", "date": "23-02-2019 18:41", "retweet": 0, "like": 0}, {"id": "1099170666408886272", "url": "https://twitter.com/mmiinterr/status/1099170666408886272", "username": "", "text": "โม 120จ้า", "date": "23-02-2019 11:54", "retweet": 0, "like": 0}, {"id": "1098973028220719105", "url": "https://twitter.com/mmiinterr/status/1098973028220719105", "username": "", "text": "อร C 120 จ้า pic.twitter.com/TbxvETogwS", "date": "22-02-2019 22:49", "retweet": 0, "like": 0}, {"id": "1098972677178441729", "url": "https://twitter.com/mmiinterr/status/1098972677178441729", "username": "", "text": "โม C 120จ้า pic.twitter.com/i55qOqMhlu", "date": "22-02-2019 22:47", "retweet": 0, "like": 1}, {"id": "1098972235828588544", "url": "https://twitter.com/mmiinterr/status/1098972235828588544", "username": "", "text": "เนย จอนอ ใบละ 150.- จ้าา pic.twitter.com/uMcooKrjv2", "date": "22-02-2019 22:46", "retweet": 0, "like": 0}, {"id": "1098971642045165569", "url": "https://twitter.com/mmiinterr/status/1098971642045165569", "username": "", "text": "คุณไข่ C 100.-จ้า pic.twitter.com/F62YKJxcdZ", "date": "22-02-2019 22:43", "retweet": 0, "like": 0}, {"id": "1098971179279298567", "url": "https://twitter.com/mmiinterr/status/1098971179279298567", "username": "", "text": "แนท ซิง5 100.-รวมส่งจ้า pic.twitter.com/A3l96wXKf8", "date": "22-02-2019 22:42", "retweet": 0, "like": 0}, {"id": "1098970883878604803", "url": "https://twitter.com/mmiinterr/status/1098970883878604803", "username": "", "text": "ซิง5+มิวสิคการ์ด 100รวมส่งจ้า pic.twitter.com/uv5v3AM6j4", "date": "22-02-2019 22:40", "retweet": 0, "like": 0}, {"id": "1098970450133016577", "url": "https://twitter.com/mmiinterr/status/1098970450133016577", "username": "", "text": "มินมิน F 60 ซัทจัง H 60 วี C 100 ไข่มุก C 100 อร C 120 ส่ง 30/50 จ้า pic.twitter.com/oUGYErBwXn", "date": "22-02-2019 22:39", "retweet": 0, "like": 0}, {"id": "1098968703754858496", "url": "https://twitter.com/mmiinterr/status/1098968703754858496", "username": "", "text": "เนย 120 ,จูเน่ 100 จ้า pic.twitter.com/rsuFtWcoAc", "date": "22-02-2019 22:32", "retweet": 1, "like": 1}, {"id": "1098967969332219904", "url": "https://twitter.com/mmiinterr/status/1098967969332219904", "username": "", "text": "วิว 50 รวมส่งจ้าา pic.twitter.com/ZYOrdhb7VV", "date": "22-02-2019 22:29", "retweet": 0, "like": 0}, {"id": "1098962570017296384", "url": "https://twitter.com/mmiinterr/status/1098962570017296384", "username": "", "text": "มิโอริ 70.- จ้า pic.twitter.com/ljQ0IaJ3jD", "date": "22-02-2019 22:07", "retweet": 0, "like": 0}, {"id": "1098909387098271746", "url": "https://twitter.com/mmiinterr/status/1098909387098271746", "username": "", "text": "วี 100 จ้า pic.twitter.com/TlDrIWRyV6", "date": "22-02-2019 18:36", "retweet": 0, "like": 0}, {"id": "1098821253631172608", "url": "https://twitter.com/mmiinterr/status/1098821253631172608", "username": "", "text": "เห็นแงวบ้านอื่นแล้วคิดถึงเด็กอ้วงนับ อยากโดนเนื้อแมว", "date": "22-02-2019 12:46", "retweet": 0, "like": 0}, {"id": "1098817791661006848", "url": "https://twitter.com/mmiinterr/status/1098817791661006848", "username": "", "text": "พททง.บอกว่าธนาธรคือทักษิณน้อย เดี๋ยววววววววววว อะไรทำให้คิดงั้น", "date": "22-02-2019 12:32", "retweet": 0, "like": 0}, {"id": "1098803490384560129", "url": "https://twitter.com/mmiinterr/status/1098803490384560129", "username": "", "text": "โม 120จ้า", "date": "22-02-2019 11:35", "retweet": 0, "like": 0}, {"id": "1098603911928258560", "url": "https://twitter.com/mmiinterr/status/1098603911928258560", "username": "", "text": "120จ้า", "date": "21-02-2019 22:22", "retweet": 0, "like": 1}, {"id": "1098582014117048320", "url": "https://twitter.com/mmiinterr/status/1098582014117048320", "username": "", "text": "dm มาคุยกันได้ค่ะ pic.twitter.com/31cNxiQC9m", "date": "21-02-2019 20:55", "retweet": 0, "like": 0}, {"id": "1098580727719817217", "url": "https://twitter.com/mmiinterr/status/1098580727719817217", "username": "", "text": "เหลือเท่านี้แหล่วข่าาาา #BNK48 #BNK48GeneralElection #BNK48maket #BNK486thSingle #bnk48market #ตลาดนัดbnk48 pic.twitter.com/ZdGTdzBvOz", "date": "21-02-2019 20:50", "retweet": 0, "like": 0}, {"id": "1098566325339709441", "url": "https://twitter.com/mmiinterr/status/1098566325339709441", "username": "", "text": "อ่อนไหวกังซะเหลือเกิงนะคร๊", "date": "21-02-2019 19:53", "retweet": 0, "like": 0}, {"id": "1098564367157587968", "url": "https://twitter.com/mmiinterr/status/1098564367157587968", "username": "", "text": "คือต้องรู้ ? https:// twitter.com/INNNEWS/status /1098541838057652224 …", "date": "21-02-2019 19:45", "retweet": 1, "like": 0}, {"id": "1098232520787644417", "url": "https://twitter.com/mmiinterr/status/1098232520787644417", "username": "", "text": "้เอาอาหมวยไปปลอบใจ pic.twitter.com/Zfu0CHadpe", "date": "20-02-2019 21:46", "retweet": 0, "like": 1}, {"id": "1098231645788762113", "url": "https://twitter.com/mmiinterr/status/1098231645788762113", "username": "", "text": "ไม่มีน้อนเต็นที่อ่อนโยนอีกต่อปัยย์ pic.twitter.com/ySMmyyXDjt", "date": "20-02-2019 21:43", "retweet": 0, "like": 1}, {"id": "1098230007703334912", "url": "https://twitter.com/mmiinterr/status/1098230007703334912", "username": "", "text": "50-150 พอออออ ราคาเทๆ #BNK48 #BNK48Market #BNK486thSingle #BNK48GeneralElection #ตลาดนัดBNK48 pic.twitter.com/L6DfbVbFJk", "date": "20-02-2019 21:36", "retweet": 0, "like": 1}, {"id": "1097910964526043136", "url": "https://twitter.com/mmiinterr/status/1097910964526043136", "username": "", "text": "ขอให้เหาตัย", "date": "20-02-2019 00:29", "retweet": 0, "like": 0}, {"id": "1097829319261319170", "url": "https://twitter.com/mmiinterr/status/1097829319261319170", "username": "", "text": "น่ารำมากจ้า", "date": "19-02-2019 19:04", "retweet": 0, "like": 0}, {"id": "1097788713856204800", "url": "https://twitter.com/mmiinterr/status/1097788713856204800", "username": "", "text": "มาหาเพิ่ลซี่", "date": "19-02-2019 16:23", "retweet": 0, "like": 0}, {"id": "1097512725335269376", "url": "https://twitter.com/mmiinterr/status/1097512725335269376", "username": "", "text": "ไปเดินเองให้ไหวก่อน พูดออกมาแต่ละอย่าง เหมือนสำรอกของโสโครก https:// twitter.com/Thairath_News/ status/1097480181332099075 …", "date": "18-02-2019 22:06", "retweet": 0, "like": 0}, {"id": "1097510760526168064", "url": "https://twitter.com/mmiinterr/status/1097510760526168064", "username": "", "text": "ไหวไม่ไหวก็มาคุยกันก๊อนนนน #BNK48 #BNKFestival #bnk48market #ตลาดนัดbnk48 https:// twitter.com/mmiinterr/stat us/1096782942477549568 …", "date": "18-02-2019 21:58", "retweet": 0, "like": 0}, {"id": "1097510399920898048", "url": "https://twitter.com/mmiinterr/status/1097510399920898048", "username": "", "text": "สนใจใบไหนdmมาคุยราคากันได้เล้ยยย #BNK48 #BNK48Market #BNK48GeneralElection #BNK48maket #ตลาดนัดBNK48 https:// twitter.com/mmiinterr/stat us/1096437921593184257 …", "date": "18-02-2019 21:57", "retweet": 0, "like": 0}, {"id": "1097296283063087105", "url": "https://twitter.com/mmiinterr/status/1097296283063087105", "username": "", "text": "พี่มาร์คมาแยกวังหิน", "date": "18-02-2019 07:46", "retweet": 0, "like": 0}]