[{"id": "1099193585092616192", "url": "https://twitter.com/MordorEmbassy/status/1099193585092616192", "username": "", "text": "ตกลงงานที่ mrt จตุจักรวันนี้กี่โมง งง ไปหมดแล้ว #BNK48", "date": "23-02-2019 13:25", "retweet": 0, "like": 0}, {"id": "1098530263871549441", "url": "https://twitter.com/MordorEmbassy/status/1098530263871549441", "username": "", "text": "อ่านสเตตัสนึง จำไม่ได้ว่าใครเขียน แต่มีประโยคนึงเขียนทำนองชื่อพรรคที่มีคำว่า\"ใหม่\"นั้นไม่มีอะไรใหม่เลย แล้วไปยกกรณีพรรคการเมืองใหม่ของ สมศักดิ์ โกศัยสุข เทียบกับ #พรรคอนาคตใหม่ Seriously??? What the fuck! มากอยากจะขำจริงๆ พรรคการเมืองใหม่เกิดขึ้นอย่างไร อุดมการณ์เป็นอย่างไรล่ะ?", "date": "21-02-2019 17:29", "retweet": 0, "like": 0}, {"id": "1098479378688667648", "url": "https://twitter.com/MordorEmbassy/status/1098479378688667648", "username": "", "text": "ที่เขาพูดกันว่าอภิสิทธิ์ และ ปชป. ดีแต่พูด มันคือเรื่องของอุดมการณ์โว้ยยยย ไม่ใช่ผลงานตอนเป็นรัฐบาล ผลงานมันก็มีทั้งสำเร็จไม่สำเร็จทุกรัฐบาลอยู่แล้ว ถ้าไม่สำเร็จซักอย่างคงกลายเป็นรัฐล้มเหลวไปแล้ว เข้าใจตรงกันแล้วยัง? ชาวทวิตเตอร์ #ประชาธิปัตย์", "date": "21-02-2019 14:07", "retweet": 0, "like": 0}, {"id": "1098469691247325184", "url": "https://twitter.com/MordorEmbassy/status/1098469691247325184", "username": "", "text": "ตามสไตล์พรรคการเมืองเก่า เป็นพรรคงูเห่า ทำตัวเหมือนไม่ใช่พรรคใหญ่ สโลแกนพรรคคืออุดมการณ์ไม่เคยเปลี่ยน (อุดมการณ์นั้นก็คือไม่มีอุดมการณ์) คนเก่งมีเยอะมากๆพรรคนี้ นายทุนสนับสนุนมาก แต่ไปคนละทางเลยผู้ใหญ่ไปทาง New Dem ไปทาง แต่จุดมุ่งหมายเดียวกันคือต้องการเป็นรัฐบาล #ประชาธิปัตย์", "date": "21-02-2019 13:29", "retweet": 0, "like": 4}, {"id": "1098312963646119936", "url": "https://twitter.com/MordorEmbassy/status/1098312963646119936", "username": "", "text": "ถึงว่า ตอนไปเกาหลีนี่คือ ไกด์ประกบแน่นมาก 5555 นับคนนับแล้วนับอีก ทั้งไกด์ ทั้งผู้ช่วยทัวร์คนเกาหลีเลย นับก่อนขึ้นรถ นับหลังลงรถ นับตอนไปเที่ยว นับมันอยู่นั่นแหละ โอ้ยยยย https:// twitter.com/bobobeom/statu s/1097917666713456641 …", "date": "21-02-2019 03:06", "retweet": 0, "like": 0}, {"id": "1098312368910553089", "url": "https://twitter.com/MordorEmbassy/status/1098312368910553089", "username": "", "text": "โอ้ยยยยย คุณเอ้ยยย มาเก็บศพผมที ลุคนี้ทำเอา ตายๆๆๆ ซ้ำแล้วซ้ำเล่าที่ได้มอง #JennisBNK48 https:// twitter.com/morningpuzzle/ status/1098178644306911232 …", "date": "21-02-2019 03:04", "retweet": 0, "like": 5}, {"id": "1097612329452105728", "url": "https://twitter.com/MordorEmbassy/status/1097612329452105728", "username": "", "text": "สรุปแมนยูเจอวูล์ฟแฮมตัน รอบต่อไป 8 ทีมสุดท้าย #FACupDraw #FACup #mufc", "date": "19-02-2019 04:42", "retweet": 0, "like": 0}, {"id": "1097611936638746624", "url": "https://twitter.com/MordorEmbassy/status/1097611936638746624", "username": "", "text": "จับเจออาเซน่อลมาแล้ว เจอเชลซีมาแล้ว รอบต่อไปจะเจอไรอีก ก็มาดิค้าบบบ #FACup", "date": "19-02-2019 04:40", "retweet": 0, "like": 0}, {"id": "1097608542272479233", "url": "https://twitter.com/MordorEmbassy/status/1097608542272479233", "username": "", "text": "FT เชลซี 0-2 แมนฯยูฯ ครึ่งหลังแมนยูรับหนักมาก เชลซีเจาะไม่เข้าเอง มีโรเมโร่ทีไร คลีนชีทตลอดเลย 555 #CHEMUN #FACup #MUFC", "date": "19-02-2019 04:27", "retweet": 0, "like": 1}, {"id": "1097462127219040256", "url": "https://twitter.com/MordorEmbassy/status/1097462127219040256", "username": "", "text": "พล.อ.สุนทร คงสมพงษ์ นี่ทำมาค้าขายอะไรหรอ ถึงมีทรัพย์สิน 4,000 ล้านได้?", "date": "18-02-2019 18:45", "retweet": 0, "like": 0}, {"id": "1097437723047059457", "url": "https://twitter.com/MordorEmbassy/status/1097437723047059457", "username": "", "text": "Happy Birthday นะน้องพาขวัญ วันเกิดปีนี้ได้ไปลุยญี่ปุ่นเลย เที่ยวให้สนุกนะ #PakwanBNK48", "date": "18-02-2019 17:08", "retweet": 1, "like": 1}]