[{"id": "1099327894956863489", "url": "https://twitter.com/moui/status/1099327894956863489", "username": "", "text": "ค่าวิชาจ่าย @bact แต่ขอตามไปกินฟรี", "date": "23-02-2019 22:19", "retweet": 0, "like": 0}, {"id": "1099249742096130049", "url": "https://twitter.com/moui/status/1099249742096130049", "username": "", "text": "ทำแบบนี้ก็ดีกว่าใช้กำลังยึดอำนาจมาค่ะ", "date": "23-02-2019 17:08", "retweet": 29, "like": 25}, {"id": "1099246517637054464", "url": "https://twitter.com/moui/status/1099246517637054464", "username": "", "text": "คพ.-ตร.ตรวจจับรถควันดำ กทม.เดือนเดียว พบ 1,567 คัน เกินค่ามาตรฐาน http:// bit.ly/2BPz1kx", "date": "23-02-2019 16:56", "retweet": 3, "like": 2}, {"id": "1099245221722890240", "url": "https://twitter.com/moui/status/1099245221722890240", "username": "", "text": "พปชร.ปัดส่งคนในพรรคล้วงข้อมูลบัตรคนจน http:// bit.ly/2GYMr0P แต่มันจะช่วยแก้ความสงสัยประชาชนได้รึ? pic.twitter.com/TlprVYgUaB", "date": "23-02-2019 16:50", "retweet": 8, "like": 3}, {"id": "1099244848580841472", "url": "https://twitter.com/moui/status/1099244848580841472", "username": "", "text": "คนหน้าคล้าย \"คิม-ทรัมป์\" โผล่เวียดนามก่อนตัวจริงเดินทางเยือน http:// bit.ly/2GXHFRm pic.twitter.com/OuwJl2C1Ya", "date": "23-02-2019 16:49", "retweet": 5, "like": 2}, {"id": "1099242162225590272", "url": "https://twitter.com/moui/status/1099242162225590272", "username": "", "text": "ปภ. เผย 7 จว.ภาคเหนือคุณภาพอากาศอยู่ในระดับเริ่มมีผลกระทบต่อสุขภาพ เร่งประสานจังหวัดแก้ไขปัญหาต่อเนื่อง http:// bit.ly/2BQBzPl", "date": "23-02-2019 16:38", "retweet": 1, "like": 4}, {"id": "1099226055884316672", "url": "https://twitter.com/moui/status/1099226055884316672", "username": "", "text": "อย.เตรียมเสนอนิรโทษกรรมครอบครองกัญชา 3 ฉบับ ย้ำคนทั่วไปยังปลูกกัญชาเสรีไม่ได้ http:// bit.ly/2VfMfhH", "date": "23-02-2019 15:34", "retweet": 3, "like": 2}, {"id": "1099222277701287936", "url": "https://twitter.com/moui/status/1099222277701287936", "username": "", "text": "ต่ำได้โล่ https:// twitter.com/drballban/stat us/1099186062037938177?s=19 …", "date": "23-02-2019 15:19", "retweet": 2, "like": 1}, {"id": "1099202070198988800", "url": "https://twitter.com/moui/status/1099202070198988800", "username": "", "text": "บัตรมันเน่าได้ พิมพ์้เกินเผื่อไว้ เดี๋ยวบัตรเสียกาให้ใหม่ เราเจตนาดี https:// twitter.com/noname_8/statu s/1099108178443128832 …", "date": "23-02-2019 13:59", "retweet": 10, "like": 12}, {"id": "1099128971927699457", "url": "https://twitter.com/moui/status/1099128971927699457", "username": "", "text": "พรรคดัง \"แตกคอ\" วิ่งเต้นยัดเงิน แย่งลำดับปาร์ตี้ลิสต์ คนในแฉข้อมูลว่อน http:// bit.ly/2H4i3T5 พรรคอะไรทางใต้มั่งเนี่ย @RITT41 @noname_8 @PanusD pic.twitter.com/WcZ0n7OQHI", "date": "23-02-2019 09:09", "retweet": 10, "like": 11}, {"id": "1098972224587874304", "url": "https://twitter.com/moui/status/1098972224587874304", "username": "", "text": "บ้าบอดี มิน่าชอบรัฐประหาร", "date": "22-02-2019 22:46", "retweet": 0, "like": 0}, {"id": "1098956930028982274", "url": "https://twitter.com/moui/status/1098956930028982274", "username": "", "text": "China Uses DNA to Track Its People, With the Help of American Expertise https:// nyti.ms/2Nl0uz2", "date": "22-02-2019 21:45", "retweet": 0, "like": 0}, {"id": "1098955803803963392", "url": "https://twitter.com/moui/status/1098955803803963392", "username": "", "text": "\"รวมใจไทย\" ยื่นยุบ 12 พรรค อ้างแก้ข้อมูลผู้สมัคร แฉถูกขู่ ดำเนินคดีกลับ http:// bit.ly/2VdrKSQ ยื่นขอยุบทีละ 12 พรรค มันเป็นการเลือกตั้งอะไรกันวะคะ 5555555555555 @RITT41 @noname_8 @PanusD", "date": "22-02-2019 21:40", "retweet": 54, "like": 29}, {"id": "1098947035883958272", "url": "https://twitter.com/moui/status/1098947035883958272", "username": "", "text": "555555555555555 จะรีบอ้างเป็นหัวหน้า คสช ในทันทีั", "date": "22-02-2019 21:06", "retweet": 0, "like": 1}, {"id": "1098945395369988096", "url": "https://twitter.com/moui/status/1098945395369988096", "username": "", "text": "เยอะยังไงหว่า? https:// twitter.com/VoiceOnlineTH/ status/1098905459241627648 …", "date": "22-02-2019 20:59", "retweet": 3, "like": 1}, {"id": "1098945301371449344", "url": "https://twitter.com/moui/status/1098945301371449344", "username": "", "text": "อย่างน้อยที่สุด เจ๊หน่อย เอาลูกสาวมาช่วยแข่งช่วยหาเสียงได้ แล้วหวนนึกถึงชายชราผู้มีลูกสาวแฝดผู้นั้น ..... ลูกไม่ออกมาช่วยบิดาผู้ชราหาเสียงมั่งหรือ https:// twitter.com/sudaratofficia l/status/1098933061146701824 …", "date": "22-02-2019 20:59", "retweet": 1, "like": 3}, {"id": "1098944776932487173", "url": "https://twitter.com/moui/status/1098944776932487173", "username": "", "text": "จดไว้ ปปช กสทช กกต", "date": "22-02-2019 20:57", "retweet": 2, "like": 3}, {"id": "1098944482525868032", "url": "https://twitter.com/moui/status/1098944482525868032", "username": "", "text": "เมื่อไหร่ลุงตู่จะมาประชันวิสัยทัศน์ว่าที่นายกฯ แข่งกะว่าที่นายกฯ จากพรรคอื่นๆ บ้าง จะรอเฝ้าจอดูเลย", "date": "22-02-2019 20:55", "retweet": 27, "like": 27}, {"id": "1098943531656200198", "url": "https://twitter.com/moui/status/1098943531656200198", "username": "", "text": "ไม่อยากจะถรู๊ย", "date": "22-02-2019 20:52", "retweet": 0, "like": 0}, {"id": "1098923866263498752", "url": "https://twitter.com/moui/status/1098923866263498752", "username": "", "text": "นั่นสิ พิกลๆ", "date": "22-02-2019 19:34", "retweet": 0, "like": 0}, {"id": "1098923621865656320", "url": "https://twitter.com/moui/status/1098923621865656320", "username": "", "text": "นโยบายรื้อกองทัพ เห็นขั้วอำนาจการเมือง http:// bit.ly/2U2hdd4", "date": "22-02-2019 19:33", "retweet": 7, "like": 2}, {"id": "1098923261528866816", "url": "https://twitter.com/moui/status/1098923261528866816", "username": "", "text": "ราคาน้ำมันโลกร่วงหนัก หลังมะกันผลิตน้ำมันดิบสูงถึง 12 ล้านบาร์เรลต่อวัน http:// bit.ly/2U2XgTe คนไทยทั้งหลาย ดูราคาน้ำมันในบ้านเรา เทียบกับราคาตลาดโลกด้วยเด้อ", "date": "22-02-2019 19:31", "retweet": 39, "like": 10}, {"id": "1098919560076349440", "url": "https://twitter.com/moui/status/1098919560076349440", "username": "", "text": "ตร กสทช แล้ว กกต หายไปไหน? ถ้าไม่ทำให้เลือกตั้งเกิดได้ ก็ยุบไปเหอะ เปลืองภาษีชะมัด https:// twitter.com/NationTV22/sta tus/1098900966764568577?s=19 …", "date": "22-02-2019 19:16", "retweet": 10, "like": 9}, {"id": "1098904894369607680", "url": "https://twitter.com/moui/status/1098904894369607680", "username": "", "text": "สื่อเขาไม่กะขายเด็กรุ่นใหม่เลยเหรอ จับแต่กลุ่มคนดูชราๆ ที่นับถอยหลังเหรอ?", "date": "22-02-2019 18:18", "retweet": 16, "like": 3}, {"id": "1098902273672003589", "url": "https://twitter.com/moui/status/1098902273672003589", "username": "", "text": "อากาศข้างนอกร้อน แต่ในอาคารเปิดแอร์จนหนาวสั่น แบบงี้ก็ป่วยดิ", "date": "22-02-2019 18:08", "retweet": 1, "like": 1}, {"id": "1098901601476100101", "url": "https://twitter.com/moui/status/1098901601476100101", "username": "", "text": "ออกแนวอยากให้ยุบพรรคมากๆ นะ อาจารย์อะไรที่ว่านี่ https:// twitter.com/Pannika_FWP/st atus/1098880120348016640?s=19 … @noname_8 @RITT41 @PanusD @toyubomm @suranand", "date": "22-02-2019 18:05", "retweet": 16, "like": 10}, {"id": "1098897187025625088", "url": "https://twitter.com/moui/status/1098897187025625088", "username": "", "text": "การเมือง 62 ชักสนุก ไทกร ก็มาทวีตด้วย >>> @Thaikorn1", "date": "22-02-2019 17:48", "retweet": 1, "like": 2}, {"id": "1098878523735830529", "url": "https://twitter.com/moui/status/1098878523735830529", "username": "", "text": "คุยเรื่องคนบ้ากันหรือคะ ระวังเปรตมาหักคอ 555555555555", "date": "22-02-2019 16:33", "retweet": 0, "like": 0}, {"id": "1098874658663743488", "url": "https://twitter.com/moui/status/1098874658663743488", "username": "", "text": "5555555555555", "date": "22-02-2019 16:18", "retweet": 0, "like": 1}, {"id": "1098862182580846592", "url": "https://twitter.com/moui/status/1098862182580846592", "username": "", "text": "\"ธนาธร ฟ้ารักพ่อ\" ส่องานเข้า ปมข้อมูลเท็จ โทษแรงถึงขั้นยุบพรรค http:// bit.ly/2BOteeT นี่เอาฮาปะ 55555 ถ้าจริงก็ยุบมันทุกพรรคฝั่งประชาธิปไตยไรงี้ปะ? มันจะเป็นการเลือกตั้งที่บันเทิงมาก @RITT41 @noname_8 @PanusD @suranand @toyubomm pic.twitter.com/JkDzZ1CGbX", "date": "22-02-2019 15:28", "retweet": 40, "like": 32}, {"id": "1098735758389772288", "url": "https://twitter.com/moui/status/1098735758389772288", "username": "", "text": "ไหนๆๆๆ", "date": "22-02-2019 07:06", "retweet": 0, "like": 0}, {"id": "1098673565153546246", "url": "https://twitter.com/moui/status/1098673565153546246", "username": "", "text": "นักวิจัยชี้แผ่นดินไหวลำปางสัญญาณอันตราย ชี้ภาคเหนือเสี่ยงทุกพื้นที่-อาคารเรียนอ่อนแอ http:// bit.ly/2Epc3m9", "date": "22-02-2019 02:59", "retweet": 3, "like": 2}, {"id": "1098651447938342912", "url": "https://twitter.com/moui/status/1098651447938342912", "username": "", "text": "เราไปไหน ก็จะเหมือนเราเดินไปปากซอยหน้าบ้านค่ะ แฮ้ปปี้", "date": "22-02-2019 01:31", "retweet": 1, "like": 1}, {"id": "1098649396152098816", "url": "https://twitter.com/moui/status/1098649396152098816", "username": "", "text": "พ.ร.บ.มั่นคงไซเบอร์เข้า สนช. พรุ่งนี้ ค้นบ้าน ยึดคอมฯ ประกาศภาวะฉุกเฉินไซเบอร์ได้ http:// bit.ly/2U3AJG0", "date": "22-02-2019 01:23", "retweet": 15, "like": 7}, {"id": "1098648918194302977", "url": "https://twitter.com/moui/status/1098648918194302977", "username": "", "text": "บริษัทแม่ไฟเขียว! ให้กลุ่มซีพีลงทุนเปิดร้าน 7-11 สยายปีกยึดลาว-กัมพูชา http:// bit.ly/2GV0XqA เจริญยิ่งๆ ขึ้นไปนะคะ", "date": "22-02-2019 01:21", "retweet": 5, "like": 1}, {"id": "1098645839508131841", "url": "https://twitter.com/moui/status/1098645839508131841", "username": "", "text": "วีรกรรม จปร.7 \"กบฏยังเติร์ก\" หวังโค่นอำนาจ \"พล.อ.เปรม\" สุดท้ายล้มเหลว http:// bit.ly/2GT3vp2 pic.twitter.com/F0ix5qZ4ES", "date": "22-02-2019 01:09", "retweet": 34, "like": 18}, {"id": "1098640999310651394", "url": "https://twitter.com/moui/status/1098640999310651394", "username": "", "text": "\"เมียนมา\"ชงตั้งคณะทำงานแก้รัฐธรรมนูญทหาร http:// bit.ly/2U3uEcE", "date": "22-02-2019 00:50", "retweet": 0, "like": 2}, {"id": "1098610253904539648", "url": "https://twitter.com/moui/status/1098610253904539648", "username": "", "text": "นาทีทอง", "date": "21-02-2019 22:47", "retweet": 0, "like": 0}, {"id": "1098593810496585730", "url": "https://twitter.com/moui/status/1098593810496585730", "username": "", "text": "แผ่นดินไหวขนาด 5.7 ที่ฮอกไกโด รถไฟ-ชินคันเซ็นหยุดให้บริการชั่วคราว ไม่มีเตือนสึนามิ http:// bit.ly/2TZIxIL", "date": "21-02-2019 21:42", "retweet": 7, "like": 6}, {"id": "1098549139888062465", "url": "https://twitter.com/moui/status/1098549139888062465", "username": "", "text": "5555", "date": "21-02-2019 18:44", "retweet": 0, "like": 0}, {"id": "1098521846750892033", "url": "https://twitter.com/moui/status/1098521846750892033", "username": "", "text": "\"ทรัมป์\" จะไม่ให้เจ้าสาวไอซิสกลับสหรัฐฯ http:// bit.ly/2NiUUgD", "date": "21-02-2019 16:56", "retweet": 3, "like": 1}, {"id": "1098510203643924481", "url": "https://twitter.com/moui/status/1098510203643924481", "username": "", "text": "มันต้องชักยังไงนี่", "date": "21-02-2019 16:10", "retweet": 0, "like": 2}, {"id": "1098500658167271425", "url": "https://twitter.com/moui/status/1098500658167271425", "username": "", "text": "ว่าวยักษ์!! หนุ่มสตูลทำว่าวขนาดเท่าฝาบ้าน เตรียมนำไปประชันแข่งขันว่าวมาราธอน http:// bit.ly/2tx3GhR pic.twitter.com/xx6bnBLrQO", "date": "21-02-2019 15:32", "retweet": 0, "like": 1}, {"id": "1098498854171959297", "url": "https://twitter.com/moui/status/1098498854171959297", "username": "", "text": "\"ท็อป\" ควง \"ประภัตร\" ลุยหาเสียง ย้ำไม่ให้ใครมาลูบคมในสุพรรณฯ ได้ http:// bit.ly/2NgRriy", "date": "21-02-2019 15:25", "retweet": 0, "like": 4}, {"id": "1098498610105368576", "url": "https://twitter.com/moui/status/1098498610105368576", "username": "", "text": "ญี่ปุ่นเตรียมทำแบบสำรวจทั่วประเทศเกี่ยวกับชาวต่างชาติ เพื่อเตรียมตัวรับแรงงานชาวต่างชาติมากขึ้นตั้งแต่เดือน เม.ย. 2562 ปีนี้ ผู้นำท้องถิ่นที่มีชาวต่างชาติจำนวนมากย้ำรัฐบาลจำเป็นต้องให้การสนับสนุนการศึกษาภาษาญี่ปุ่น http:// bit.ly/2GCoZr2 ญี่ปุ่นนี่เขามีการวางแผนดีจริงๆ pic.twitter.com/aXj0smBxrM", "date": "21-02-2019 15:24", "retweet": 1, "like": 4}, {"id": "1098472975848878085", "url": "https://twitter.com/moui/status/1098472975848878085", "username": "", "text": "ไม่น่าใช่ค่ะ ต้องคน ปปช ค่ะ", "date": "21-02-2019 13:42", "retweet": 0, "like": 0}, {"id": "1098471512603086848", "url": "https://twitter.com/moui/status/1098471512603086848", "username": "", "text": "... กกต ... ปปช ... https:// twitter.com/TNAMCOT/status /1098471286546649088 …", "date": "21-02-2019 13:36", "retweet": 2, "like": 3}, {"id": "1098469062596837376", "url": "https://twitter.com/moui/status/1098469062596837376", "username": "", "text": "@nuttyi pic.twitter.com/lagFJy4xDc", "date": "21-02-2019 13:26", "retweet": 2, "like": 1}, {"id": "1098467698575593472", "url": "https://twitter.com/moui/status/1098467698575593472", "username": "", "text": "จู่ๆ ก็นึกถึงนากายืมเพื่อนขึ้นมา https:// twitter.com/WassanaNanuam/ status/1098456000422539264 …", "date": "21-02-2019 13:21", "retweet": 3, "like": 12}, {"id": "1098466857487659009", "url": "https://twitter.com/moui/status/1098466857487659009", "username": "", "text": "ตำรวจทลายเต็นท์รถรายใหญ่ตั้งข้อหาฉ้อโกงทรัพย์สินประชาชน http:// bit.ly/2EmcaP5", "date": "21-02-2019 13:18", "retweet": 3, "like": 3}, {"id": "1098462702052298758", "url": "https://twitter.com/moui/status/1098462702052298758", "username": "", "text": "เตือน5จังหวัดเหนือเฝ้าระวังแผ่นดินไหว http:// bit.ly/2U1xZsC", "date": "21-02-2019 13:01", "retweet": 1, "like": 1}, {"id": "1098461990907973632", "url": "https://twitter.com/moui/status/1098461990907973632", "username": "", "text": "ขุนคลังชงเลื่อน Ifrs9 อีก 5 ปี แบงก์รัฐไม่พร้อมเริ่มปีหน้า http:// bit.ly/2SjWJuM", "date": "21-02-2019 12:58", "retweet": 1, "like": 1}, {"id": "1098461818723487744", "url": "https://twitter.com/moui/status/1098461818723487744", "username": "", "text": "คนร้ายยิงใส่วัดเทพนิมิต จ.ปัตตานี ไร้เจ็บ-ตาย http:// bit.ly/2Sg8fqL @RITT41", "date": "21-02-2019 12:58", "retweet": 2, "like": 1}, {"id": "1098460961982369792", "url": "https://twitter.com/moui/status/1098460961982369792", "username": "", "text": "คราบน้ำมันปริศนาถูกคลื่นซัดทะลักเกยหาดหัวไทรหวั่นกระทบระบบนิเวศ http:// bit.ly/2twyUG0", "date": "21-02-2019 12:54", "retweet": 0, "like": 0}, {"id": "1098460795015450624", "url": "https://twitter.com/moui/status/1098460795015450624", "username": "", "text": "เชียงใหม่ฝุ่นคลุ้ง! Pm 2.5 พุ่ง คุณภาพอากาศมีผลกระทบต่อสุขภาพ http:// bit.ly/2XgTdVp", "date": "21-02-2019 12:53", "retweet": 1, "like": 1}, {"id": "1098460718746222592", "url": "https://twitter.com/moui/status/1098460718746222592", "username": "", "text": "แผ่นดินไหวลำปาง 2 วัน 26 ครั้ง พระธาตุ 1,300 ปี ยอดฉัตรเอียง http:// bit.ly/2EmIGAL", "date": "21-02-2019 12:53", "retweet": 3, "like": 2}, {"id": "1098460361785778177", "url": "https://twitter.com/moui/status/1098460361785778177", "username": "", "text": "สนช.เตรียมพิจารณาร่าง พ.ร.บ.เร่งด่วน 6 ฉบับ http:// bit.ly/2Njnlv0 เร่งสุดๆ เหมือนพรุ่งนี้โลกจะแตก", "date": "21-02-2019 12:52", "retweet": 5, "like": 2}, {"id": "1098460163814625282", "url": "https://twitter.com/moui/status/1098460163814625282", "username": "", "text": "ปภ.เผย 6 จว.ภาคเหนือคุณภาพอากาศเริ่มมีผลกระทบต่อสุขภาพ http:// bit.ly/2U4i8K8 รัฐบาลจะทำอะไรช่วยคนในพื้นที่บ้างไหม", "date": "21-02-2019 12:51", "retweet": 2, "like": 1}, {"id": "1098459725103095813", "url": "https://twitter.com/moui/status/1098459725103095813", "username": "", "text": "ชนพื้นเมือง-ป่าอเมซอนถูกทำลายหนักขึ้น หลังบราซิลได้ประธานาธิบดีขวาจัด http:// bit.ly/2SgDcv9", "date": "21-02-2019 12:49", "retweet": 1, "like": 2}, {"id": "1098458872648531968", "url": "https://twitter.com/moui/status/1098458872648531968", "username": "", "text": "ตร.ขลุงล่า 2คนร้ายสวมไอ้โม่งระเบิดตู้เอทีเอ็ม เผยเป็นวัยรุ่นยังซ้อนตัวในพื้นที่ http:// bit.ly/2XheX3p", "date": "21-02-2019 12:46", "retweet": 0, "like": 0}, {"id": "1098458522986123264", "url": "https://twitter.com/moui/status/1098458522986123264", "username": "", "text": "จีนปราบโกงจริงจัง จำคุก’นายพล’ อดีตเสนาธิการกองทัพตลอดชีวิต ข้อหาคอรัปชั่น http:// bit.ly/2twtrz5", "date": "21-02-2019 12:44", "retweet": 8, "like": 8}, {"id": "1098458405826715648", "url": "https://twitter.com/moui/status/1098458405826715648", "username": "", "text": "อดีตผอ.เอฟบีไอเชื่อ\"ทรัมป์\"คือสายลับรัสเซีย http:// bit.ly/2GCpm4V หนักเลยวุ้ย", "date": "21-02-2019 12:44", "retweet": 3, "like": 4}, {"id": "1098456586870276096", "url": "https://twitter.com/moui/status/1098456586870276096", "username": "", "text": "\"'IS bride' Hoda Muthana won't be allowed to return to the US, officials say\" https:// twitter.com/i/events/10983 45906145964032 …", "date": "21-02-2019 12:37", "retweet": 0, "like": 1}, {"id": "1098455006334910464", "url": "https://twitter.com/moui/status/1098455006334910464", "username": "", "text": "กวนจ่า", "date": "21-02-2019 12:30", "retweet": 0, "like": 0}, {"id": "1098411742890287104", "url": "https://twitter.com/moui/status/1098411742890287104", "username": "", "text": "มันอยู่ในท่อได้ไง!?...จาก”กระสอบทราย”ถึง “ถุงพลาสติก” http:// bit.ly/2txvFOq pic.twitter.com/FQGbNakiwA", "date": "21-02-2019 09:39", "retweet": 8, "like": 2}, {"id": "1098410732985741312", "url": "https://twitter.com/moui/status/1098410732985741312", "username": "", "text": "นายธนา ชีรวินิจ โฆษกพรรคประชาธิปัตย์ เรียกร้องให้เพจเฟซบุ๊กลุงตู่ตูน ถอนข้อความที่มีการเผยแพร่ข้อมูลกราฟิก ที่ระบุว่าพรรคประชาธิปัตย์อนุมัติงบประมาณกองทัพและกระทรวงกลาโหมมากที่สุดในรอบ 16 ปี ออกภายใน 24 ชั่วโมง มิเช่นนั้นจะดำเนินคดี http:// bit.ly/2Ni1CDB", "date": "21-02-2019 09:35", "retweet": 24, "like": 8}, {"id": "1098395132850827264", "url": "https://twitter.com/moui/status/1098395132850827264", "username": "", "text": "ฮือฮา!!! คุณยายบนบานขอโชคลาภจ่าเฉยหุ่นตำรวจถูกทั้งหวยและสลากออมสินนำเครื่องเซ่นไหว้ http:// bit.ly/2NfUojm ก้าวหน้าไปอีกขั้น @rsmlp @Loog_zo pic.twitter.com/paNlMkNe1j", "date": "21-02-2019 08:33", "retweet": 12, "like": 8}, {"id": "1098288799665266689", "url": "https://twitter.com/moui/status/1098288799665266689", "username": "", "text": "เขาไม่อยากให้รู้นี่ เตรียมที่อยู่ใหม่ดีฝ่า", "date": "21-02-2019 01:30", "retweet": 0, "like": 0}, {"id": "1098246274233454592", "url": "https://twitter.com/moui/status/1098246274233454592", "username": "", "text": "ดนัยก็มั่วสิงั้น?", "date": "20-02-2019 22:41", "retweet": 0, "like": 0}, {"id": "1098225434196492289", "url": "https://twitter.com/moui/status/1098225434196492289", "username": "", "text": "รู้สึกว่า จะมีคนสนใจการสมัครเป็นทหารของคนมาเลเซียหลายคน ขอนำ minimum requirement ที่มีคนสรุปเป็นข้อๆ มาให้อ่านค่ะ น่าสนใจตรงที่ ต้องผ่านเกณฑ์ 4 วิชา คือ ภาษามาเลย์ อังกฤษ เลข และวิทย์ แถมมีทุนสนับสนุนเรียนต่อต่างประเทศด้วย http:// bit.ly/2NgUBCZ pic.twitter.com/OCZGhkxuLP", "date": "20-02-2019 21:18", "retweet": 4, "like": 4}, {"id": "1098203747887521793", "url": "https://twitter.com/moui/status/1098203747887521793", "username": "", "text": "รถหาเสียงน่ารักดีค่ะ", "date": "20-02-2019 19:52", "retweet": 0, "like": 3}, {"id": "1098184148580216833", "url": "https://twitter.com/moui/status/1098184148580216833", "username": "", "text": "อีกหนึ่ง https:// twitter.com/PostToday/stat us/1098180847499325441 …", "date": "20-02-2019 18:34", "retweet": 1, "like": 3}, {"id": "1098076374223519744", "url": "https://twitter.com/moui/status/1098076374223519744", "username": "", "text": "ห้ามวิจารณ์จนกว่าเห็นฉบับจริง -> รอฉบับจริง -> รอผ่าน สนช -> ห้ามวิจารณ์จนกว่าเห็นฉบับจริง ติด loop มี bug แหง", "date": "20-02-2019 11:26", "retweet": 5, "like": 4}, {"id": "1098075903526096896", "url": "https://twitter.com/moui/status/1098075903526096896", "username": "", "text": "ประเทศลึกลับ", "date": "20-02-2019 11:24", "retweet": 0, "like": 0}, {"id": "1098064711550144512", "url": "https://twitter.com/moui/status/1098064711550144512", "username": "", "text": "เมื่อวานฟังข่าว รัฐอ้างว่าไม่วิจารณ์จากร่างฉบับล่าสุด ดนัย เจาะลึกทั่วไทย เลยถามว่ามีฉบับล่าสุดให้ดูไหม กรรมาธิการอ้างเดี๋ยวเร่ง จนท เอาขึ้นเว็บให้ (แปลว่ายังไม่ขึ้นให้) แล้ววันนี้เอาร่างเข้า สนช ก็คงกะให้ดูหลังกฎหมายผ่าน สนช หมดแล้ว สรุปคือไม่ให้ใครเห็นฉบับที่เขา สนช ทำไมทำงี้?", "date": "20-02-2019 10:40", "retweet": 15, "like": 11}, {"id": "1097932758494654464", "url": "https://twitter.com/moui/status/1097932758494654464", "username": "", "text": "16 มลรัฐฟ้องทรัมป์กรณีประกาศภาวะฉุกเฉินก่อกำแพงเม็กซิโก ชี้ขัดรัฐธรรมนูญ http:// bit.ly/2EivNYq pic.twitter.com/F9Fv5fMKtr", "date": "20-02-2019 01:55", "retweet": 2, "like": 1}, {"id": "1097929206699343874", "url": "https://twitter.com/moui/status/1097929206699343874", "username": "", "text": "คณิตศาสตร์ช่วยสร้างจักรวรรดิจีนอย่างไร https:// bbc.in/2EiKJFK ลึกซึ้งมาก", "date": "20-02-2019 01:41", "retweet": 2, "like": 7}, {"id": "1097927343140732928", "url": "https://twitter.com/moui/status/1097927343140732928", "username": "", "text": "555555", "date": "20-02-2019 01:34", "retweet": 0, "like": 0}, {"id": "1097896864211439616", "url": "https://twitter.com/moui/status/1097896864211439616", "username": "", "text": "เตรียมรับมือ!อุตุเผย ปลาย มีค.-เมษ. ร้อนหนัก แตะ 43 องศา 7 จว.เหนือ กลาง ร้อนสุด http:// bit.ly/2S9kfuc 43 องศา ฟังก็เหงื่อแตกแล้ว", "date": "19-02-2019 23:33", "retweet": 1, "like": 2}, {"id": "1097896651887398912", "url": "https://twitter.com/moui/status/1097896651887398912", "username": "", "text": "“ปอร์เช่” เตือนผู้ซื้อรถยนต์ในสหราชอาณาจักร ต้องจ่ายเงินเพิ่มกว่า 10% หลังเบร็กซิต http:// bit.ly/2TXsET6", "date": "19-02-2019 23:32", "retweet": 0, "like": 0}, {"id": "1097896595302072321", "url": "https://twitter.com/moui/status/1097896595302072321", "username": "", "text": "สดใส รุ่งโพธิ์ทอง นักร้องลูกทุ่งชื่อดังเตรียมเข้าแจ้งความ ตร.ปอท. http:// bit.ly/2tuZ0sN เออ ตัดต่อภาพนี่ ม16 พรบ คอมพิวเตอร์ ok ฟ้องถูกกฎหมาย", "date": "19-02-2019 23:32", "retweet": 0, "like": 0}, {"id": "1097896321795657728", "url": "https://twitter.com/moui/status/1097896321795657728", "username": "", "text": "กรมสุขภาพจิตห่วง!เห็นต่างการเมืองก่อศึกเดือด!/ชวนทำบททดสอบประเมินอารมณ์เครียด http:// bit.ly/2XaOuom", "date": "19-02-2019 23:30", "retweet": 0, "like": 1}, {"id": "1097896070133239809", "url": "https://twitter.com/moui/status/1097896070133239809", "username": "", "text": "สรุปยอดลงทะเบียนเลือกตั้งล่วงหน้า 2.3ล้านคน ใช้สิทธินอกราชอาณาจักร1.1แสน http:// bit.ly/2SbqM7F", "date": "19-02-2019 23:29", "retweet": 3, "like": 1}, {"id": "1097895884115849216", "url": "https://twitter.com/moui/status/1097895884115849216", "username": "", "text": "‘มองโกเลีย’ สั่งปิดร้าน ‘เคเอฟซี’ หลังลูกค้าอาหารเป็นพิษกว่า 200 คน http:// bit.ly/2Gyezsk", "date": "19-02-2019 23:29", "retweet": 1, "like": 2}, {"id": "1097895655824150528", "url": "https://twitter.com/moui/status/1097895655824150528", "username": "", "text": "สนช.เตรียมลงมติกม.ไซเบอร์ ให้อำนาจรัฐคุมความมั่นคงเบ็ดเสร็จ http:// bit.ly/2ScmrRJ", "date": "19-02-2019 23:28", "retweet": 34, "like": 12}, {"id": "1097894991073107971", "url": "https://twitter.com/moui/status/1097894991073107971", "username": "", "text": "‘ชูวิทย์’ เตือน ‘จอห์น วิญญู’ อย่ายั่ว ผบ.ทบ. ‘เดี๋ยวนักการเมืองจะหาเสียงฟรี’ !! http:// bit.ly/2Ei6w0p", "date": "19-02-2019 23:25", "retweet": 6, "like": 9}, {"id": "1097858418084261888", "url": "https://twitter.com/moui/status/1097858418084261888", "username": "", "text": "สุมหัวคิด ตอนนี้น่าดูมาก หมอเลี๊ยบเชิญ อดีตทหาร 2 ท่านที่มาลงการเมือง มาคุยเรื่อง #หนักแผ่นดิน", "date": "19-02-2019 21:00", "retweet": 3, "like": 15}, {"id": "1097853453404131328", "url": "https://twitter.com/moui/status/1097853453404131328", "username": "", "text": "ศาลเผย 4 วันคนถูกตัดสิทธิสมัคร ส.ส.แบ่งเขต-รายชื่อ ร้องคดีเลือกตั้งแล้ว 184 เรื่อง http:// bit.ly/2tru6Sb pic.twitter.com/7mlLplvOsK", "date": "19-02-2019 20:40", "retweet": 1, "like": 3}, {"id": "1097852633069568012", "url": "https://twitter.com/moui/status/1097852633069568012", "username": "", "text": "ศึกชนช้างเลือกตั้ง เขต 4 สุราษฎร์ธานี สุเทพ เทือกสุบรรณ ส่งน้องชายต่างมารดา ลงปะทะพรรคเก่าแก่ คนกันเอง สมชาติ หรือ สจ.อ้อย ประดิษฐพร บุตรชายกำนันเซ่ง ประดิษฐพร กำนันคนดัง จากพรรค ปชป. http:// bit.ly/2V8BCgF pic.twitter.com/gMiNBXaCyP", "date": "19-02-2019 20:37", "retweet": 0, "like": 7}, {"id": "1097810298919100417", "url": "https://twitter.com/moui/status/1097810298919100417", "username": "", "text": "ประเทศนี้อยู่ยาก", "date": "19-02-2019 17:49", "retweet": 1, "like": 3}, {"id": "1097790146517315584", "url": "https://twitter.com/moui/status/1097790146517315584", "username": "", "text": "ขำคิ้วนาง ขมวดจนไม่รู้จะคลายออกได้ไหม", "date": "19-02-2019 16:29", "retweet": 0, "like": 1}, {"id": "1097789766681194497", "url": "https://twitter.com/moui/status/1097789766681194497", "username": "", "text": "ตะกี้ได้ยินคนแถวนี้คุยกันน่าสนใจดี คนแรกบอกจะไปเวียนเทียน 5 โมงเย็นกับแม่ คนที่ 2 ถามทำไมไปเร็วปกติเขารอเวียนมีพระนำสวดตอน 2 ทุ่มนี่ คนแรกบอกว่าไปสองทุ่มไปถ่ายรูปแสงสวยๆมาลงเน็ตล่ะสิ แม่นี่ล่ะพระไปกะแม่ก็ไปกะพระแล้ว เขามีวิธีคิดน่าสนใจดีแฮะ", "date": "19-02-2019 16:27", "retweet": 3, "like": 7}, {"id": "1097788987522146305", "url": "https://twitter.com/moui/status/1097788987522146305", "username": "", "text": "ต้องปิดหน้าไหม อิอิ", "date": "19-02-2019 16:24", "retweet": 0, "like": 0}, {"id": "1097788304852951040", "url": "https://twitter.com/moui/status/1097788304852951040", "username": "", "text": "การจะเป็นทหารในมาเลเซียก้ต้องสมัครค่ะ มีการคัดเลือก มีสวัสดิการที่ดี ไม่บังคับให้ชายทุกคนต้องเป็นทหาร", "date": "19-02-2019 16:21", "retweet": 72, "like": 24}, {"id": "1097787357527531520", "url": "https://twitter.com/moui/status/1097787357527531520", "username": "", "text": "มีคลิปไหมค้า", "date": "19-02-2019 16:17", "retweet": 0, "like": 0}, {"id": "1097762638317129728", "url": "https://twitter.com/moui/status/1097762638317129728", "username": "", "text": "“จาตุรนต์” ปลุก ทษช. กลับมาหาเสียง-วิจารณ์การเมือง ไม่แตะปมยุบพรรค - ประชาชาติ http:// bit.ly/2DRMskg", "date": "19-02-2019 14:39", "retweet": 8, "like": 15}, {"id": "1097729778453487617", "url": "https://twitter.com/moui/status/1097729778453487617", "username": "", "text": "Guess that didn't only sing.", "date": "19-02-2019 12:29", "retweet": 0, "like": 0}, {"id": "1097672368183492609", "url": "https://twitter.com/moui/status/1097672368183492609", "username": "", "text": "นายกฯ เผยกลาโหมใช้งบซื้อ “ยุทโธปกรณ์ใหม่” ตัดงบแล้ว เหตุศักยภาพด้านสงครามสู้ปท.อื่นไม่ได้ http:// bit.ly/2Sa4IdN มันไม่ได้อยู่ที่อาวุธหรอกมันอยู่ที่คนใช้ต่างหาก @RITT41 @noname_8", "date": "19-02-2019 08:41", "retweet": 63, "like": 29}, {"id": "1097559422811942912", "url": "https://twitter.com/moui/status/1097559422811942912", "username": "", "text": "จาตุรนต์ ชี้วุฒิภาวะผู้นำกองทัพ ปมเพลง \"หนักแผ่นดิน\" ขาดความรู้ประวัติศาสตร์ http:// bit.ly/2GPgXKD @RITT41 @noname_8 @PanusD @supamas pic.twitter.com/Cq7uhn3F42", "date": "19-02-2019 01:12", "retweet": 29, "like": 21}, {"id": "1097558174402596865", "url": "https://twitter.com/moui/status/1097558174402596865", "username": "", "text": "ส.ส. อังกฤษระบุต้องคุมเข้มเฟซบุ๊ก เพราะซักเคอร์เบิร์ก 'ล้มเหลว' https:// bbc.in/2TVS2Zq pic.twitter.com/jOJRolMmQR", "date": "19-02-2019 01:07", "retweet": 0, "like": 0}, {"id": "1097482400496525312", "url": "https://twitter.com/moui/status/1097482400496525312", "username": "", "text": "คุณจาตุรนต์พูดดี ส่วนคุณจอมขวัญลุ้นคำพูดคุณอ๋อย ทำหน้าเหมือนปวดท้องหนัก 5555 ต้องแนะนำให้คนฟังคลิปนี้เยอะๆ", "date": "18-02-2019 20:06", "retweet": 1, "like": 3}, {"id": "1097481547127685120", "url": "https://twitter.com/moui/status/1097481547127685120", "username": "", "text": "นั่งฟังคุณ @chaturon พูดในรายการคุณ @jomquan แบบว่า เจ๊ทำหน้าตาหวาดเสียว ลุ้นตลอดรายการ ทั้งที่เรื่องคุยกันซีเรียสแบบน่าฟัง แต่เห็นคิ้วผูกโบว์ของจอมขวัญแล้วขำทุกที", "date": "18-02-2019 20:02", "retweet": 8, "like": 28}, {"id": "1097447255894880256", "url": "https://twitter.com/moui/status/1097447255894880256", "username": "", "text": "เอ๊า ใครสั่ง ผบ ทบ ว่าไม่ได้สั่งนะ https:// twitter.com/WassanaNanuam/ status/1097445443120783360?s=19 …", "date": "18-02-2019 17:46", "retweet": 5, "like": 4}, {"id": "1097444076830498816", "url": "https://twitter.com/moui/status/1097444076830498816", "username": "", "text": "จะรบกะใคร? ดีนะยุคนี้มีอินเทอร์เน็ต ประชาชนเลือกเสพสื่อได้ตามใจชอบ https:// twitter.com/prachatai/stat us/1097443129542627328 …", "date": "18-02-2019 17:33", "retweet": 17, "like": 11}, {"id": "1097414019814703104", "url": "https://twitter.com/moui/status/1097414019814703104", "username": "", "text": "มันเป็นวรรคจบที่ละไว้ไม่ได้เขียน", "date": "18-02-2019 15:34", "retweet": 0, "like": 0}, {"id": "1097410475812421632", "url": "https://twitter.com/moui/status/1097410475812421632", "username": "", "text": "ทหารอาวุโสบางคนเคยบอกว่า การทำ IO ในทางทหารเป็นเรื่องปกติในการรบการข้าศึก แต่ตามหลักทหารจะไม่ทำ IO กับพลเรือนในประเทศของตน", "date": "18-02-2019 15:20", "retweet": 418, "like": 147}, {"id": "1097410078519513088", "url": "https://twitter.com/moui/status/1097410078519513088", "username": "", "text": "พวกที่เคยเข้าป่ามาตอนนี้สนับสนุนทหาร ปี 2516 2519 ออกไปขับไล่ ถนอม ประภาส เอามันเหรอ? ทำตามแฟชั่นเหรอ? กลัวตกเทรน?", "date": "18-02-2019 15:18", "retweet": 16, "like": 10}, {"id": "1097409403760902144", "url": "https://twitter.com/moui/status/1097409403760902144", "username": "", "text": "ขวาพิฆาตซ้าย", "date": "18-02-2019 15:16", "retweet": 3, "like": 3}, {"id": "1097359952308523009", "url": "https://twitter.com/moui/status/1097359952308523009", "username": "", "text": "แหะๆๆๆ", "date": "18-02-2019 11:59", "retweet": 0, "like": 0}, {"id": "1097357696737689600", "url": "https://twitter.com/moui/status/1097357696737689600", "username": "", "text": "เว็บไซต์กกต.ล่มอีก รับ 2 วันสุดท้าย \"ลงทะเบียนเลือกตั้ง62\" ล่วงหน้า http:// bit.ly/2S8Wy5a ใครทำ server ให้เนี่ย", "date": "18-02-2019 11:50", "retweet": 27, "like": 7}, {"id": "1097356943226798081", "url": "https://twitter.com/moui/status/1097356943226798081", "username": "", "text": "555555555", "date": "18-02-2019 11:47", "retweet": 0, "like": 0}, {"id": "1097316024884645889", "url": "https://twitter.com/moui/status/1097316024884645889", "username": "", "text": "ญี่ปุ่นออกกฎหมายยอมรับ 'ชาวไอนุ' ในฐานะ 'ชนพื้นเมือง' เป็นครั้งแรก http:// bit.ly/2Ii8UIM pic.twitter.com/MdLp2poSuv", "date": "18-02-2019 09:05", "retweet": 7, "like": 6}, {"id": "1097308723289182213", "url": "https://twitter.com/moui/status/1097308723289182213", "username": "", "text": "\"ธีระชัย\" แนะ \"บิ๊กตู่\" ขอศาลรัฐธรรมนูญวินิจฉัยสถานะด่วนที่สุด http:// bit.ly/2trNK0w pic.twitter.com/3NEVqwi9hu", "date": "18-02-2019 08:36", "retweet": 5, "like": 7}]