[{"id": "1098618186100928512", "url": "https://twitter.com/moungkrong/status/1098618186100928512", "username": "", "text": "ต้องพิจารณาตีวเอง https:// twitter.com/KhaosodOnline/ status/1098549378619297792 …", "date": "21-02-2019 23:19", "retweet": 0, "like": 1}, {"id": "1098204622651559937", "url": "https://twitter.com/moungkrong/status/1098204622651559937", "username": "", "text": "มาบ้างเว้นบ้างก็มานะ https://www. instagram.com/p/BuGrf81hTkr/ ?utm_source=ig_twitter_share&igshid=1mjly8pak1p8n …", "date": "20-02-2019 19:56", "retweet": 0, "like": 0}, {"id": "1098085851303559169", "url": "https://twitter.com/moungkrong/status/1098085851303559169", "username": "", "text": "#รู้สึกคิดถึงวันวาน @Robinson Lifestyle Chonburi https://www. instagram.com/p/BuF1fU6BTtg/ ?utm_source=ig_twitter_share&igshid=k562h79d1zny …", "date": "20-02-2019 12:04", "retweet": 0, "like": 0}, {"id": "1097515116973576193", "url": "https://twitter.com/moungkrong/status/1097515116973576193", "username": "", "text": "ดึกแล้ว....กินได้. ใช่ป่ะ. @Beston Condo https://www. instagram.com/p/BuBx820hZPd/ ?utm_source=ig_twitter_share&igshid=13hbmqo8rmzmd …", "date": "18-02-2019 22:16", "retweet": 0, "like": 0}]