[{"id": "1099288427537739778", "url": "https://twitter.com/MrTartoh/status/1099288427537739778", "username": "", "text": "น่ารัก <3 สิงโตมาเจอมีคิดหนักอ่ะบอกเลย ;) #โตมาขนาดนี้ค่าอาหารนี่เดือนละกี่บาทลูก .. ^^ https://www. facebook.com/story.php?stor y_fbid=2259247474127199&id=551885728196724 …", "date": "23-02-2019 19:42", "retweet": 0, "like": 0}, {"id": "1098942499744141312", "url": "https://twitter.com/MrTartoh/status/1098942499744141312", "username": "", "text": "ความรู้สึกหลังจากกิน บุฟเฟ่ต์ เสร็จ!!! วิ่งหน่อยลูก...วิ่งงงง ;) #เพื่อนๆอย่าลืมออกกำลังกายอย่างสม่ำเสมอกันด้วยนะคะ <3 https://www. facebook.com/tartoh/posts/2 255680264483920 …", "date": "22-02-2019 20:48", "retweet": 0, "like": 0}, {"id": "1098579879417630720", "url": "https://twitter.com/MrTartoh/status/1098579879417630720", "username": "", "text": "ยอม แล้ววววววววว จร้า ^^ เมื่อบริษัทบอกว่า..ปีนี้มีทริปต่างประเทศ!!! #ไหวไหมบอกมาโอกาสของผู้กล้า .. TT ดูทรงแล้วพนักงานน่าจะ ลาป่วย ลากิจ ขาดงาน และทิ้งไฟล์ทกันเป็นทิวแถว 555 ;) https://www. facebook.com/tartoh/posts/2 255748724477074 …", "date": "21-02-2019 20:47", "retweet": 0, "like": 0}, {"id": "1098481726844616704", "url": "https://twitter.com/MrTartoh/status/1098481726844616704", "username": "", "text": "ฝุ่นแท้พร้อมความร้อนและควันไฟ!!! ใจเขาใจเรานะครับ สงสารเจ้าของบ้านเลย :( ยิ่งกว่า ฝุ่นพิษ PM2.5 ไร่อ้อยติดหลังบ้านห่าง 4-5 เมตรเท่านั้นเอง?? เห็นว่ามาพูดคุยกันแล้ว ต่อไปเลิกนะครับแบบนี้อันตรายมากๆ น่ากลัวสุดๆ... https://www. facebook.com/tartoh/posts/2 255773557807924 …", "date": "21-02-2019 14:17", "retweet": 0, "like": 0}, {"id": "1098256380832575488", "url": "https://twitter.com/MrTartoh/status/1098256380832575488", "username": "", "text": "วิธีการเข้านอน ที่ ... ถูกต้อง!!! #อ้าวเจ้าตัวเล็กที่บ้านเข้าใจผิดมาตั้งนานนน ;) ฝันดีค่ะ <3 https://www. facebook.com/tartoh/posts/2 254744614577485 …", "date": "20-02-2019 23:21", "retweet": 0, "like": 0}, {"id": "1098157346390343680", "url": "https://twitter.com/MrTartoh/status/1098157346390343680", "username": "", "text": "อ้าว บ้านเราเห็นบางถนนยังเพิ่งตัดต้นไม้ไป!! แม้อากาศร้อน ฝุ่นเยอะ แต่พอได้ผ่านที่ที่ปลูกต้นไม้เยอะๆในเมืองกรุงหลายแห่ง มันรู้สึกเย็นและอากาศสดชื่นในทันทีเลยนะครับ .. ร่วมด้วยช่วยกันปลูกต้นไม้เยอะๆครับ... https://www. khaosod.co.th/sci-tech/news_ 2224199 …", "date": "20-02-2019 16:48", "retweet": 0, "like": 0}, {"id": "1097855117649276928", "url": "https://twitter.com/MrTartoh/status/1097855117649276928", "username": "", "text": "ไม่ธรรมดา (y) เป็นมากกว่า วิชาเรียน ในแผนการเรียนการสอน #เป็นวิชากระบี่กระบองที่สนุกและใช้ป้องกันตัวได้ https://www. facebook.com/tartoh/posts/2 252359821482631 …", "date": "19-02-2019 20:47", "retweet": 0, "like": 0}, {"id": "1097737740530081792", "url": "https://twitter.com/MrTartoh/status/1097737740530081792", "username": "", "text": "ประเทศเรายังมี #ตายผ่อนส่ง สารพาราควอต อาจไม่คุ้นหูกันเท่าไร? แต่ถ้านึกถึง กรัมม็อกโซน ทุกท่านคงพอได้ยินกันบ้าง อันตรายแค่ไหนให้ถามหญ้าดู!! :( ในขณะที่หลายประเทศแบนไปแล้ว รวมทั้งกัมพูชาและลาวก็เช่นกัน ส่วนเรามีมติ 16 ต่อ 5... https://www. thairath.co.th/content/1498513", "date": "19-02-2019 13:00", "retweet": 0, "like": 0}, {"id": "1097453812694970368", "url": "https://twitter.com/MrTartoh/status/1097453812694970368", "username": "", "text": "ยอมมมมมมม!!! #คนจริงใจต้องนิ่ง ....พี่ท่านก็นิ่งเกิ้น ><\" https://www. facebook.com/story.php?stor y_fbid=2251001921618421&id=551885728196724 …", "date": "18-02-2019 18:12", "retweet": 0, "like": 0}]