[{"id": "1099323953053487109", "url": "https://twitter.com/MThaiNews/status/1099323953053487109", "username": "", "text": "https:// news.mthai.com/general-news/7 10693.html …", "date": "23-02-2019 22:03", "retweet": 0, "like": 1}, {"id": "1099275262590472198", "url": "https://twitter.com/MThaiNews/status/1099275262590472198", "username": "", "text": "https:// news.mthai.com/general-news/7 10660.html …", "date": "23-02-2019 18:50", "retweet": 0, "like": 3}, {"id": "1099256202020642816", "url": "https://twitter.com/MThaiNews/status/1099256202020642816", "username": "", "text": "‘ธนาธร’ โพสต์รับอาสาสมัครทีมสังเกตการณ์การ #เลือกตั้ง62 https:// news.mthai.com/social-news/71 0646.html …", "date": "23-02-2019 17:34", "retweet": 0, "like": 0}, {"id": "1099247094609588224", "url": "https://twitter.com/MThaiNews/status/1099247094609588224", "username": "", "text": "ผู้กำกับ สภ.บางกรวย แจงแล้ว! หลังมีข่าวตำรวจเกี่ยงกันรับคดี ชายโดดสะพานพระราม 7 กู้ภัยนั่งเฝ้าศพยันเช้า https:// news.mthai.com/general-news/7 10639.html …", "date": "23-02-2019 16:58", "retweet": 3, "like": 3}, {"id": "1099220846013378560", "url": "https://twitter.com/MThaiNews/status/1099220846013378560", "username": "", "text": "ศิลปินดัง “R. Kelly” โดนฟ้องคดีทางเพศ 10 กระทง https:// news.mthai.com/world-news/710 627.html …", "date": "23-02-2019 15:14", "retweet": 0, "like": 0}, {"id": "1099219259182309377", "url": "https://twitter.com/MThaiNews/status/1099219259182309377", "username": "", "text": "รู้เหตุผลแล้ว ! แม่พิการสุดช้ำลูกสาวหายออกจากบ้านไปหาสามีใหม่-ทิ้งหลานให้เลี้ยง https:// news.mthai.com/general-news/7 10629.html …", "date": "23-02-2019 15:07", "retweet": 1, "like": 2}, {"id": "1099204336578551808", "url": "https://twitter.com/MThaiNews/status/1099204336578551808", "username": "", "text": "พบผลิตภัณฑ์อาหารที่แจ้งยกเลิกเลขสารบบอาหารไปแล้ว แต่ยังมีการวางขายในท้องตลาด https:// news.mthai.com/general-news/7 10619.html …", "date": "23-02-2019 14:08", "retweet": 0, "like": 1}, {"id": "1099202264365817857", "url": "https://twitter.com/MThaiNews/status/1099202264365817857", "username": "", "text": "คาดประกาศใช้นิรโทษครอบครองกัญชาสัปดาห์หน้า https:// news.mthai.com/general-news/7 10614.html …", "date": "23-02-2019 14:00", "retweet": 0, "like": 1}, {"id": "1099200819063250946", "url": "https://twitter.com/MThaiNews/status/1099200819063250946", "username": "", "text": "ชัชชาติ ขี่ซาเล้งโชว์ ขณะนำทีมเพื่อไทยลงพื้นที่หาเสียง บางซื่อ-ดุสิต https:// news.mthai.com/politics-news/ 710610.html …", "date": "23-02-2019 13:54", "retweet": 1, "like": 0}, {"id": "1099189417095311363", "url": "https://twitter.com/MThaiNews/status/1099189417095311363", "username": "", "text": "รัฐบาลปฏิเสธโอนเงินเข้าบัญชี ธ.ออมสิน 3 พันบาท เพื่อผู้ถือบัตรคนจน https:// news.mthai.com/politics-news/ 710609.html …", "date": "23-02-2019 13:09", "retweet": 1, "like": 0}, {"id": "1099181973610741760", "url": "https://twitter.com/MThaiNews/status/1099181973610741760", "username": "", "text": "ธนาธรนำทีมอนาคตใหม่วิ่ง ระบุ ไม่มีใครมาหยุดยั้งการก้าวไปข้างหน้าของอนาคตใหม่ได้ https:// news.mthai.com/politics-news/ 710602.html …", "date": "23-02-2019 12:39", "retweet": 0, "like": 1}, {"id": "1099168101239685123", "url": "https://twitter.com/MThaiNews/status/1099168101239685123", "username": "", "text": "ครม.เห็นชอบโครงการประกันภัยข้าวนาปี 2562 วงเงินงบประมาณกว่า 1,740 ล้าน https:// news.mthai.com/general-news/7 10589.html …", "date": "23-02-2019 11:44", "retweet": 0, "like": 0}, {"id": "1099167360483614720", "url": "https://twitter.com/MThaiNews/status/1099167360483614720", "username": "", "text": "เจ้าหน้าที่มูลนิธิร่วมกตัญญู นั่งเฝ้าศพคดีชายโดดสะพานพระราม 7 ยันเช้า หลังไม่มีตำรวจเดินทางมายังที่เกิดเหตุ https:// news.mthai.com/general-news/7 10587.html …", "date": "23-02-2019 11:41", "retweet": 1, "like": 3}, {"id": "1099133877447086081", "url": "https://twitter.com/MThaiNews/status/1099133877447086081", "username": "", "text": "เลือกตั้ง62 : 'มาร์ค' หาเสียงเขตสาทร สมาคมผู้สูงอายุแห่ให้กำลังใจ https:// news.mthai.com/politics-news/ 710572.html …", "date": "23-02-2019 09:28", "retweet": 0, "like": 0}, {"id": "1099123601897185280", "url": "https://twitter.com/MThaiNews/status/1099123601897185280", "username": "", "text": "เลือกตั้ง62 : ตำรวจ ร่วมกับ กสทช. ตั้งวอร์รูม เฝ้าระวังการกระทำผิดทางโซเชียลมีเดียช่วงเลือกตั้ง https:// news.mthai.com/politics-news/ 710569.html …", "date": "23-02-2019 08:47", "retweet": 0, "like": 0}, {"id": "1099108465111265280", "url": "https://twitter.com/MThaiNews/status/1099108465111265280", "username": "", "text": "กรมอุตุฯ ไทยตอนบนอุณหภูมิสูงขึ้น อีสาน-ตะวันออก-ใต้มีฝนเล็กน้อยหลายพื้นที่ https:// news.mthai.com/general-news/7 10564.html …", "date": "23-02-2019 07:47", "retweet": 0, "like": 2}, {"id": "1098998113895772160", "url": "https://twitter.com/MThaiNews/status/1098998113895772160", "username": "", "text": "ผวา 'กวางซอมบี้' ระบาดในสหรัฐ นักวิจัยชี้มีความเป็นไปได้ที่จะแพร่เชื้อมายังคน https:// news.mthai.com/world-news/710 556.html …", "date": "23-02-2019 00:29", "retweet": 1, "like": 5}, {"id": "1098963201725685766", "url": "https://twitter.com/MThaiNews/status/1098963201725685766", "username": "", "text": "ออมสินยันไม่จริง ข่าวลือผู้ถือบัตรสวัสดิการแห่งรัฐเปิดบัญชีธนาคารออมสิน ได้รับเงิน 3,000 บาท https:// news.mthai.com/general-news/7 10536.html …", "date": "22-02-2019 22:10", "retweet": 2, "like": 2}, {"id": "1098947143539159041", "url": "https://twitter.com/MThaiNews/status/1098947143539159041", "username": "", "text": "แถลงการณ์สำนักพระราชวัง 'ฟ้าหญิงจุฬาภรณ์' เสด็จประทับ รพ.รามาฯ https:// news.mthai.com/general-news/7 10527.html …", "date": "22-02-2019 21:06", "retweet": 1, "like": 2}, {"id": "1098940173700628480", "url": "https://twitter.com/MThaiNews/status/1098940173700628480", "username": "", "text": "เมืองคอนวุ่น! มือดีลอบเผาป้ายหาเสียงพรรคพลังประชารัฐ https:// news.mthai.com/politics-news/ 710517.html …", "date": "22-02-2019 20:38", "retweet": 1, "like": 2}, {"id": "1098918873670115328", "url": "https://twitter.com/MThaiNews/status/1098918873670115328", "username": "", "text": "ลงดาบกระเป๋ารถเมล์รถเมล์ ดื่มเบียร์-สูบบุหรี่ หลังถูกผู้โดยสารโพสต์ร้องเรียน https:// news.mthai.com/general-news/7 10509.html …", "date": "22-02-2019 19:14", "retweet": 0, "like": 0}, {"id": "1098908446382936064", "url": "https://twitter.com/MThaiNews/status/1098908446382936064", "username": "", "text": "เลื่อนอ่านคำพิพากษา คดีให้ทรัพย์สินนายสมบัติ อุทัยสางตกเป็นของแผ่นดิน https:// news.mthai.com/politics-news/ 710477.html …", "date": "22-02-2019 18:32", "retweet": 0, "like": 3}, {"id": "1098880470358536195", "url": "https://twitter.com/MThaiNews/status/1098880470358536195", "username": "", "text": "นายกฯ รับมอบโบราณวัตถุ ศิลปวัตถุ มรดกล้ำค่า เป็นสมบัติของชาติ https:// news.mthai.com/general-news/7 10446.html …", "date": "22-02-2019 16:41", "retweet": 0, "like": 0}, {"id": "1098824351598723073", "url": "https://twitter.com/MThaiNews/status/1098824351598723073", "username": "", "text": "เตรียมเปิดทดลองวิ่งรถไฟฟ้าใต้ดิน หัวลำโพง-หลักสอง เม.ย. นี้ https:// news.mthai.com/general-news/7 10427.html …", "date": "22-02-2019 12:58", "retweet": 2, "like": 6}, {"id": "1098807124262412288", "url": "https://twitter.com/MThaiNews/status/1098807124262412288", "username": "", "text": "'บิ๊กป้อม' เล็งเปลี่ยนเครื่องบิน หลัง C130 ขัดข้อง ชี้ใช้งานมานาน 30 กว่าปี https:// news.mthai.com/politics-news/ 710418.html …", "date": "22-02-2019 11:50", "retweet": 1, "like": 0}, {"id": "1098800747183886337", "url": "https://twitter.com/MThaiNews/status/1098800747183886337", "username": "", "text": "นักท่องเที่ยวโชคดี พบปรากฏการณ์ 'น้ำตกเพลิง' ลาวาสีเหลืองทอง ที่สหรัฐฯ https:// news.mthai.com/world-news/710 411.html …", "date": "22-02-2019 11:24", "retweet": 0, "like": 2}, {"id": "1098794222386176001", "url": "https://twitter.com/MThaiNews/status/1098794222386176001", "username": "", "text": "แนะ ปชช. เฝ้าระวังแผ่นดินไหวลำปาง อีกหลายสัปดาห์ https:// news.mthai.com/general-news/7 10404.html …", "date": "22-02-2019 10:58", "retweet": 0, "like": 1}, {"id": "1098793449610915840", "url": "https://twitter.com/MThaiNews/status/1098793449610915840", "username": "", "text": "'กรวีร์' ร้องศาลฎีกา คืนสิทธิ์ผู้สมัคร ส.ส.พรรคภูมิใจไทย หลังกกต.ไม่รับรอง https:// news.mthai.com/politics-news/ 710403.html …", "date": "22-02-2019 10:55", "retweet": 0, "like": 1}, {"id": "1098787917198024706", "url": "https://twitter.com/MThaiNews/status/1098787917198024706", "username": "", "text": "'ดีเจเจมส์' โพสต์คลิปนาทีระทึก คนขับรถบรรทุก ชักปืนยิงเก๋งขาวกลางกรุง! https:// news.mthai.com/social-news/71 0394.html …", "date": "22-02-2019 10:33", "retweet": 0, "like": 0}, {"id": "1098766048046661634", "url": "https://twitter.com/MThaiNews/status/1098766048046661634", "username": "", "text": "'บิ๊กโจ๊ก' ลุยปราบเต้นท์รถโกงเงิน ยึดทรัพย์กว่า 200 ล้าน https:// news.mthai.com/general-news/7 10387.html …", "date": "22-02-2019 09:06", "retweet": 0, "like": 0}, {"id": "1098759123171082241", "url": "https://twitter.com/MThaiNews/status/1098759123171082241", "username": "", "text": "จัดหนัก! หนุ่มหอบบะหมี่กึ่งสำเร็จรูป 6,600 ซอง แก้บนกุมารเจ้าสัวเฮง หลังถูกหวยหลายงวดติด https:// news.mthai.com/general-news/7 10377.html …", "date": "22-02-2019 08:39", "retweet": 0, "like": 0}, {"id": "1098750415921807360", "url": "https://twitter.com/MThaiNews/status/1098750415921807360", "username": "", "text": "เปิดคลิป 'บิ๊กตู่' กินข้าวบนรถ ขณะลงพื้นที่สมุย หลังเครื่องบินขัดข้อง https:// news.mthai.com/politics-news/ 710381.html …", "date": "22-02-2019 08:04", "retweet": 0, "like": 1}, {"id": "1098741234510716928", "url": "https://twitter.com/MThaiNews/status/1098741234510716928", "username": "", "text": "'จำลอง' ถ่ายไม่ออก ถูกนำตัวส่ง รพ.ราชทัณฑ์ https:// news.mthai.com/general-news/7 10373.html …", "date": "22-02-2019 07:28", "retweet": 1, "like": 1}, {"id": "1098730833614036992", "url": "https://twitter.com/MThaiNews/status/1098730833614036992", "username": "", "text": "อุตุฯ เผยทั่วไทยมีฝนฟ้าคะนองบางแห่ง ภาคเหนือตอนบนอากาศเย็นช่วงเช้า https:// news.mthai.com/general-news/7 10369.html …", "date": "22-02-2019 06:46", "retweet": 0, "like": 0}, {"id": "1098644196188028928", "url": "https://twitter.com/MThaiNews/status/1098644196188028928", "username": "", "text": "สาวพิการถูกเก๋งหรูแย่งที่จอดวอนว่าที่ 'นายกฯ' ใส่ใจคนพิการ สร้างมาตรฐานความเท่าเทียม https:// news.mthai.com/general-news/7 10359.html …", "date": "22-02-2019 01:02", "retweet": 3, "like": 3}, {"id": "1098636020319277057", "url": "https://twitter.com/MThaiNews/status/1098636020319277057", "username": "", "text": "รุ่นพี่ ม.ดัง ชักคัตเตอร์ทำร้ายรุ่นน้องไส้ทะลัก สาหัสรวม 5 คน https:// news.mthai.com/general-news/7 10352.html …", "date": "22-02-2019 00:30", "retweet": 1, "like": 1}, {"id": "1098606935069343747", "url": "https://twitter.com/MThaiNews/status/1098606935069343747", "username": "", "text": "เลือกตั้ง 62 : นโยบายสำคัญกว่า มิติใหม่ป้ายหาเสียง ดร.หนุ่ม แหวกแนวไม่โชว์หน้าตาบนป้าย https:// news.mthai.com/politics-news/ 710345.html …", "date": "21-02-2019 22:34", "retweet": 0, "like": 3}, {"id": "1098586204474204161", "url": "https://twitter.com/MThaiNews/status/1098586204474204161", "username": "", "text": "สลด ! สุนัขนับ 10 ตัวรุมขย้ำกัดเด็กชาย วัย 3 ขวบจมเขี้ยวสาหัสมีบาดแผลฉกรรจ์ทั่วตัว https:// news.mthai.com/general-news/7 10338.html …", "date": "21-02-2019 21:12", "retweet": 0, "like": 3}, {"id": "1098578349557862400", "url": "https://twitter.com/MThaiNews/status/1098578349557862400", "username": "", "text": "รถบรรทุกเกี่ยวสายไฟทำเสาไฟฟ้าล้มทับรถรับส่งนักเรียนบาดเจ็บระนาว https:// news.mthai.com/general-news/7 10330.html …", "date": "21-02-2019 20:41", "retweet": 0, "like": 0}, {"id": "1098562977525952513", "url": "https://twitter.com/MThaiNews/status/1098562977525952513", "username": "", "text": "กระทรวงวัฒนธรรม ยกย่อง ชิน ประสงค์ นักปั้นสุนัขทรงเลี้ยง เป็นศิลปินแห่งชาติ https:// news.mthai.com/general-news/7 10326.html …", "date": "21-02-2019 19:39", "retweet": 0, "like": 2}, {"id": "1098545085371695104", "url": "https://twitter.com/MThaiNews/status/1098545085371695104", "username": "", "text": "พปชร. มั่นใจต่อยอดนโยบาย 'บิ๊กตู่' ถูกใจประชาชน ทำได้จริง https:// news.mthai.com/politics-news/ 710309.html …", "date": "21-02-2019 18:28", "retweet": 0, "like": 1}, {"id": "1098534415414714368", "url": "https://twitter.com/MThaiNews/status/1098534415414714368", "username": "", "text": "คสช. แจ้ง ปอท. ดำเนินคดีเว็บปลอมกุข่าว 'บิ๊กแดง' จับมือ 'บิ๊กตู่' ร่างกม.เกณฑ์ทหาร 2 ปี เป็น 4 ปี https:// news.mthai.com/general-news/7 10300.html …", "date": "21-02-2019 17:46", "retweet": 2, "like": 1}, {"id": "1098530519044612101", "url": "https://twitter.com/MThaiNews/status/1098530519044612101", "username": "", "text": "'ชัช เตาปูน' ควง 'น้องคำแก้ว' ผู้สมัครส.ส. พลังท้องถิ่นไท แจงปมถ่ายภาพเซ็กซี่ https:// news.mthai.com/politics-news/ 710282.html …", "date": "21-02-2019 17:31", "retweet": 0, "like": 0}, {"id": "1098527504376029184", "url": "https://twitter.com/MThaiNews/status/1098527504376029184", "username": "", "text": "สวนสัตว์เขาเขียวขยายพันธุ์ ตัวกินมดยักษ์ สัตว์หายาก จากอเมริกาใต้สำเร็จ https:// news.mthai.com/general-news/7 10250.html …", "date": "21-02-2019 17:19", "retweet": 1, "like": 1}, {"id": "1098524539468668928", "url": "https://twitter.com/MThaiNews/status/1098524539468668928", "username": "", "text": "มาทำความรู้จัก ‘ตั้ว’ ชุติมา กุมาร ผู้สมัคร ส.ส. โปรไฟล์สวยจาก พรรคเพื่อชาติ https:// news.mthai.com/webmaster-talk /710173.html … pic.twitter.com/3FZd8crg0D", "date": "21-02-2019 17:07", "retweet": 1, "like": 1}, {"id": "1098504189599088641", "url": "https://twitter.com/MThaiNews/status/1098504189599088641", "username": "", "text": "ปอท.ยืนยัน น.ศ.สาวลูกครึ่งช่วยตัวเองในคลิปหลุด ตกเป็นเหยื่อถูกโมเดลลิ่งหลอก https:// news.mthai.com/general-news/7 10237.html …", "date": "21-02-2019 15:46", "retweet": 0, "like": 3}, {"id": "1098488221183275009", "url": "https://twitter.com/MThaiNews/status/1098488221183275009", "username": "", "text": "Geek Book มอบเงินขายหนังสือ #ถ้ำหลวง ให้แก่มูลนิธิคนตาบอดไทย https:// news.mthai.com/general-news/7 10208.html …", "date": "21-02-2019 14:42", "retweet": 0, "like": 0}, {"id": "1098478324798521344", "url": "https://twitter.com/MThaiNews/status/1098478324798521344", "username": "", "text": "ผู้ช่วยผู้ใหญ่บ้านหึงโหดดักยิงครูหม้ายสาวเสียชีวิต ก่อนฆ่าตัวตายตาม https:// news.mthai.com/general-news/7 10202.html …", "date": "21-02-2019 14:03", "retweet": 1, "like": 0}, {"id": "1098463427566043136", "url": "https://twitter.com/MThaiNews/status/1098463427566043136", "username": "", "text": "สนช. เลื่อนพิจารณาร่าง พ.ร.บ.ข้าว นำข้อเรียกร้อง-คัดค้าน ทบทวนอีกครั้ง https:// news.mthai.com/general-news/7 10189.html …", "date": "21-02-2019 13:04", "retweet": 0, "like": 1}, {"id": "1098445961133608960", "url": "https://twitter.com/MThaiNews/status/1098445961133608960", "username": "", "text": "ศาลเลื่อนนัดสืบพยานจำเลย อดีตแกนนำ นปช. เป็น 4 เม.ย. 62 https:// news.mthai.com/general-news/7 10115.html …", "date": "21-02-2019 11:54", "retweet": 0, "like": 2}, {"id": "1098445118426628096", "url": "https://twitter.com/MThaiNews/status/1098445118426628096", "username": "", "text": "https:// news.mthai.com/world-news/710 154.html …", "date": "21-02-2019 11:51", "retweet": 0, "like": 0}, {"id": "1098442183114293248", "url": "https://twitter.com/MThaiNews/status/1098442183114293248", "username": "", "text": "เตรียมพิจารณาปรับขึ้นค่าแรงขั้นต่ำ ประจำปี 62 เฉลี่ยอยู่ที่ 2-10 บาท https:// news.mthai.com/general-news/7 10147.html …", "date": "21-02-2019 11:39", "retweet": 1, "like": 0}, {"id": "1098434437052751873", "url": "https://twitter.com/MThaiNews/status/1098434437052751873", "username": "", "text": "อดีตแกนนำ นปช. ขึ้นศาลสืบพยานจำเลยนัดแรก คดีก่อการร้าย จากกรณีชุมนุมปี 53 https:// news.mthai.com/general-news/7 10115.html …", "date": "21-02-2019 11:09", "retweet": 1, "like": 1}, {"id": "1098426489580601344", "url": "https://twitter.com/MThaiNews/status/1098426489580601344", "username": "", "text": "อุตุฯ ประกาศวันนี้ 'ไทยสิ้นสุดฤดูหนาวเข้าสู่ฤดูร้อนเต็มตัว' คาดร้อนยาว 3 เดือน https:// news.mthai.com/general-news/7 10102.html …", "date": "21-02-2019 10:37", "retweet": 1, "like": 2}, {"id": "1098419264002781184", "url": "https://twitter.com/MThaiNews/status/1098419264002781184", "username": "", "text": "'บิ๊กแดง' ยังฟิต! นำกำลังพลทดสอบสมรรถภาพฯ เผย 'สตรอง อาร์มี่' https:// news.mthai.com/politics-news/ 710071.html …", "date": "21-02-2019 10:08", "retweet": 0, "like": 1}, {"id": "1098417648738566147", "url": "https://twitter.com/MThaiNews/status/1098417648738566147", "username": "", "text": "เปิดกลยุทธ์การลงทุน #หุ้นไทย วันนี้ https:// news.mthai.com/economy-news/7 10064.html …", "date": "21-02-2019 10:02", "retweet": 0, "like": 1}, {"id": "1098411887874588672", "url": "https://twitter.com/MThaiNews/status/1098411887874588672", "username": "", "text": "#ทอง เปิดตลาดวันนี้ราคาคงที่ https:// news.mthai.com/economy-news/7 10057.html …", "date": "21-02-2019 09:39", "retweet": 0, "like": 0}, {"id": "1098410575686561797", "url": "https://twitter.com/MThaiNews/status/1098410575686561797", "username": "", "text": "เปิดรายจ่ายผู้ใช้แรงงานในแต่ละวัน https:// news.mthai.com/economy-news/7 10041.html …", "date": "21-02-2019 09:34", "retweet": 1, "like": 1}, {"id": "1098408085930950656", "url": "https://twitter.com/MThaiNews/status/1098408085930950656", "username": "", "text": "วิ่งแบบพี่ตูน วิ่งๆ ๆ วิ่งแบบพี่ตูน https:// news.mthai.com/politics-news/ 710033.html … pic.twitter.com/qgjWFGPPBA", "date": "21-02-2019 09:24", "retweet": 0, "like": 3}, {"id": "1098407737216577536", "url": "https://twitter.com/MThaiNews/status/1098407737216577536", "username": "", "text": "เครื่องบินนายกฯ วนกลับ กทม. เปลี่ยนเครื่อง หลังใบพัดขัดข้องกลางอากาศ https:// news.mthai.com/politics-news/ 710040.html …", "date": "21-02-2019 09:23", "retweet": 0, "like": 1}, {"id": "1098406473422368768", "url": "https://twitter.com/MThaiNews/status/1098406473422368768", "username": "", "text": "จวกยับ! ทางเท้าแหว่งริมคลองคูเมืองเดิม ถ.อัษฎางค์ คนเดินไม่ระวังเสี่ยงตกน้ำ #ทางเดินเท้า https:// news.mthai.com/social-news/71 0031.html …", "date": "21-02-2019 09:18", "retweet": 0, "like": 2}, {"id": "1098392898091966464", "url": "https://twitter.com/MThaiNews/status/1098392898091966464", "username": "", "text": "เลือกตั้ง 62 : เปิด 3 ประเด็น ทษช. ยื่นแก้ข้อกล่าวหายุบพรรค #เลือกตั้ง62 https:// news.mthai.com/politics-news/ 710026.html …", "date": "21-02-2019 08:24", "retweet": 0, "like": 1}, {"id": "1098388485864534016", "url": "https://twitter.com/MThaiNews/status/1098388485864534016", "username": "", "text": "ยางนาอายุกว่าร้อยปี ถนนเชียงใหม่-ลำพูน ถูกตัดเหลือแต่ตอ ยืนต้นตายอนาถ 2 ต้น https:// news.mthai.com/social-news/71 0022.html …", "date": "21-02-2019 08:06", "retweet": 1, "like": 0}, {"id": "1098382659770769408", "url": "https://twitter.com/MThaiNews/status/1098382659770769408", "username": "", "text": "เจ้าของรถหรู โร่ขอโทษสาวคนพิการ หลังย้ายรถผู้พิการเอาตัวเองเข้าจอดแทน https:// news.mthai.com/general-news/7 10013.html …", "date": "21-02-2019 07:43", "retweet": 0, "like": 2}, {"id": "1098368281306517504", "url": "https://twitter.com/MThaiNews/status/1098368281306517504", "username": "", "text": "อุตุฯ เผยเหนือ อีสาน กลาง ตะวันออก ใต้ ฝนฟ้าคะนองบางแห่ง ไทยตอนบนร้อน https:// news.mthai.com/general-news/7 10017.html …", "date": "21-02-2019 06:46", "retweet": 0, "like": 0}, {"id": "1098254842089205762", "url": "https://twitter.com/MThaiNews/status/1098254842089205762", "username": "", "text": "'ชวน' นำทัพ ปชป. หาเสียงกลางกรุงเก่าชี้พรรคเป็นรัฐบาลไม่เคยถูกทหารยึดอำนาจเพราะไม่โกง https:// news.mthai.com/politics-news/ 709996.html …", "date": "20-02-2019 23:15", "retweet": 0, "like": 0}, {"id": "1098247764478054400", "url": "https://twitter.com/MThaiNews/status/1098247764478054400", "username": "", "text": "จีนสั่งจำคุกทหารระดับสูงยศนายพลตลอดชีวิต พร้อมยึดทรัพย์ ฐานทุจริตรับสินบน https:// news.mthai.com/world-news/709 978.html …", "date": "20-02-2019 22:47", "retweet": 1, "like": 0}, {"id": "1098220491003686913", "url": "https://twitter.com/MThaiNews/status/1098220491003686913", "username": "", "text": "บรรยากาศพิธีรดน้ำศพบิดา สอง พาราด็อกซ์ https:// news.mthai.com/general-news/7 09971.html …", "date": "20-02-2019 20:59", "retweet": 0, "like": 1}, {"id": "1098188319886761985", "url": "https://twitter.com/MThaiNews/status/1098188319886761985", "username": "", "text": "เปิดใจสาวพิการ หลังโพสต์คลิปชายหญิงขับรถสปอร์ตหรูแย่งที่จอดรถคนพิการ https:// news.mthai.com/general-news/7 09953.html …", "date": "20-02-2019 18:51", "retweet": 0, "like": 5}, {"id": "1098179036419829760", "url": "https://twitter.com/MThaiNews/status/1098179036419829760", "username": "", "text": "เฝ้าระวัง! เกิดแผ่นดินไหวกลุ่มจำนวนกว่า 10 ครั้ง ที่จ.ลำปาง ครั้งแรกในรอบ 40 ปี https:// news.mthai.com/general-news/7 09938.html …", "date": "20-02-2019 18:14", "retweet": 0, "like": 0}, {"id": "1098171742395092997", "url": "https://twitter.com/MThaiNews/status/1098171742395092997", "username": "", "text": "สาวซื้อรองเท้าแบรนด์ดังจากเน็ตแต่ได้ของปลอม แถมร้านยืนยัน รองเท้าแท้ 100% ไม่ใช่อย่างอื่นแน่นอน https:// news.mthai.com/social-news/70 9907.html …", "date": "20-02-2019 17:45", "retweet": 1, "like": 1}, {"id": "1098170917178400769", "url": "https://twitter.com/MThaiNews/status/1098170917178400769", "username": "", "text": "จับได้แล้ว!! สาวแสบไม่จ่ายเงินค่ากุ้ง อ้างตกงาน มีหนี้สินเยอะ https:// news.mthai.com/general-news/7 09916.html …", "date": "20-02-2019 17:42", "retweet": 0, "like": 1}, {"id": "1098164685411512321", "url": "https://twitter.com/MThaiNews/status/1098164685411512321", "username": "", "text": "หนุ่มใหญ่ เผลอทิ้งเงินค่าเทอมลูกลงถังขยะ พบชายเก็บได้ไม่เอามาคืน https:// news.mthai.com/general-news/7 09900.html …", "date": "20-02-2019 17:17", "retweet": 0, "like": 0}, {"id": "1098159272918114304", "url": "https://twitter.com/MThaiNews/status/1098159272918114304", "username": "", "text": "ส่งตัว 'ดิมิทรี' หนุ่มรัสเซียแฮกเงิน เป็นผู้ร้ายข้ามแดนให้สหรัฐฯ หลังรับโทษที่ไทย https:// news.mthai.com/general-news/7 09887.html …", "date": "20-02-2019 16:55", "retweet": 0, "like": 0}, {"id": "1098158428373958656", "url": "https://twitter.com/MThaiNews/status/1098158428373958656", "username": "", "text": "เกิดแผ่นดินไหว ศูนย์กลางที่ลำปาง สะเทือนถึงเชียงใหม่ – ลำพูน https:// news.mthai.com/general-news/7 09873.html … pic.twitter.com/lVft6wq5Gr", "date": "20-02-2019 16:52", "retweet": 6, "like": 3}, {"id": "1098153347603820544", "url": "https://twitter.com/MThaiNews/status/1098153347603820544", "username": "", "text": "จิสด้าจับมือไบโอเทค เตรียมส่งโปรตีนไปทดลองบนสถานีอวกาศนานาชาติ https:// news.mthai.com/general-news/7 09868.html …", "date": "20-02-2019 16:32", "retweet": 0, "like": 3}, {"id": "1098146120130121728", "url": "https://twitter.com/MThaiNews/status/1098146120130121728", "username": "", "text": "สาวสุดงง! นั่งอยู่ดีๆ เจอมนุษย์ป้าพุ่งมานั่งตักบน MRT กดดันให้ลุกให้นั่ง https:// news.mthai.com/social-news/70 9846.html …", "date": "20-02-2019 16:03", "retweet": 0, "like": 0}, {"id": "1098145207852265472", "url": "https://twitter.com/MThaiNews/status/1098145207852265472", "username": "", "text": "21 ก.พ. นี้ ไทยเข้าสู่ฤดูร้อนอย่างเป็นทางการ กรมอุตุฯ เผย 7 จังหวัดร้อนสุด 43 องศา https:// news.mthai.com/general-news/7 09850.html …", "date": "20-02-2019 15:59", "retweet": 0, "like": 0}, {"id": "1098135080877273088", "url": "https://twitter.com/MThaiNews/status/1098135080877273088", "username": "", "text": "นาทีระทึก! ช้างน้อยพุ่งชนแพพลิกคว่ำ นักท่องเที่ยวว่ายน้ำหนีตาย https:// news.mthai.com/general-news/7 09820.html …", "date": "20-02-2019 15:19", "retweet": 1, "like": 1}, {"id": "1098113351052255232", "url": "https://twitter.com/MThaiNews/status/1098113351052255232", "username": "", "text": "จำคุกตลอดชีวิต 'โมนา' นายจ้างโหด ฆ่า 'น้องน้ำ' ก่อนเอาศพไปฝังที่เพชรบุรี https:// news.mthai.com/general-news/7 09821.html …", "date": "20-02-2019 13:53", "retweet": 1, "like": 3}, {"id": "1098098661592948737", "url": "https://twitter.com/MThaiNews/status/1098098661592948737", "username": "", "text": "'เอกชัย-โชคชัย' โดนรวบ! หลังบุกบก.ทบ. เปิดเพลง 'ประเทศกูมี' แขวนคอตุ๊กตาหมี https:// news.mthai.com/social-news/70 9795.html …", "date": "20-02-2019 12:54", "retweet": 1, "like": 0}, {"id": "1098096244075900928", "url": "https://twitter.com/MThaiNews/status/1098096244075900928", "username": "", "text": "'สดใส รุ่งโพธิ์ทอง' แจ้งความ ปอท. หลังมีมือดีใส่ภาพสยิวประกอบเพลงหาเสียง https:// news.mthai.com/general-news/7 09807.html …", "date": "20-02-2019 12:45", "retweet": 0, "like": 0}, {"id": "1098094357586956288", "url": "https://twitter.com/MThaiNews/status/1098094357586956288", "username": "", "text": "ปอท.แจ้งข้อหา 'ฤภพ ชินวัตร' ผิด พ.ร.บ.คอมพิวเตอร์ ปมค่าฝุ่น PM 2.5 https:// news.mthai.com/politics-news/ 709806.html …", "date": "20-02-2019 12:37", "retweet": 0, "like": 0}, {"id": "1098084132289052672", "url": "https://twitter.com/MThaiNews/status/1098084132289052672", "username": "", "text": "“ปอท.” เตรียมส่งสำนวนคดี พ.ร.บ.คอมฯ “ธนาธร – 2 กรรมการบริหารพรรคอนาคตใหม่” อัยการนัด 27 กพ.นี้ ด้านพรรคจับตาฝากขัง – ไม่หวั่นกระทบหาเสียงเลือกตั้ง https:// news.mthai.com/general-news/7 09773.html …", "date": "20-02-2019 11:57", "retweet": 0, "like": 0}, {"id": "1098080400805515265", "url": "https://twitter.com/MThaiNews/status/1098080400805515265", "username": "", "text": "คุณยายจัดชุดใหญ่ไฟกระพริบ แก้บน 'จ่าเฉย' หลังให้โชคถูกหวย 3 งวดติด https:// news.mthai.com/social-news/70 9779.html …", "date": "20-02-2019 11:42", "retweet": 0, "like": 1}, {"id": "1098075210413047809", "url": "https://twitter.com/MThaiNews/status/1098075210413047809", "username": "", "text": "#ฮอนด้า ยืนยันปิดโรงงานในอังกฤษ กระทบพนักงานราว 3,500 คน https:// news.mthai.com/economy-news/7 09759.html …", "date": "20-02-2019 11:21", "retweet": 0, "like": 0}, {"id": "1098074157764362240", "url": "https://twitter.com/MThaiNews/status/1098074157764362240", "username": "", "text": "โจรในคราบลูกค้า! สั่งกุ้งไม่จ่ายเงิน ขี่รถหนีหน้าตาเฉย https:// news.mthai.com/general-news/7 09751.html …", "date": "20-02-2019 11:17", "retweet": 0, "like": 0}, {"id": "1098073984128540678", "url": "https://twitter.com/MThaiNews/status/1098073984128540678", "username": "", "text": "สบส. ชี้ยังไม่แยกค่ายาออกจากค่าบริการทางการแพทย์ เหตุเป็นหนึ่งในการให้บริการ https:// news.mthai.com/general-news/7 09758.html …", "date": "20-02-2019 11:16", "retweet": 0, "like": 1}, {"id": "1098063245338767360", "url": "https://twitter.com/MThaiNews/status/1098063245338767360", "username": "", "text": "เลือกตั้ง 62 : 'อภิสิทธิ์' นำ ส.ส.ประชาธิปัตย์ หาเสียงพบปะประชาชนที่ตลาดวงศกร https:// news.mthai.com/politics-news/ 709696.html …", "date": "20-02-2019 10:34", "retweet": 1, "like": 1}, {"id": "1098043707121532928", "url": "https://twitter.com/MThaiNews/status/1098043707121532928", "username": "", "text": "'สอง พาราด็อกซ์' ช็อก! พ่อทิ้งจดหมายลาตาย ก่อนรมควันดับในรถ https:// news.mthai.com/general-news/7 09697.html …", "date": "20-02-2019 09:16", "retweet": 0, "like": 0}, {"id": "1098032550528708610", "url": "https://twitter.com/MThaiNews/status/1098032550528708610", "username": "", "text": "สถานการณ์ฝุ่นละออง PM2.5 ประจำวันที่ 20 กุมภาพันธ์ 2562 https:// news.mthai.com/general-news/7 09692.html …", "date": "20-02-2019 08:32", "retweet": 0, "like": 0}, {"id": "1098021233789026305", "url": "https://twitter.com/MThaiNews/status/1098021233789026305", "username": "", "text": "กกต.เผยคดียุบ พปชร.ไม่ล่าช้า คาด 1-2 สัปดาห์ได้มติ ยันปฏิบัติกับทุกพรรคเท่าเทียม #เลือกตั้ง62 https:// news.mthai.com/politics-news/ 709688.html …", "date": "20-02-2019 07:47", "retweet": 0, "like": 2}, {"id": "1098018755206995968", "url": "https://twitter.com/MThaiNews/status/1098018755206995968", "username": "", "text": "สลด! กระบะขนลูกชิ้นชนคนงานโบกรถชิโนไทยดับ https:// news.mthai.com/general-news/7 09684.html …", "date": "20-02-2019 07:37", "retweet": 0, "like": 1}, {"id": "1098006487320846337", "url": "https://twitter.com/MThaiNews/status/1098006487320846337", "username": "", "text": "อุตุฯ เผยทั่วไทยฝนคะนองบางแห่ง กทม.ตกร้อยละ 10 ของพื้นที่ https:// news.mthai.com/general-news/7 09679.html …", "date": "20-02-2019 06:48", "retweet": 0, "like": 2}, {"id": "1097812918937124865", "url": "https://twitter.com/MThaiNews/status/1097812918937124865", "username": "", "text": "เลือกตั้ง 62 : 'สุดารัตน์' เชื่อ 24 มี.ค. ยังมีเลือกตั้ง แม้มีเหตุการณ์ต่างๆ มาแทรก https:// news.mthai.com/politics-news/ 709600.html …", "date": "19-02-2019 17:59", "retweet": 0, "like": 1}, {"id": "1097767897965809664", "url": "https://twitter.com/MThaiNews/status/1097767897965809664", "username": "", "text": "เลือกตั้ง 62 : 'สุวัจน์' นำทีมพรรคชาติพัฒนา หาเสียงตลาดขวัญ-เรียม https:// news.mthai.com/politics-news/ 709587.html …", "date": "19-02-2019 15:00", "retweet": 0, "like": 3}, {"id": "1097750806005075969", "url": "https://twitter.com/MThaiNews/status/1097750806005075969", "username": "", "text": "#เลือกตั้ง 62 : 'สุดารัตน์-ชัชชาติ-โอ๊ค' ลุยพื้นที่หาเสียง อุบลราชธานี อำนาจเจริญ ใส่บาตรวันมาฆบูชา https:// news.mthai.com/politics-news/ 709594.html …", "date": "19-02-2019 13:52", "retweet": 1, "like": 2}, {"id": "1097734871361871872", "url": "https://twitter.com/MThaiNews/status/1097734871361871872", "username": "", "text": "ระทึก! พบระเบิดลูกขว้าง-ของทำเลียนแบบ วางป่วนในซอยอินทามระ 55 https:// news.mthai.com/general-news/7 09583.html …", "date": "19-02-2019 12:49", "retweet": 0, "like": 0}, {"id": "1097733083627872257", "url": "https://twitter.com/MThaiNews/status/1097733083627872257", "username": "", "text": "หนุ่มเตือน! อย่าหลงเล่นคาสิโนออนไลน์ ที่ 'เน็ตไอดอล' โพสต์ชักชวน หลังหลานชายฆ่าตาย https:// news.mthai.com/social-news/70 9580.html …", "date": "19-02-2019 12:42", "retweet": 0, "like": 0}, {"id": "1097721806327173122", "url": "https://twitter.com/MThaiNews/status/1097721806327173122", "username": "", "text": "หนุ่มวินหัวร้อน! เห็นรถถูกถอยชนเบาๆ ปรี่ชกคนงานกรุ๊ปทัวร์อินเดียเจ็บ 3 ราย https:// news.mthai.com/general-news/7 09574.html …", "date": "19-02-2019 11:57", "retweet": 0, "like": 0}, {"id": "1097714804913975297", "url": "https://twitter.com/MThaiNews/status/1097714804913975297", "username": "", "text": "แพทย์ชี้ #พาราควอต ทำให้มีผู้ป่วยมะเร็งเพิ่มขึ้น ถ่ายทอดจากแม่สู่ลูกได้ เสี่ยงพิการทางสมอง https:// news.mthai.com/general-news/7 09569.html …", "date": "19-02-2019 11:29", "retweet": 0, "like": 2}, {"id": "1097709628383625216", "url": "https://twitter.com/MThaiNews/status/1097709628383625216", "username": "", "text": "เลือกตั้ง 62 : นายกฯ เตือน อย่าหาเสียงสนุกปาก ตัดงบกลาโหม-เลิกเกณฑ์ทหาร https:// news.mthai.com/politics-news/ 709544.html …", "date": "19-02-2019 11:09", "retweet": 0, "like": 0}, {"id": "1097708689463492608", "url": "https://twitter.com/MThaiNews/status/1097708689463492608", "username": "", "text": "นักวิชาการ ชี้ #หนักแผ่นดิน ใช้ในการขับไล่ ฆ่าศัตรู สะท้อนกระแสขวาจัดในสังคมไทย https:// news.mthai.com/social-news/70 9559.html …", "date": "19-02-2019 11:05", "retweet": 0, "like": 2}, {"id": "1097704313747456000", "url": "https://twitter.com/MThaiNews/status/1097704313747456000", "username": "", "text": "หนุ่มโพสต์ด่าตำรวจหยาบคาย ทำคนเข้าใจผิดคิดว่ารับเงิน สุดท้ายโดนดำเนินคดี https:// news.mthai.com/social-news/70 9552.html …", "date": "19-02-2019 10:47", "retweet": 0, "like": 0}, {"id": "1097703211014578177", "url": "https://twitter.com/MThaiNews/status/1097703211014578177", "username": "", "text": "วันนี้19 ก.พ. วันสุดท้าย! ลงทะเบียนเลือกตั้งล่วงหน้านอกเขตทางอินเทอร์เน็ต อย่าลืมลงทะเบียนใช้สิทธิของตัวเอง #เลือกตั้ง62 ลงทะเบียนคลิก >>> http:// election.bora.dopa.go.th/ectoutvote/log in.aspx …", "date": "19-02-2019 10:43", "retweet": 1, "like": 3}, {"id": "1097700348263682048", "url": "https://twitter.com/MThaiNews/status/1097700348263682048", "username": "", "text": "เพจตร. แนะวิธีทำอย่างไร หากโดนโกงบัตรคอนเสิร์ต-บัตรคอนเสิร์ตปลอม https:// news.mthai.com/social-news/70 9545.html … #OngSeongWu1stFanMeetingTH #PARKJIHOONinBANGKOK", "date": "19-02-2019 10:32", "retweet": 841, "like": 226}, {"id": "1097688761834528768", "url": "https://twitter.com/MThaiNews/status/1097688761834528768", "username": "", "text": "สมเด็จพระสังฆราช ประทานพระคติธรรม 'วันมาฆบูชา' ชาวพุทธแท้ อยู่ที่ศึกษาพระธรรม #วันมาฆบูชา https:// news.mthai.com/general-news/7 09540.html …", "date": "19-02-2019 09:46", "retweet": 1, "like": 0}, {"id": "1097672650413883393", "url": "https://twitter.com/MThaiNews/status/1097672650413883393", "username": "", "text": "กรมควบคุมมลพิษ ไม่นิ่งนอนใจ แก้ปัญหาต่อเนื่อง แม้ฝุ่น PM2.5 ลดลง https:// news.mthai.com/general-news/7 09534.html …", "date": "19-02-2019 08:42", "retweet": 0, "like": 0}, {"id": "1097666270072233984", "url": "https://twitter.com/MThaiNews/status/1097666270072233984", "username": "", "text": "'อภิสิทธิ์' นำ ส.ส.ประชาธิปัตย์ ร่วมทำบุญตักบาตรเนื่องในวันมาฆบูชา วัดเบญมบพิตร https:// news.mthai.com/politics-news/ 709529.html …", "date": "19-02-2019 08:16", "retweet": 0, "like": 6}, {"id": "1097662768444932097", "url": "https://twitter.com/MThaiNews/status/1097662768444932097", "username": "", "text": "เลือกตั้ง 62 : พปชร.ไม่หวั่นถูกร้องยุบพรรค ยันทำถูกตามกฎหมาย วอนหยุดโจมตี #เลือกต้ัง62 https:// news.mthai.com/politics-news/ 709525.html …", "date": "19-02-2019 08:02", "retweet": 0, "like": 1}, {"id": "1097654614709526528", "url": "https://twitter.com/MThaiNews/status/1097654614709526528", "username": "", "text": "อุตุฯ เผยภาคกลาง-ตะวันออก กทม.มีฝนฟ้าคะนอง เหนือ-อีสาน ฝนลด https:// news.mthai.com/general-news/7 09521.html …", "date": "19-02-2019 07:30", "retweet": 0, "like": 2}, {"id": "1097551659243204608", "url": "https://twitter.com/MThaiNews/status/1097551659243204608", "username": "", "text": "อุทาหรณ์อุ่นอาหารในกระทะไฟฟ้า ไฟไหม้บ้านวอดเกือบทั้งหลัง https:// news.mthai.com/general-news/7 09512.html …", "date": "19-02-2019 00:41", "retweet": 0, "like": 2}, {"id": "1097511303076139008", "url": "https://twitter.com/MThaiNews/status/1097511303076139008", "username": "", "text": "เลือกตั้ง62 : 'อนุทิน' หาเสียงแดนใต้พร้อมฟัง 'หนักแผ่นดิน' หากนโยบายไม่สำเร็จ https:// news.mthai.com/politics-news/ 709497.html …", "date": "18-02-2019 22:01", "retweet": 0, "like": 0}, {"id": "1097489630562119681", "url": "https://twitter.com/MThaiNews/status/1097489630562119681", "username": "", "text": "แถลงการณ์สำนักพระราชวัง “พระองค์โสม” เสด็จไปประทับร.พ.จุฬาลงกรณ์ https:// news.mthai.com/general-news/7 09494.html …", "date": "18-02-2019 20:34", "retweet": 0, "like": 0}, {"id": "1097486582930501633", "url": "https://twitter.com/MThaiNews/status/1097486582930501633", "username": "", "text": "แบงค์ยันเงินล่องหน8หมื่นมีลายมือเจ้าของบัญชีเบิกถอนจริง https:// news.mthai.com/general-news/7 09489.html …", "date": "18-02-2019 20:22", "retweet": 0, "like": 1}, {"id": "1097473495464738816", "url": "https://twitter.com/MThaiNews/status/1097473495464738816", "username": "", "text": "คณบดี บัญชี มธ. ชี้ทำตามขั้นตอนกฎระเบียบ กรณีปรับปรุง #ตึกตู้ปลา ร่วมกับเอกชน https:// news.mthai.com/general-news/7 09359.html …", "date": "18-02-2019 19:30", "retweet": 0, "like": 1}, {"id": "1097471429539295233", "url": "https://twitter.com/MThaiNews/status/1097471429539295233", "username": "", "text": "กองพลทหารม้ากำหนดเส้นทางเคลื่อนย้ายยุทโธปกรณ์จากลพบุรีไปสระบุรี https:// news.mthai.com/general-news/7 09482.html …", "date": "18-02-2019 19:22", "retweet": 0, "like": 1}, {"id": "1097462550461960193", "url": "https://twitter.com/MThaiNews/status/1097462550461960193", "username": "", "text": "พานทองแท้ หญิงหน่อย หาเสียง-ปราศรัยที่อุบลราชธานี https:// news.mthai.com/politics-news/ 709478.html …", "date": "18-02-2019 18:47", "retweet": 0, "like": 2}, {"id": "1097442938949226496", "url": "https://twitter.com/MThaiNews/status/1097442938949226496", "username": "", "text": "ซาอุฯปัดข่าว \"มกุฎราชกุมาร\" เล็งซื้อสโมสรแมนยูฯ https:// news.mthai.com/world-news/709 463.html …", "date": "18-02-2019 17:29", "retweet": 0, "like": 0}, {"id": "1097425902298755072", "url": "https://twitter.com/MThaiNews/status/1097425902298755072", "username": "", "text": "ไม่โกรธ แต่เจ็บมาก! หนุ่มเดินไม่ทันระวัง 'ป้ายหาเสียง' เฉาะศีรษะเป็นรูเลือดออก #เลือกตั้ง62 #ป้ายหาเสียง https:// news.mthai.com/general-news/7 09452.html …", "date": "18-02-2019 16:21", "retweet": 0, "like": 0}, {"id": "1097418013177860096", "url": "https://twitter.com/MThaiNews/status/1097418013177860096", "username": "", "text": "ไทย-จีน ร่วมทลายเครือข่ายนักค้าเฮโรอีนข้ามชาติ https:// news.mthai.com/general-news/7 09405.html …", "date": "18-02-2019 15:50", "retweet": 0, "like": 0}, {"id": "1097407213788790785", "url": "https://twitter.com/MThaiNews/status/1097407213788790785", "username": "", "text": "เลือกตั้ง 62 : 'เสรีพิสุทธ์' ร้อง กกต.ยุบพรรคพลังประชารัฐ ขู่ช้าโดน ม.157 https:// news.mthai.com/politics-news/ 709372.html …", "date": "18-02-2019 15:07", "retweet": 2, "like": 3}, {"id": "1097386184714608640", "url": "https://twitter.com/MThaiNews/status/1097386184714608640", "username": "", "text": "ก.เกษตรฯ ชี้แบนพาราควอต เป็นอำนาจคณะกรรมการวัตถุอันตราย https:// news.mthai.com/general-news/7 09351.html …", "date": "18-02-2019 13:43", "retweet": 0, "like": 0}, {"id": "1097371490293436416", "url": "https://twitter.com/MThaiNews/status/1097371490293436416", "username": "", "text": "เลือกตั้ง 62 : 'เรืองไกร' ทีมกฎหมายพรรค ทษช. ยื่น กกต. ยุบพรรคพลังประชารัฐ https:// news.mthai.com/politics-news/ 709343.html …", "date": "18-02-2019 12:45", "retweet": 3, "like": 4}, {"id": "1097359266917150721", "url": "https://twitter.com/MThaiNews/status/1097359266917150721", "username": "", "text": "ธกส.เตรียมปล่อยสินเชื่อ ซื้อรถตัดอ้อย 6,000 ล้านบาท https:// news.mthai.com/economy-news/7 09335.html …", "date": "18-02-2019 11:56", "retweet": 0, "like": 1}, {"id": "1097351457349656577", "url": "https://twitter.com/MThaiNews/status/1097351457349656577", "username": "", "text": "ฮือฮา! เจ้าหมูแสนรู้ใน จ.สุรินทร์ เดินตามพระสงฆ์บิณฑบาตร https:// news.mthai.com/general-news/7 09331.html …", "date": "18-02-2019 11:25", "retweet": 0, "like": 0}, {"id": "1097326275176292352", "url": "https://twitter.com/MThaiNews/status/1097326275176292352", "username": "", "text": "'อนุทิน' ชูออกกฎหมายปกป้องชาวสวนยาง ลั่นพ่อค้ารวย เกษตรกรก็ต้องรวย https:// news.mthai.com/politics-news/ 709312.html …", "date": "18-02-2019 09:45", "retweet": 0, "like": 1}, {"id": "1097313792331935744", "url": "https://twitter.com/MThaiNews/status/1097313792331935744", "username": "", "text": "สถานการณ์ฝุ่นละออง PM2.5 วันนี้ ลดลงเกือบทุกพื้นที่ https:// news.mthai.com/general-news/7 09303.html …", "date": "18-02-2019 08:56", "retweet": 0, "like": 0}, {"id": "1097302263863771136", "url": "https://twitter.com/MThaiNews/status/1097302263863771136", "username": "", "text": "เลือกตั้ง 62 : 'อภิสิทธิ์' นำทีม สส.พรรคประชาธิปัตย์ หาเสียงแยกลาดพร้าววังหิน https:// news.mthai.com/politics-news/ 709298.html …", "date": "18-02-2019 08:10", "retweet": 7, "like": 5}, {"id": "1097289638530637824", "url": "https://twitter.com/MThaiNews/status/1097289638530637824", "username": "", "text": "ผงะ! พบศพดับปริศนาในรถกระบะจอดบน ถ.เทอดดำริ คล้ายรมควันเตาถ่าน https:// news.mthai.com/general-news/7 09290.html …", "date": "18-02-2019 07:20", "retweet": 0, "like": 0}, {"id": "1097288813359943681", "url": "https://twitter.com/MThaiNews/status/1097288813359943681", "username": "", "text": "อุตุฯ เผยไทยตอนบนมีฝนฟ้าคะนองบางแห่ง กทม.มีฝนเล็กน้อย https:// news.mthai.com/general-news/7 09291.html …", "date": "18-02-2019 07:16", "retweet": 0, "like": 0}]