[{"id": "1099361026007433216", "url": "https://twitter.com/Mymeaw_s/status/1099361026007433216", "username": "", "text": "นอนเหอะมึง ตามเผือกไปก้อเหนื่อยป่าวๆ ไปตามลุ้นลูกเต่ามะเฟืองดีกว่า ว่าไข่ที่มีจะฟักกี่ใบ เป็นของขวัญของทะเลไทยจริงๆ #ป๊อบปองกูล #เต่ามะเฟือง", "date": "24-02-2019 00:31", "retweet": 1, "like": 3}, {"id": "1097732936294588416", "url": "https://twitter.com/Mymeaw_s/status/1097732936294588416", "username": "", "text": "ป่วนกันมากๆครับ ไม่ต้องเลือกตั้งแม่งหรอก พอทหารออกมา ก้อแหกปากร้องโวยวายอีก ตัวเดิมๆทั้งนั้น ไหนบอกอยากเลือกตั้งไง บ้าบอ", "date": "19-02-2019 12:41", "retweet": 0, "like": 1}]