[{"id": "1098222101570322432", "url": "https://twitter.com/mypolitica/status/1098222101570322432", "username": "", "text": "เขาบอกว่า เลือกอนาคตใหม่จะดีที่สุด ด้วยหรือเปล่า", "date": "20-02-2019 21:05", "retweet": 0, "like": 2}, {"id": "1097575992502104064", "url": "https://twitter.com/mypolitica/status/1097575992502104064", "username": "", "text": "Nation ออกข่าวดีๆของพรรคที่ตัวเองสนับสนุนบ้างนะครับ รึว่าพรรคที่ตัวเองสนับสนุนนั้น ไม่มีข่าวอะไรที่ดีเลย....", "date": "19-02-2019 02:18", "retweet": 0, "like": 0}]