[{"id": "1098389265178742784", "url": "https://twitter.com/naelkung/status/1098389265178742784", "username": "", "text": "ทุกวันที่ 21 กุมภาพันธ์ ของทุกปี ยูเนสโกกำหนดให้เป็น \"วันภาษาแม่สากล (International Mother Language Day)\" pic.twitter.com/USArQD6BjF", "date": "21-02-2019 08:09", "retweet": 0, "like": 0}, {"id": "1098041964887367680", "url": "https://twitter.com/naelkung/status/1098041964887367680", "username": "", "text": "ไม่ได้กลัว ... \"การจากลา\" ... แต่กลัวการ \"กลับมา\" ... แล้วไม่เหมือนเดิม", "date": "20-02-2019 09:09", "retweet": 2, "like": 0}]