[{"id": "1099314982603284481", "url": "https://twitter.com/nakkaratm/status/1099314982603284481", "username": "", "text": "รู้สึกคิดถึงเมียเก่าทุกคนคับ https://www. facebook.com/story.php?stor y_fbid=2146718318747992&id=100002295345607 …", "date": "23-02-2019 21:28", "retweet": 0, "like": 0}, {"id": "1099220447797817344", "url": "https://twitter.com/nakkaratm/status/1099220447797817344", "username": "", "text": "ชีวิตนี้ไม่เคยยอมใคร ยกเว้นเพื่อนแท้ https://www. facebook.com/story.php?stor y_fbid=2146297398790084&id=100002295345607 …", "date": "23-02-2019 15:12", "retweet": 0, "like": 0}, {"id": "1099130883456434176", "url": "https://twitter.com/nakkaratm/status/1099130883456434176", "username": "", "text": "ขอรับกระผม https://www. facebook.com/story.php?stor y_fbid=2145974712155686&id=100002295345607 …", "date": "23-02-2019 09:16", "retweet": 0, "like": 0}, {"id": "1099130497744007168", "url": "https://twitter.com/nakkaratm/status/1099130497744007168", "username": "", "text": "เป็ดก็คือเป็ดคับ https://www. facebook.com/story.php?stor y_fbid=2145973202155837&id=100002295345607 …", "date": "23-02-2019 09:15", "retweet": 0, "like": 0}, {"id": "1098963654676893698", "url": "https://twitter.com/nakkaratm/status/1098963654676893698", "username": "", "text": "เพื่อไทย เพื่อคนไทย https://www. facebook.com/story.php?stor y_fbid=2145250172228140&id=100002295345607 …", "date": "22-02-2019 22:12", "retweet": 0, "like": 0}, {"id": "1098845699821625344", "url": "https://twitter.com/nakkaratm/status/1098845699821625344", "username": "", "text": "https://www. facebook.com/story.php?stor y_fbid=2144729505613540&id=100002295345607 …", "date": "22-02-2019 14:23", "retweet": 0, "like": 0}, {"id": "1098803581107335169", "url": "https://twitter.com/nakkaratm/status/1098803581107335169", "username": "", "text": "จุ้บป้อก https://www. facebook.com/story.php?stor y_fbid=2144568622296295&id=100002295345607 …", "date": "22-02-2019 11:36", "retweet": 0, "like": 0}, {"id": "1098480931952746496", "url": "https://twitter.com/nakkaratm/status/1098480931952746496", "username": "", "text": "คบคนพาล พาลพาไปหาผิด คบบัณฑิต บัณฑิตพาไปหาผล", "date": "21-02-2019 14:13", "retweet": 0, "like": 0}, {"id": "1098456315884494848", "url": "https://twitter.com/nakkaratm/status/1098456315884494848", "username": "", "text": "พัฒนาชีวิตตัวเองเสียมั้ง วันๆอย่าเอาแต่ลากคนรอบข้างให้ลงเหว อย่าคบใครเพียงเพื่อผลประโยชน์ อย่าดึงอนาคตใครให้ต่ำเหมือนคุณเลย ผมจะจำไว้คับ ว่าผมไม่ได้ไปทำงานเพราะใคร #บทเรียนที่ราคาเเพงที่สุดในชีวิต https://www. facebook.com/story.php?stor y_fbid=2143014009118423&id=100002295345607 …", "date": "21-02-2019 12:36", "retweet": 0, "like": 0}, {"id": "1098453869703585793", "url": "https://twitter.com/nakkaratm/status/1098453869703585793", "username": "", "text": "รับใช้ศาสนาทดแทนคุณบิดรมารดา. ฝากบอกต่อด้วยเด้อทีมงาน https://www. facebook.com/story.php?stor y_fbid=2143005105785980&id=100002295345607 …", "date": "21-02-2019 12:26", "retweet": 0, "like": 0}]