[{"id": "1097893755674218497", "url": "https://twitter.com/NamwhanSyrup/status/1097893755674218497", "username": "", "text": "สถานะ: เจ็บกับคนเก่า แต่ตอนนี้มีคนจีบคนนึง แต่ยังไม่เลื่อนสถานะเป็นแฟน และ แอบปลื้มคนใน twitter คนนึง ทั้งๆที่อ่านแค่สิ่งที่เค้าโพส ไม่เคยคุย ไม่เคยเจอตัวจริง", "date": "19-02-2019 23:20", "retweet": 1, "like": 0}]