[{"id": "1099330352319848449", "url": "https://twitter.com/NancyNancy2524/status/1099330352319848449", "username": "", "text": "ได้ยินผู้ใหญ่ 2คน คุยกันเรื่องการเมือง ชมสุเทพฯ กันใหญ่ว่าเป็นคนดี อย่างนั้น อย่างนี้ ได้ยิน ได้ฟังมาอย่างโน้น...นี่อยากจะลุกไปแล้วค้นข้อมูลเกี่ยวกับคนนี้ให้เค้าอ่าน...แต่ๆๆๆ คิดในใจ ..อย่าดีกว่าปล่อยให้เค้าอยู่ในกะลาแลนด์กันต่อไป... https:// twitter.com/goodsplus/stat us/1099257098100035584 …", "date": "23-02-2019 22:29", "retweet": 0, "like": 1}, {"id": "1099206485861486592", "url": "https://twitter.com/NancyNancy2524/status/1099206485861486592", "username": "", "text": "ก็จริงค่ะ ...", "date": "23-02-2019 14:17", "retweet": 0, "like": 0}, {"id": "1099187563418406913", "url": "https://twitter.com/NancyNancy2524/status/1099187563418406913", "username": "", "text": "เป็นคนที่ฟังความทั้ง 2 ข้าง เมื่อพิจารณาและวิเคราะห์ดูแล้ว ก็ตามที่รายการเค้าเสนอ ...เค้าวิจารณ์ที่เนื้อหาท่มีอยู่จริง เช่น พรบ.ข้าว ,สนช. ...สรุป เป็นคนดีอาจไม่ดี 100% และอาจไม่ดีสำหรับคุณ...", "date": "23-02-2019 13:01", "retweet": 0, "like": 0}, {"id": "1099133060946120704", "url": "https://twitter.com/NancyNancy2524/status/1099133060946120704", "username": "", "text": "ค่ะ....แล้วแต่คุณจะคิด คนส่วนใหญ่ที่เค้าออกจากกะลาฯ ทั้งประเทศก็รู้ว่าฝ่ายไหนตอแหล พูดไม่จริง พยายามแถ พยายามบิดเบื่อนข้อมูล พยายามสาดโคลนและแค่คำพูดของคุณก็รู้แล้วว่าเป็รคนประเภทไหน", "date": "23-02-2019 09:25", "retweet": 0, "like": 0}, {"id": "1098996142715486208", "url": "https://twitter.com/NancyNancy2524/status/1098996142715486208", "username": "", "text": "คุณเอกฉลาด มีไหวพริบดีมากๆ สุขุม คุมอารมณ์ได้ค่อนข้างดีทีเดียว พูดจาฉะฉาน ความรู้ภาษาอังกฤษดี ... เหมาะแล้วที่มงจะลง", "date": "23-02-2019 00:21", "retweet": 0, "like": 0}, {"id": "1098994697987473408", "url": "https://twitter.com/NancyNancy2524/status/1098994697987473408", "username": "", "text": "แล้วคุณเป็นแบบไหน ...ถึงได้ดูรายการนี้", "date": "23-02-2019 00:15", "retweet": 0, "like": 1}, {"id": "1098989293903634432", "url": "https://twitter.com/NancyNancy2524/status/1098989293903634432", "username": "", "text": "มี Internet ใช้แล้ว อย่าลืมหาข้อมูลว่าจ้อมูลไหนจริงจ้อมูลไหนเท็จ ...และควรอ่านทั้งหมด ไม่ใช่อ่านแค่ที่คนอื่นตัดแปะและส่งต่อๆกันมา", "date": "22-02-2019 23:54", "retweet": 1, "like": 2}, {"id": "1098984606680834048", "url": "https://twitter.com/NancyNancy2524/status/1098984606680834048", "username": "", "text": "เห็นด้วยค่ะ", "date": "22-02-2019 23:35", "retweet": 0, "like": 0}, {"id": "1098981594629529600", "url": "https://twitter.com/NancyNancy2524/status/1098981594629529600", "username": "", "text": "นี่แหละ “ความเท่าเทียม ความยุติธรรม” ไม่เคยมีในประเทศกูมี ที่หัวหน้าคณะปฏิวัติร่วมเป็น candidate ลงพื้นที่ตรวจงาน,โต๊ะจีนประชารัญ", "date": "22-02-2019 23:23", "retweet": 0, "like": 1}, {"id": "1098974863979495425", "url": "https://twitter.com/NancyNancy2524/status/1098974863979495425", "username": "", "text": "#อนาคตใหม่ คุณ #ธนาธร ช่วยตอบคำถามแทนคุณไอติม หลานอภิสิทธิ์ ถึงกรณีมีผู้เสียชีวิตจาก M79 เดื... https:// youtu.be/DdR62HqYl10 via @YouTube", "date": "22-02-2019 22:56", "retweet": 12, "like": 5}, {"id": "1098966775452987392", "url": "https://twitter.com/NancyNancy2524/status/1098966775452987392", "username": "", "text": "เอาไปอ่านนะ แล้วใช้สมองคิด(ไม่ใส่อารมณ์และอคติ) ดูว่า สิ่งที่เค้าโดนมันถูกต้องหรอ... http://www. komchadluek.net/news/scoop/301 532 …", "date": "22-02-2019 22:24", "retweet": 0, "like": 0}, {"id": "1098789516884598785", "url": "https://twitter.com/NancyNancy2524/status/1098789516884598785", "username": "", "text": "การถูกยัดเยีนดข้อหาที่ไม่เป็นธรรมจนต้องไปใช้ชีวิตหรูอยู่สบายที่ต่างประเทศก็ดีแล้ว ....ให้พวกที่พยายามยัดข้อหาอยู่-กินลำบากๆมั่ง", "date": "22-02-2019 10:40", "retweet": 0, "like": 1}, {"id": "1098589972955873280", "url": "https://twitter.com/NancyNancy2524/status/1098589972955873280", "username": "", "text": "@Zeeedr5Zeed @Phum945 @tigeryellowlive สาบานนะ comments พวกนี้คือเป็นผู้ชาย นึกว่า”ห..้...น...า...ต..ั...ว....เ....ม....ี....ย” หรือตัว เห้.... ปากดีแต่กับผู้หญิง", "date": "21-02-2019 21:27", "retweet": 0, "like": 0}, {"id": "1098266231101022209", "url": "https://twitter.com/NancyNancy2524/status/1098266231101022209", "username": "", "text": "แฟร์มากค่ะ 250ที่มีอยู่แล้ว ++", "date": "21-02-2019 00:00", "retweet": 0, "like": 0}, {"id": "1098250589287268352", "url": "https://twitter.com/NancyNancy2524/status/1098250589287268352", "username": "", "text": "#รัฐประหาร #อย่าทำแบบนี้อีก https:// twitter.com/thai_talk/stat us/1098233644089409537 …", "date": "20-02-2019 22:58", "retweet": 0, "like": 0}, {"id": "1098233913783111680", "url": "https://twitter.com/NancyNancy2524/status/1098233913783111680", "username": "", "text": "@Thanee_w", "date": "20-02-2019 21:52", "retweet": 0, "like": 0}, {"id": "1098231442025242624", "url": "https://twitter.com/NancyNancy2524/status/1098231442025242624", "username": "", "text": "Cr.nochph pic.twitter.com/mqqytfOeAT", "date": "20-02-2019 21:42", "retweet": 0, "like": 0}, {"id": "1098229178053275649", "url": "https://twitter.com/NancyNancy2524/status/1098229178053275649", "username": "", "text": "แล้วต้องทำอจ่างไรคะ เมื่อเรียงค.สำคัญแล้ว ควรแก้ปัญหาอะไรก่อนประเทศถึงจะเดินหน้า???ได้...”ค.คิดที่แตกต่างกันไม่ใช่ค.แตกแยกนะคะ”...คนที่ยุยง ปลุกปั่น สร้างข้อมูลเท็จ สาดโคลนฝ่ายที่คิดไม่เหมือนพวกตัวเอง นั่นรึป่าวที่สร้างค.แตกแยกของจริง??", "date": "20-02-2019 21:33", "retweet": 0, "like": 0}, {"id": "1098198246579564544", "url": "https://twitter.com/NancyNancy2524/status/1098198246579564544", "username": "", "text": "ขอบคุณค่ะที่เตือนสติ....เห็นแล้วสติหลุดทุกทีค่ะ 5555", "date": "20-02-2019 19:30", "retweet": 0, "like": 1}, {"id": "1098193206112542721", "url": "https://twitter.com/NancyNancy2524/status/1098193206112542721", "username": "", "text": "คุณพูดถูกค่ะ....แต่ของให้พิจารณาซองที่ใส่เอกสารนะคะ.......ดูไม่ใช่ของใหม่ค่ะ", "date": "20-02-2019 19:10", "retweet": 1, "like": 4}, {"id": "1098081488162086912", "url": "https://twitter.com/NancyNancy2524/status/1098081488162086912", "username": "", "text": "ประเทศนี้หลายมาตรฐานเหลือเกิน...ศาลฯบกพร่องโดยสุจริต..ถ้าเป็นคนอื่นบกพร่องโดยสุจริตจะเป็นอย่างไร", "date": "20-02-2019 11:46", "retweet": 0, "like": 0}, {"id": "1098073140956024832", "url": "https://twitter.com/NancyNancy2524/status/1098073140956024832", "username": "", "text": "จริงๆ นักการเมือง ข้าราชการ ได้ไปศึกษาดูงานต่างประเทศ น่าจะนำกลับมาพัฒนาประเทศบ้างนะคะ....อย่างอักฤษ ระบบขนส่งระหว่างเมือง ในเมือง ดีงามมากค่ะ", "date": "20-02-2019 11:13", "retweet": 0, "like": 0}, {"id": "1098072672141901824", "url": "https://twitter.com/NancyNancy2524/status/1098072672141901824", "username": "", "text": "อย่างประเทศอังกฤษ เค้าสร้างระบบรถไฟใต้ดินเมื่อประมาน 180 ปีค่ะ เริ่มวิ่งได้ประมาน 150ปี https://www. independent.co.uk/life-style/his tory/150-facts-for-150-years-of-the-london-tube-8444153.html …", "date": "20-02-2019 11:11", "retweet": 0, "like": 0}, {"id": "1098067843310993408", "url": "https://twitter.com/NancyNancy2524/status/1098067843310993408", "username": "", "text": "ใช่ค่ะ ควรไปอยู่ตามแนวชายแดนตามที่ถนัดไม่ใช่มานั่งบริหารบ้านเมืองแบบนี้...เรื่อง ศก. /กฎหมาย/การบริหารประเทศให้เป็นเรื่องของผู้รู้ดีกว่าค่ะ. ..จริงมั๊ยคะ", "date": "20-02-2019 10:52", "retweet": 0, "like": 6}, {"id": "1098066882265927680", "url": "https://twitter.com/NancyNancy2524/status/1098066882265927680", "username": "", "text": "พี่คะ คนละประเด็นค่ะ ...เค้าลดนายพล เพื่อจะได้เอาเงินไปช่วยทหารผู้น้อยที่ต้องไปปฎิบัติงานเพื่อปกป้องประเทศเนี่ยแหละคะ ดิฉันเองก็รักชาติ บ้านเมืองค่ะ ...เพียงแต่ทนเห็นทหารยศใหญ่ๆ เอาเปรียบชั้นผู้น้อยไม่ได้เท่านั้นค่ะ หน้าที่ทหารไม่ได้เข้ามาบริหารบ้านเมืองแบบนี้ค่ะ...คิดให้ดีๆ", "date": "20-02-2019 10:48", "retweet": 1, "like": 4}, {"id": "1098065715410612224", "url": "https://twitter.com/NancyNancy2524/status/1098065715410612224", "username": "", "text": "ทำให้รู้เลยว่าศาลไทย/ศาลรัฐธรรมนูญไทย ทำงานไม่เป็นธรรมอย่างไร แถมคนบางกลุ่มยังดึงสถาบันกษัตริย์ลงมาในเกมส์เพื่อหาผลประโยชน์อย่างไร..กฎหมายควรแบ่งชัดเจนกว่านี้...แบบนี้ไม่ดีต่อสถาบันฯและศาลฯเอง ควรปรับ 112 ได้แล้ว คนบางกลุ่มจะได้ไม่เอามาอ้างเพื่อสร้างค.แตกแยก แบบ อ.บอก", "date": "20-02-2019 10:44", "retweet": 0, "like": 0}, {"id": "1097988484059430913", "url": "https://twitter.com/NancyNancy2524/status/1097988484059430913", "username": "", "text": "ไม่สบสัยว่าทำไมไม่พัฒนา แต่สงสัยว่าใครได้ผลประโยชน์บ้างค่ะ", "date": "20-02-2019 05:37", "retweet": 0, "like": 2}, {"id": "1097988064561979392", "url": "https://twitter.com/NancyNancy2524/status/1097988064561979392", "username": "", "text": "ท่านคะ อย่าเพิ่งสร้างความแต่แยกให้ ปชช.เข้าใจนโยบายดีๆของนักการเมืองผิด อย่าบิดเบื่อนค่ะ....เข้าใจใหม่นะคะว่าเค้าจะลดระดับนายพลค่ะ “ลดนายพล” ค่ะ เพราะเค้าเห็นใจทหารชั้นผู้น้อยที่ลำบากค่ะ...", "date": "20-02-2019 05:35", "retweet": 0, "like": 2}, {"id": "1097986631884201984", "url": "https://twitter.com/NancyNancy2524/status/1097986631884201984", "username": "", "text": "ถ้าได้ศึกษานโยบายเค้าจะรู้ว่า พวกทหารชั้นผู้ใหญ่เป็นพวกสร้่งความแตกแยกค่ะ....ลองไปศึกษานโยบายที่เค้าว่าก่อนนะคะ", "date": "20-02-2019 05:29", "retweet": 0, "like": 2}, {"id": "1097778172932714496", "url": "https://twitter.com/NancyNancy2524/status/1097778172932714496", "username": "", "text": "โห...ไปเอาข้อมูลจากไหนมาคะ ...อยากได้ link จะได้เข้าไปอ่านเต็มๆ พวกตัดแปะ บางส่วนไม่เอาค่ะ อ่านไม่มันส์....", "date": "19-02-2019 15:41", "retweet": 0, "like": 0}, {"id": "1097552231186874368", "url": "https://twitter.com/NancyNancy2524/status/1097552231186874368", "username": "", "text": "ไม่ต้องไปไกลขนาดนั้นมั้งคะ ...คศ.2016 ประชากรส่วนใหญ่เกือบทั้งหมดของประเทศได้รับการศึกษาแล้ว มี intenet สามารถหาข้อมูลมาประกอบของทั้ง 2ฝ่าย ได้ไม่ยาก ...", "date": "19-02-2019 00:43", "retweet": 0, "like": 0}, {"id": "1097551217549467648", "url": "https://twitter.com/NancyNancy2524/status/1097551217549467648", "username": "", "text": "ต่างประเทศเค้าทำได้ เช่น USA อังกฤษ เราก็น่าศึกษาได้นะคะ", "date": "19-02-2019 00:39", "retweet": 0, "like": 1}, {"id": "1097550443251564544", "url": "https://twitter.com/NancyNancy2524/status/1097550443251564544", "username": "", "text": "ที่เค้าไม่ชอบทหาร อาจเพราะเค้าได้ร่วมชุมนุมอยู่ในหลายเหตุการณ์..ทำให้เค้ารู้ เค้าเห็นอะไรมากกว่าที่คนทั่วๆไปรู้ รู้ว่าทหารระดับนายพลในประเทศไทยมีมากกว่า USA , รู้ว่าทหารชั้นผู้น้อยต้องซักผ้าให้นาย , รู้ว่าทุกๆครั้งที่ประเทศจะก้าวหน้าจะมีทหารมาปฏิวัติ,", "date": "19-02-2019 00:36", "retweet": 0, "like": 0}, {"id": "1097545735946493953", "url": "https://twitter.com/NancyNancy2524/status/1097545735946493953", "username": "", "text": "เคยคิดแบบนี้เหมือนกันตอนไปอังกฤษ…อยู่มา3ปี แต่ดันหาปั๋วฝรั่งไม่ได้ เลยต้องซมซานกลับมายืนที่เดิม 55555", "date": "19-02-2019 00:17", "retweet": 0, "like": 0}, {"id": "1097542262798438401", "url": "https://twitter.com/NancyNancy2524/status/1097542262798438401", "username": "", "text": "ทหารจงใจเปิด #เพลงหนักแผ่นดิน ขึ้นมาอีกทำไม…นี้มัน คศ.2016 แล้ว …พวกเค้าคิดอะไร …เค้าอยากเห็นบ้านเมืองเป็นแบบไหน …อยากให้ประชาชนอยู่กันอย่างไรในอนาคตข้างหน้า และใครได้ประโยชน์การจาก #รัฐประหาร https:// twitter.com/hcoutiiiiiii/s tatus/1097452946411773952 …", "date": "19-02-2019 00:04", "retweet": 0, "like": 1}, {"id": "1097509082510983168", "url": "https://twitter.com/NancyNancy2524/status/1097509082510983168", "username": "", "text": "ถ้าทหารเข้ามาแล้วทำชั่วบ้าง..ต้องทำอย่างไรคะ", "date": "18-02-2019 21:52", "retweet": 1, "like": 1}, {"id": "1097421832448237568", "url": "https://twitter.com/NancyNancy2524/status/1097421832448237568", "username": "", "text": "ทางเท้าอาละวาดที่ว่า...”กลับมาแล้ว”ค่ะ.....", "date": "18-02-2019 16:05", "retweet": 0, "like": 0}, {"id": "1097334128255524864", "url": "https://twitter.com/NancyNancy2524/status/1097334128255524864", "username": "", "text": "ทุกๆอาชีพ มีหน้าที่ของตัวเองค่ะ ...อดีต ปัจจุบันและอนาคตก็ไม่เหมือนกัน..บางอย่างเคยทำในอดีต เช่นการรบราฆ่าฟัน ปัจจุบันอาจไม่ต้องทำหรือทำเฉพาะข่วงเวลา เฉพาะพื้นที่ ..ส่วนปกป้อง ชาติ ศาสนา พระมหากษัตริย์..ทุกคนทราบอยู่แล้วค่ะ เพียงแต่บางกลุ่มเข้าประโคมเพื่อผลบางอย่าง", "date": "18-02-2019 10:16", "retweet": 0, "like": 0}, {"id": "1097324907917004801", "url": "https://twitter.com/NancyNancy2524/status/1097324907917004801", "username": "", "text": "คุณลุงยังไม่หยุดเช่นเกมส์การเมืองอีกหรอคะ เห็นก่อนบวชบอกจะไม่กลับมาลงการเมืองอีกแล้ว...", "date": "18-02-2019 09:40", "retweet": 0, "like": 0}]