[{"id": "1099294875583795200", "url": "https://twitter.com/nandhiGTS/status/1099294875583795200", "username": "", "text": "เพ้อหนัก! “ธนาธร”อ้าง“อนาคตใหม่”โดนกระทำสารพัด เพราะเผด็จการกลัวทวงอำนาจกำลังดิ้นเฮือกสุดท้าย https:// news1live.com/detail.aspx?Ne wsID=9620000019027 … via @ASTVPolitics", "date": "23-02-2019 20:08", "retweet": 0, "like": 0}, {"id": "1098575410957189120", "url": "https://twitter.com/nandhiGTS/status/1098575410957189120", "username": "", "text": "สำนักข่าวซินหัว เปิดตัว “ผู้ประกาศข่าว AI” หญิงคนแรกของโลก https:// mgronline.com/china/detail/9 620000018406 …", "date": "21-02-2019 20:29", "retweet": 0, "like": 0}, {"id": "1098574818696294405", "url": "https://twitter.com/nandhiGTS/status/1098574818696294405", "username": "", "text": "ส่องความคิด \"ชุดาภา จันทเขตต์\" ทำละครทองเอก หมอยาท่าโฉลง เชิดชู \"ยาไทย\" https:// mgronline.com/qol/detail/962 0000018359 …", "date": "21-02-2019 20:27", "retweet": 0, "like": 0}, {"id": "1098196305052983298", "url": "https://twitter.com/nandhiGTS/status/1098196305052983298", "username": "", "text": "กล้าหาญชาญชัยเสนอตัวเป็นนายกฯ แต่กลับขี้ขลาดกลัวแค่ติดคุก #ไอ้เวร", "date": "20-02-2019 19:22", "retweet": 0, "like": 0}]