[{"id": "1099362291336638464", "url": "https://twitter.com/nat_atnat/status/1099362291336638464", "username": "", "text": "ก็ยังคิดว่ายืนยันคำเดิมได้อยู่ทุกปี และจะแชร์ให้น้องรุ่นต่อไปเรื่อยๆ 555555 #gatpat #pat1 #dek62 #dek63 #dek64 pic.twitter.com/SlaQIESWO5", "date": "24-02-2019 00:36", "retweet": 7, "like": 1}, {"id": "1099223776342884354", "url": "https://twitter.com/nat_atnat/status/1099223776342884354", "username": "", "text": "งั้นสมมตินะลุง ถ้าลุงส่งลูกลุงไปสอบเข้าโรงเรียนดัง โดยมีคนสอบแค่ลูกลุงกับเด็กอีกคน ซึ่งเด็กอีกคนเป็นลูกของคนที่ออกข้อสอบอันนี้ และคนออกข้อสอบบอกลุงว่า ก็ให้ลูกลุงมาสอบก่อน และให้รอดูความฉลาดของลูกผมด้วย ลุงยังจะไว้ใจให้ลูกลุงไปสอบอย่างสบายใจอยู่หรือไม่ จงตอบคำถาม 10คะแนน เริ่ม!!", "date": "23-02-2019 15:25", "retweet": 0, "like": 0}, {"id": "1098992017869160448", "url": "https://twitter.com/nat_atnat/status/1098992017869160448", "username": "", "text": "ดีๆ 55555 ก็เพิ่งไปถ่ายรายการนี้มาวันนี้", "date": "23-02-2019 00:04", "retweet": 0, "like": 0}, {"id": "1098991891536740354", "url": "https://twitter.com/nat_atnat/status/1098991891536740354", "username": "", "text": "แต่3คะแนน แต่ละคะแนนมีความหมายนะ", "date": "23-02-2019 00:04", "retweet": 0, "like": 1}, {"id": "1098990806398976000", "url": "https://twitter.com/nat_atnat/status/1098990806398976000", "username": "", "text": "นี่นั่งดู #ไทยรัฐเวทีดีเบตเลือกตั้ง62 อยู่ตั้งนาน เห็นหน้าลุงเสรี ก็นึกตั้งนานว่าคุ้นๆ อ่อ เหมือน พี่น้องที่พลัดพรากปะ 55555 #เสรีพิศุทธ์ #ไทยรัฐทีวี #คดีเด็ด pic.twitter.com/wQercFS8q1", "date": "23-02-2019 00:00", "retweet": 0, "like": 0}, {"id": "1098990201324457984", "url": "https://twitter.com/nat_atnat/status/1098990201324457984", "username": "", "text": "@TanawatPhaingoe เสรีก็จะประมาณนี้", "date": "22-02-2019 23:57", "retweet": 0, "like": 0}, {"id": "1098988594897641472", "url": "https://twitter.com/nat_atnat/status/1098988594897641472", "username": "", "text": "ตอบสั้นไป เอาไป3คะแนนพอครับ", "date": "22-02-2019 23:51", "retweet": 0, "like": 1}, {"id": "1098988417071763456", "url": "https://twitter.com/nat_atnat/status/1098988417071763456", "username": "", "text": "นี่ว่าที่ทุกคนอยากดีเบตกับคุณปย.ในฐานะแคนดิเดตนายกเนี่ย เป็นสิ่งที่ดีมากนะครับ ดีมากสำหรับคุณปย.ที่จะได้เรียกฐานเสียงให้ตัวเองอย่างยุติธรรม และที่ทุกคนอยากฟัง นี่ก็เชื่อว่าใจนึงคนก็อยากเห็นมุมมองการคิดของคุณปย.จริงๆ ออกมาเถอะครับ ในวันที่ยังมีโอกาส #พลังประชารัฐ #เลือกตั้ง62", "date": "22-02-2019 23:50", "retweet": 0, "like": 1}, {"id": "1098986105599217664", "url": "https://twitter.com/nat_atnat/status/1098986105599217664", "username": "", "text": "อย่างนี้ไม่ผิดกฎของกกต.ในการลงเป็นแคนดิเดตหรอครับ หรืออย่างไร จงอธิบาย 10คะแนน เริ่ม!", "date": "22-02-2019 23:41", "retweet": 2, "like": 1}, {"id": "1098956830561177601", "url": "https://twitter.com/nat_atnat/status/1098956830561177601", "username": "", "text": "ขอบคุณค้าบบบบ", "date": "22-02-2019 21:45", "retweet": 0, "like": 0}, {"id": "1098953263267799040", "url": "https://twitter.com/nat_atnat/status/1098953263267799040", "username": "", "text": "มีย้อนหลังลงยูทูปยังน้าาาา https:// twitter.com/ppaom7/status/ 1098922343659794434 …", "date": "22-02-2019 21:30", "retweet": 0, "like": 1}, {"id": "1098952416571977730", "url": "https://twitter.com/nat_atnat/status/1098952416571977730", "username": "", "text": "#เสรีรวมไทย", "date": "22-02-2019 21:27", "retweet": 0, "like": 0}, {"id": "1098952216101060608", "url": "https://twitter.com/nat_atnat/status/1098952216101060608", "username": "", "text": "ฝากถึงพรรคการเมืองหน่อยครับ อยากให้ช่วยคิดแก้ปัญหานี้ที นี่คือบทสนทนาบางส่วนที่ผมคุยกับเพื่อน ในเรื่องของการเลือกคณะในมหาวิทยาลัย การเลือกทั้งชีวิตกับประสบการณ์ของเด็กม.6 ที่รู้แค่ว่าตัวเองชอบวิชาอะไร ไม่ชอบวิชาอะไร ผมว่ามันไม่พอนะครับ #อนาคตใหม่ #เพื่อไทย #เลือกตั้ง62 pic.twitter.com/cq7eCWl1bP", "date": "22-02-2019 21:26", "retweet": 0, "like": 0}, {"id": "1098910493408817153", "url": "https://twitter.com/nat_atnat/status/1098910493408817153", "username": "", "text": "#SaveThanathorn #savethanathon นี่แหละ เขาพูดแทนใจของผมไปแล้ว pic.twitter.com/Gag5Cnneu9", "date": "22-02-2019 18:40", "retweet": 407, "like": 161}, {"id": "1098595690345832450", "url": "https://twitter.com/nat_atnat/status/1098595690345832450", "username": "", "text": "อยากทราบว่าพอจะมีระเบียบของกกต.ไหมอะครับ ว่าด้วยเรื่องของการเสนอชื่อแคนดิเดตนายกรัฐมนตรีอะครับ ผมอยากดูเอาไว้ พรุ่งนี้กกต.จะมาพูดที่มอ ว่าจะเอาไปถามว่าลุงตู่ไม่ผิดกฎกกต.หรือที่ทำหน้าที่ทับซ้อนเยอะแยะมากมาย แบบเหมือนเคยเห็นในระเบียบอยู่ว่าห้ามทำหน้าทับซ้อน แต่แบบตอนนี้หามันไม่เจอ", "date": "21-02-2019 21:49", "retweet": 0, "like": 0}, {"id": "1098546695728619520", "url": "https://twitter.com/nat_atnat/status/1098546695728619520", "username": "", "text": "พรุ่งนี้กกต.จะมาอบรมที่มหาลัย ตอนนี้ทีเรื่องอยากถามกกต.เกี่ยวกับคดีคุณธนาธร1 และลุงยุทธสามารถลงเป็นแคนดิเดตได้จริงหรือ2 มีใครอยากฝากเรื่องอะไรไหมครับ #SaveThanathorn", "date": "21-02-2019 18:35", "retweet": 1, "like": 0}, {"id": "1098216561418985473", "url": "https://twitter.com/nat_atnat/status/1098216561418985473", "username": "", "text": "อกหักอย่างสมบูรณ์แบบแล้วสินะเรา", "date": "20-02-2019 20:43", "retweet": 0, "like": 0}, {"id": "1098162093528760321", "url": "https://twitter.com/nat_atnat/status/1098162093528760321", "username": "", "text": "ฮือ เหมือนกันเลย", "date": "20-02-2019 17:07", "retweet": 0, "like": 0}, {"id": "1097872416783556608", "url": "https://twitter.com/nat_atnat/status/1097872416783556608", "username": "", "text": "ตอนนี้รู้สึกว่าถ้ากดเข้าไปเป็นเว็บมันจะเข้าไม่ได้นะครับ แต่พอลองสแกนแล้วมันสแกนได้ ใครยังไม่ลง ไปลงนะ ก่อน6ทุ่มคืนนี้ #เลือกตั้งล่วงหน้า pic.twitter.com/oLx1czMVlp", "date": "19-02-2019 21:55", "retweet": 0, "like": 0}, {"id": "1097755143208984576", "url": "https://twitter.com/nat_atnat/status/1097755143208984576", "username": "", "text": "เวลาหิวนี่ ปลากระป๋องก็อร่อยแล้วอะแม่", "date": "19-02-2019 14:09", "retweet": 0, "like": 0}, {"id": "1097745503880531970", "url": "https://twitter.com/nat_atnat/status/1097745503880531970", "username": "", "text": "#วันนี้วันลงทะเบียนเลือกตั้งนอกเขตวันสุดท้าย ใครที่จะเลือกนอกเขตแล้วยังไม่ลง ไปลงซะ ไปปปปป! อย่าให้250คนที่เอาเงินภาษีของเราไปใช้ ชนะ50ล้านคนที่จ่ายภาษีให้พวกมันนนนน ไปปปปปปปปป! #เลือกตั้ง62 #เลือกตั้งประเทศไทย2562 #อนาคตใหม่ #ประชาธิปัตย์ #เพื่อไทย #เสรีพิศุทธ์ #ประชาธิปไตย", "date": "19-02-2019 13:31", "retweet": 2, "like": 1}, {"id": "1097743441054785536", "url": "https://twitter.com/nat_atnat/status/1097743441054785536", "username": "", "text": "คนไทยอาจจะไม่ทะเลาะกันเลย แค่ให้ความเข้าใจกับคนที่เห็นต่าง แค่ต้องยอมรับว่าบนโลกใบนี้ไม่ได้มีแค่เราที่คิดเป็น เท่านั้นเอง #พูดง่ายแต่ทำยาก", "date": "19-02-2019 13:23", "retweet": 1, "like": 1}, {"id": "1097425793238556672", "url": "https://twitter.com/nat_atnat/status/1097425793238556672", "username": "", "text": "ผมไม่เข้าใจ ไม่เข้าใจว่าเวลามีเหตุการณ์ความรุนแรงระหว่างทหารกับประชาชน เขาถึงกล้าที่จะทำร้ายประชาชนของเขา ผมเข้าใจมาตลอดว่าทหาร หน้าที่คือดูแลประชาชน ปืนที่เขาใช้ยิงประชาชน ก็เป็นปืนจากภาษีประชาชน ทำไมเขาถึงเลือกที่จะฆ่าแทนที่จะปกป้อง #หนักแผ่นดิน", "date": "18-02-2019 16:21", "retweet": 15, "like": 11}]