[{"id": "1099407871660285952", "url": "https://twitter.com/nathkao/status/1099407871660285952", "username": "", "text": "ไม่ว่าจะเป็นการก๊อปหรือซื้อมา การที่วงการบันเทิงมี Habit ในการเอารายการต่างชาติมาให้คนไทยได้ดู มันก็ไม่ดีทั้งนั้นสำหรับประเทศที่กำลังพัฒนา มันควรจะคิดอะไรเองได้เเล้วป่าววะ บุคลากรก็มีเเต่ดันไม่อยาก Challenge กับอะไรเลย #ลูกทุ่งไอดอล", "date": "24-02-2019 03:37", "retweet": 3, "like": 1}, {"id": "1099365031785914368", "url": "https://twitter.com/nathkao/status/1099365031785914368", "username": "", "text": "เลิกท้าดีเบตลุงเถอะครับยังไงเขาก็ไม่มา พูดคนเดียวมาก็หลายปีเเล้วจะให้มาดีบ่งดีเบตอะไร ปั๊ดโธววว #ประเทศกูมี #ในบ้านคือเสือนอกบ้านคือเเมว", "date": "24-02-2019 00:47", "retweet": 1, "like": 1}, {"id": "1098494592582729728", "url": "https://twitter.com/nathkao/status/1098494592582729728", "username": "", "text": "#Savepiyabut ดักไว้ก่อน", "date": "21-02-2019 15:08", "retweet": 0, "like": 0}, {"id": "1098004592787255296", "url": "https://twitter.com/nathkao/status/1098004592787255296", "username": "", "text": "อีก20ปีข้างหน้าเราจะต้องมาพูดถึงเรื่องการอุ้มราคายางอยู่อีกไหม? #อนาคตใหม่ #เพื่อไทย #ประชาธิปัตย์", "date": "20-02-2019 06:41", "retweet": 0, "like": 1}]