[{"id": "1098905276999061505", "url": "https://twitter.com/nbt2hd/status/1098905276999061505", "username": "", "text": "อย่าเชื่อข่าวลือ!! รัฐโอนเงิน 3,000 บาท ให้ผู้ถือ #บัตรสวัสดิการแห่งรัฐ ผ่านธนาคารออมสิน 'สระบุรี' วุ่น!! ชาวบ้านเข้าใจว่าเป็นวันสุดท้าย แห่มารอคิวเปิดบัญชีเต็มพื้นที่ธนาคาร ยืนยันไม่มีเงินเข้าบัญชีใดๆทั้งสิ้น คนที่ถือบัตรสวัสดิการรัฐ ยังได้รับสิทธิเช่นเดิม #NBT2HD #ข่าววันนี้ pic.twitter.com/ibSEjYc7MR", "date": "22-02-2019 18:20", "retweet": 22, "like": 7}, {"id": "1098892547353542657", "url": "https://twitter.com/nbt2hd/status/1098892547353542657", "username": "", "text": "นักท่องเที่ยวเด็กชายชาวฟินแลนด์ถูกสุนัขจรจัดกัดที่ #อ่าวนาง อาการดีขึ้น ผู้ว่าฯ กระบี่ สั่งทุกหน่วยดูแล อำนวยความสะดวกทั้งผู้บาดเจ็บและครอบครัว พร้อมเตรียมแผนควบคุมสุนัข-ลิงในพื้นที่ ป้องกันไม่ให้เกิดเหตุการณ์ซ้ำรอยขึ้น #NBT2HD #กระบี่ #Thailand #เที่ยวไทย pic.twitter.com/WDBVwzk3nQ", "date": "22-02-2019 17:29", "retweet": 1, "like": 3}, {"id": "1098822085118324736", "url": "https://twitter.com/nbt2hd/status/1098822085118324736", "username": "", "text": "#พังงา สั่งคุมเข้ม #ทัวร์ช้าง หลังเกิดเหตุช้างทำร้ายนักท่องเที่ยวบาดเจ็บ เน้นย้ำผู้ประกอบการ ตรวจสอบประวัติช้าง ใช้ควาญช้างที่มีความชำนาญ และก่อนนำช้างไปให้บริการในแต่ละวัน ต้องตรวจสอบสภาพร่างกายของช้างอย่างละเอียด หากไม่มั่นใจห้ามนำออกให้บริการอย่างเด็ดขาด #NBT2HD #Thailand pic.twitter.com/viQEjVCj8G", "date": "22-02-2019 12:49", "retweet": 3, "like": 0}, {"id": "1098503906198413314", "url": "https://twitter.com/nbt2hd/status/1098503906198413314", "username": "", "text": "จับ #ยาบ้า 5 ล้านเม็ด ที่ #เชียงราย บริเวณถนนสายดอยแม่สลอง-แม่จัน วิสามัญคนร้ายเสียชีวิต 1 ราย ยิงตอบโต้เจ้าหน้าที่ขณะขอเข้าตรวจค้น ส่วนรถกระบะอีกคันผู้ต้องหาหลบหนีไปได้ เบื้องต้นสืบทราบเป็นเครือข่ายยาเสพติดในพื้นที่ อ.แม่ฟ้าหลวง #NBT2HD pic.twitter.com/l8KCf4iluH", "date": "21-02-2019 15:45", "retweet": 2, "like": 2}, {"id": "1098471626318860288", "url": "https://twitter.com/nbt2hd/status/1098471626318860288", "username": "", "text": "กกต.ยืนยันสอบยุบพรรคไม่เลือกปฏิบัติ พิจารณาฐานความผิด #ไทยรักษาชาติ ส่งให้ศาล รธน. เป็นไปตามกฎหมายพรรคการเมือง ม.92 ส่วนคำร้องให้ยุบพรรค #พลังประชารัฐ ต้องไต่สวนพยานเพิ่ม คาด 1-2 สัปดาห์ จะนำเรื่องเข้าที่ประชุม กกต. ต่างจากคำร้องยุบ ทษช. ที่หลักฐานชัดเจน โดยเฉพาะใบเสนอชื่อนายกฯ pic.twitter.com/rT641VXVcI", "date": "21-02-2019 13:36", "retweet": 3, "like": 1}, {"id": "1098368642247344128", "url": "https://twitter.com/nbt2hd/status/1098368642247344128", "username": "", "text": "วันนี้ (21 ก.พ.) ประเทศไทยเข้าสู่ #ฤดูร้อน ของจริง ภาคเหนือ-อีสาน ยังมีอากาศเย็นในตอนเช้าอีกระยะ กรมอุตุฯ คาดฤดูร้อนสิ้นสุดประมาณกลางเดือนพฤษภาคมนี้ #NBT2HD #Thailand pic.twitter.com/283R1VWtcJ", "date": "21-02-2019 06:47", "retweet": 3, "like": 5}, {"id": "1098154770907295744", "url": "https://twitter.com/nbt2hd/status/1098154770907295744", "username": "", "text": "#แผ่นดินไหว ขนาด 4.9 จุดศูนย์กลาง อ.วังเหนือ จ.ลำปาง **ล่าสุด 16.05 น. กองเฝ้าระวังแผ่นดินไหว กรมอุตุฯ รายงานว่า มีผู้รู้สึกถึงแรงสั่นสะเทือน **แจ้งข้อมูลรู้สึกสั่นไหวที่ Earthquake Hotline 1182 กด 3 #NBT2HD #ลำปาง pic.twitter.com/lBNTQUkf8y", "date": "20-02-2019 16:37", "retweet": 12, "like": 3}, {"id": "1098111560982003712", "url": "https://twitter.com/nbt2hd/status/1098111560982003712", "username": "", "text": "เตือนภัย!! ธนบัตร 500 บาทปลอมระบาด!! ตลาดจังหวัด #ราชบุรี มิจฉาชีพฉวยโอกาสนำออกมาใช้ช่วงเช้า ลูกค้าเยอะ พ่อค้าแม่ค้าไม่ทันสังเกต สำหรับจุดสังเกตของธนบัตรปลอมได้ชัดเจนคือ ไม่มีลายน้ำพระสาทิสลักษณ์สมเด็จพระเจ้าอยู่หัว เนื้อธนบัตรจะบาง แต่แข็ง ไม่เปื่อยยุ่ยง่าย #NBT2HD #ธนบัตรปลอม pic.twitter.com/Ic2m7HUH2S", "date": "20-02-2019 13:46", "retweet": 6, "like": 1}, {"id": "1097798069762969600", "url": "https://twitter.com/nbt2hd/status/1097798069762969600", "username": "", "text": "อย่าลืม!! วันสุดท้ายลงทะเบียนใช้สิทธิ #เลือกตั้งล่วงหน้า นอกเขตเลือกตั้ง เปิดให้ลงทะเบียนถึงเวลา 24.00 น. วันนี้ (19 ก.พ. 62) เท่านั้น ยื่นคำขอทางเว็บไซต์ https:// election.bora.dopa.go.th/ectoutvote/ #เลือกตั้ง62 #NBT2HD #Thailand pic.twitter.com/z9TgnQnfVn", "date": "19-02-2019 17:00", "retweet": 3, "like": 0}, {"id": "1097651400941551616", "url": "https://twitter.com/nbt2hd/status/1097651400941551616", "username": "", "text": "'ทำดี ละเว้นความชั่ว ทำจิตใจให้บริสุทธิ์' วันมาฆบูชา 19 กุมภาพันธ์ 2562 เชิญชวนพุทธศาสนิกชน ร่วมใจกันทำบุญ ตักบาตร ฟังพระธรรมเทศนา เพื่อความเป็นสิริมงคลแก่ตนเอง และครอบครัว พร้อมร่วมงาน #สัปดาห์ส่งเสริมพระพุทธศาสนา ณ วัด หรือศาสนสถานใกล้บ้านทั่วประเทศ #วันมาฆบูชา #NBT2HD pic.twitter.com/UD3aJ75TLF", "date": "19-02-2019 07:17", "retweet": 1, "like": 1}, {"id": "1097383267194433536", "url": "https://twitter.com/nbt2hd/status/1097383267194433536", "username": "", "text": "ช่วงนี้ระวังหน่อย... #ข่าวปลอม มันน่ากลัวนะจ๊ะพี่จ๋า ข้อมูลเท็จ #พาดหัวแรง เรียกยอดไลค์ คิดสักนิดก่อนเชื่อ!! ก่อนแชร์ต้องเช็ค #NBT2HD #Thailand #หนักแผ่นดิน pic.twitter.com/XacFsJ5ISf", "date": "18-02-2019 13:32", "retweet": 22, "like": 15}, {"id": "1097358797218009088", "url": "https://twitter.com/nbt2hd/status/1097358797218009088", "username": "", "text": "ห่วง พ.ร.บ.ข้าวฯ บิดเบือน!! 'นายกฯ'ย้ำมุ่งสร้างความเป็นธรรม #ชาวนา พัฒนา #พันธุ์ข้าว ไว้ใช้เองโดยไม่มีความผิด แต่หากจะนำไปขายต้องขอขึ้นทะเบียนกับกรมการข้าว เหมือนกับสินค้าอาหารเครื่องดื่มที่ต้องไปขึ้นทะเบียนกับ อย. เพื่อรับรองคุณภาพ ช่วยคุ้มครองชาวนาไม่ให้ถูกโรงสีกดราคา #NBT2HD pic.twitter.com/torhJpPprG", "date": "18-02-2019 11:54", "retweet": 2, "like": 2}]