[{"id": "1099392813249191937", "url": "https://twitter.com/neinoey25/status/1099392813249191937", "username": "", "text": "แล้วนี่คนที่แต่งงานไป นี่ไม่ทุกข์กว่าหรอวะเนี่ย", "date": "24-02-2019 02:37", "retweet": 0, "like": 0}, {"id": "1099392520109182976", "url": "https://twitter.com/neinoey25/status/1099392520109182976", "username": "", "text": "10 ปี มันไม่ใช่น้อยๆเลยมั้ยวะ", "date": "24-02-2019 02:36", "retweet": 0, "like": 0}, {"id": "1099392458734002177", "url": "https://twitter.com/neinoey25/status/1099392458734002177", "username": "", "text": "#ป๊อปปองกูล อือหือ... pic.twitter.com/wf81MHmLuQ", "date": "24-02-2019 02:36", "retweet": 0, "like": 0}, {"id": "1099375175995293697", "url": "https://twitter.com/neinoey25/status/1099375175995293697", "username": "", "text": "แคสสิโอเปีย แม่ง ปสด กันเยอะชิบหายด้อมนี้", "date": "24-02-2019 01:27", "retweet": 0, "like": 0}, {"id": "1099373376924073985", "url": "https://twitter.com/neinoey25/status/1099373376924073985", "username": "", "text": "นี่กลับจากเอกมัย ออกมาทางเดียวกะคูมแม่เลยอะ", "date": "24-02-2019 01:20", "retweet": 0, "like": 0}, {"id": "1099372909619929088", "url": "https://twitter.com/neinoey25/status/1099372909619929088", "username": "", "text": "เลิกลั่กเลย 5555", "date": "24-02-2019 01:18", "retweet": 0, "like": 0}, {"id": "1099372614177284096", "url": "https://twitter.com/neinoey25/status/1099372614177284096", "username": "", "text": "คือเมนอะ ละตามมาสิบปี ไม่เคยได้อะไรงี้ มึงง", "date": "24-02-2019 01:17", "retweet": 0, "like": 0}, {"id": "1099372543843024896", "url": "https://twitter.com/neinoey25/status/1099372543843024896", "username": "", "text": "คือกูไม่ได้ตามเค้า กูมาหาอะไรแดกที่เอกมัย งื้อออ คือเค้าใส่เสื้อดำ คือดีมากกก มือสั่น แบตมือถือก็หมด โดดขึ้นรถมาเพิ่งชาร์ต ใจยังสั่นอยู่เลย", "date": "24-02-2019 01:16", "retweet": 0, "like": 0}, {"id": "1099372245950971904", "url": "https://twitter.com/neinoey25/status/1099372245950971904", "username": "", "text": "ใจสั่นไปหมดดดละอะ คือหล่อม๊ากกกกกกก", "date": "24-02-2019 01:15", "retweet": 0, "like": 0}, {"id": "1099370349802606592", "url": "https://twitter.com/neinoey25/status/1099370349802606592", "username": "", "text": "ดวงดีเหี้ยยยๆๆๆๆๆๆ", "date": "24-02-2019 01:08", "retweet": 0, "like": 0}, {"id": "1099369791712780288", "url": "https://twitter.com/neinoey25/status/1099369791712780288", "username": "", "text": "อีเหี้ยย มาแดกข้าวเอกมัย เสือกเจอคิมแจจุง!!!!!", "date": "24-02-2019 01:05", "retweet": 0, "like": 0}, {"id": "1099259187983511552", "url": "https://twitter.com/neinoey25/status/1099259187983511552", "username": "", "text": "คือไม่บอกเลยว่ามีแท่งไฟอะ แงง อยากได้แท่งไฟเว้ย", "date": "23-02-2019 17:46", "retweet": 0, "like": 0}, {"id": "1099234921057402880", "url": "https://twitter.com/neinoey25/status/1099234921057402880", "username": "", "text": "แจจุงนี่มาไทยคราวนี้ นี่มานอนอย่างเดียวเลยปะเนี่ย", "date": "23-02-2019 16:10", "retweet": 0, "like": 0}, {"id": "1098914937458446336", "url": "https://twitter.com/neinoey25/status/1098914937458446336", "username": "", "text": "ใจเยนนน", "date": "22-02-2019 18:58", "retweet": 0, "like": 0}, {"id": "1098902892394631168", "url": "https://twitter.com/neinoey25/status/1098902892394631168", "username": "", "text": "หางนุ่มจัง ขอหนุนหน่อยน้าา #ขายแมว pic.twitter.com/9z4kvzSC3H", "date": "22-02-2019 18:10", "retweet": 0, "like": 0}, {"id": "1098883826825097216", "url": "https://twitter.com/neinoey25/status/1098883826825097216", "username": "", "text": "นอน รร ไหนน้า เป็นห่วงจัง", "date": "22-02-2019 16:54", "retweet": 0, "like": 0}, {"id": "1098873606900051968", "url": "https://twitter.com/neinoey25/status/1098873606900051968", "username": "", "text": "แงงง ตัวเล็กมากกกกกกกกกกกกกกก", "date": "22-02-2019 16:14", "retweet": 0, "like": 0}, {"id": "1098816068141760512", "url": "https://twitter.com/neinoey25/status/1098816068141760512", "username": "", "text": "ผ่าฟันคุด กรี๊ดบ่ได้ 5555", "date": "22-02-2019 12:25", "retweet": 0, "like": 0}, {"id": "1098814383554097152", "url": "https://twitter.com/neinoey25/status/1098814383554097152", "username": "", "text": "ไปๆๆๆ เมนเลาเอง 55", "date": "22-02-2019 12:18", "retweet": 0, "like": 0}, {"id": "1098810698027552769", "url": "https://twitter.com/neinoey25/status/1098810698027552769", "username": "", "text": "มาเจอสัก 2 ชม ก็ดั้ยย 555", "date": "22-02-2019 12:04", "retweet": 0, "like": 0}, {"id": "1098786441394413569", "url": "https://twitter.com/neinoey25/status/1098786441394413569", "username": "", "text": "เห็นแต่ละอย่างละกูโคตรท้อที่จะมีชีวิตอยู่เลยเว้ย กูกับอิพวกแก่เหี้ยๆพวกนี้ ใครแม่งจะตายก่อนกันวะ", "date": "22-02-2019 10:27", "retweet": 0, "like": 0}, {"id": "1098781798039875584", "url": "https://twitter.com/neinoey25/status/1098781798039875584", "username": "", "text": "วันนี้ใครเจอแจจุงที่ไหนโปรดบอกข้าเจ้าด้วยเด้อ", "date": "22-02-2019 10:09", "retweet": 0, "like": 0}, {"id": "1098536065697177600", "url": "https://twitter.com/neinoey25/status/1098536065697177600", "username": "", "text": "คือแจจุงกินจริงๆหรอ แล้วเค้าให้แจจุงกินของแบบนี้ได้ไงวั (ถ้ากินจริง) กูหัวร้อนละ #เค้กหมื่นห้าสปาเกตตีสองหมื่น", "date": "21-02-2019 17:53", "retweet": 0, "like": 0}, {"id": "1098531808856035328", "url": "https://twitter.com/neinoey25/status/1098531808856035328", "username": "", "text": "S10 อย่างสวย", "date": "21-02-2019 17:36", "retweet": 0, "like": 0}, {"id": "1098430851245719553", "url": "https://twitter.com/neinoey25/status/1098430851245719553", "username": "", "text": "สงสารเมนนนนนนน ทำไมต้องมาเจออะไรแบบนี้วะ", "date": "21-02-2019 10:54", "retweet": 0, "like": 0}, {"id": "1098429287995138048", "url": "https://twitter.com/neinoey25/status/1098429287995138048", "username": "", "text": "ใช้เงินเหมือนเป็นเงินตัวเองเลยเว้ย #เค้กหมื่นห้าสปาเกตตีสองหมื่น", "date": "21-02-2019 10:48", "retweet": 0, "like": 0}, {"id": "1098429189470834689", "url": "https://twitter.com/neinoey25/status/1098429189470834689", "username": "", "text": "ทำแบบนี้แล้วครั้งต่อไปใครจะอยากโดเนทวะ #เค้กหมื่นห้าสปาเกตตีสองหมื่น", "date": "21-02-2019 10:48", "retweet": 0, "like": 0}, {"id": "1098263573208256512", "url": "https://twitter.com/neinoey25/status/1098263573208256512", "username": "", "text": "ปสด", "date": "20-02-2019 23:50", "retweet": 0, "like": 0}, {"id": "1098263547862077445", "url": "https://twitter.com/neinoey25/status/1098263547862077445", "username": "", "text": "เงินค่าเค้ก ยังโกงกันได้", "date": "20-02-2019 23:50", "retweet": 0, "like": 0}, {"id": "1098223665890521088", "url": "https://twitter.com/neinoey25/status/1098223665890521088", "username": "", "text": "นั่ง MH ล่าสุดยังบอกให้ปิด https:// twitter.com/benriquedelkk/ status/1097972048163295233 …", "date": "20-02-2019 21:11", "retweet": 0, "like": 0}, {"id": "1098152595946754048", "url": "https://twitter.com/neinoey25/status/1098152595946754048", "username": "", "text": "15,000 ค้าบบบ มัดจำตัวน้อง 5000 วันรับน้อง จ่ายเต็มครับผม น้องเป็นเพศผู้ฮะ ตอนนี้ก็ 1 เดือนครึ่งแล้วน้า", "date": "20-02-2019 16:29", "retweet": 0, "like": 0}, {"id": "1097888394753929216", "url": "https://twitter.com/neinoey25/status/1097888394753929216", "username": "", "text": "มาไทยขอสีผมแบบนี้น้าแจจุง", "date": "19-02-2019 22:59", "retweet": 0, "like": 0}, {"id": "1097886900222779392", "url": "https://twitter.com/neinoey25/status/1097886900222779392", "username": "", "text": "มาเล่นกันเถอะ มานุดดดด #ขายแมว pic.twitter.com/QjntvwjqbK", "date": "19-02-2019 22:53", "retweet": 0, "like": 0}, {"id": "1097886671557677056", "url": "https://twitter.com/neinoey25/status/1097886671557677056", "username": "", "text": "เล่นแรง ให้ 20 เล่น 100 อะ #ขายแมว pic.twitter.com/ZEpMTjg0w5", "date": "19-02-2019 22:52", "retweet": 4, "like": 3}, {"id": "1097886516221685760", "url": "https://twitter.com/neinoey25/status/1097886516221685760", "username": "", "text": "เนี่ย ท่าเนี่ย มาสารภาพความผิด แล้วจะทำโทษยังไงดี #ขายแมว pic.twitter.com/zSLjxc4sJ8", "date": "19-02-2019 22:51", "retweet": 0, "like": 0}, {"id": "1097886345966448640", "url": "https://twitter.com/neinoey25/status/1097886345966448640", "username": "", "text": "ตัวเล็กตัวน้อย กัดทุกสิ่งที่ขว้างหน้า ช่วงกำลังเข็ดฟัน #ขายแมว pic.twitter.com/oMdM4N33ln", "date": "19-02-2019 22:51", "retweet": 0, "like": 0}, {"id": "1097886196816965633", "url": "https://twitter.com/neinoey25/status/1097886196816965633", "username": "", "text": "เนี่ย แมวบ้าพลัง 555 #ขายแมว pic.twitter.com/hGnMF9XKrk", "date": "19-02-2019 22:50", "retweet": 0, "like": 1}, {"id": "1097886055687049221", "url": "https://twitter.com/neinoey25/status/1097886055687049221", "username": "", "text": "น้องแฮรี่ ตัวเล็กตัวน้อยของแม่ #ขายแมว pic.twitter.com/IsLLCO5yin", "date": "19-02-2019 22:50", "retweet": 0, "like": 0}, {"id": "1097885806855745536", "url": "https://twitter.com/neinoey25/status/1097885806855745536", "username": "", "text": "อยากเล่น แต่ก็กลัว น้อนนน #ขายแมว pic.twitter.com/vVXwgtAQeT", "date": "19-02-2019 22:49", "retweet": 0, "like": 1}, {"id": "1097813227780489216", "url": "https://twitter.com/neinoey25/status/1097813227780489216", "username": "", "text": "[Pakistan] ปากีสถานฉบับแบ็คแพ็คเกอร์เดี่ยว โนทัวร์ โนไกด์ 10 วัน 4 พันกว่า https:// pantip.com/topic/38570595 #pantip via @pantip1996", "date": "19-02-2019 18:00", "retweet": 0, "like": 1}, {"id": "1097797225877360641", "url": "https://twitter.com/neinoey25/status/1097797225877360641", "username": "", "text": "รำคาญกลุ่มครอบครัวอะ ออกได้ไหมวะ", "date": "19-02-2019 16:57", "retweet": 0, "like": 0}, {"id": "1097786064305963008", "url": "https://twitter.com/neinoey25/status/1097786064305963008", "username": "", "text": "15,000 ค่ะ", "date": "19-02-2019 16:12", "retweet": 0, "like": 0}, {"id": "1097785904553373697", "url": "https://twitter.com/neinoey25/status/1097785904553373697", "username": "", "text": "เมนส์มาทีไร กูแม่งองค์ลงประจำ อิสัส", "date": "19-02-2019 16:12", "retweet": 0, "like": 0}, {"id": "1097716437857165312", "url": "https://twitter.com/neinoey25/status/1097716437857165312", "username": "", "text": "ฝันว่าได้จับมือกับแจจุงในงานแฟนมีต 555", "date": "19-02-2019 11:36", "retweet": 0, "like": 0}, {"id": "1097538693454163970", "url": "https://twitter.com/neinoey25/status/1097538693454163970", "username": "", "text": "ยังไม่หายปวดฟันเว้ย", "date": "18-02-2019 23:49", "retweet": 0, "like": 0}, {"id": "1097513826826674177", "url": "https://twitter.com/neinoey25/status/1097513826826674177", "username": "", "text": "คันคอ กูเกาจนแดงไปหมดละเว้ยย", "date": "18-02-2019 22:11", "retweet": 0, "like": 0}, {"id": "1097513576061853696", "url": "https://twitter.com/neinoey25/status/1097513576061853696", "username": "", "text": "พี่ทำไรก็ทำ พี่เดินก็เดิน พี่นอนก็นอน อยู่ในช่วงวัยเลียนแบบ 55", "date": "18-02-2019 22:10", "retweet": 0, "like": 0}, {"id": "1097477428698476544", "url": "https://twitter.com/neinoey25/status/1097477428698476544", "username": "", "text": "เป็นตัวเล็กตัวน้อย ที่ชอบวิ่งตามพี่ๆ #ขายแมว pic.twitter.com/MIbhFAf5xI", "date": "18-02-2019 19:46", "retweet": 0, "like": 0}, {"id": "1097473264811556865", "url": "https://twitter.com/neinoey25/status/1097473264811556865", "username": "", "text": "ขายค่ะ เปิดจองอยู่จ้า", "date": "18-02-2019 19:29", "retweet": 0, "like": 0}, {"id": "1097399721067335680", "url": "https://twitter.com/neinoey25/status/1097399721067335680", "username": "", "text": "เมื่อไหร่จะหาย จะร้องไห้แล้ววววววววววว", "date": "18-02-2019 14:37", "retweet": 0, "like": 0}, {"id": "1097399598010658817", "url": "https://twitter.com/neinoey25/status/1097399598010658817", "username": "", "text": "จะต้องให้ทวิตอีกสักกี่รอบวะ ว่าปวดฟันเว้ยยยยยยยย", "date": "18-02-2019 14:37", "retweet": 0, "like": 0}, {"id": "1097384935650877441", "url": "https://twitter.com/neinoey25/status/1097384935650877441", "username": "", "text": "ปวดฟันเว้ยยยยยยยยยยยย", "date": "18-02-2019 13:38", "retweet": 0, "like": 0}, {"id": "1097320287308152832", "url": "https://twitter.com/neinoey25/status/1097320287308152832", "username": "", "text": "ปวดฟันนน", "date": "18-02-2019 09:21", "retweet": 0, "like": 0}, {"id": "1097306152415551489", "url": "https://twitter.com/neinoey25/status/1097306152415551489", "username": "", "text": "ปวดฟัน กูไม่อยากพูดอะไรทั้งนั้น", "date": "18-02-2019 08:25", "retweet": 0, "like": 0}]