[{"id": "1098782437914505216", "url": "https://twitter.com/NewDemTH/status/1098782437914505216", "username": "", "text": "วันที่ 25 กุมภาพันธ์ 2562 นี้ เวลา 14.30 เป็นต้นไป ณ ห้องประกอบ หุตะสิงห์ ชั้น 3 อาคารอเนกประสงค์ 1 มหาวิทยาลัยธรรมศาสตร์ ท่าพระจันทร์", "date": "22-02-2019 10:12", "retweet": 2, "like": 1}, {"id": "1098782434794004480", "url": "https://twitter.com/NewDemTH/status/1098782434794004480", "username": "", "text": "เชิญชวนทุกท่านไปร่วมฟังงานเสวนาแลกเปลี่ยนความคิดเห็น หัวข้อ “ทางเลือกพรรคการเมือง เศรษฐกิจ การพัฒนา สิ่งแวดล้อม” โดยมีตัวแทนจากพรรคการเมือง 3 พรรค และหนึ่งในนั้น คือ แนน ศิริภา อินทวิเชียร ผู้แทน Newdem และผู้สมัคร ส.ส. บัญชีรายชื่อ พรรคประชาธิปัตย์ #newdem #ก้าวนอกกรอบ pic.twitter.com/i82ZE0m50U", "date": "22-02-2019 10:12", "retweet": 8, "like": 3}, {"id": "1098643856642301952", "url": "https://twitter.com/NewDemTH/status/1098643856642301952", "username": "", "text": "", "date": "22-02-2019 01:01", "retweet": 0, "like": 0}, {"id": "1098129509432229889", "url": "https://twitter.com/NewDemTH/status/1098129509432229889", "username": "", "text": "ขอบคุณเพจ คาราโอเกะชั้นใต้ดิน นะคะ ไอเดียร์ สุชาดา แทนทรัพย์ ผู้สมัคร ส.ส. บัญชีรายชื่อ หนึ่งในผู้แทน #newdem ค่ะ pic.twitter.com/jKyUSEh3Ea", "date": "20-02-2019 14:57", "retweet": 1, "like": 4}, {"id": "1097681051139231744", "url": "https://twitter.com/NewDemTH/status/1097681051139231744", "username": "", "text": "สวัสดีวันอังคาร วันมาฆบูชา วันหยุดค่า", "date": "19-02-2019 09:15", "retweet": 0, "like": 0}, {"id": "1097680900752437248", "url": "https://twitter.com/NewDemTH/status/1097680900752437248", "username": "", "text": "วันนี้เป็นวันสุดท้ายการลงทะเบียนเลือกตั้งล่วงหน้าและเลือกตั้งนอกเขตเลือกตั้ง ยื่นคำขอลงทะเบียนผ่านเว็บไซต์ https:// election.bora.dopa.go.th/ectoutvote/ หรือจะมาลงทะเบียนที่อำเภอที่ใช้สิทธิก็ได้ (ถึงแม้จะเป็นวันหยุดราชการ แต่ก็เปิดอยู่นะคะ) #เลือกตั้ง62 #newdem #ก้าวนอกกรอบ", "date": "19-02-2019 09:14", "retweet": 6, "like": 2}, {"id": "1097661475106086912", "url": "https://twitter.com/NewDemTH/status/1097661475106086912", "username": "", "text": "สวัสดีวันหยุดค่ะทุกคน ถึงวันหยุด แต่วันนี้พวกเราไม่หยุดลงพื้นที่นะคะ ใครที่เจอพี่ๆและทีมงาน #newdem #ก้าวนอกกรอบ สามารถส่งรูปมาทักทายกันได้นะคะ", "date": "19-02-2019 07:57", "retweet": 3, "like": 2}, {"id": "1097661027544530944", "url": "https://twitter.com/NewDemTH/status/1097661027544530944", "username": "", "text": "", "date": "19-02-2019 07:55", "retweet": 0, "like": 1}, {"id": "1097660633338720256", "url": "https://twitter.com/NewDemTH/status/1097660633338720256", "username": "", "text": "", "date": "19-02-2019 07:54", "retweet": 0, "like": 0}, {"id": "1097660403830513664", "url": "https://twitter.com/NewDemTH/status/1097660403830513664", "username": "", "text": "หืมมมมม https:// twitter.com/eggkanawat/sta tus/1097366312249024512 …", "date": "19-02-2019 07:53", "retweet": 0, "like": 2}, {"id": "1097660311476133894", "url": "https://twitter.com/NewDemTH/status/1097660311476133894", "username": "", "text": "วันนี้ใครหยุด แวะไปทำบุญกับ @paritw92 ได้นะคะ https:// twitter.com/paritw92/statu s/1097429482774777857 …", "date": "19-02-2019 07:53", "retweet": 0, "like": 2}, {"id": "1097352240954667008", "url": "https://twitter.com/NewDemTH/status/1097352240954667008", "username": "", "text": "เหลือเวลาอีกแค่ 1 วันเท่านั้นนะคะ อย่าลืมลงทะเบียนเลือกตั้งล่วงหน้าและนอกเขตกันนะคะ #เลือกตั้ง62", "date": "18-02-2019 11:28", "retweet": 6, "like": 2}]