[{"id": "1099292879963545601", "url": "https://twitter.com/newtv_18/status/1099292879963545601", "username": "", "text": "#พรุ่งนี้มีอะไร !!! ตารางออกอากาศ วันอาทิตย์ที่ 24 กุมภาพันธ์ 2562 ชมผังรายการได้ที่ https:// buff.ly/2s68Kck #NEW18 #นิว18 #ช่อง18 #ตารางสารคดี #ผังรายการ #schedule #newtvdocumentary #documentary #สารคดี #สำรวจโลก pic.twitter.com/T8zLVDEwEW", "date": "23-02-2019 20:00", "retweet": 0, "like": 0}, {"id": "1099292838918062082", "url": "https://twitter.com/newtv_18/status/1099292838918062082", "username": "", "text": "#พรุ่งนี้มีอะไร !!! ตารางออกอากาศ วันเสาร์ที่ 23 กุมภาพันธ์ 2562 ชมผังรายการได้ที่ https:// buff.ly/2s68Kck #NEW18 #นิว18 #ช่อง18 #ตารางสารคดี #ผังรายการ #schedule #newtvdocumentary #documentary #สารคดี #สำรวจโลก pic.twitter.com/V0XqVG0Ns4", "date": "23-02-2019 20:00", "retweet": 0, "like": 0}, {"id": "1099262848285446144", "url": "https://twitter.com/newtv_18/status/1099262848285446144", "username": "", "text": "รายการสำรวจโลก ตอน มหัศจรรย์แห่งรังผึ้ง วันเสาร์ที่ 23 กุมภาพันธ์ 2562 เวลา 20:00 น. ทางช่องนิว18 #NEW18 #นิว18 #ช่อง18 #newtvdocumentary #documentary #สารคดี #สำรวจโลก #ผึ้งน้ำหวาน #ผสมพันธุ์ผึ้ง #ผสมเกสรดอกไม้ pic.twitter.com/ZikY2rATfp", "date": "23-02-2019 18:01", "retweet": 0, "like": 3}, {"id": "1099247415314399232", "url": "https://twitter.com/newtv_18/status/1099247415314399232", "username": "", "text": "ณวัฒน์ ปลดย้อนหลัง 4ปี มิสแกรนด์ฯ 2015 https://www. newtv.co.th/news/30205 #NEW18 #นิว18 #ณวัฒน์ #MGI2015 #มิสแกรนด์ #ปลดตำแหน่ง #ปลดย้อนหลัง #ข่าวบันเทิง #missgrandinternational pic.twitter.com/EPkkel1Suw", "date": "23-02-2019 16:59", "retweet": 1, "like": 4}, {"id": "1099228443743375361", "url": "https://twitter.com/newtv_18/status/1099228443743375361", "username": "", "text": "อดีตอาจารย์ มธ. ทำพิธีเรียกพลังให้ \"ลุงตู่\" (คลิป) https://www. newtv.co.th/news/30203 #NEW18 #นิว18 #ลุงตู่ #พิธีกรรม #เรียกพลัง #คลิป pic.twitter.com/QdIZdP2VxW", "date": "23-02-2019 15:44", "retweet": 0, "like": 3}, {"id": "1099215249482215424", "url": "https://twitter.com/newtv_18/status/1099215249482215424", "username": "", "text": "หวานให้สุดเหวี่ยง! \"นิ้ง\" โชว์สวีต \"ไฮโซเจได\" https://www. newtv.co.th/news/30197 #NEW18 #นิว18 #นิ้งโศภิดา #MissUniverseThailand #เจได #ข่าวบันเทิง pic.twitter.com/OYRx1oWacz", "date": "23-02-2019 14:51", "retweet": 0, "like": 2}, {"id": "1099176921059880961", "url": "https://twitter.com/newtv_18/status/1099176921059880961", "username": "", "text": "แม่สตรองไม่พอ \"แอฟ\" ถอดใจเมื่อ \"ปีใหม่\" ร้องขอ https://www. newtv.co.th/news/30195 #NEW18 #นิว18 #แอฟทักษอร #น้องปีใหม่ #ยอดคุณแม่ #ข่าวดารา #ข่าวบันเทิง", "date": "23-02-2019 12:19", "retweet": 0, "like": 4}, {"id": "1099163367061614594", "url": "https://twitter.com/newtv_18/status/1099163367061614594", "username": "", "text": "วันนี้มีอะไร: 23 กุมภาพันธ์ วันแห่งภูเขาไฟฟูจิ >> http://www. newtv.co.th/news/30186 << #ข่าวนิว18 #new18 #นิว18 #newtv #นิวทีวี #23กุมภาพันธ์ #23rdFeb #วันนี้มีอะไร #วันนี้ในอดีต #วันแห่งภูเขาไฟฟูจิ #DakotaFanning #AbbeyRoad pic.twitter.com/jelQTB6nrQ", "date": "23-02-2019 11:25", "retweet": 1, "like": 3}, {"id": "1099147004159045633", "url": "https://twitter.com/newtv_18/status/1099147004159045633", "username": "", "text": "เรื่องแดนซ์ไว้ใจ \"แต้ว\" จัดเต็มสูบ (คลิป) https://www. newtv.co.th/news/30191 #NEW18 #นิว18 #แต้วณฐพร #taewaew_natapohn #แต้ว #ณฐพร #ข่าวดารา #ข่าวบันเทิง pic.twitter.com/NrwHGuxsQY", "date": "23-02-2019 10:20", "retweet": 16, "like": 35}, {"id": "1099107831939248129", "url": "https://twitter.com/newtv_18/status/1099107831939248129", "username": "", "text": "รายการ Happy Healthy วันเสาร์ที่ 23 กุมภาพันธ์ 2562 เวลา 12:00 น. ทางช่องนิว18 #NEW18 #นิว18 #ช่อง18 #Healthy #สุขภาพ #อาหารคลีน #ออกกำลังกาย #SaladaOrganicKitchen #อาหารนานาชาติประยุกต์ #สปาเก็ตตี้ขี้เมาสมุนไพร #สเต็กปลาแซลมอนผักย่าง #อาหารนานาชาติ #โรคไหล่ติด pic.twitter.com/ejNMJVV4Ix", "date": "23-02-2019 07:45", "retweet": 0, "like": 1}, {"id": "1098990982912188421", "url": "https://twitter.com/newtv_18/status/1098990982912188421", "username": "", "text": "รายการ เที่ยวมั้ยYou (ตอน เที่ยวเมืองรอง... หนองคาย ชุมชนบ้านวังน้ำมอก) วันเสาร์ที่ 23 กุมภาพันธ์ เวลา 15:00 -15:30 น. ทางช่องนิว18 #NEW18 #นิว18 #ช่อง18 #เที่ยวมั้ยYou #หนองคาย #ชุมชนบ้านวังน้ำมอก #SantafeProundNight #พระเจ้าล้านทอง #วัดเทศรังสี #วัดโพธิ์ชัย pic.twitter.com/IeFNkwIuiV", "date": "23-02-2019 00:00", "retweet": 1, "like": 3}, {"id": "1098930439258017792", "url": "https://twitter.com/newtv_18/status/1098930439258017792", "username": "", "text": "#พรุ่งนี้มีอะไร !!! ตารางออกอากาศ วันศุกร์ที่ 22 กุมภาพันธ์ 2562 ชมผังรายการได้ที่ https:// buff.ly/2s68Kck #NEW18 #นิว18 #ช่อง18 #ตารางสารคดี #ผังรายการ #schedule #newtvdocumentary #documentary #สารคดี #สำรวจโลก pic.twitter.com/wIyB0sUiPh", "date": "22-02-2019 20:00", "retweet": 0, "like": 0}, {"id": "1098909895577939968", "url": "https://twitter.com/newtv_18/status/1098909895577939968", "username": "", "text": "รวยอยู่แล้ว! \"ต้นหอม\" ชี้แจงโดนกลั่นแกล้ง https://www. newtv.co.th/news/30170 #NEW18 #นิว18 #djtonhorm #ดีเจต้นหอม #ข่าวดารา #ข่าวบันเทิง #แชตไลน์", "date": "22-02-2019 18:38", "retweet": 0, "like": 1}, {"id": "1098905511108370432", "url": "https://twitter.com/newtv_18/status/1098905511108370432", "username": "", "text": "สวยใสโกงอายุ “ปีใหม่” สลัดลุคเซ็กซี่ หั่นผมสั้นเป็นสาวสุดแบ๊ว https://www. newtv.co.th/news/30155 #ปีใหม่สุมนต์รัตน์ #ปีใหม่ #ดาราหน้าเด็ก #ปีใหม่สุมนต์รัตน์วัฒนาเศลารัตน์", "date": "22-02-2019 18:21", "retweet": 0, "like": 1}, {"id": "1098905070198898688", "url": "https://twitter.com/newtv_18/status/1098905070198898688", "username": "", "text": "“กอล์ฟ” โชว์หวานกลางไอจี โพสต์ขอบคุณเจ้าของเค้ก https://www. newtv.co.th/news/30167 #กอล์ฟพิชญะ #กอล์ฟ #กอล์ฟไมค์ #กอล์ฟโฟร์ #โฟร์ศกลรัตน์", "date": "22-02-2019 18:19", "retweet": 0, "like": 4}, {"id": "1098902543730499584", "url": "https://twitter.com/newtv_18/status/1098902543730499584", "username": "", "text": "ทำคนดูอินจัด “นาย ณภัทร” ขึ้นแท่นพระเอก 100 ล้าน https://www. newtv.co.th/news/30162 #นายณภัทร #ใบเฟิร์นพิมพ์ชนก #FRIENDZONE #ใบเฟิร์นนาย #นายใบเฟิร์น", "date": "22-02-2019 18:09", "retweet": 1, "like": 7}, {"id": "1098900269667098625", "url": "https://twitter.com/newtv_18/status/1098900269667098625", "username": "", "text": "รายการสำรวจโลก ตอน หายนะภัยทางอากาศ ปี 16 (ตอนที่ 2) วันศุกร์ที่ 22 กุมภาพันธ์ 2562 เวลา 21:00 น. ทางช่องนิว18 #NEW18 #นิว18 #ช่อง18 #newtvdocumentary #documentary #สารคดี #สำรวจโลก #เครื่องบินเจ็ต #เกาะเทเนริฟ #ประเทศสเปน pic.twitter.com/hYA7ZsoMP6", "date": "22-02-2019 18:00", "retweet": 0, "like": 0}, {"id": "1098887870327054336", "url": "https://twitter.com/newtv_18/status/1098887870327054336", "username": "", "text": "น่ารักสุดๆ \"มารุ\" สุนัขชิบะแสนรู้ https://www. newtv.co.th/news/30158 #NEW18 #นิว18 #มารุ #Maru #marutheshiba #สุนัข #สุนัขน่ารัก #สุนัขแสนรู้ #Dogs", "date": "22-02-2019 17:10", "retweet": 0, "like": 2}, {"id": "1098868946038476801", "url": "https://twitter.com/newtv_18/status/1098868946038476801", "username": "", "text": "ไม่ได้คบซ้อน “อาร์ต” ป้อง “เกรซ” ไม่ใช่มือที่สาม https://www. newtv.co.th/news/30148 #เกรซชลิตา #ไฮโซอาร์ต #อาร์ตอิทธิโชติ #ศศิสินทวี #อาร์ตเกรซ", "date": "22-02-2019 15:55", "retweet": 0, "like": 1}, {"id": "1098868497474441216", "url": "https://twitter.com/newtv_18/status/1098868497474441216", "username": "", "text": "เปิดใจ “ปราง กัญญ์ณรัณ” เผยเหตุเลิกรา “โต้ง ทูพี” https://www. newtv.co.th/news/30150 #ปรางกัญญ์ณรัณ #โต้งทูพี #โต้งปราง #therapperthailand #โค้ชโต้ง", "date": "22-02-2019 15:54", "retweet": 3, "like": 2}, {"id": "1098865958020468736", "url": "https://twitter.com/newtv_18/status/1098865958020468736", "username": "", "text": "\"มาร์กี้\" โพสต์ความรู้สึกเมื่อต้องถ่ายรูปคู่ \"พี่อั้ม\" https://www. newtv.co.th/news/30151 #NEW18 #นิว18 #มาร์กี้ #ราศรี #อั้มพัชราภา #aum_patchrapa #margie_rasri #ข่าวดารา #ข่าวบันเทิง", "date": "22-02-2019 15:43", "retweet": 1, "like": 3}, {"id": "1098858736481759233", "url": "https://twitter.com/newtv_18/status/1098858736481759233", "username": "", "text": "“บิ๊กตู่”ขอให้เชื่อมั่นเลือก ส.ว. https://www. newtv.co.th/news/30143 #ประยุทธ์ #สมาชิกวุฒิสภา pic.twitter.com/cMhWNCeXj4", "date": "22-02-2019 15:15", "retweet": 1, "like": 0}, {"id": "1098858233429557248", "url": "https://twitter.com/newtv_18/status/1098858233429557248", "username": "", "text": "\"บิ๊กป้อม”ชี้ C-130 เก่าเล็งปรับเปลี่ยน https://www. newtv.co.th/news/30138 #ประวิตร #เครื่องบิน #ซี130 pic.twitter.com/MW8bcVvK2s", "date": "22-02-2019 15:13", "retweet": 1, "like": 1}, {"id": "1098847879735603200", "url": "https://twitter.com/newtv_18/status/1098847879735603200", "username": "", "text": "เตือนภัย #โมเดลลิ่ง เถื่อน หลอกถ่ายคลิป อ้างให้เงินล้าน อุทาหรณ์นักศึกษาสาว อาจตกเป็นเหยื่อ NEWข่าวชนข่าวเย็น วันที่ 22 กุมภาพันธ์ 2562 พบ #ข่าวชนข่าวเย็น วันจันทร์-ศุกร์ เวลา 16:05-17:45น. ทาง #NEW18 #นิว18 ชมออนไลน์ http://www. newtv.co.th/live ดูย้อนหลัง http://www. newtv.co.th/programs pic.twitter.com/waD5RTzFxL", "date": "22-02-2019 14:32", "retweet": 1, "like": 1}, {"id": "1098831450101604352", "url": "https://twitter.com/newtv_18/status/1098831450101604352", "username": "", "text": "“มน” เคลื่อนไหวแล้ว หลังปิดฉาก “room39” https://www. newtv.co.th/news/30132 #room39 #ทอมroom39 #มนroom39 #แว่นใหญ่room39 #แยกวง", "date": "22-02-2019 13:26", "retweet": 0, "like": 2}, {"id": "1098825106392985601", "url": "https://twitter.com/newtv_18/status/1098825106392985601", "username": "", "text": "จากนิรันดร์... \"แบงค์\" เศร้า \"เมฆิน\" ไปสวรรค์แล้ว https://www. newtv.co.th/news/30140 #NEW18 #นิว18 #แบงค์แคลช #แบงค์ #bankclash2019 #อำลา #เมฆิน #RIP", "date": "22-02-2019 13:01", "retweet": 1, "like": 4}, {"id": "1098811585789718528", "url": "https://twitter.com/newtv_18/status/1098811585789718528", "username": "", "text": "แก๊งไม่ล่ม! \"มิ้นต์\" เผย \"แมท-สงกรานต์\" ยังคุยกันแฮปปี้ดี https://www. newtv.co.th/news/30133 #NEW18 #นิว18 #มิ้นต์ชาลิดา #แมทภีรนีย์ #สงกรานต์ #เตชะณรงค์ #mint_chalida #mattperanee #songkarn_tae #ข่าวดารา #ข่าวบันเทิง", "date": "22-02-2019 12:07", "retweet": 0, "like": 4}, {"id": "1098809545369935872", "url": "https://twitter.com/newtv_18/status/1098809545369935872", "username": "", "text": "“เมย์ มาริษา” อวดท้องลูกคนที่ 3 ในบิกินี่สุดเป๊ะ https://www. newtv.co.th/news/30126 #เมย์มาริษา #มาริษาฮอร์น #ดารามีลูก #เมย์ป๊อก", "date": "22-02-2019 11:59", "retweet": 0, "like": 1}, {"id": "1098809191110631425", "url": "https://twitter.com/newtv_18/status/1098809191110631425", "username": "", "text": "เข็ดแล้ว “ใบเฟิร์น” ไม่กล้ามองรักครั้งใหม่ https://www. newtv.co.th/news/30117 #ใบเฟิร์นพิมพ์ชนกลือวิเศษไพบูลย์ #ใบเฟิร์นพิมพ์ชนก #เฟรนด์โซน #friendzone #ใบเฟิร์นนาย #นายณภัทร", "date": "22-02-2019 11:58", "retweet": 0, "like": 1}, {"id": "1098801586548031489", "url": "https://twitter.com/newtv_18/status/1098801586548031489", "username": "", "text": "อุทาหรณ์ ยายวัย 86ปี #มหาสารคาม #เผาหญ้า ในที่นา โชคร้ายกระแสลมผันผวน #ไฟคลอก #เสียชีวิต NEWข่าวชนข่าวเที่ยง วันที่ 22 กุมภาพันธ์ 2562 พบ #ข่าวชนข่าวเที่ยง วันจันทร์-ศุกร์ เวลา 12:00-13:10 น. ทาง #NEW18 #นิว18 ชมออนไลน์ http://www. newtv.co.th/live ดูย้อนหลัง http://www. newtv.co.th/programs pic.twitter.com/2hyKD272Cf", "date": "22-02-2019 11:28", "retweet": 1, "like": 3}, {"id": "1098801427021885440", "url": "https://twitter.com/newtv_18/status/1098801427021885440", "username": "", "text": "“ธนาธร”ปลุกคนไทยเลือกตั้งล้มเผด็จการ https://www. newtv.co.th/news/30128 #ธนาธร #ธนาธรจึงรุ่งเรืองกิจ #ฟ้ารักพ่อ #savethanaton #savethanathon #Savethanatorn #การเมือง #เลือกตั้ง #เลือกตั้ง62 #เลือกตั้ง2562 #เลือกตั้งปี62 pic.twitter.com/qPypOLv1j0", "date": "22-02-2019 11:27", "retweet": 20, "like": 18}, {"id": "1098798907713249280", "url": "https://twitter.com/newtv_18/status/1098798907713249280", "username": "", "text": "ราหูเข้า 2ราศี ลุ้นรับโชคใหญ่ 22 ก.พ. นี้ (คลิป) https://www. newtv.co.th/news/30124 #NEW18 #นิว18 #ราหู #12ราศี #ราหูเข้า #ไหว้ราหู #ดูดวง #หมอดู", "date": "22-02-2019 11:17", "retweet": 0, "like": 3}, {"id": "1098794761618567173", "url": "https://twitter.com/newtv_18/status/1098794761618567173", "username": "", "text": "เตือนอาการผิดปกติ “โรคจุดภาพชัดเสื่อม” https://www. newtv.co.th/news/30125 #ตา #โรคจุดภาพชัดเสื่อม #โรคตา pic.twitter.com/mqSYxqDKWR", "date": "22-02-2019 11:01", "retweet": 0, "like": 0}, {"id": "1098789107994550272", "url": "https://twitter.com/newtv_18/status/1098789107994550272", "username": "", "text": "เรื่องมีลูกไม่เคยมีในหัว \"อั้ม\" เขินบอกคบ \"ไฮโซพก\" แล้ว https://www. newtv.co.th/news/30116 #NEW18 #นิว18 #อั้มพัชราภา #aum_patchrapa #ไฮโซพก #pokphornprapha #ข่าวดารา #ข่าวบันเทิง", "date": "22-02-2019 10:38", "retweet": 0, "like": 1}, {"id": "1098788929547825152", "url": "https://twitter.com/newtv_18/status/1098788929547825152", "username": "", "text": "อุตุฯเตือนทั่วไทยฝนฟ้าคะนอง https://www. newtv.co.th/news/30122 #ฝนฟ้าคะนอง #ฝนตก pic.twitter.com/mHYemXRnRs", "date": "22-02-2019 10:37", "retweet": 0, "like": 0}, {"id": "1098780757282017280", "url": "https://twitter.com/newtv_18/status/1098780757282017280", "username": "", "text": "\"เวียร์\" ลั่นผมไม่ได้อยากถอดเลย! แต่มัน... https://www. newtv.co.th/news/30114 #NEW18 #นิว18 #เวียร์ศุกลวัฒน์ #weir19 #Sexyman #ข่าวดารา #ข่าวบันเทิง", "date": "22-02-2019 10:05", "retweet": 0, "like": 5}, {"id": "1098778898400141312", "url": "https://twitter.com/newtv_18/status/1098778898400141312", "username": "", "text": "ปิดตำนาน “ROOM39” วงแตกแล้ว https://www. newtv.co.th/news/30089 #room39 #มนroom39 #ทอมroom39 #โอroom39 #แยกวง", "date": "22-02-2019 09:57", "retweet": 2, "like": 3}, {"id": "1098736738732728320", "url": "https://twitter.com/newtv_18/status/1098736738732728320", "username": "", "text": "วันนี้มีอะไร: 22 กุมภาพันธ์ วันแห่งแมว >> http://www. newtv.co.th/news/30021 << #ข่าวนิว18 #new18 #นิว18 #newtv #นิวทีวี #22กุมภาพันธ์ #22ndFeb #วันนี้มีอะไร #วันนี้ในอดีต #วันแห่งแมว #Elvispresley pic.twitter.com/bypJZ3jcx8", "date": "22-02-2019 07:10", "retweet": 2, "like": 0}, {"id": "1098568131608481793", "url": "https://twitter.com/newtv_18/status/1098568131608481793", "username": "", "text": "#พรุ่งนี้มีอะไร !!! ตารางออกอากาศ วันพฤหัสบดีที่ 21 กุมภาพันธ์ 2562 ชมผังรายการได้ที่ https:// buff.ly/2s68Kck #NEW18 #นิว18 #ช่อง18 #ตารางสารคดี #ผังรายการ #schedule #newtvdocumentary #documentary #สารคดี #สำรวจโลก pic.twitter.com/1pjbjulPuk", "date": "21-02-2019 20:00", "retweet": 0, "like": 1}, {"id": "1098552953311580160", "url": "https://twitter.com/newtv_18/status/1098552953311580160", "username": "", "text": "รายการสำรวจโลก ตอน อาณาจักรแห่งนวัตกรรม ปี 5 (ตอนที่ 3+4) วันพฤหัสบดีที่ 21 กุมภาพันธ์ 2562 เวลา 21:00 น. ทางช่องนิว18 #NEW18 #นิว18 #ช่อง18 #newtvdocumentary #documentary #สารคดี #สำรวจโลก #นวัตกรรมสุดไฮเทค #Doobs #หุ่นจำลอง #ปริ้นท์แบบสามมิติ #อุปกรณ์ช่วยชีวิตใต้น้ำขนาดเล็ก pic.twitter.com/dK4xSBRrSH", "date": "21-02-2019 19:00", "retweet": 1, "like": 1}, {"id": "1098551700686745600", "url": "https://twitter.com/newtv_18/status/1098551700686745600", "username": "", "text": "20 ปีที่รักกัน...\"เคน\" เผยเคล็ดลับชีวิตคู่ \"หน่อย\" https://www. newtv.co.th/news/30097 #new18 #นิว18 #newtv #นิวทีวี #เคนธีรเดช #เคน #เคนหน่อย #หน่อย #หน่อยบุษกร #ไอจีเคนธีรเดช #ไอจีหน่อยบุษกร #พี่เคน #เตียงหัก pic.twitter.com/JWNxwDwgLx", "date": "21-02-2019 18:55", "retweet": 0, "like": 2}, {"id": "1098544407953825793", "url": "https://twitter.com/newtv_18/status/1098544407953825793", "username": "", "text": "ไม่ต้องมายิ้มเลย \"เต้ย\" โปรยเสน่ห์แซ่บเวอร์ สาวๆ เผลอกรี๊ด !! https://www. newtv.co.th/news/30094 #new18 #นิว18 #newtv #นิวทีวี #เต้ย #พงศกร #toey_pongsakorn #เต้ยพงศกร #พ่อหมีแม่หมี #ทวีต #ทวิตเตอร์ #เปลือยอก #เปลือย #นู้ด #เต้ยแก้ผ้า #แก้ผ้า #กล้ามใหญ่ pic.twitter.com/melAozSKX5", "date": "21-02-2019 18:26", "retweet": 36, "like": 36}, {"id": "1098542914030858240", "url": "https://twitter.com/newtv_18/status/1098542914030858240", "username": "", "text": "“ธนาธร”ลั่นถูกจำคุกก็ไม่หวั่น https://www. newtv.co.th/news/30090 #ธนาธร #ฟ้ารักพ่อ #ฟ้ารักพ่อและนโยบายของพ่อ #ฟ้ารักพ่อแต่ไม่รักลุง #ธนาธร #ธนาธรจึงรุ่งเรืองกิจ #การเมือง #เลือกตั้งปี62 pic.twitter.com/x3v1UnWzSk", "date": "21-02-2019 18:20", "retweet": 1, "like": 1}, {"id": "1098537855515795456", "url": "https://twitter.com/newtv_18/status/1098537855515795456", "username": "", "text": "รายการสำรวจโลก ตอน สัตว์น้อยน่ารัก ปี 2 (ตอนที่ 5+6) วันพฤหัสบดีที่ 21 กุมภาพันธ์ 2562 เวลา 20:00 น. ทางช่องนิว18 #NEW18 #นิว18 #ช่อง18 #newtvdocumentary #documentary #สารคดี #สำรวจโลก #สมเสร็จอเมริกากลาง #ลิงบาบูน #สัตว์ตระกูลไพรเมต pic.twitter.com/I9EDAAV5sx", "date": "21-02-2019 18:00", "retweet": 0, "like": 0}, {"id": "1098536987433160705", "url": "https://twitter.com/newtv_18/status/1098536987433160705", "username": "", "text": "โฟกัสงานก่อนได้ไหมคะ ? “ชาม” อุบเลิกสามี ขอเคลียร์ตัวเองก่อน https://www. newtv.co.th/news/30079 #ชามไอยริญท์ #ชาม #ดาราเตียงหัก #ชามไอยริญท์โอสถานนท์โธมัส", "date": "21-02-2019 17:56", "retweet": 0, "like": 1}, {"id": "1098536412536688640", "url": "https://twitter.com/newtv_18/status/1098536412536688640", "username": "", "text": "เรื่องแรกในชีวิต !! “โบว์ แวนด้า” ประกบ “โอม อัชชา” ในโปรเจกต์ \"เจ้ฉอด\" https://www. newtv.co.th/news/30045 #โบว์แวนด้า #นิววงศกร #โอมอัชชา #คลับฟรายเดย์เดอะซีรีส์ #อ้อยพี่ฉอด", "date": "21-02-2019 17:54", "retweet": 0, "like": 1}, {"id": "1098536135171567616", "url": "https://twitter.com/newtv_18/status/1098536135171567616", "username": "", "text": "ตอบแทนลูก “เจ เจตริน” เคลียร์ชัด !! ทำไม “เจ้านาย” คอแดง (คลิป) https://www. newtv.co.th/news/30071 #เจ้านาย #เจเจตริน #เจ้าขุน #เจ้าสมุทร #ทีมสะใภ้มโน #ปิ่นเกจมะณี", "date": "21-02-2019 17:53", "retweet": 0, "like": 1}, {"id": "1098535793503567872", "url": "https://twitter.com/newtv_18/status/1098535793503567872", "username": "", "text": "อุปสรรคทำให้รักมากขึ้น \"เปาวลี\" รับ ขี้ระแวงจนเกือบเลิก \"เอิร์ธ\" (มีคลิป) https://www. newtv.co.th/news/30055 #เปาเปาวลี #เอิร์ธกานต์ #กิจเจริญ #เปาเอิร์ธ #แต่งงาน #คู่รักดารา", "date": "21-02-2019 17:51", "retweet": 0, "like": 3}, {"id": "1098535356368973824", "url": "https://twitter.com/newtv_18/status/1098535356368973824", "username": "", "text": "ส่อง “พอร์ช-ดาว” ควงสวีตไกลถึงแดนปลาดิบ https://www. newtv.co.th/news/30085 #พอร์ชศรัณย์ #ดาวพิมพ์ทอง #พอร์ชดาว #ทริปญี่ปุ่น #คู่รักดารา", "date": "21-02-2019 17:50", "retweet": 0, "like": 1}, {"id": "1098534455671582721", "url": "https://twitter.com/newtv_18/status/1098534455671582721", "username": "", "text": "ผอมแล้วว้อย! \"บุ๋ม ปนัดดา\" ใจกล้ายืนใบบัวยังไงแล้วไม่จม https://www. newtv.co.th/news/30091 #NEW18 #นิว18 #บุ๋มปนัดดา #boompanadda #ข่าวดารา #ข่าวบันเทิง pic.twitter.com/cygJr4x7Z8", "date": "21-02-2019 17:46", "retweet": 1, "like": 2}, {"id": "1098521553749168129", "url": "https://twitter.com/newtv_18/status/1098521553749168129", "username": "", "text": "คิดถึงแม่การะเกด \"บุพเพฯ\" ครบรอบ 1 ปี แฟนคลับเร่งเร้ากลับมาเร็วๆ เถิด (มีคลิป) https://www. newtv.co.th/news/30084 #บุพเพสันนิวาส #บุพเพสันนิวาส1ปีแล้ว #บุพเพสินนิวาส #บุพเพฯ #เบลล่าโป๊ป #โป๊ปเบลล่า #พี่หมื่น #แม่หญิงการะเกด #การะเกด pic.twitter.com/jbcw2AHsK4", "date": "21-02-2019 16:55", "retweet": 129, "like": 134}, {"id": "1098513736703258624", "url": "https://twitter.com/newtv_18/status/1098513736703258624", "username": "", "text": "\"ป๋อ\" สามีนักขุด โชว์ภาพ \"เอ๋\" วัยเด็กคาไอจี https://www. newtv.co.th/news/30041 #NEW18 #นิว18 #ป๋อณัฐวุฒิ #เอ๋พรทิพย์ #ข่าวดารา #ข่าวบันเทิง #Pohnatthawut", "date": "21-02-2019 16:24", "retweet": 0, "like": 2}, {"id": "1098507022243225600", "url": "https://twitter.com/newtv_18/status/1098507022243225600", "username": "", "text": "\"ลิซ่า\" เผยภาพค่ำคืนที่นิวยอร์ก หลังโกอินเตอร์ครั้งแรกในอเมริกา https://www. newtv.co.th/news/30075 #NEW18 #นิว18 #ลิซ่า #ลลิษามโนบาล #lalalalisa_m #BLACKPINK #ลิซ่าBLACKPINK #BLACKPINKinUSA #ข่าวบันเทิง #บันเทิงเกาหลี", "date": "21-02-2019 15:57", "retweet": 0, "like": 5}, {"id": "1098506382511243264", "url": "https://twitter.com/newtv_18/status/1098506382511243264", "username": "", "text": "ส่อง \"ปอย\" ลุค Airport Look ก่อนบินชม มิลาน แฟชั่น วีก https://www. newtv.co.th/news/30077 #new18 #นิว18 #newtv #นิวทีวี #ปอย #ปอยตรีชฎา #ตรีชฎา #น้องปอย #มิลาน #มิลานแฟชั่นวีก #อิตาลี #อิตาเลียน #Airportlook #นิวลุค #สนามบินสุวรรณภูมิ #แฟชั่น #อัพเดตแฟชั่น pic.twitter.com/HAGVyK80SH", "date": "21-02-2019 15:55", "retweet": 1, "like": 1}, {"id": "1098476439236534273", "url": "https://twitter.com/newtv_18/status/1098476439236534273", "username": "", "text": "ผบ.ทบ.โชว์สตรอง เมินถูกโจมตี https://www. newtv.co.th/news/30058 #บิ๊กแดง #อภิรัชต์ #หนักแผ่นดิน pic.twitter.com/3hZA3PF0ig", "date": "21-02-2019 13:56", "retweet": 0, "like": 0}, {"id": "1098475766017183744", "url": "https://twitter.com/newtv_18/status/1098475766017183744", "username": "", "text": "ตั้ง กก.สอบเจ้าของบริษัททัวร์แย่งปืน ตร.ยิงขมับดับ #เจ้าของทัวร์ #แย่งปืน #ยิงตัวตาย pic.twitter.com/6MFSr1yEUm", "date": "21-02-2019 13:53", "retweet": 1, "like": 0}, {"id": "1098462837054160897", "url": "https://twitter.com/newtv_18/status/1098462837054160897", "username": "", "text": "ชอบเลี้ยงเด็กมากๆ \"เอ้ก-กัปตัน\" แพลนมีลูกคนที่ 2 https://www. newtv.co.th/news/30062 #new18 #นิว18 #newtv #นิวทีวี #กัปตันภูธเนศ #กัปตันเอ้ก #เอ้ก #น้องดิน #ดิน #ลูกชายกัปตัน #ภูธเนศหงษ์มานพ pic.twitter.com/2FdV16v44T", "date": "21-02-2019 13:02", "retweet": 0, "like": 2}, {"id": "1098458884232998918", "url": "https://twitter.com/newtv_18/status/1098458884232998918", "username": "", "text": "\"รถบรรทุก นร.พลิกคว่ำ! เจ็บระนาว 35 คน\" https://www. newtv.co.th/news/30033 #NEW18 #นิว18 #newtv #นิวทีวี #รถบรรทุกนักเรียน #ตกถนน #พลิกคว่ำ #นักกีฬาฟุตบอล #ศรีสะเกษ pic.twitter.com/eB6RXvEw1o", "date": "21-02-2019 12:46", "retweet": 0, "like": 0}, {"id": "1098458706595827712", "url": "https://twitter.com/newtv_18/status/1098458706595827712", "username": "", "text": "โอ๊ย !! ไม่ไหวแล้ว “ญาญ่า” วูบกลางกองอีกครั้ง เชื่อไม่เกี่ยวเบญจเพส https://www. newtv.co.th/news/30035 #ญาญ่า #ณเดชน์ #ญาญ่าอุรัสยา #NY #ณเดชน์ญาญ่า #วูบ #เป็นลม pic.twitter.com/ZGAv2kHOmy", "date": "21-02-2019 12:45", "retweet": 3, "like": 20}, {"id": "1098455968357072896", "url": "https://twitter.com/newtv_18/status/1098455968357072896", "username": "", "text": "สาวขึ้นป้ายป้ายขับไวๆจะได้ตายเป็นเพื่อนกัน https://www. newtv.co.th/news/30051 #NEW18 #นิวทีวี #ป้ายไวนิล #เพชรบูรณ์ #อุบัติเหตุ pic.twitter.com/itjIWF00jc", "date": "21-02-2019 12:34", "retweet": 0, "like": 1}, {"id": "1098455561731883013", "url": "https://twitter.com/newtv_18/status/1098455561731883013", "username": "", "text": "เปิดวาร์ป! \"พลอยไพลิน\" ผู้สมัคร ส.ส.มหาสารคาม https://www. newtv.co.th/news/30057 #NEW18 #นิว18 #การเมือง #มหาสารคาม #พลอยไพลิน #พริตตี้ #ข่าวการเมือง #เปิดวาร์ป #เลือกตั้ง62 #เลือกตั้ง2562", "date": "21-02-2019 12:33", "retweet": 3, "like": 5}, {"id": "1098452730916421633", "url": "https://twitter.com/newtv_18/status/1098452730916421633", "username": "", "text": "แฟ้มลับคดีภาพหลุด !! สืบประวัติ \"ตงตง\" ดาวเด่นกำลังโด่ง โดนสกัดซะแล้ว https://www. newtv.co.th/news/30050 #ตงตงกฤษกร #ตงตงTheStar #ตงตง #เดอะสตาร์ #หลุดตงตง #ตงตงเดอะสตาร์ #ต้นหอม #หัวเห็ด pic.twitter.com/hH2bJTEdQU", "date": "21-02-2019 12:21", "retweet": 6, "like": 23}, {"id": "1098451246405509126", "url": "https://twitter.com/newtv_18/status/1098451246405509126", "username": "", "text": "เลิกแล้วค่ะ !! \"เลดี้ กาก้า\" ตัดสินใจถอนหมั้นแฟนหนุ่ม \"คริสเตียน คาริโน\" https://www. newtv.co.th/news/30036 #Lady #Gaga #Bradley #Cooper #Shallow #Star #is #Born #OST #Soundtrack #LadyGaga #BornThisWay #New Song #Pop #Dance #Newvideo #Gaganewvideo #MotherMonster #LadyGagasingle pic.twitter.com/OUsT8NJcaD", "date": "21-02-2019 12:16", "retweet": 0, "like": 2}, {"id": "1098450177659043841", "url": "https://twitter.com/newtv_18/status/1098450177659043841", "username": "", "text": "ระทึก!เครื่องบินคณะนายกฯขัดข้อง https://www. newtv.co.th/news/30027 #นายกรัฐมนตรี #ประยุทธ์ #เครื่องบิน #บิ๊กตู่ pic.twitter.com/bXsvyNqZjb", "date": "21-02-2019 12:11", "retweet": 2, "like": 1}, {"id": "1098449605237198848", "url": "https://twitter.com/newtv_18/status/1098449605237198848", "username": "", "text": "“มาร์ค”ปลื้มเสียงตอบรับ ปชป.ดีขึ้น https://www. newtv.co.th/news/30042 #ิอภิสิทธิ์ #มาร์ค #เลือกตั้ง #เลือกตั้ง62 #เลือกตั้ง2562 #เลือกตั้งปี62 #ประชาธิปัตย์ pic.twitter.com/mdHAbJwyBS", "date": "21-02-2019 12:09", "retweet": 1, "like": 1}, {"id": "1098449093477560322", "url": "https://twitter.com/newtv_18/status/1098449093477560322", "username": "", "text": "ศาลยกฟ้อง \"ทศพล”ชุมนุมปฏิรูปพลังงาน https://www. newtv.co.th/news/30052 #ทศพล pic.twitter.com/DwhTYvtqNr", "date": "21-02-2019 12:07", "retweet": 0, "like": 0}, {"id": "1098448634675249152", "url": "https://twitter.com/newtv_18/status/1098448634675249152", "username": "", "text": "“อนุสรณ์”ร้อง กกต.ป้ายหาเสียงถูกทำลาย https://www. newtv.co.th/news/30047 #กกต #เลือกตั้ง #เลือกตั้ง2562 #เลือกตั้งปี62 #อนุสรณ์ #ป้ายหาเสียง #เพื่อไทย pic.twitter.com/GzXDH1yIW4", "date": "21-02-2019 12:05", "retweet": 0, "like": 0}, {"id": "1098446396682756097", "url": "https://twitter.com/newtv_18/status/1098446396682756097", "username": "", "text": "ประธาน กกต.ยันมีอำนาจส่งศาล รธน.ยุบ ทษช. https://www. newtv.co.th/news/30048 #กกต #เลือกตั้ง #เลือกตั้ง2562 #เลือกตั้งปี62 #ยุบพรรค #ยุบพรรคไทยรักษาชาติ #ไทยรักษาชาติวันนี้ pic.twitter.com/2ExB3sVrGR", "date": "21-02-2019 11:56", "retweet": 1, "like": 0}, {"id": "1098439962339422208", "url": "https://twitter.com/newtv_18/status/1098439962339422208", "username": "", "text": "แซ่บชี้ด! \"เกรซ กาญจน์เกล้า\" ทำสมุยร้อนระอุ ลุกเป็นไฟ https://www. newtv.co.th/news/30046 #NEW18 #นิว18 #เกรซกาญจน์เกล้า #สมุย #เกาะสมุย #gracekanklao #ข่าวดารา #ข่าวบันเทิง pic.twitter.com/N3aYCeaEk8", "date": "21-02-2019 11:31", "retweet": 1, "like": 5}, {"id": "1098431280474030080", "url": "https://twitter.com/newtv_18/status/1098431280474030080", "username": "", "text": "ระทึก! เครื่องบินนายกฯ ขัดข้อง ภารกิจตรวจราชการภาคใต้ ไปได้ครึ่งทาง ต้องบินกลับมาเปลี่ยนเครื่องที่ดอนเมือง NEWข่าวชนข่าวเที่ยง วันที่ 21 กุมภาพันธ์ 2562 พบ #ข่าวชนข่าวเที่ยง วันจันทร์-ศุกร์ เวลา 12:00-13:10 น. ทาง #NEW18 #นิว18 ชมออนไลน์ http://www. newtv.co.th/live #บิ๊กตู่ #ลุงตู่ pic.twitter.com/OO0zBPJLKM", "date": "21-02-2019 10:56", "retweet": 1, "like": 3}, {"id": "1098419977047003136", "url": "https://twitter.com/newtv_18/status/1098419977047003136", "username": "", "text": "“ธนาธร”ไม่เสียขวัญถูกเร่งรัดคดี #new18 #อนาคตใหม่ #ฟ้ารักพ่อ https://www. newtv.co.th/news/30016", "date": "21-02-2019 10:11", "retweet": 1, "like": 2}, {"id": "1098419851771564032", "url": "https://twitter.com/newtv_18/status/1098419851771564032", "username": "", "text": "\"ก้อง ห้วยไร่\" เปิดใจแต่งงานนานแล้ว แค่เพิ่งมาบอก https://www. newtv.co.th/news/30038 #NEW18 #นิว18 #ก้องห้วยไร่ #แต่งงาน #konglha_30 #ข่าวดารา #ข่าวบันเทิง", "date": "21-02-2019 10:11", "retweet": 0, "like": 2}, {"id": "1098401653550710784", "url": "https://twitter.com/newtv_18/status/1098401653550710784", "username": "", "text": "วันนี้มีอะไร: 21 กุมภาพันธ์ วันภาษาแม่สากล (International Mother Language Day) >> http://www. newtv.co.th/news/30011 << #ข่าวนิว18 #new18 #นิว18 #newtv #นิวทีวี #21กุมภาพันธ์ #21stFeb #วันนี้มีอะไร #วันนี้ในอดีต #วันภาษาแม่สากล #InternationalMotherLanguageDay #ron_patarapon pic.twitter.com/MQGc44SwLZ", "date": "21-02-2019 08:58", "retweet": 0, "like": 3}, {"id": "1098400529997152257", "url": "https://twitter.com/newtv_18/status/1098400529997152257", "username": "", "text": "สองเพื่อนซี้ “นุ่น-เจี๊ยบ” เปลี่ยนหิมะเป็นรันเวย์ https://www. newtv.co.th/news/30002 #นุ่นวรนุช #เจี๊ยบโสภิตนภา #นุ่นเจีียบ #เจี๊ยบนุ่น #ทริปยุโรป", "date": "21-02-2019 08:54", "retweet": 1, "like": 1}, {"id": "1098399904253112320", "url": "https://twitter.com/newtv_18/status/1098399904253112320", "username": "", "text": "ไร้กังวลปัญหาเลือดจาง “มาร์กี้” ใกล้คลอดลูกแฝด https://www. newtv.co.th/news/30006 #มาร์กี้ราศี #ป๊อกภัสสรกรณ์ #ป๊อกมาร์กี้ #ลูกแฝด #ดารามีลูก #จิราธิวัฒน์", "date": "21-02-2019 08:51", "retweet": 0, "like": 1}, {"id": "1098188082270990339", "url": "https://twitter.com/newtv_18/status/1098188082270990339", "username": "", "text": "“คงชีพ”แจงงบ กห. ไม่มีซ่อนเร้น https://www. newtv.co.th/news/30012 #กลาโหม #งบกองทัพ #งบกลาโหม #คงชีพ pic.twitter.com/EvXz7SnSCd", "date": "20-02-2019 18:50", "retweet": 0, "like": 1}, {"id": "1098187473169989633", "url": "https://twitter.com/newtv_18/status/1098187473169989633", "username": "", "text": "\"อนุทิน\"อัดใครสุมไฟขัดแย้ง \"หนักแผ่นดิน\" https://www. newtv.co.th/news/30008 #อนุทิน #การเมือง #เลือกตั้ง2562 #เลือกตั้ง62 #เลือกตั้ง #ภูมิใจไทย pic.twitter.com/vhWCjFGcjv", "date": "20-02-2019 18:47", "retweet": 0, "like": 1}, {"id": "1098180528174452736", "url": "https://twitter.com/newtv_18/status/1098180528174452736", "username": "", "text": "เปิดอ่างอาบน้ำสุดหรู \"จ๊ะ อาร์สยาม\" ที่บ้านนอก https://www. newtv.co.th/news/30010 #NEW18 #นิว18 #จ๊ะอาร์สยาม #อ่างอาบน้ำ #อ่างทอง #jaja_nongpanee #นักร้องลูกทุ่ง #ข่าวดารา #ข่าวบันเทิง", "date": "20-02-2019 18:20", "retweet": 0, "like": 3}, {"id": "1098178206266355712", "url": "https://twitter.com/newtv_18/status/1098178206266355712", "username": "", "text": "ไวร์เลสอยู่ไหนเอ่ย ? \"บุ๋ม\" โพสต์ความระทมในชุดรัดติ้ว ไทยมุงแห่ขอขมามองแต่ \"นม\" (คลิป) https://www. newtv.co.th/news/30009 #บุ๋ม #อะไรดีบุ๋มก็ว่าดี #บุ๋มปนัดดา #ปนัดดาวงศ์ผู้ดี #นมใหญ่ #หุ่นดี pic.twitter.com/gxauVtZd4n", "date": "20-02-2019 18:11", "retweet": 0, "like": 1}, {"id": "1098175553255993344", "url": "https://twitter.com/newtv_18/status/1098175553255993344", "username": "", "text": "รายการสำรวจโลก ตอน เปิดป่าอิสราเอล (ตอนที่ 4) วันพุธที่ 20 กุมภาพันธ์ 2562 เวลา 20:00 น. ทางช่องนิว18 #NEW18 #นิว18 #ช่อง18 #newtvdocumentary #documentary #สารคดี #สำรวจโลก #อิสราเอล #ทะเลเขตร้อน #ทะเลทราย pic.twitter.com/KnDK3imaYI", "date": "20-02-2019 18:00", "retweet": 0, "like": 0}, {"id": "1098173710144462848", "url": "https://twitter.com/newtv_18/status/1098173710144462848", "username": "", "text": "ด่วน! แผ่นดินไหว “ลำปาง” ระทึกต่อเนื่อง 14 ครั้ง https://www. newtv.co.th/news/30007 #NEW18 #นิว18 #newtv #นิวทีวี #เหตุระทึก #แผ่นดินไหว #แรงสั่นสะเทือน #อำเภอวังเหนือ #ลำปาง pic.twitter.com/bWJDDBUbgd", "date": "20-02-2019 17:53", "retweet": 1, "like": 0}, {"id": "1098171082475851776", "url": "https://twitter.com/newtv_18/status/1098171082475851776", "username": "", "text": "\"แพนเค้ก\" สุดเจ๋ง เข้าชิงรางวัลระดับโลก https://www. newtv.co.th/news/30005 #NEW18 #นิว18 #แพนเค้ก #เขมนิจ #เขมนิจจามิกรณ์ #Khemanito #NewYorkFestival #BestPerformanceByAnActress #ข่าวดารา #ข่าวบันเทิง", "date": "20-02-2019 17:42", "retweet": 0, "like": 3}, {"id": "1098162675593277440", "url": "https://twitter.com/newtv_18/status/1098162675593277440", "username": "", "text": "ลำปาง แผ่นดินไหว ขนาด 4.9 แผ่นดินไหว 14 ครั้ง อ.วังเหนือ ลำปาง แรงสั่นสะเทือนทำให้ สิ่งก่อสร้าง อาคาร บ้านเรือน เกิดรอยแตกร้าว Cr. ภาพ : สมาคมกู้ภัยวังเหนือ จ.ลำปาง #NEW18 #นิว18 #ลำปาง #แผ่นดินไหว #Earthquake #Lampang pic.twitter.com/xah2vR5tVa", "date": "20-02-2019 17:09", "retweet": 14, "like": 1}, {"id": "1098160783379259392", "url": "https://twitter.com/newtv_18/status/1098160783379259392", "username": "", "text": "นางร้ายหน้าสวย “เบญ” รับคุยหนุ่มต่างช่อง อุบตอบเป็นใคร https://www. newtv.co.th/news/29984 #เบญเรวิญานันท์ #เบญสงครามนางงาม #สงครามนักปั้น #one31 #ดาราช่องone", "date": "20-02-2019 17:01", "retweet": 0, "like": 2}, {"id": "1098160666144210944", "url": "https://twitter.com/newtv_18/status/1098160666144210944", "username": "", "text": "\"ต้นหอม\" โต้โปรดใช้วิจารณญาณ หลังมีแชตไลน์แฉดารา ปลอม อย. https://www. newtv.co.th/news/29996 #NEW18 #นิว18 #ดีเจต้นหอม #djtonhorm #ข่าวดารา #ข่าวบันเทิง", "date": "20-02-2019 17:01", "retweet": 1, "like": 2}, {"id": "1098149869301071872", "url": "https://twitter.com/newtv_18/status/1098149869301071872", "username": "", "text": "ผลักดัน “เต่ามะเฟือง” ขึ้นบัญชีสัตว์สงวนของไทย https://www. newtv.co.th/news/29997 #NEW18 #นิว18 #newtv #นิวทีวี #เต่ามะเฟือง #ฟักไข่ #สัตว์สงวนแห่งชาติ #สัตว์สงวนของไทย #ขึ้นบัญชี #กฎหมายคุ้มครอง #เอ็มโอยู pic.twitter.com/FcxYkq5oPD", "date": "20-02-2019 16:18", "retweet": 4, "like": 3}, {"id": "1098147653165113349", "url": "https://twitter.com/newtv_18/status/1098147653165113349", "username": "", "text": "พปชร.ปราศรัยใหญ่ 21 ก.พ.ขอคะแนนชาวนา https://www. newtv.co.th/news/29993 #พปชร #การเมือง #เลือกตั้ง2562 #เลือกตั้ง62 #เลือกตั้ง pic.twitter.com/KZ0BRrEBtJ", "date": "20-02-2019 16:09", "retweet": 0, "like": 1}, {"id": "1098141533260247040", "url": "https://twitter.com/newtv_18/status/1098141533260247040", "username": "", "text": "“สุเทพ”ยันไม่ร่วมงานพรรคระบอบทักษิณ https://www. newtv.co.th/news/29990 #การเมือง #เลือกตั้ง2562 #เลือกตั้ง62 #เลือกตั้ง #สุเทพ pic.twitter.com/LBxP8ieENS", "date": "20-02-2019 15:45", "retweet": 0, "like": 0}, {"id": "1098138261195698176", "url": "https://twitter.com/newtv_18/status/1098138261195698176", "username": "", "text": "ออร่าเจ้าสาวจับ...\"อั้ม-พก\" พบปะสองครอบครัว https://www. newtv.co.th/news/29991 #new18 #นิว18 #newtv #นิวทีวี #อั้ม #อั้มพัชราภา #พก #ไฮโซพก #พกพรประภา #พัชราภา #แม่อั้ม #พัชราภาไชยเชื้อ #ดูตัส #อั้มแต่งงาน #แต่งงานอั้ม #ซุปตาร์ pic.twitter.com/IbXhraxQwQ", "date": "20-02-2019 15:32", "retweet": 0, "like": 1}, {"id": "1098129940862496768", "url": "https://twitter.com/newtv_18/status/1098129940862496768", "username": "", "text": "สาวดอกหญ้าหน้าสด \"ต่าย อรทัย\" โชว์ชุดว่ายน้ำ https://www. newtv.co.th/news/29987 #NEW18 #นิว18 #ต่ายอรทัย #tai_orathai27 #ชุดว่ายน้ำ #Sexy #ข่าวดารา #นักร้องลูกทุ่ง #ข่าวบันเทิง", "date": "20-02-2019 14:59", "retweet": 0, "like": 10}, {"id": "1098125996417380352", "url": "https://twitter.com/newtv_18/status/1098125996417380352", "username": "", "text": "คอนเฟิร์มแล้ว “ปาร์ค บอม” คัมแบ็กเดี่ยวในเดือนหน้า https://www. newtv.co.th/news/29963 #ปาร์คบอม #ปาร์คบอม2NE1 #2Ne1 #ศิลปินเกาหลี #คัมแบ็คเดี่ยว", "date": "20-02-2019 14:43", "retweet": 0, "like": 2}, {"id": "1098125516547096576", "url": "https://twitter.com/newtv_18/status/1098125516547096576", "username": "", "text": "“กอบศักดิ์”บุกโคราชขอโอกาส พปชร.รับใช้ https://www. newtv.co.th/news/29978 #พปชร #การเมือง #เลือกตั้ง2562 #เลือกตั้ง62 #เลือกตั้ง pic.twitter.com/EqHTaKgaus", "date": "20-02-2019 14:41", "retweet": 0, "like": 0}, {"id": "1098120328893485056", "url": "https://twitter.com/newtv_18/status/1098120328893485056", "username": "", "text": "ดวงใจใฝ่ธรรม \"น้องปีใหม่\" จูง \"แม่แอฟ\" ทำทานวันพระใหญ่ ตั้งชื่อ-ไถ่ชีวิตโคแม่ลูก https://www. newtv.co.th/news/29958 #new18 #นิว18 #newtv #นิวทีวี #แอฟทักษอร #ปีใหม่ #น้องปีใหม่ #แม่แอฟ #แอฟ #มาฆบูชา #ไถ่ชีวิตโคกระบือ #ไถ่ชีวิต #โคกระบือ #ทำบุญ #วันพระใหญ่ #วันพระ #เข้าวัดทำบุญ #เอื้อเฟื้อ pic.twitter.com/atoJqR9ZCZ", "date": "20-02-2019 14:21", "retweet": 1, "like": 4}, {"id": "1098119884104294401", "url": "https://twitter.com/newtv_18/status/1098119884104294401", "username": "", "text": "ไปก่อนไม่รอแล้วนะ...ไอจี \"ใหม่\" แซง \"ชมพู่\" ฉิวเฉียด https://www. newtv.co.th/news/29968 #new18 #นิว18 #newtv #นิวทีวี #ใหม่ดาวิกา #ดาวิกาโฮร์เน่ #ชมพู่อารยา #ชมพู่ #ใหม่ #ไอจีใหม่ #ไอจีชมพู่ #ยอดฟอลโลเวอร์ #ไอจี #อินสตาแกรม #ยอดตามไอจี #instagram #IG pic.twitter.com/l2ZNpsTMOm", "date": "20-02-2019 14:19", "retweet": 0, "like": 6}, {"id": "1098118651813621760", "url": "https://twitter.com/newtv_18/status/1098118651813621760", "username": "", "text": "เซอร์ไพรส์ !! \"ออร์แลนโด-เคที่ เพอร์รี่\" หมั้นกันแล้วหลังปาร์ตี้วาเลนไทน์ https://www. newtv.co.th/news/29948 #new18 #นิว18 #newtv #นิวทีวี #ออร์แลนโดบลูม #เคที่เพอร์รี่ #ขอแต่งงาน #Katyperry #darkhorse #official #musicvideo #juicyj #katyperrydarkhorse #darkhorsevideo #prism #OrlandoBloom pic.twitter.com/amBw0W1PPV", "date": "20-02-2019 14:14", "retweet": 0, "like": 3}, {"id": "1098118282375094272", "url": "https://twitter.com/newtv_18/status/1098118282375094272", "username": "", "text": "คุกตลอดชีวิต #โมนา อดีตสาวงามใจเหี้ยม ฆ่าอำพรางศพ #น้องน้ำ อดีตสาวใช้ NEWข่าวชนข่าวเย็น วันที่ 20 กุมภาพันธ์ 2562 พบ #ข่าวชนข่าวเย็น วันจันทร์-ศุกร์ เวลา 16:05-17:45น. ทาง #NEW18 #นิว18 ชมออนไลน์ http://www. newtv.co.th/live ดูย้อนหลัง http://www. newtv.co.th/programs pic.twitter.com/L3BKrNuCJz", "date": "20-02-2019 14:12", "retweet": 3, "like": 1}, {"id": "1098118043966685185", "url": "https://twitter.com/newtv_18/status/1098118043966685185", "username": "", "text": "เริ่ดไปอีก...\"ปารีส ฮิลตัน\" ฟอลโลว์ไอจี \"ปุ๊กลุก\" https://www. newtv.co.th/news/29982 #new18 #นิว18 #newtv #นิวทีวี #ปุ๊กลุก #ปุ๊กลุกฝนทิพย์ #ฝนทิพย์ #ปารีสฮิลตัน #ปารีส #ฮิลตัน #ไฮโซปารีสฮิลตัน #โรงแรมฮิลตัน #นิวยอร์กแฟชั่นวีก #แฟชั่นวีก #นิวยอร์ก #แฟชั่น #ตีสนิท #เจ้าหญิงแห่งวงการตีสนิท pic.twitter.com/zVUMSVeHR4", "date": "20-02-2019 14:11", "retweet": 0, "like": 1}, {"id": "1098114596773146625", "url": "https://twitter.com/newtv_18/status/1098114596773146625", "username": "", "text": "สมเด็จพระเทพฯ ทรงอุ้มเด็กน้อย ขณะเสด็จฯ เสวยพระกระยาหาร ปัจจุบันเด็กน้อยคนนี้คือใคร? https://www. newtv.co.th/news/29976 #ทรงพระเจริญ #NEW18 #นิว18 #เด็กน่ารัก #เด็ก", "date": "20-02-2019 13:58", "retweet": 0, "like": 5}, {"id": "1098113009505816576", "url": "https://twitter.com/newtv_18/status/1098113009505816576", "username": "", "text": "เร่งปรับ “หาด” กลางน้ำโขง สร้างแหล่งท่องเที่ยวฤดูร้อน https://www. newtv.co.th/news/29952 #NEW18 #นิว18 #newtv #นิวทีวี #หาดแห่ #หาดกลางแม่น้ำโขง #แหล่งท่องเที่ยวฤดูร้อน #ทะเลอีสาน #นครพนม pic.twitter.com/Xcq8CHsa0n", "date": "20-02-2019 13:51", "retweet": 3, "like": 3}, {"id": "1098109260750155777", "url": "https://twitter.com/newtv_18/status/1098109260750155777", "username": "", "text": "แฟนอนุญาตแล้ว “น้ำตาล” จัดเซ็กซี่เบาๆ โชว์หลังทั้งแผ่น https://www. newtv.co.th/news/29956 #น้ำตาลพิจักขณา #ไผ่พาทิศ #ไผ่น้ำตาล #คู่รักดารา #คู่รักต่างช่อง", "date": "20-02-2019 13:37", "retweet": 1, "like": 2}, {"id": "1098108892750311424", "url": "https://twitter.com/newtv_18/status/1098108892750311424", "username": "", "text": "ไม่หวั่นบทพระเอกไม่ดัง “ปั้นจั่น” ยิ้มรับเป็นพระรองเบอร์หนึ่ง https://www. newtv.co.th/news/29946 #ปั้นจั่นปรมะ #ปั้นจั่น #ทองเอกหมอยาท่าโฉลง #บุพเพสันนิวาส #ปั้นจั่นฐิสา", "date": "20-02-2019 13:35", "retweet": 9, "like": 15}, {"id": "1098107218023444483", "url": "https://twitter.com/newtv_18/status/1098107218023444483", "username": "", "text": "คุก “โมนา”ตลอดชีวิตฆ่า “น้องน้ำ”ฝังดิน https://www. newtv.co.th/news/29973 #โมนา #ฆ่าฝังดิน #น้องน้ำ pic.twitter.com/hJ7xvhiQng", "date": "20-02-2019 13:28", "retweet": 0, "like": 1}, {"id": "1098106974586101761", "url": "https://twitter.com/newtv_18/status/1098106974586101761", "username": "", "text": "“อภิสิทธิ์”ลั่นนโยบาย ปชป.ของแท้แน่นอน https://www. newtv.co.th/news/29975 #หาเสียง #เลือกตั้งปี62 #เลือกตั้ง #อภิสิทธิ์ #มาร์ค #ประชาธิปัตย์ pic.twitter.com/IvzuDy4Ha6", "date": "20-02-2019 13:27", "retweet": 1, "like": 1}, {"id": "1098092004288806913", "url": "https://twitter.com/newtv_18/status/1098092004288806913", "username": "", "text": "“อนุทิน”อ้อนชาว กทม.เบื่อแบบเดิมเลือก ภท. https://www. newtv.co.th/news/29939 #หาเสียง #เลือกตั้งปี62 #เลือกตั้ง #ภูมิใจไทย #อนุทิน pic.twitter.com/nqtLIWsleo", "date": "20-02-2019 12:28", "retweet": 0, "like": 0}, {"id": "1098091477610094592", "url": "https://twitter.com/newtv_18/status/1098091477610094592", "username": "", "text": "“พิชัย”แนะเลื่อนพิจารณา พ.ร.บ.ข้าว https://www. newtv.co.th/news/29953 #ข้าว #พิชัย pic.twitter.com/7jX659Qn9G", "date": "20-02-2019 12:26", "retweet": 0, "like": 0}, {"id": "1098090687633866752", "url": "https://twitter.com/newtv_18/status/1098090687633866752", "username": "", "text": "พปชร. เปิด 5 นโยบายเศรษฐกิจ กทม. https://www. newtv.co.th/news/29965 #พลังประชารัฐ #หาเสียง #เลือกตั้งปี62 #เลือกตั้ง pic.twitter.com/V8zF2FGmDf", "date": "20-02-2019 12:23", "retweet": 0, "like": 1}, {"id": "1098090151518003200", "url": "https://twitter.com/newtv_18/status/1098090151518003200", "username": "", "text": "อัยการพิจารณา 27 ก.พ. “ธนาธร”ไลฟ์วิจารณ์ คสช. https://www. newtv.co.th/news/29959 #ธนาธร #ธนาธรจึงรุ่งเรืองกิจ #อนาคตใหม่ pic.twitter.com/oy8D8dkN2B", "date": "20-02-2019 12:21", "retweet": 1, "like": 4}, {"id": "1098088379206385665", "url": "https://twitter.com/newtv_18/status/1098088379206385665", "username": "", "text": "“สนธิรัตน์” ชี้ปฏิรูปกองทัพไม่ใช่เรื่องเร่งด่วน https://www. newtv.co.th/news/29967 #ปฏิรูปกองทัพ #หนักแผ่นดิน #พลังประชารัฐ pic.twitter.com/j7uG8PoLFy", "date": "20-02-2019 12:14", "retweet": 0, "like": 0}, {"id": "1098077382747930624", "url": "https://twitter.com/newtv_18/status/1098077382747930624", "username": "", "text": "เตือน #ฆ่าตัวตาย จุดเตาถ่านรมควัน สุดทรมาน #ปวดหัว #คลื่นไส้ หัวใจเต้นเร็ว NEWข่าวชนข่าวเที่ยง วันที่ 20 กุมภาพันธ์ 2562 พบ #ข่าวชนข่าวเที่ยง วันจันทร์-ศุกร์ เวลา 12:00-13:10 น. ทาง #NEW18 #นิว18 ชมออนไลน์ http://www. newtv.co.th/live ดูย้อนหลัง http://www. newtv.co.th/programs pic.twitter.com/c2JQ46Roi8", "date": "20-02-2019 11:30", "retweet": 1, "like": 1}, {"id": "1098073993939042305", "url": "https://twitter.com/newtv_18/status/1098073993939042305", "username": "", "text": "โชว์กล้ามเป็นมัดๆ \"ไทก้า\" อาบแดดเที่ยวทะเลครั้งแรก (คลิป) https://www. newtv.co.th/news/29957 #NEW18 #นิว18 #ไทก้า #นิวเคลียร์ #เพชรจ้า #พัทยา #ข่าวดารา #ลูกดารา #เด็กน่ารัก #คลิปดารา #ข่าวบันเทิง", "date": "20-02-2019 11:16", "retweet": 0, "like": 2}, {"id": "1098068985235496960", "url": "https://twitter.com/newtv_18/status/1098068985235496960", "username": "", "text": "เร่งล่า “2 ไอ้โม่ง” ลอบบึ้ม! ตู้เอทีเอ็ม https://www. newtv.co.th/news/29945 #NEW18 , #นิว18 #newtv #นิวทีวี #สองคนร้าย #ไอ้โม่ง #ลอบวางระเบิด #วางบึ้ม #ตู้เอทีเอ็ม #ธนาคารกรุงเทพ #สหกรณ์เครดิตยูเนียน #จันทบุรี pic.twitter.com/df3lX93IW8", "date": "20-02-2019 10:57", "retweet": 0, "like": 1}, {"id": "1098061688127991811", "url": "https://twitter.com/newtv_18/status/1098061688127991811", "username": "", "text": "\"แก้ม\" ผอมแล้ว แจ่มว้าว โชว์หุ่นสวยที่มัลดีฟส์ (คลิป) https://www. newtv.co.th/news/29949 #NEW18 #นิว18 #แก้มวิชญาณี #gamwichayanee #Maldives #มัลดีฟส์ #Diva #เดอะสตาร์4 #ข่าวดารา #ข่าวบันเทิง", "date": "20-02-2019 10:28", "retweet": 106, "like": 254}, {"id": "1098047050107633664", "url": "https://twitter.com/newtv_18/status/1098047050107633664", "username": "", "text": "ดูดวงชะตา 12 ลัคนาราศี กับ พิพัฒน์ NEW18 วันที่ 16-28 ก.พ. 2562 (คลิป) https://www. newtv.co.th/news/29932 #NEW18 #นิว18 #ดูดวง #12ลัคนาราศี #ดวงชะตา #ลัคนาราศี", "date": "20-02-2019 09:29", "retweet": 0, "like": 4}, {"id": "1098024730219536384", "url": "https://twitter.com/newtv_18/status/1098024730219536384", "username": "", "text": "วันนี้มีอะไร: 20 กุมภาพันธ์ วันทนายความ >> http://www. newtv.co.th/news/29824 << #ข่าวนิว18 #new18 #นิว18 #newtv #นิวทีวี #20กุมภาพันธ์ #20thFeb #วันนี้มีอะไร #วันนี้ในอดีต #วันทนายความ #Rihanna #Joepause pic.twitter.com/PQ8U50Hc4S", "date": "20-02-2019 08:01", "retweet": 0, "like": 1}, {"id": "1097843403860119555", "url": "https://twitter.com/newtv_18/status/1097843403860119555", "username": "", "text": "#พรุ่งนี้มีอะไร !!! ตารางออกอากาศ วันพุธที่ 20 กุมภาพันธ์ 2562 ----------------------------------------------------- ชมผังรายการได้ที่ https:// buff.ly/2s68Kck #NEW18 #นิว18 #ช่อง18 #ตารางสารคดี #ผังรายการ #schedule #newtvdocumentary #documentary #สารคดี #สำรวจโลก pic.twitter.com/MCKKt4RkED", "date": "19-02-2019 20:00", "retweet": 0, "like": 0}, {"id": "1097828195271954432", "url": "https://twitter.com/newtv_18/status/1097828195271954432", "username": "", "text": "รายการสำรวจโลก ตอน โมบีดิก สัตว์ยักษ์ทะเลลึก วันอังคารที่ 19 กุมภาพันธ์ 2562 เวลา 21:00 น. ทางช่องนิว18 #NEW18 #นิว18 #ช่อง18 #newtvdocumentary #documentary #สารคดี #สำรวจโลก #โมบีดิก #สัตว์ยักษ์ทะเลลึก #วาฬ pic.twitter.com/DZLTR6NBgv", "date": "19-02-2019 19:00", "retweet": 1, "like": 0}, {"id": "1097813120100327424", "url": "https://twitter.com/newtv_18/status/1097813120100327424", "username": "", "text": "รายการสำรวจโลก ตอน ต้นแบบแห่งผืนป่า วันอังคารที่ 19 กุมภาพันธ์ 2562 เวลา 20:00 น. ทางช่องนิว18 #NEW18 #นิว18 #ช่อง18 #newtvdocumentary #documentary #สารคดี #สำรวจโลก #ดินแดนแห้งแล้ง #ยอดเขาหนาวเหน็บ #ทะเลทราย pic.twitter.com/sE0ruoGtx0", "date": "19-02-2019 18:00", "retweet": 0, "like": 1}, {"id": "1097801567359557632", "url": "https://twitter.com/newtv_18/status/1097801567359557632", "username": "", "text": "นมหก อกทะลัก \"คิม คาร์เดเชียน\" จัดชุดเด็ด งาน Hollywood Beauty Awards https://www. newtv.co.th/news/29918 #NEW18 #นิว18 #พรมแดง #นมหก #อกทะลัก #Sexy #ข่าวดารา #ข่าวบันเทิง #บันเทิงต่างประเทศ #KimKardashian #Kardashian", "date": "19-02-2019 17:14", "retweet": 0, "like": 2}, {"id": "1097766014228414464", "url": "https://twitter.com/newtv_18/status/1097766014228414464", "username": "", "text": "แฉดารา แชตไลน์หลุด ทำอาหารเสริม ปลอม อย. https://www. newtv.co.th/news/29916 #NEW18 #นิว18 #แฉ #ดารา #อาหารเสริม #ปลอม #อย . #ข่าวดารา #ข่าวบันเทิง", "date": "19-02-2019 14:53", "retweet": 7, "like": 4}, {"id": "1097754565879902208", "url": "https://twitter.com/newtv_18/status/1097754565879902208", "username": "", "text": "\"เต้\" กันตนา\" นำทีม จัดหนักแซ่บซี้ด! https://www. newtv.co.th/news/29914 #NEW18 #นิว18 #เต้กันตนา #เดอะเฟซไทยแลนด์ #TheFaceThailand #เปลือย #ข่าวดารา #ข่าวบันเทิง", "date": "19-02-2019 14:07", "retweet": 0, "like": 2}, {"id": "1097711855315742720", "url": "https://twitter.com/newtv_18/status/1097711855315742720", "username": "", "text": "รักสะบั้น! \"ชาม\" เลิก \"เจมส์\" โต้ข่าวโดนทำร้าย https://www. newtv.co.th/news/29912 #NEW18 #นิว18 #ชามโอสถานนท์ #ชาม #เจมส์โธมัส #ข่าวดารา #ข่าวบันเทิง #Charm .os", "date": "19-02-2019 11:17", "retweet": 0, "like": 3}, {"id": "1097702943644561408", "url": "https://twitter.com/newtv_18/status/1097702943644561408", "username": "", "text": "\"พอร์ช\" ร่ายยาว ฉะเดือดคาไอจี https://www. newtv.co.th/news/29911 #NEW18 #นิว18 #พอร์ช #Porshe_saran #พอร์ชศรัณย์ #ข่าวดารา #ข่าวบันเทิง", "date": "19-02-2019 10:42", "retweet": 0, "like": 2}, {"id": "1097696943575203840", "url": "https://twitter.com/newtv_18/status/1097696943575203840", "username": "", "text": "อำลาแม่ \"ป๊อป อารียา\" ระลึกครั้งสุดท้าย https://www. newtv.co.th/news/29910 #NEW18 #นิว18 #ป๊อปอารียา #Pop_areeya #คุณแม่ #RIP #ข่าวดารา #นางสาวไทย", "date": "19-02-2019 10:18", "retweet": 1, "like": 3}, {"id": "1097655465666764800", "url": "https://twitter.com/newtv_18/status/1097655465666764800", "username": "", "text": "วันนี้มีอะไร: 19 กุมภาพันธ์ วันมาฆบูชา >> http://www. newtv.co.th/news/29822 << #ข่าวนิว18 #new18 #นิว18 #newtv #นิวทีวี #19กุมภาพันธ์ #19thFeb #วันนี้มีอะไร #วันนี้ในอดีต #วันมาฆบูชา pic.twitter.com/JAA1IsGVa7", "date": "19-02-2019 07:33", "retweet": 0, "like": 3}, {"id": "1097639454561443840", "url": "https://twitter.com/newtv_18/status/1097639454561443840", "username": "", "text": "19 กุมภาพันธ์ 2562 วันมาฆบูชา ขึ้น 15 ค่ำ เดือน 3 #NEW18 #วันหยุด #วันสำคัญ #วันมาฆบูชา pic.twitter.com/WOJSEujyP1", "date": "19-02-2019 06:30", "retweet": 0, "like": 0}, {"id": "1097629336503549952", "url": "https://twitter.com/newtv_18/status/1097629336503549952", "username": "", "text": "วันนี้วันพระ วันอังคารที่ 19 กุมภาพันธ์ 2562 ขึ้น ๑๕ ค่ำ เดือนสาม(๓) ปีจอ น มิยฺยมานํ ธนมนฺเวติ กิญฺจิ ทรัพย์สักนิดก็ติดตามคนตายไปไม่ได้ พุทธศาสนสุภาษิต #NEW18 #วันพระ #วันนี้วันพระ #ธรรมะ #อนุโมทนาสาธุ #สาธุ #ทำบุญ #คำสอน pic.twitter.com/31dhysP8zD", "date": "19-02-2019 05:50", "retweet": 2, "like": 6}, {"id": "1097480910151340033", "url": "https://twitter.com/newtv_18/status/1097480910151340033", "username": "", "text": "#พรุ่งนี้มีอะไร !!! ตารางออกอากาศ วันอังคารที่ 19 กุมภาพันธ์ 2562 ----------------------------------------------------- ชมผังรายการได้ที่ https:// buff.ly/2s68Kck #NEW18 #นิว18 #ช่อง18 #ตารางสารคดี #ผังรายการ #schedule #newtvdocumentary #documentary #สารคดี #สำรวจโลก pic.twitter.com/KAoymDi4Zr", "date": "18-02-2019 20:00", "retweet": 0, "like": 0}, {"id": "1097471341467320322", "url": "https://twitter.com/newtv_18/status/1097471341467320322", "username": "", "text": "“จตุพร”ห่วงสัญญาณ ผบ.ทบ.ไปไม่ถึง 24 มี.ค. https://www. newtv.co.th/news/29895 #หนักแผ่นดิน #การเมือง #เลือกตั้ง #เลือกตั้ง62 #เลือกตั้งปี2562 #เลือกตั้งประเทศไทย2562 #จตุพร pic.twitter.com/vdpJkQElBb", "date": "18-02-2019 19:22", "retweet": 2, "like": 1}, {"id": "1097470865149616129", "url": "https://twitter.com/newtv_18/status/1097470865149616129", "username": "", "text": "ไทยเข้าฤดูร้อน 21 ก.พ. https://www. newtv.co.th/news/29896 #ฤดูร้อน #ร้อน pic.twitter.com/aLyvJxA9o6", "date": "18-02-2019 19:20", "retweet": 2, "like": 2}, {"id": "1097465905758564352", "url": "https://twitter.com/newtv_18/status/1097465905758564352", "username": "", "text": "รายการสำรวจโลก ตอน มหัศจรรย์สิ่งประดิษฐ์ (ตอนที่ 7+8) วันจันทร์ที่ 18 กุมภาพันธ์ 2562 เวลา 21:00 น. ทางช่องนิว18 #NEW18 #นิว18 #ช่อง18 #newtvdocumentary #documentary #สารคดี #สำรวจโลก #มหัศจรรย์สิ่งประดิษฐ์ #เครื่องฉายภาพ #กังหันลมผลิตพลังงาน #ประติมากรรม pic.twitter.com/I4ve5cRcGE", "date": "18-02-2019 19:00", "retweet": 0, "like": 1}, {"id": "1097458581253763072", "url": "https://twitter.com/newtv_18/status/1097458581253763072", "username": "", "text": "แทบสิ้นเนื้อ !! \"จอห์นสัน เทวินธวิ์\" พาพวกร้องโดนหลอกเล่นบิตคอยน์สูญกว่า 42 ล. https://www. newtv.co.th/news/29893 #new18 #นิว18 #newtv #นิวทีวี #บิตคอยน์ #ลงทุน #ต้มตุ๋น #จอห์นสัน #จอห์นสันเทวินธวิ์ #โดนต้ม #โดนตุ๋น #เหยื่อตุ๋น #ร้องทุกข์ #เว็บปลอม pic.twitter.com/i0cvDf71CX", "date": "18-02-2019 18:31", "retweet": 1, "like": 0}, {"id": "1097458046039580673", "url": "https://twitter.com/newtv_18/status/1097458046039580673", "username": "", "text": "“สุดารัตน์”เตือน ผบ.ทบ.วางตัวเป็นกลาง https://www. newtv.co.th/news/29887 #หนักแผ่นดิน #การเมือง #เลือกตั้ง #เลือกตั้ง62 #เลือกตั้งปี2562 #เลือกตั้งประเทศไทย2562 #เพื่อไทย #สุดารัตน์ pic.twitter.com/9vwMHxpCL5", "date": "18-02-2019 18:29", "retweet": 4, "like": 5}, {"id": "1097457443351621632", "url": "https://twitter.com/newtv_18/status/1097457443351621632", "username": "", "text": "“อนาคตใหม่”ยก “ประเทศกูมี”สู้ “หนักแผ่นดิน” https://www. newtv.co.th/news/29892 #อนาคตใหม่ #ประเทศกูมี #หนักแผ่นดิน pic.twitter.com/JRFvtcZ9Y1", "date": "18-02-2019 18:26", "retweet": 24, "like": 30}, {"id": "1097452005147107328", "url": "https://twitter.com/newtv_18/status/1097452005147107328", "username": "", "text": "\"เกาะสมุยคึกคัก! แห่ลงทะเบียนเลือกตั้งล่วงหน้า\" https://www. newtv.co.th/news/29890 #NEW18 #นิว18 #newtv #นิวทีวี #ลงทะเบียน #เลือกตั้งล่วงหน้า #ใช้สิทธิ้เลือกตั้ง #เทศบาลนครเกาะสมุย pic.twitter.com/XBc50KFqpl", "date": "18-02-2019 18:05", "retweet": 0, "like": 3}, {"id": "1097451802344050688", "url": "https://twitter.com/newtv_18/status/1097451802344050688", "username": "", "text": "ชวนดู “ซูเปอร์ ฟูล มูน” คืนเพ็ญมาฆบูชา 19 ก.พ.นี้ https://www. newtv.co.th/news/29849 #NEW18 #นิว18 #newtv #นิวทีวี #สดร . #สถาบันวิจัยดาราศาสตร์แห่งชาติ #ดวงจันทร์ใกล้โลก #ซูเปอร์ฟูลมูน #ดวงจันทร์เต็มดวง #คืนมาฆบูชา", "date": "18-02-2019 18:04", "retweet": 1, "like": 2}, {"id": "1097450790548058112", "url": "https://twitter.com/newtv_18/status/1097450790548058112", "username": "", "text": "รายการสำรวจโลก ตอน ท่องโลกสัตว์ประหลาด ปี 2 (ตอนที่ 3+4) วันจันทร์ที่ 18 กุมภาพันธ์ 2562 เวลา 20:00 น. ทางช่องนิว18 #NEW18 #นิว18 #ช่อง18 #newtvdocumentary #documentary #สารคดี #สำรวจโลก #ท่องโลกสัตว์ประหลาด #ใต้มหาสมุทร #นักพรางตัว #ปลาสตาร์เกเซอร์ #สาหร่ายทะเล pic.twitter.com/YYDe38zSaI", "date": "18-02-2019 18:00", "retweet": 0, "like": 0}, {"id": "1097450771954655232", "url": "https://twitter.com/newtv_18/status/1097450771954655232", "username": "", "text": "เปิดประวัติเพลงอมตะ \"หนักแผ่นดิน\" https://www. newtv.co.th/news/29885 #NEW18 #นิวทีวี #ประวัติ #เพลงหนักแผ่นดิน pic.twitter.com/nXcAgWhdeq", "date": "18-02-2019 18:00", "retweet": 0, "like": 1}, {"id": "1097449582311530496", "url": "https://twitter.com/newtv_18/status/1097449582311530496", "username": "", "text": "ทางใครทางมัน “นิว-จิ๋ว” แยกกันโชว์เดี่ยว ยันชั่วคราวไม่ใช่ถาวร https://www. newtv.co.th/news/29873 #นิวนภัสสร #จิ๋วปิยนุช #นิวจิ๋ว #คู่หูดูโอ", "date": "18-02-2019 17:55", "retweet": 14, "like": 20}, {"id": "1097431541121048581", "url": "https://twitter.com/newtv_18/status/1097431541121048581", "username": "", "text": "มันจี๊ดใจ \"หมอเอ้ก\" โพสต์สวัสดีวันจันทร์พร้อมบาดแผลอันแสนเจ็บปวด https://www. newtv.co.th/news/29883 #new18 #นิว18 #newtv #นิวทีวี #หมอเอ้ก #คุณหมอเอ้ก #หมอเอ้กคณวัฒน์ #คณวัฒน์จันทรลาวัณย์ #เลือกตั้ง62 #เลือกตั้ง #หาเสียง #สส #ลงคะแนน #นายกฯ #กรีดรถ #พรรคประชาธิปัตย์ #ประชาธิปัตย์ pic.twitter.com/3wlznchwPJ", "date": "18-02-2019 16:44", "retweet": 0, "like": 6}, {"id": "1097425444054257664", "url": "https://twitter.com/newtv_18/status/1097425444054257664", "username": "", "text": "“บิ๊กตู่”ไม่รู้จักกลุ่มทุนสารเคมีอันตราย https://www. newtv.co.th/news/29879 #ประยุทธ์ #สารเคมี #พาราคอต pic.twitter.com/jfcfHOsr2G", "date": "18-02-2019 16:19", "retweet": 3, "like": 2}, {"id": "1097421693084024832", "url": "https://twitter.com/newtv_18/status/1097421693084024832", "username": "", "text": "พปชร.ผุดแคมเปญหาเสียงโค้งสุดท้าย \"30 วันคาราวานสร้างชาติ\" #การเมือง #เลือกตั้ง #เลือกตั้ง62 #เลือกตั้งปี2562 #เลือกตั้งประเทศไทย2562 #พปชร #พลังประชารัฐ #กอบศักดิ์ pic.twitter.com/LTR6CHqjFH", "date": "18-02-2019 16:04", "retweet": 0, "like": 0}, {"id": "1097416520773201921", "url": "https://twitter.com/newtv_18/status/1097416520773201921", "username": "", "text": "โอ๊ยฮา !! \"เจี๊ยบ พิจิตตรา\" สั่งกาแฟร้านดัง แต่สิ่งที่ได้กลับเป็นชื่อ ...? https://www. newtv.co.th/news/29875 #new18 #นิว18 #newtv #นิวทีวี #เจี๊ยบพิจิตตรา #อีเจี้ยบเลียบด่วน #อีเจี๊ยบ #เพจอีเจี๊ยบ #เจี๊ยบ #ชื่อซ้ำ #บอยเจี๊ยบ #บอยเจี๊ยบแต่งงาน #เลียบด่วน #ร้านกาแฟ pic.twitter.com/KxrrDEmBi1", "date": "18-02-2019 15:44", "retweet": 4, "like": 1}, {"id": "1097414372752732160", "url": "https://twitter.com/newtv_18/status/1097414372752732160", "username": "", "text": "โฆษก พท.ชี้ “สุดารัตน์-ผบ.ทบ.”หวังดีต่อสังคม https://www. newtv.co.th/news/29865 #การเมือง #เลือกตั้ง #เลือกตั้ง62 #เลือกตั้งปี2562 #เลือกตั้งประเทศไทย2562 #สุดารัตน์ #บิ๊กแดง #กลาโหม #ตัดงบ #งบประมาณ #หนักแผ่นดิน pic.twitter.com/wITIzX4oyb", "date": "18-02-2019 15:35", "retweet": 0, "like": 0}, {"id": "1097413873966100480", "url": "https://twitter.com/newtv_18/status/1097413873966100480", "username": "", "text": "\"บิ๊กป้อม\"ไล่คนเสนอตัดงบ กห.ฟังเพลงหนักแผ่นดิน https://www. newtv.co.th/news/29866 #การเมือง #เลือกตั้ง #เลือกตั้ง62 #เลือกตั้งปี2562 #เลือกตั้งประเทศไทย2562 #ประวิตร #กลาโหม #ตัดงบ #งบประมาณ pic.twitter.com/amt54cVts8", "date": "18-02-2019 15:33", "retweet": 0, "like": 0}, {"id": "1097413278542655488", "url": "https://twitter.com/newtv_18/status/1097413278542655488", "username": "", "text": "“ธนาธร”กำลังใจเพียบ หาเสียงบางขุนเทียน https://www. newtv.co.th/news/29868 #ธนาธรจึงรุ่งเรืองกิจ #อนาคตใหม่ #การเมือง #เลือกตั้ง #เลือกตั้ง62 #เลือกตั้งปี2562 #เลือกตั้งประเทศไทย2562 #เรืองไกร pic.twitter.com/AVtNnL2o13", "date": "18-02-2019 15:31", "retweet": 12, "like": 12}, {"id": "1097412741394980864", "url": "https://twitter.com/newtv_18/status/1097412741394980864", "username": "", "text": "“บิ๊กตู่”เตือนอย่าสนุกปากหาเสียงตัดงบกลาโหม https://www. newtv.co.th/news/29869 #นายกรัฐมนตรี #ประยุทธ์ #กลาโหม #หนักแผ่นดิน pic.twitter.com/SrokCZ09dM", "date": "18-02-2019 15:29", "retweet": 1, "like": 0}, {"id": "1097412235830292480", "url": "https://twitter.com/newtv_18/status/1097412235830292480", "username": "", "text": "“เรืองไกร”จี้ กกต.ชงยุบ พปชร. https://www. newtv.co.th/news/29872 #การเมือง #เลือกตั้ง #เลือกตั้ง62 #เลือกตั้งปี2562 #เลือกตั้งประเทศไทย2562 #เรืองไกร pic.twitter.com/JX6t1uqbS0", "date": "18-02-2019 15:27", "retweet": 0, "like": 0}, {"id": "1097411840546504704", "url": "https://twitter.com/newtv_18/status/1097411840546504704", "username": "", "text": "“เสรีพิศุทธ์”บุก กกต.ชงยุบ พปชร. https://www. newtv.co.th/news/29874 #เสรีพิศุทธ์ #เสรีรวมไทย #การเมือง #เลือกตั้ง #เลือกตั้ง62 #เลือกตั้งปี2562 #เลือกตั้งประเทศไทย2562 pic.twitter.com/CutkpQG80j", "date": "18-02-2019 15:25", "retweet": 2, "like": 1}, {"id": "1097398554430103552", "url": "https://twitter.com/newtv_18/status/1097398554430103552", "username": "", "text": "“ธนกร”ป้อง “บิ๊กตู่”ปัดใช้อำนาจรัฐเอาเปรียบ https://www. newtv.co.th/news/29853 #NEW18 #นิวทีวี #ธนกร #พลังประชารัฐ #ประยุทธ์ #นายกรัฐมนตรี #เลือกตั้ง #เลือกตั้ง62 pic.twitter.com/Ydbn95n8jG", "date": "18-02-2019 14:32", "retweet": 0, "like": 0}, {"id": "1097398151336517633", "url": "https://twitter.com/newtv_18/status/1097398151336517633", "username": "", "text": "ตร.กาฬสินธุ์รวบฝรั่งกรีดป้ายหาเสียง พปชร. https://www. newtv.co.th/news/29864 #เลือกตั้ง62 #พปชร #พลังประชารัฐ pic.twitter.com/KZEAhgp8oi", "date": "18-02-2019 14:31", "retweet": 0, "like": 1}, {"id": "1097396297491832832", "url": "https://twitter.com/newtv_18/status/1097396297491832832", "username": "", "text": "“สุเทพ”ขอพร “หลวงพ่อบ้านแหลม”ชนะเลือกตั้ง https://www. newtv.co.th/news/29862 #NEW18 #นิวทีวี #สุเทพ #การเมือง #เลือกตั้ง #เลือกตั้ง62 #หลวงพ่อบ้านแหลม pic.twitter.com/4QIiGKhGuG", "date": "18-02-2019 14:24", "retweet": 0, "like": 0}, {"id": "1097395249247219712", "url": "https://twitter.com/newtv_18/status/1097395249247219712", "username": "", "text": "“อนุทิน”ชูออก ก.ม.ช่วยชาวสวนยาง https://www. newtv.co.th/news/29844 #NEW18 #นิวทีวี #ยางพารา #ราคาตก #ยางปาล์ม #อนุทิน #ภูมิใจไทย #เลือกตั้ง #เลือกตั้ง62 #เลือกตั้ง2562 pic.twitter.com/VFxxJlHGmk", "date": "18-02-2019 14:19", "retweet": 0, "like": 0}, {"id": "1097394169444626432", "url": "https://twitter.com/newtv_18/status/1097394169444626432", "username": "", "text": "โสดใสเว่อร์ “บี” โชว์เลือดนางแบบ อวดหุ่นในชุดว่ายน้ำ https://www. newtv.co.th/news/29855 #บีน้ำทิพย์จงรัชตวิบูลย์ #บีน้ำทิพย์ #เมนเทอร์บี #ไฮโซฮิม", "date": "18-02-2019 14:15", "retweet": 1, "like": 3}, {"id": "1097393696423571456", "url": "https://twitter.com/newtv_18/status/1097393696423571456", "username": "", "text": "ดุเดือด “เบน” แซะแรง !! ใครลักกินโขมยกิน ? https://www. newtv.co.th/news/29846 #เบนชลาทิศตันติวัฒิ #เบนชลาทิศ #เบนจิงโจ้ตั้ม #เบนจิงโจ้ #เบนตั้ม", "date": "18-02-2019 14:13", "retweet": 0, "like": 2}, {"id": "1097381387718385665", "url": "https://twitter.com/newtv_18/status/1097381387718385665", "username": "", "text": "\"เตือนภัย! สารปนเปื้อนลาวาโคลน ชี้ชัดผลตรวจสัปดาห์นี้\" https://www. newtv.co.th/news/29860 #NEW18 #นิว18 #newtv #นิวทีวี #ปรากฏการณ์ลาวาโคลน #โคลนผุด #กลางทุ่งนา #บ่อลาวาโคลน #สารปนเปื้อน #พอกโคลน #ผลตรวจทางวิทยาศาสตร์ #นครราชสีมา pic.twitter.com/RcvwDXzEPd", "date": "18-02-2019 13:24", "retweet": 0, "like": 0}, {"id": "1097368268908617729", "url": "https://twitter.com/newtv_18/status/1097368268908617729", "username": "", "text": "บ้านนี้ไม่เคยรับแขก \"ต๋อย ไตรภพ\" เปิดอาณาจักรสุดหรูครั้งแรก !! ตาลุกวาว (คลิป) https://www. newtv.co.th/news/29856 #new18 #นิว18 #newtv #นิวทีวี #ครัวคุณต๋อย #อาต๋อย #ต๋อยไตรภพ #ไตรภพ #ณวัฒน์ #โก๊ะตี๋ #ทูเดย์โชว์ #เอ๊าะ #TodayShow #รวย #บ้านรวย #อลังการ #อาณาจักร #ญี่ปุ่น #ตีท้ายครัว pic.twitter.com/n9jniCTXwI", "date": "18-02-2019 12:32", "retweet": 2, "like": 5}, {"id": "1097355930016968704", "url": "https://twitter.com/newtv_18/status/1097355930016968704", "username": "", "text": "ของขึ้น !! “เอมี่ กลิ่นประทุม” แจง ไม่ได้ท้อง !! กรุณาเช็กแหล่งข่าวด้วย https://www. newtv.co.th/news/29840 #เอมี่กลิ่นประทุม #ซีศิวัฒน์ #เอมี่ซี #ดาราท้อง #ข่าวมั่ว", "date": "18-02-2019 11:43", "retweet": 0, "like": 0}, {"id": "1097354575705563136", "url": "https://twitter.com/newtv_18/status/1097354575705563136", "username": "", "text": "มกุฎราชกุมารซาอุฯ เสด็จเยือนปากีสถาน ลงนามการค้าก้อนโต #new18 https://www. newtv.co.th/news/29830", "date": "18-02-2019 11:38", "retweet": 0, "like": 0}, {"id": "1097354351972999168", "url": "https://twitter.com/newtv_18/status/1097354351972999168", "username": "", "text": "ชวนดู “ซูเปอร์ ฟูล มูน” คืนเพ็ญมาฆบูชา 19 ก.พ.นี้ https://www. newtv.co.th/news/29849 #NEW18 #นิว18 #newtv #นิวทีวี #สดร . #สถาบันวิจัยดาราศาสตร์แห่งชาติ #ดวงจันทร์ใกล้โลก #ซูเปอร์ฟูลมูน #ดวงจันทร์เต็มดวง #คืนมาฆบูชา pic.twitter.com/lGjJwJark3", "date": "18-02-2019 11:37", "retweet": 1, "like": 0}, {"id": "1097354006794428416", "url": "https://twitter.com/newtv_18/status/1097354006794428416", "username": "", "text": "สาววัยรุ่นอังกฤษสาวกไอเอสคลอดลูกคนที่ 3 แล้วที่ซีเรีย #new18 https://www. newtv.co.th/news/29827", "date": "18-02-2019 11:35", "retweet": 0, "like": 0}, {"id": "1097353387694157824", "url": "https://twitter.com/newtv_18/status/1097353387694157824", "username": "", "text": "พายุฤดูร้อนถล่ม \"ชัยภูมิ\" บ้านพัง 200 หลังคาเรือน https://www. newtv.co.th/news/29833 #NEW18 #นิว18 #newtv #นิวทีวี #พายุฤดูร้อน #พายุพัดถล่ม #หลังคาปลิว #บ้านพัง #ชัยภูมิ pic.twitter.com/mfqZG6a7jt", "date": "18-02-2019 11:33", "retweet": 0, "like": 0}, {"id": "1097342166257598466", "url": "https://twitter.com/newtv_18/status/1097342166257598466", "username": "", "text": "พรุ่งนี้วันพระ สกิญฺจนํ ปสฺส วิหญฺญมานํ คนมีห่วงกังวล ย่อมวุ่นวายอยู่ พุทธศาสนสุภาษิต #NEW18 #วันพระ #พรุ่งนี้วันพระ #ธรรมะ #อนุโมทนาสาธุ #สาธุ #ทำบุญ #คำสอน #ธรรมทาน pic.twitter.com/Xpl9kqOTl7", "date": "18-02-2019 10:48", "retweet": 1, "like": 3}, {"id": "1097340790341128192", "url": "https://twitter.com/newtv_18/status/1097340790341128192", "username": "", "text": "ส่องเพลงโปรด ผบ.ทบ. \"หนักแผ่นดิน https://www. newtv.co.th/news/29844 #หนักแผ่นดิน pic.twitter.com/qjZF1emyPO", "date": "18-02-2019 10:43", "retweet": 6, "like": 1}, {"id": "1097337353557790720", "url": "https://twitter.com/newtv_18/status/1097337353557790720", "username": "", "text": "ผบ.ทบ.ยกเพลงหนักแผ่นดินตอก “หญิงหน่อย\" https://www. newtv.co.th/news/29839 #สุดารัตน์ #บิ๊กแดง #หนักแผ่นดิน pic.twitter.com/AtRiM0OUmc", "date": "18-02-2019 10:29", "retweet": 1, "like": 1}, {"id": "1097287278181765120", "url": "https://twitter.com/newtv_18/status/1097287278181765120", "username": "", "text": "วันนี้มีอะไร: 18 กุมภาพันธ์ วันต่อต้านการสูบบุหรี่ >> http://www. newtv.co.th/news/29747 << #ข่าวนิว18 #new18 #นิว18 #newtv #นิวทีวี #18กุมภาพันธ์ #18thFeb #วันนี้มีอะไร #วันนี้ในอดีต #วันต่อต้านการสูบบุหรี่ #Whitneyhouston #Brianwilson #GoodVibrations pic.twitter.com/cIIcqn0GeS", "date": "18-02-2019 07:10", "retweet": 2, "like": 1}]