[{"id": "1099159385492738048", "url": "https://twitter.com/Nickyindy_94/status/1099159385492738048", "username": "", "text": "เป็นการเลือกตั้งครั้งแรกที่เชียร์ 7 พรรคการเมือง เชียร์ทุกพรรคที่อยู่ฝั่งประชาธิปไตย", "date": "23-02-2019 11:09", "retweet": 0, "like": 0}, {"id": "1099136550766407681", "url": "https://twitter.com/Nickyindy_94/status/1099136550766407681", "username": "", "text": "ตรวจสอบไม่ได้ = ไม่พบทุจริต = ไม่แดก จบนะ https:// twitter.com/pran2844/statu s/1099094544392450049 …", "date": "23-02-2019 09:39", "retweet": 0, "like": 1}, {"id": "1099136058543955970", "url": "https://twitter.com/Nickyindy_94/status/1099136058543955970", "username": "", "text": "อีพวกหลับหูหลับตาพูด gdp ยังดีนู่นนี่นั่นมึงจำไว้ เศรษฐกิจที่ดีไม่ได้วัดที่ gdp อย่างเดียว เพราะมันไม่ได้บ่งบอกว่าเงินอยู่ในกระเป๋าใคร", "date": "23-02-2019 09:37", "retweet": 33, "like": 10}, {"id": "1099135694637682688", "url": "https://twitter.com/Nickyindy_94/status/1099135694637682688", "username": "", "text": "เงินจะไหลออกมากขึ้น แล้วพอไหลออกมากขึ้นก็จะขาดสภาพคล่อง เงินก็จะเฟ้อและอ่อนค่าลงอย่างรวดเร็ว ขึ้นเร็วลงเร็วในสภาวะเศรษฐกิจแบบนี้ก็ไม่อยากจะคิดเท่าไหร่อ่ะว่าจะเจอกับอะไร https:// twitter.com/saiyasasmith/s tatus/1099004114057510913 …", "date": "23-02-2019 09:35", "retweet": 0, "like": 0}, {"id": "1099132559580049408", "url": "https://twitter.com/Nickyindy_94/status/1099132559580049408", "username": "", "text": "ไม่น่าเรียกดีเบต เรียก \"เห่าหอนตัวเดียวหน้ากล้อง\" เหมาะกว่า https:// twitter.com/iiDudes/status /1098913290204307456 …", "date": "23-02-2019 09:23", "retweet": 0, "like": 0}, {"id": "1098942361235644416", "url": "https://twitter.com/Nickyindy_94/status/1098942361235644416", "username": "", "text": "ดีใจนะ ที่คนไทยสนใจการเมืองและความยุติธรรมมากกว่าละคร https:// twitter.com/Thairath_News/ status/1098491679433052160 …", "date": "22-02-2019 20:47", "retweet": 0, "like": 1}, {"id": "1098880071756959744", "url": "https://twitter.com/Nickyindy_94/status/1098880071756959744", "username": "", "text": "เลิกกิน จบข่าว https:// twitter.com/Puppylove999/s tatus/1098772819423330304 …", "date": "22-02-2019 16:39", "retweet": 1, "like": 1}, {"id": "1098586016867180544", "url": "https://twitter.com/Nickyindy_94/status/1098586016867180544", "username": "", "text": "งั้นบัตรคนจน มึงให้คนจนจัดการงบประมาณเองไหมล่ะ ว่าจะเอาเดือนละเท่าไหร่ รัฐสภามีหน้าที่ทำตามเฉยๆ เอางั้นมะ #ไอ้บ้า https:// twitter.com/redbamboo16/st atus/1098238006685687808 …", "date": "21-02-2019 21:11", "retweet": 0, "like": 3}, {"id": "1098515239161671682", "url": "https://twitter.com/Nickyindy_94/status/1098515239161671682", "username": "", "text": "น่าจะตกไปเลย https:// twitter.com/Stop_Dadjarit/ status/1098400598414610433 …", "date": "21-02-2019 16:30", "retweet": 0, "like": 0}, {"id": "1098294627608580097", "url": "https://twitter.com/Nickyindy_94/status/1098294627608580097", "username": "", "text": "เลือกยากชิบหาย ปล. ภาษากฎหมายเค้าเรียก \"ผู้สืบสันดาน\" https://www. facebook.com/10000466770505 5/posts/1164418020390444/ …", "date": "21-02-2019 01:53", "retweet": 0, "like": 0}, {"id": "1098254915103731712", "url": "https://twitter.com/Nickyindy_94/status/1098254915103731712", "username": "", "text": "ขอให้ทั้งคู่สมหวังได้ใช้ช่องจอดนี้ตลอดชีวิตนะครับผม https://www. khaosod.co.th/around-thailan d/news_2231873 …", "date": "20-02-2019 23:15", "retweet": 0, "like": 0}, {"id": "1097767190986555392", "url": "https://twitter.com/Nickyindy_94/status/1097767190986555392", "username": "", "text": "ว้ายยยยยยย #ควายแดง #หนักแผ่นดินจริงๆด้วย https:// twitter.com/jenpasit/statu s/1097464047107158017 …", "date": "19-02-2019 14:57", "retweet": 0, "like": 0}, {"id": "1097766400884535296", "url": "https://twitter.com/Nickyindy_94/status/1097766400884535296", "username": "", "text": "เบื่อๆๆๆๆๆ เบื่อ #ควายแดง ...... ชอบของขึ้น 5555", "date": "19-02-2019 14:54", "retweet": 0, "like": 0}, {"id": "1097764933784068096", "url": "https://twitter.com/Nickyindy_94/status/1097764933784068096", "username": "", "text": "ใช่ครับ หนักแผ่นดินจริงๆ #ไอ้ควายแดง https:// twitter.com/PeemaiSirikul/ status/1097648156525834240 …", "date": "19-02-2019 14:48", "retweet": 0, "like": 1}, {"id": "1097678337357447168", "url": "https://twitter.com/Nickyindy_94/status/1097678337357447168", "username": "", "text": "ไม่เห็นด้วยครับ.... น่าจะตัดมากกว่านั้น https:// twitter.com/sudaratofficia l/status/1097462283901366272 …", "date": "19-02-2019 09:04", "retweet": 0, "like": 0}, {"id": "1097553288759656448", "url": "https://twitter.com/Nickyindy_94/status/1097553288759656448", "username": "", "text": "แดง แดงฟังกูนะ แดงเอาเพลงนี้ไรท์ใส่ซีดีเผากงเต๊กไปให้ไอ้จ๊อดฟังก่อนเลยแดง นอกจากจันทร์โอชา ก็คงสมพงษ์นี่แหละที่หนักแผ่นดินชิบหายอ่ะ วงษ์สุวรรณอีกก๊ก https://www. matichon.co.th/politics/news_ 1369065 …", "date": "19-02-2019 00:47", "retweet": 0, "like": 0}, {"id": "1097551630273150977", "url": "https://twitter.com/Nickyindy_94/status/1097551630273150977", "username": "", "text": "https://www. facebook.com/10000466770505 5/posts/1163052720526974/ …", "date": "19-02-2019 00:41", "retweet": 0, "like": 0}, {"id": "1097336704975855616", "url": "https://twitter.com/Nickyindy_94/status/1097336704975855616", "username": "", "text": "https://www. facebook.com/10000466770505 5/posts/1162698810562365/ …", "date": "18-02-2019 10:27", "retweet": 0, "like": 0}, {"id": "1097335173614428162", "url": "https://twitter.com/Nickyindy_94/status/1097335173614428162", "username": "", "text": "https://www. facebook.com/10000466770505 5/posts/1162696780562568/ …", "date": "18-02-2019 10:21", "retweet": 0, "like": 0}, {"id": "1097323667497705473", "url": "https://twitter.com/Nickyindy_94/status/1097323667497705473", "username": "", "text": "ทำไมมันหล่อแบบเน้ https:// bimmer-th.com/2019/02/coming -soon-all-new-3-series-g20-320d-330i-feb2019/ …", "date": "18-02-2019 09:35", "retweet": 0, "like": 0}, {"id": "1097310158680612864", "url": "https://twitter.com/Nickyindy_94/status/1097310158680612864", "username": "", "text": "เอ๊าาา ยกเพลงมาด่าตัวเองซะงั้น อยู่เฉยๆ ก็ดีอยู่แล้ว https:// twitter.com/WassanaNanuam/ status/1097303428353544193 …", "date": "18-02-2019 08:41", "retweet": 0, "like": 0}, {"id": "1097309007394484224", "url": "https://twitter.com/Nickyindy_94/status/1097309007394484224", "username": "", "text": "สายเบิร์น https:// twitter.com/Peter_de_Chef/ status/1097140870740987905 …", "date": "18-02-2019 08:37", "retweet": 0, "like": 0}]