[{"id": "1099337343155167232", "url": "https://twitter.com/nirutsuk/status/1099337343155167232", "username": "", "text": "พล๊อตเรื่องใหม่ของ GDH ใช่ไหม โคตรสุด #ป๊อปปองกูล", "date": "23-02-2019 22:57", "retweet": 1, "like": 0}, {"id": "1098934942086574081", "url": "https://twitter.com/nirutsuk/status/1098934942086574081", "username": "", "text": "ไปจับตัวจริงมารู้สึกชอบครับไม่ทีอะไรมาขวางตา การตอบสนองกล้องอะไรก็ดีครับ", "date": "22-02-2019 20:18", "retweet": 0, "like": 1}, {"id": "1098930977416441857", "url": "https://twitter.com/nirutsuk/status/1098930977416441857", "username": "", "text": "กระแทกความรู้สึกมาก", "date": "22-02-2019 20:02", "retweet": 0, "like": 0}, {"id": "1098535970868125696", "url": "https://twitter.com/nirutsuk/status/1098535970868125696", "username": "", "text": "ไม่ค่อยแปลกใจกับข่าวนี้เพราะมีกลิ่นมาสักระยะ แต่ในแง่คนฟังเพลงกลับรู้สึก หน่วง ในวันที่ 3เหลือ2 จะเป็นอย่างไร #room39", "date": "21-02-2019 17:52", "retweet": 2, "like": 0}, {"id": "1098520966269788160", "url": "https://twitter.com/nirutsuk/status/1098520966269788160", "username": "", "text": "ถ้าตามig จริงๆในระยะ1ปีที่ผ่านมาถ้าไม่นับงานที่นับไว้ด้วยกัน นอกจอนี่จะเห็นแต่พี่มลกับพี่แว่นใหญ่ไปไหนด้วยกันตลอด จะไม่ค่อยเห็นน้องทอม สุดท้ายเหตุผลอยู่ที่เค้าสามคนนั่นแระ #room39", "date": "21-02-2019 16:53", "retweet": 1, "like": 2}, {"id": "1098520198124957696", "url": "https://twitter.com/nirutsuk/status/1098520198124957696", "username": "", "text": "คนเราถ้าจบลงด้วยจากกัน มันไม่มีคำว่าด้วยดีหรอก #room39", "date": "21-02-2019 16:49", "retweet": 0, "like": 0}, {"id": "1097874355894214656", "url": "https://twitter.com/nirutsuk/status/1097874355894214656", "username": "", "text": "คลินิคนอกเวลา รพ.ภูมิพล ครับ", "date": "19-02-2019 22:03", "retweet": 0, "like": 0}, {"id": "1097871255376584704", "url": "https://twitter.com/nirutsuk/status/1097871255376584704", "username": "", "text": "วีคหน้าโคตรสุดอ่ะ #เมียน้อย", "date": "19-02-2019 21:51", "retweet": 6, "like": 10}, {"id": "1097870713959006208", "url": "https://twitter.com/nirutsuk/status/1097870713959006208", "username": "", "text": "เสี่ยแม่งจุดจบยังไงวะเนี่ย #เมียน้อย", "date": "19-02-2019 21:49", "retweet": 0, "like": 2}, {"id": "1097862506851196928", "url": "https://twitter.com/nirutsuk/status/1097862506851196928", "username": "", "text": "เมื่อคนที่เรารักที่สุด เป็นภรรยา(น้อย) ของคนที่มีบุญคุณกับเรามากที่สุด ...ว่าไปนั่น #เมียน้อย", "date": "19-02-2019 21:16", "retweet": 5, "like": 3}, {"id": "1097862236318486528", "url": "https://twitter.com/nirutsuk/status/1097862236318486528", "username": "", "text": "งามไส้ #เมียน้อย", "date": "19-02-2019 21:15", "retweet": 0, "like": 1}, {"id": "1097858122939457536", "url": "https://twitter.com/nirutsuk/status/1097858122939457536", "username": "", "text": "สรุปท่านกฤษณะนี่เป็นคนใหญ่ระดับไหน #เมียน้อย", "date": "19-02-2019 20:59", "retweet": 3, "like": 12}, {"id": "1097856341287174145", "url": "https://twitter.com/nirutsuk/status/1097856341287174145", "username": "", "text": "ผมก้อส่องๆเลขมองไม่ชัด", "date": "19-02-2019 20:52", "retweet": 0, "like": 0}]