[{"id": "1099143080857329666", "url": "https://twitter.com/nisitporkor/status/1099143080857329666", "username": "", "text": "https://www. facebook.com/10000189539905 3/posts/2489815971091558/ …", "date": "23-02-2019 10:05", "retweet": 0, "like": 1}, {"id": "1098773620279599104", "url": "https://twitter.com/nisitporkor/status/1098773620279599104", "username": "", "text": "https://www. facebook.com/10000189539905 3/posts/2487390054667483/ …", "date": "22-02-2019 09:36", "retweet": 0, "like": 1}, {"id": "1098201102376259585", "url": "https://twitter.com/nisitporkor/status/1098201102376259585", "username": "", "text": "https://www. facebook.com/10000189539905 3/posts/2483675855038903/ …", "date": "20-02-2019 19:42", "retweet": 0, "like": 1}, {"id": "1098129813674414080", "url": "https://twitter.com/nisitporkor/status/1098129813674414080", "username": "", "text": "ไปฝึกปัญญามาใหม่นะ https:// twitter.com/VUTTNUN9669/st atus/1098100304212504576 …", "date": "20-02-2019 14:58", "retweet": 0, "like": 2}, {"id": "1098129665867173889", "url": "https://twitter.com/nisitporkor/status/1098129665867173889", "username": "", "text": "ไม่เลือกๆ https:// twitter.com/ktnewsonline/s tatus/1098124842338009088 …", "date": "20-02-2019 14:58", "retweet": 0, "like": 1}, {"id": "1098127320827588608", "url": "https://twitter.com/nisitporkor/status/1098127320827588608", "username": "", "text": "มันมากไป แบ่งไปกระทรวงอื่นบ้าง หรือไม่ก็ลดภาษีประชาชนลง https:// twitter.com/WassanaNanuam/ status/1098125562285969409 …", "date": "20-02-2019 14:48", "retweet": 0, "like": 1}, {"id": "1098126282318012417", "url": "https://twitter.com/nisitporkor/status/1098126282318012417", "username": "", "text": "ฮ่าๆ https:// twitter.com/WassanaNanuam/ status/1098065378553384960 …", "date": "20-02-2019 14:44", "retweet": 0, "like": 1}, {"id": "1097888896552038400", "url": "https://twitter.com/nisitporkor/status/1097888896552038400", "username": "", "text": "https://www. facebook.com/10000189539905 3/posts/2481739558565866/ …", "date": "19-02-2019 23:01", "retweet": 0, "like": 1}, {"id": "1097780013837905920", "url": "https://twitter.com/nisitporkor/status/1097780013837905920", "username": "", "text": "อยากให้ตรวจสอบการใช้จ่ายเงินของทหาร https:// twitter.com/Thairath_Pol/s tatus/1097743847088566272 …", "date": "19-02-2019 15:48", "retweet": 0, "like": 1}, {"id": "1097720877850943488", "url": "https://twitter.com/nisitporkor/status/1097720877850943488", "username": "", "text": "https://www. facebook.com/10000189539905 3/posts/2480675958672226/ …", "date": "19-02-2019 11:53", "retweet": 0, "like": 1}, {"id": "1097720849640042496", "url": "https://twitter.com/nisitporkor/status/1097720849640042496", "username": "", "text": "https://www. facebook.com/10000189539905 3/posts/2480675735338915/ …", "date": "19-02-2019 11:53", "retweet": 0, "like": 1}, {"id": "1097720819407499264", "url": "https://twitter.com/nisitporkor/status/1097720819407499264", "username": "", "text": "https://www. facebook.com/10000189539905 3/posts/2480675472005608/ …", "date": "19-02-2019 11:53", "retweet": 0, "like": 1}, {"id": "1097683669118943233", "url": "https://twitter.com/nisitporkor/status/1097683669118943233", "username": "", "text": "วันมาฆบูชา ขึ้น ๑๕ ค่ำ เดือน ๓ มีเหตุการณ์อัศจรรย์ที่ พระสงฆ์สาวกของพระพุทธเจ้าจำนวน ๑,๒๕๐ รูป มาเฝ้าพระพุทธเจ้า ณ วัดเวฬุวัน เมืองราชคฤห์ แคว้นมคธ โดยมิได้นัดหมายกันพระสงฆ์ ทั้งหมดเป็นพระอรหันต์... https://www. facebook.com/10000189539905 3/posts/2480435052029650/ …", "date": "19-02-2019 09:25", "retweet": 0, "like": 1}, {"id": "1097670790856634369", "url": "https://twitter.com/nisitporkor/status/1097670790856634369", "username": "", "text": "https://www. facebook.com/10000189539905 3/posts/2480346125371876/ …", "date": "19-02-2019 08:34", "retweet": 0, "like": 1}, {"id": "1097426367069642752", "url": "https://twitter.com/nisitporkor/status/1097426367069642752", "username": "", "text": "#กกต . https:// twitter.com/Thairath_Pol/s tatus/1097369128581525504 …", "date": "18-02-2019 16:23", "retweet": 0, "like": 1}, {"id": "1097426250287730689", "url": "https://twitter.com/nisitporkor/status/1097426250287730689", "username": "", "text": "หน้าด้านจิมๆ https:// twitter.com/Stop_Dadjarit/ status/1097369964565082114 …", "date": "18-02-2019 16:23", "retweet": 0, "like": 1}, {"id": "1097323338903506944", "url": "https://twitter.com/nisitporkor/status/1097323338903506944", "username": "", "text": "https://www. facebook.com/10000189539905 3/posts/2477990368940785/ …", "date": "18-02-2019 09:34", "retweet": 0, "like": 1}]