[{"id": "1097419643633848320", "url": "https://twitter.com/no_name_in_kala/status/1097419643633848320", "username": "", "text": "คสช. กะ ผู้นำกองทัพออกมาเปิดเพลงเรียกกระแส #หนักแผ่นดิน แล้วขำ ตกลงนี่กองทัพหรือสถานีเพลง?", "date": "18-02-2019 15:56", "retweet": 0, "like": 0}, {"id": "1097412306508476417", "url": "https://twitter.com/no_name_in_kala/status/1097412306508476417", "username": "", "text": "ช่วงนี้เมิงจะให้มาฟังเพลง #หนักแผ่นดิน ทำห่าไร กูจะฟัง #ประเทศกูมี", "date": "18-02-2019 15:27", "retweet": 5, "like": 4}]