[{"id": "1099391036554502145", "url": "https://twitter.com/nongbhabha/status/1099391036554502145", "username": "", "text": "Loser มากเลยค่ะ", "date": "24-02-2019 02:30", "retweet": 0, "like": 0}, {"id": "1099299134048104449", "url": "https://twitter.com/nongbhabha/status/1099299134048104449", "username": "", "text": "#futurista #ทีมธนาธร #savethanathon #อนาคตใหม่ #พรรคอนาคตใหม่ #เลือกตั้ง2562 #เลือกตั้งปี62 pic.twitter.com/xecQsTICaZ", "date": "23-02-2019 20:25", "retweet": 17, "like": 14}, {"id": "1099183389159055360", "url": "https://twitter.com/nongbhabha/status/1099183389159055360", "username": "", "text": "ทำรูปแจกค่าา เซฟไปใช้ได้เลย \\7 #futurista #ทีมธนาธร #savethanathon #อนาคตใหม่ #พรรคอนาคตใหม่ #เลือกตั้ง2562 #เลือกตั้งปี62 pic.twitter.com/Bdlt3s48aL", "date": "23-02-2019 12:45", "retweet": 46, "like": 44}, {"id": "1099183115795279872", "url": "https://twitter.com/nongbhabha/status/1099183115795279872", "username": "", "text": "ทำรูปแจกค่าา เซฟไปใช้ได้เลย \\7 #futurista #ทีมธนาธร #savethanathon #อนาคตใหม่ #พรรคอนาคตใหม่ #เลือกตั้ง2562 #เลือกตั้งปี62 pic.twitter.com/nstuszsMGS", "date": "23-02-2019 12:44", "retweet": 15, "like": 10}, {"id": "1099143237510430720", "url": "https://twitter.com/nongbhabha/status/1099143237510430720", "username": "", "text": "เพราะน้องตื่นเช้า ว่ะฮ่าฮ่าาาา", "date": "23-02-2019 10:05", "retweet": 0, "like": 3}, {"id": "1099133439997931521", "url": "https://twitter.com/nongbhabha/status/1099133439997931521", "username": "", "text": "ลงรูปนี้กลัวเหล่าด้อม #futurista โดนหาว่าหื่นจุง 55555 pic.twitter.com/HHA5lCgKXu", "date": "23-02-2019 09:26", "retweet": 229, "like": 156}, {"id": "1099129107185524736", "url": "https://twitter.com/nongbhabha/status/1099129107185524736", "username": "", "text": "ของมันต้องมีเลยค่ะ 5555", "date": "23-02-2019 09:09", "retweet": 0, "like": 2}, {"id": "1099126852189208577", "url": "https://twitter.com/nongbhabha/status/1099126852189208577", "username": "", "text": "Fujinon xf 56mm f1.2 Fujinon xf 35mm f1.4 ค่ะ", "date": "23-02-2019 09:00", "retweet": 0, "like": 5}, {"id": "1099124452367884288", "url": "https://twitter.com/nongbhabha/status/1099124452367884288", "username": "", "text": "หนูไม่ได้ตามไปถ่ายต่อค่ะ แต่หาข้อมูลมาให้ ,, จะเพิ่มเงินค่าครองชีพผู้สูงอายุเป็นเดือนละ 1,800 บาทค่ะ", "date": "23-02-2019 08:51", "retweet": 0, "like": 0}, {"id": "1099123128716816384", "url": "https://twitter.com/nongbhabha/status/1099123128716816384", "username": "", "text": "ไม่ได้เป็นค่ะ เค้าแค่ใส่เสื้อลายทหารเฉยๆ", "date": "23-02-2019 08:45", "retweet": 0, "like": 0}, {"id": "1099109849713930240", "url": "https://twitter.com/nongbhabha/status/1099109849713930240", "username": "", "text": "ตื่นมาวิ่งกับพ่อ !! วิ่งเร็วมาก สังเกตจากผมที่ปลิวของชั้นเอง(ขอเบลอหน้า) วิ่งแบบจริงจังสุดในสวน บางทีสร้างว่าวิ่งก็ได้ แต่ไม่จ้า #ทีมธนาธร #savethanathon #Savethanatorn #savethanaton #ฟ้ารักพ่อ #ฟ้ารักพ่อเพราะนโยบายของพ่อ #อนาคตใหม่ #พรรคอนาคตใหม่ #เลือกตั้ง2562 #เลือกตั้งปี62 pic.twitter.com/nBM7ytMXYB", "date": "23-02-2019 07:53", "retweet": 94, "like": 77}, {"id": "1099103796548915200", "url": "https://twitter.com/nongbhabha/status/1099103796548915200", "username": "", "text": "แล้วไม่ได้วิ่งแบบสร้างภาพนะคะ วิ่งจริงจังสุดในสวนด้วย ถ่ายเกือบไม่ทัน", "date": "23-02-2019 07:29", "retweet": 0, "like": 0}, {"id": "1099091840903503872", "url": "https://twitter.com/nongbhabha/status/1099091840903503872", "username": "", "text": "#savethanathon #Savethanatorn #savethanaton #ฟ้ารักพ่อ #ฟ้ารักพ่อเพราะนโยบายของพ่อ #อนาคตใหม่ #พรรคอนาคตใหม่ #เลือกตั้ง2562 #เลือกตั้งปี62 pic.twitter.com/pyXxXvg0cW", "date": "23-02-2019 06:41", "retweet": 56, "like": 44}, {"id": "1099091583901720576", "url": "https://twitter.com/nongbhabha/status/1099091583901720576", "username": "", "text": "พ่อมาวิ่ง #savethanathon #Savethanatorn #savethanaton #ฟ้ารักพ่อ #ฟ้ารักพ่อเพราะนโยบายของพ่อ #อนาคตใหม่ #พรรคอนาคตใหม่ #เลือกตั้ง2562 #เลือกตั้งปี62 pic.twitter.com/XCCrGhFBmA", "date": "23-02-2019 06:40", "retweet": 39, "like": 26}, {"id": "1099090759720923136", "url": "https://twitter.com/nongbhabha/status/1099090759720923136", "username": "", "text": "#savethanathon #Savethanatorn #savethanaton #ฟ้ารักพ่อ #ฟ้ารักพ่อเพราะนโยบายของพ่อ #อนาคตใหม่ #พรรคอนาคตใหม่ #เลือกตั้ง2562 #เลือกตั้งปี62 pic.twitter.com/KWIjuXM80u", "date": "23-02-2019 06:37", "retweet": 315, "like": 175}, {"id": "1099088141271453696", "url": "https://twitter.com/nongbhabha/status/1099088141271453696", "username": "", "text": "ตื่นมาวิ่งตามพ่อ แต่วิ่งไม่ไหว #savethanathon #Savethanatorn #savethanaton #ฟ้ารักพ่อ #ฟ้ารักพ่อเพราะนโยบายของพ่อ #อนาคตใหม่ #พรรคอนาคตใหม่ #เลือกตั้ง2562 #เลือกตั้งปี62 pic.twitter.com/zkpQ8Cwtst", "date": "23-02-2019 06:26", "retweet": 57, "like": 54}, {"id": "1098995824527257600", "url": "https://twitter.com/nongbhabha/status/1098995824527257600", "username": "", "text": "ทำเพิ่มมา 4 แบบ เหมือนเดิมค่ะ ใช้ได้เลย \\7 #savethanathon #Savethanatorn #savethanaton #ฟ้ารักพ่อ #ฟ้ารักพ่อเพราะนโยบายของพ่อ #อนาคตใหม่ #พรรคอนาคตใหม่ #เลือกตั้ง2562 #เลือกตั้งปี62 pic.twitter.com/mY76eMwJu2", "date": "23-02-2019 00:19", "retweet": 29, "like": 22}, {"id": "1098993393772843009", "url": "https://twitter.com/nongbhabha/status/1098993393772843009", "username": "", "text": "พูดเลยค่ะว่ายาก", "date": "23-02-2019 00:10", "retweet": 0, "like": 0}, {"id": "1098953316963299328", "url": "https://twitter.com/nongbhabha/status/1098953316963299328", "username": "", "text": "วันนี้ผู้ใหญ่ที่บ้านดูรายการของรัฐบาลแล้ว ถึงกับบ่นว่ามันน่าเกลียดมากจริงๆ แต่เค้าเป็นคนแก่ที่สิ้นหวังกับการเมืองไทยไปแล้วอ่ะ คงโหวตโน #savethanathon #Savethanatorn #savethanaton #ฟ้ารักพ่อ #ฟ้ารักพ่อเพราะนโยบายของพ่อ #อนาคตใหม่ #พรรคอนาคตใหม่ #เลือกตั้ง2562 #เลือกตั้งปี62 pic.twitter.com/H5LAQgTzw4", "date": "22-02-2019 21:31", "retweet": 22, "like": 10}, {"id": "1098798132240867328", "url": "https://twitter.com/nongbhabha/status/1098798132240867328", "username": "", "text": "#savethanaton https:// twitter.com/nongbhabha/sta tus/1098674503620554752 …", "date": "22-02-2019 11:14", "retweet": 1, "like": 0}, {"id": "1098736763302866944", "url": "https://twitter.com/nongbhabha/status/1098736763302866944", "username": "", "text": "บทความจากหนังสือ the human revolution ของอาจารย์ daisaku ikeda", "date": "22-02-2019 07:10", "retweet": 0, "like": 0}, {"id": "1098736185344692225", "url": "https://twitter.com/nongbhabha/status/1098736185344692225", "username": "", "text": "“A great human revolution in just a single individual will help achieve a change in the destiny of a nation and, further, can even enable a change in the destiny of all humankind.” — Daisaku Ikeda #savethanathon #Savethanatorn #savethanaton #ฟ้ารักพ่อ #อนาคตใหม่ #พรรคอนาคตใหม่ pic.twitter.com/qVCcIy9FNA", "date": "22-02-2019 07:08", "retweet": 27, "like": 15}, {"id": "1098674503620554752", "url": "https://twitter.com/nongbhabha/status/1098674503620554752", "username": "", "text": "เซฟไปใช้กันได้เลยนะ \\7 #savethanathon #Savethanatorn #savethanaton #ฟ้ารักพ่อ #ฟ้ารักพ่อเพราะนโยบายของพ่อ #อนาคตใหม่ #พรรคอนาคตใหม่ #เลือกตั้ง2562 #เลือกตั้งปี62 pic.twitter.com/NeSxFAnrwz", "date": "22-02-2019 03:03", "retweet": 8, "like": 9}, {"id": "1098650580690579457", "url": "https://twitter.com/nongbhabha/status/1098650580690579457", "username": "", "text": "จะบอกว่า ไม่เคยได้ยินเรื่อง #สมรภูมิบ้านร่มเกล้า มาก่อน ขุดจ้าา", "date": "22-02-2019 01:28", "retweet": 3, "like": 11}, {"id": "1098548294890926080", "url": "https://twitter.com/nongbhabha/status/1098548294890926080", "username": "", "text": "คุณวรรณวรี พรรคอนาคตใหม่ เขตยานนาวา บางคอแหลม กทม เบอร์ 14 ไอเดียดีมาก ทำรีวิวร้านอาหารให้คนในชุมชนไปอีก #savethanathon #ฟ้ารักพ่อ #ฟ้ารักพ่อเพราะนโยบายของพ่อ #อนาคตใหม่ #พรรคอนาคตใหม่ #เลือกตั้ง2562 #เลือกตั้งปี62 pic.twitter.com/YsQNBKsA7i", "date": "21-02-2019 18:41", "retweet": 211, "like": 58}, {"id": "1098231946772135936", "url": "https://twitter.com/nongbhabha/status/1098231946772135936", "username": "", "text": "ทีม #ฟ้ารักช่อ ค่ะ pic.twitter.com/HUoq3rISp1", "date": "20-02-2019 21:44", "retweet": 4, "like": 5}, {"id": "1098225881162559489", "url": "https://twitter.com/nongbhabha/status/1098225881162559489", "username": "", "text": "pic.twitter.com/njUwBqzAEc", "date": "20-02-2019 21:20", "retweet": 0, "like": 0}, {"id": "1098209448508547072", "url": "https://twitter.com/nongbhabha/status/1098209448508547072", "username": "", "text": "ธนาธรผิดเค้าก็ขอโทษ นี่คือสิ่งที่นักการเมืองที่ดีจะทำ", "date": "20-02-2019 20:15", "retweet": 0, "like": 0}, {"id": "1098181414355234816", "url": "https://twitter.com/nongbhabha/status/1098181414355234816", "username": "", "text": "สู้ๆ ไปด้วยกัน #Savethanathorn", "date": "20-02-2019 18:23", "retweet": 0, "like": 2}, {"id": "1098178807159115776", "url": "https://twitter.com/nongbhabha/status/1098178807159115776", "username": "", "text": "\\7 \\7 \\7 \\7 \\7 \\7 \\7 \\7 #savethanathorn #ฟ้ารักพ่อ #ฟ้ารักพ่อเพราะนโยบายของพ่อ #อนาคตใหม่ #พรรคอนาคตใหม่ #เลือกตั้ง2562 #เลือกตั้งปี62 pic.twitter.com/DHWzJUXhvS", "date": "20-02-2019 18:13", "retweet": 10, "like": 11}, {"id": "1098174224349319168", "url": "https://twitter.com/nongbhabha/status/1098174224349319168", "username": "", "text": "มีคนซื้อชานมไข่มุกให้พ่อค่ะ", "date": "20-02-2019 17:55", "retweet": 0, "like": 1}, {"id": "1098171948452868097", "url": "https://twitter.com/nongbhabha/status/1098171948452868097", "username": "", "text": "ฟ้ามาแล้วนะคะพ่อ \\7 #savethanathorn #ฟ้ารักพ่อ #ฟ้ารักพ่อเพราะนโยบายของพ่อ #อนาคตใหม่ #พรรคอนาคตใหม่ #เลือกตั้ง2562 #เลือกตั้งปี62 pic.twitter.com/O4OfonT6b8", "date": "20-02-2019 17:46", "retweet": 18, "like": 17}, {"id": "1098155860755238912", "url": "https://twitter.com/nongbhabha/status/1098155860755238912", "username": "", "text": "สู้ๆค่ะ \\7", "date": "20-02-2019 16:42", "retweet": 1, "like": 1}, {"id": "1098130470649225216", "url": "https://twitter.com/nongbhabha/status/1098130470649225216", "username": "", "text": "จัดพร้อมกัน วัดๆกันไปเลย !! สยาม vs บางซื่อ #savethanathorn #ฟ้ารักพ่อ #ฟ้ารักพ่อเพราะนโยบายของพ่อ #อนาคตใหม่ #พรรคอนาคตใหม่ #ประชาธิปัตย์ #DemocratTH #เลือกตั้ง2562 #เลือกตั้งปี62 pic.twitter.com/k5Wea8xuh1", "date": "20-02-2019 15:01", "retweet": 5, "like": 6}, {"id": "1098124693360369666", "url": "https://twitter.com/nongbhabha/status/1098124693360369666", "username": "", "text": "ยังไงก็จะไปให้ได้ค่ะ \\7", "date": "20-02-2019 14:38", "retweet": 0, "like": 0}]