[{"id": "1099298450359742464", "url": "https://twitter.com/Oadkung/status/1099298450359742464", "username": "", "text": "จดหมายจากทางบ้าน 5555 pic.twitter.com/jGnbcJF2tZ", "date": "23-02-2019 20:22", "retweet": 24, "like": 5}, {"id": "1098895093510082560", "url": "https://twitter.com/Oadkung/status/1098895093510082560", "username": "", "text": "ไม่เหลืออะไรเลยยยยย 555", "date": "22-02-2019 17:39", "retweet": 0, "like": 1}, {"id": "1098892086059851776", "url": "https://twitter.com/Oadkung/status/1098892086059851776", "username": "", "text": "ทำแบบนี้ตลอด เชื่อแบบนี้ตลอด แต่เงินไม่เคยอยู่เหลือตลอดเดือนเลย https:// twitter.com/eaaaw/status/1 098882443409408000 …", "date": "22-02-2019 17:27", "retweet": 3, "like": 2}, {"id": "1098879275124416512", "url": "https://twitter.com/Oadkung/status/1098879275124416512", "username": "", "text": "น่าปูเสื่อนอน pic.twitter.com/TirUhrXock", "date": "22-02-2019 16:36", "retweet": 0, "like": 0}, {"id": "1098877715862544384", "url": "https://twitter.com/Oadkung/status/1098877715862544384", "username": "", "text": "ลงประวัติผิดหาว่าจับผิดยิบย่อย จับผิดทุกตัวอักษร แหมมมม ต่างจากตอนดราม่านะค่ะตรงไหนเนี่ย 5555", "date": "22-02-2019 16:30", "retweet": 0, "like": 0}, {"id": "1098837615833313280", "url": "https://twitter.com/Oadkung/status/1098837615833313280", "username": "", "text": "น่าจะเข้าใจผิดนะครับ ให้เสพได้เสรีคงไม่ใช่", "date": "22-02-2019 13:51", "retweet": 0, "like": 0}, {"id": "1098824261089677312", "url": "https://twitter.com/Oadkung/status/1098824261089677312", "username": "", "text": "ส.ส.แบบแบ่งเขตใน “กรุงเทพฯ” ... ความรู้สึกเหมือนแข่งกันอยู่ 2 พรรคเอง #พรรคประชาธิปัตย์ VS #พรรคเพื่อไทย ก็คงต้องรอลุ้นว่ารอบนี้ใครจะเพลี่ยงพล้ำ ซึ่งส่วนตัวคาดว่า ปชป อาจจะเพลี่ยงพล้ำให้ พท หลายเขต /รอลุ้น 24", "date": "22-02-2019 12:58", "retweet": 0, "like": 0}, {"id": "1098822768466903041", "url": "https://twitter.com/Oadkung/status/1098822768466903041", "username": "", "text": "การที่ #พรรคเพื่อไทย กับ #พระไทยรักษาชาติ ส่งผู้สมัครรับเลือกตั้ง ส.ส. แบบแบ่งกันส่ง ไม่ส่งเขตซ้ำกัน แบบนี้ถือว่าผิดมั้ยอะ เหมือนฮั้วกันอะ ... อันนี้สงสัยจริงนะว่ามันผิดมั้ย?", "date": "22-02-2019 12:52", "retweet": 0, "like": 0}, {"id": "1098821717072330752", "url": "https://twitter.com/Oadkung/status/1098821717072330752", "username": "", "text": "ไม่พูดถึงเรื่องผิดหรือไม่ผิด ต้องได้รับโทษหรือไม่ต้องรับโทษ ... เอาแค่เรื่องลงประวัติผิด ถ้าเป็นคนอื่นนี่คงโดนแหกหีไปสามวันเจ็ดวันแล้วมั้งว่าแอบอ้างอวดอ้างปลอมประวัติ แต่นี่ดันเป็นขวัญใจมหาชนชาวโซเชี่ยลในตอนนี้ไง ... ก็ต้องเข้าใจอะเนอะ กระแสกำลังมาแรง", "date": "22-02-2019 12:48", "retweet": 2, "like": 2}, {"id": "1098590535911071744", "url": "https://twitter.com/Oadkung/status/1098590535911071744", "username": "", "text": "อะ!!! #พรรคสามัญชน เก๋ไปอีกแบบ #เลือกตั้ง62 #เลือกตั้ง2562 pic.twitter.com/Y6wuxjCqjZ", "date": "21-02-2019 21:29", "retweet": 22, "like": 9}, {"id": "1098566569532186624", "url": "https://twitter.com/Oadkung/status/1098566569532186624", "username": "", "text": "คนเกลียดครึ่งค่อนประเทศ ไอ้สัสเอ้ย!!!", "date": "21-02-2019 19:54", "retweet": 0, "like": 0}, {"id": "1098531769920368642", "url": "https://twitter.com/Oadkung/status/1098531769920368642", "username": "", "text": "โอ้ยยยยย ถ้าอันฟอลกันนี่น่าจะจบกันไม่สวยซะแล้ว #Room39", "date": "21-02-2019 17:35", "retweet": 4, "like": 1}, {"id": "1098530531984138241", "url": "https://twitter.com/Oadkung/status/1098530531984138241", "username": "", "text": "ทอมออก เหลือไว้เพียงมนกับแว่นใหญ่ ... หวังว่าคงจะจากลากันด้วยดีนะ #Room39", "date": "21-02-2019 17:31", "retweet": 0, "like": 1}, {"id": "1098529727030022144", "url": "https://twitter.com/Oadkung/status/1098529727030022144", "username": "", "text": "Room39 ประกาศแยกวงแล้ว pic.twitter.com/SkAX9kT6NA", "date": "21-02-2019 17:27", "retweet": 7, "like": 1}, {"id": "1098268455545917441", "url": "https://twitter.com/Oadkung/status/1098268455545917441", "username": "", "text": "การเมืองตอนนี้แม่งโคตรเลอะเทอะเลย เล่นอะไรกันอยู่วะ!!!", "date": "21-02-2019 00:09", "retweet": 3, "like": 0}, {"id": "1098178199328940033", "url": "https://twitter.com/Oadkung/status/1098178199328940033", "username": "", "text": "เห็ดตงตง", "date": "20-02-2019 18:11", "retweet": 0, "like": 1}, {"id": "1098111042784092160", "url": "https://twitter.com/Oadkung/status/1098111042784092160", "username": "", "text": "ดร. บอกก็แค่รู้จัก เคยเห็นผ่าน ๆ ไม่เคยทัก ไม่เคยคุย ไม่ได้สนิทอะไรกัน 555", "date": "20-02-2019 13:44", "retweet": 1, "like": 1}, {"id": "1098084905114755073", "url": "https://twitter.com/Oadkung/status/1098084905114755073", "username": "", "text": "แอคนั้นเหมือนสมองมีความรู้เยอะ ข้อมูลแน่น สาระเพียบ ... แต่ขาดอย่างเดียวเลยตอนนี้ สมองขาดพื้นที่สำหรับเก็บข้อมูลคำว่า \"ขอโทษ\" รู้ทุกเรื่องยกเว้นเรื่องขอโทษ", "date": "20-02-2019 12:00", "retweet": 7, "like": 1}, {"id": "1098082586478370816", "url": "https://twitter.com/Oadkung/status/1098082586478370816", "username": "", "text": "คืนนี้จันทร์ นวลผ่อง มองแล้วคิด ถึงแต่เธอ ตัวฉันยืน มองเหม่อ บอกว่ารูปนี้ปลอมครับ เป็นรูปพระจันทร์กำลังตกไม่ใช่กำลังขึ้น ผิดเวลา และดูลายก็ไม่ใช่ละติจูดของไทย น่าจะมาจากูเกิล", "date": "20-02-2019 11:51", "retweet": 151, "like": 13}, {"id": "1098078797713223681", "url": "https://twitter.com/Oadkung/status/1098078797713223681", "username": "", "text": "เดี๋ยวก่อน เดี๋ยวมึงได้เจอ “พระจันทร์(โอชา)” ของแท้!!! pic.twitter.com/uLMPBV5ZOO", "date": "20-02-2019 11:36", "retweet": 0, "like": 1}, {"id": "1098073353321992192", "url": "https://twitter.com/Oadkung/status/1098073353321992192", "username": "", "text": "ยอมมมมม", "date": "20-02-2019 11:14", "retweet": 0, "like": 0}, {"id": "1098069752965038080", "url": "https://twitter.com/Oadkung/status/1098069752965038080", "username": "", "text": "ละติจูดหมออ้อยสีขาวนวลคาดว่าไม่ใช่ละติจูดของไทย น่าจะต่างชาติ (เปล่าหรอก ของคนไทยนี่หล่ะ แต่แก่แล้ว มันหงอกกกกก 555)", "date": "20-02-2019 11:00", "retweet": 0, "like": 0}, {"id": "1098069480079388673", "url": "https://twitter.com/Oadkung/status/1098069480079388673", "username": "", "text": "ดูจากลายเส้นเลือดบนจู๋แล้ว คาดว่าเป็นจู๋ที่กำลังอ่อนตัว ไม่ใช่จู๋ตอนกำลังแข็งตัวเต็มที่แน่นอน 555", "date": "20-02-2019 10:58", "retweet": 1, "like": 0}, {"id": "1098069149627035648", "url": "https://twitter.com/Oadkung/status/1098069149627035648", "username": "", "text": "ดูจากลายเส้นเลือดบนจู๋แล้ว น่าจะเป็นจู๋ตอนกำลังอ่อนตัว ไม่ใช่กำลังแข็งตัวเต็มที่ คริคริคริ", "date": "20-02-2019 10:57", "retweet": 0, "like": 0}, {"id": "1098068885348073473", "url": "https://twitter.com/Oadkung/status/1098068885348073473", "username": "", "text": "แม่ง ... ไม่ถามไม่ไถ่สี่แปดอะไรเลย อยู่ ๆ ก็โพล่งกล่าวหาเค้าว่ารูปปลอมไปขโมยอากู๋มา พร้อมอวยมันสมองตัวเองด้วยว่ากูเจ๋งเก่งพราว กูดูลายพระจันทร์ออกนะ ลายนี้ไม่ใช่ ละติจูดไทยไม่ใช่ลายนี้ ลายกำลังขึ้น ลายกำลังลง ลายกำลังกล่าวหาาาาาา", "date": "20-02-2019 10:56", "retweet": 6, "like": 4}, {"id": "1098068415648915456", "url": "https://twitter.com/Oadkung/status/1098068415648915456", "username": "", "text": "แหม ... อยากจะโพสรูปจู๋แล้วบอกว่ารูปนี้ปลอมครับ จริง ๆ เอียงซ้าย ไม่ใช่เอียงขวาแบบในรูป ทดลองดูได้ด้วยตาเปล่า 555", "date": "20-02-2019 10:54", "retweet": 1, "like": 0}, {"id": "1098068132713848833", "url": "https://twitter.com/Oadkung/status/1098068132713848833", "username": "", "text": "วิเคราะห์เก่งขนาดนั้น แหมมมมม เราก็ต้องยอมอะนะ 555", "date": "20-02-2019 10:53", "retweet": 0, "like": 1}, {"id": "1098067276538961920", "url": "https://twitter.com/Oadkung/status/1098067276538961920", "username": "", "text": "วิเคราะห์ลายพระจันทร์โคตรเก่ง น่าจะวิเคราะห์เพิ่มหน่อยนึงว่าเค้าใช้มือข้างซ้ายหรือข้างขวาคลิ๊ก Copy ภาพใน Google มานะ วิเคราะห์เผื่อไว้หน่อยก็ได้ว่า Save ลงเครื่องไว้ที่ Drive ไหน หรือเค้าสร้าง Folder ใหม่มั้ยตั้งชื่อ Folder ว่าอะไร \"ภาพจากอากู๋\" อะไรแบบนี้หรือเปล่า 55555", "date": "20-02-2019 10:50", "retweet": 16, "like": 0}, {"id": "1098064322847109120", "url": "https://twitter.com/Oadkung/status/1098064322847109120", "username": "", "text": "(เนี่ย ... มันต้องแบบนี้ไปเลย) จีนคุมเข้ม “เมาแล้วขับ” ห้ามขับขี่ตลอดชีวิต โดนแล้วกว่าครึ่งหมื่น!!! https://www. sanook.com/news/7685826/", "date": "20-02-2019 10:38", "retweet": 23, "like": 1}, {"id": "1097883401216917504", "url": "https://twitter.com/Oadkung/status/1097883401216917504", "username": "", "text": "พีคกว่าถ้าปีย์แสงกะซัน ป๊าบๆๆ", "date": "19-02-2019 22:39", "retweet": 0, "like": 1}, {"id": "1097882920742641664", "url": "https://twitter.com/Oadkung/status/1097882920742641664", "username": "", "text": "อีเรนฟาดผู้จะหมดเรื่องละ ... จะพีคมากถ้าแม่งฟาดไอ้เบสด้วย แถมปลาทูอีกตัวนี่จะโคตรพีคเลย 555 #สงครามนักปั้น", "date": "19-02-2019 22:37", "retweet": 7, "like": 7}, {"id": "1097872757205827584", "url": "https://twitter.com/Oadkung/status/1097872757205827584", "username": "", "text": "เหมือนโดนสาปให้แดกเท่าไรก็ไม่อิ่ม แม่มเอ้ยยยยย!!!", "date": "19-02-2019 21:57", "retweet": 2, "like": 0}, {"id": "1097536081656827904", "url": "https://twitter.com/Oadkung/status/1097536081656827904", "username": "", "text": "เซอร์ไพรส์!!! pic.twitter.com/NQTPKMpFsa", "date": "18-02-2019 23:39", "retweet": 0, "like": 1}]