[{"id": "1098797759526625280", "url": "https://twitter.com/omepinyada_pptv/status/1098797759526625280", "username": "", "text": "กรณีการเกิดแผ่นดินไหว ที่อ.วังเหนือ จ.ลำปาง นักธรณีวิทยาวิเคราะห์จะไม่รุนแรงกว่าที่ผ่านมา #แผ่นดินไหวลําปาง #แผ่นดินไหว #วังเหนือ #ลำปาง", "date": "22-02-2019 11:12", "retweet": 1, "like": 2}, {"id": "1098792632422002693", "url": "https://twitter.com/omepinyada_pptv/status/1098792632422002693", "username": "", "text": "วันที่22กุมภาพันธ์ วันแห่งแมวเหมียว #วันแห่งแมวเหมียว", "date": "22-02-2019 10:52", "retweet": 0, "like": 0}, {"id": "1098791219574956032", "url": "https://twitter.com/omepinyada_pptv/status/1098791219574956032", "username": "", "text": "ค่าเงินบาทแข็งค่าที่สุดในภูมิภาคคือ4.6% แต่มี.ค.มีแนวโน้มต่ำกว่า31บาท/ดอลลาร์ “สมคิด”ชี้ค่าเงินบาทแข็งค่าสะท้อนว่าเศรษฐกิจดี #ค่าเงินบาท #เศรษฐกิจ", "date": "22-02-2019 10:46", "retweet": 0, "like": 0}, {"id": "1098427929191563265", "url": "https://twitter.com/omepinyada_pptv/status/1098427929191563265", "username": "", "text": "กรมสรรพากร สามารถเก็บภาษีเกินเป้าทุกประเภท #ภาษี #สรรพากร", "date": "21-02-2019 10:43", "retweet": 0, "like": 1}, {"id": "1098426527912316929", "url": "https://twitter.com/omepinyada_pptv/status/1098426527912316929", "username": "", "text": "พรบ.ข้าว: สนช.ปิดประชุมให้กลับไปทบทวนใหม่ ก่อนพิจารณาวาระ2และ3 ในวันที่26 ก.พ.62 #พรบข้าว #ข้าว", "date": "21-02-2019 10:37", "retweet": 0, "like": 0}, {"id": "1098415625469186048", "url": "https://twitter.com/omepinyada_pptv/status/1098415625469186048", "username": "", "text": "เครื่องบินนายกรัฐมนตรีเกิดขัดข้อง ต้องบินกลับด่วน เลื่อนกำหนดการ #เครื่องบินขัดข้อง #นายกรัฐมนตรี #เครื่องบิน", "date": "21-02-2019 09:54", "retweet": 8, "like": 1}, {"id": "1098414480935940098", "url": "https://twitter.com/omepinyada_pptv/status/1098414480935940098", "username": "", "text": "จับขโมยปีนเข้าบ้านทนายความได้ หลังเอาทองขายตู้เซฟทิ้งลงคลอง ตรวจสอบหมายจับเพียบ ทรัพย์ได้คืนมาไม่ทั้งหมด #ขโมย #ทนายความ", "date": "21-02-2019 09:49", "retweet": 0, "like": 0}, {"id": "1098413913580818432", "url": "https://twitter.com/omepinyada_pptv/status/1098413913580818432", "username": "", "text": "วันนี้เข้าสู่ฤดูร้อนอย่างเป็นทางการ ภาคเหนืออีสานจะยังคงมีอากาศเย็น โดยจะสิ้นสุดฤดูร้อนถึงเดือนพ.ค. #อากาศ #ร้อน #หน้าร้อน #ฤดูร้อน", "date": "21-02-2019 09:47", "retweet": 0, "like": 0}]