[{"id": "1097488862551494656", "url": "https://twitter.com/onlymeisenough/status/1097488862551494656", "username": "", "text": "ส่วนตัวชอบคาแรคเตอร์ลุงตู่ค่ะ ไม่เข้าใจบางคนอยากได้นักการเมืองร้อยเล่ห์ขยันคีพลุค", "date": "18-02-2019 20:31", "retweet": 4, "like": 6}, {"id": "1097455082746986496", "url": "https://twitter.com/onlymeisenough/status/1097455082746986496", "username": "", "text": "อ่านแล้วอยากรู้เลยว่าพรรคอะไร", "date": "18-02-2019 18:17", "retweet": 0, "like": 0}]