[{"id": "1098969714330497029", "url": "https://twitter.com/p_chanlee/status/1098969714330497029", "username": "", "text": "@Padipat เชียร์ครับ ออกรายการจอมขวัญเลยพี่อ๋อง https:// twitter.com/Padipat/status /1098949215663775745 …", "date": "22-02-2019 22:36", "retweet": 0, "like": 0}, {"id": "1098969321148100610", "url": "https://twitter.com/p_chanlee/status/1098969321148100610", "username": "", "text": "ได้ยินว่าเว็บนี้ของแท้ทุกอย่าง ไม่เหมือนเว็บคู่แข่งอื่น เลยอยากรู้ว่าจริงไหม", "date": "22-02-2019 22:34", "retweet": 0, "like": 0}, {"id": "1098943868458823681", "url": "https://twitter.com/p_chanlee/status/1098943868458823681", "username": "", "text": "ของเป็นไงบ้าง? โอมะ", "date": "22-02-2019 20:53", "retweet": 0, "like": 0}, {"id": "1098919945964900352", "url": "https://twitter.com/p_chanlee/status/1098919945964900352", "username": "", "text": "เป็นกำลังใจให้ครับ https:// twitter.com/ownwaii/status /1098496840167653378 …", "date": "22-02-2019 19:18", "retweet": 0, "like": 1}, {"id": "1098585933685829633", "url": "https://twitter.com/p_chanlee/status/1098585933685829633", "username": "", "text": "ธรรมศาสตร์โดนจุก ๆ https:// twitter.com/VoiceOnlineTH/ status/1098583682527318016 …", "date": "21-02-2019 21:11", "retweet": 0, "like": 0}, {"id": "1098585015959449600", "url": "https://twitter.com/p_chanlee/status/1098585015959449600", "username": "", "text": "https:// twitter.com/quote_wiwata/s tatus/1098577277091115008 …", "date": "21-02-2019 21:07", "retweet": 0, "like": 0}, {"id": "1098559005381652484", "url": "https://twitter.com/p_chanlee/status/1098559005381652484", "username": "", "text": "555555 https:// twitter.com/matichonweekly /status/1098364200617836544 …", "date": "21-02-2019 19:24", "retweet": 0, "like": 0}]