[{"id": "1099432729765076992", "url": "https://twitter.com/P_Deimantas/status/1099432729765076992", "username": "", "text": "ฟอลพี่มัชเพราะเป็นคนทำให้รู้จักบอร์ดเกม", "date": "24-02-2019 05:16", "retweet": 0, "like": 0}, {"id": "1099313905803784194", "url": "https://twitter.com/P_Deimantas/status/1099313905803784194", "username": "", "text": "บฮ 24 ปี เองเหรอ", "date": "23-02-2019 21:23", "retweet": 0, "like": 0}, {"id": "1099300664566460417", "url": "https://twitter.com/P_Deimantas/status/1099300664566460417", "username": "", "text": "Hashtag นี้ตายตาหลับแล้วอะ pic.twitter.com/aNEQBWpmVA", "date": "23-02-2019 20:31", "retweet": 0, "like": 0}, {"id": "1099251424079241218", "url": "https://twitter.com/P_Deimantas/status/1099251424079241218", "username": "", "text": "นึกถึงมะลิลาเลย https:// twitter.com/omscw/status/1 099245842530091009 …", "date": "23-02-2019 17:15", "retweet": 0, "like": 0}, {"id": "1099215523072495616", "url": "https://twitter.com/P_Deimantas/status/1099215523072495616", "username": "", "text": "เงียบมาก", "date": "23-02-2019 14:52", "retweet": 0, "like": 0}, {"id": "1099175338637123584", "url": "https://twitter.com/P_Deimantas/status/1099175338637123584", "username": "", "text": "ยังไม่เปลี่ยนอีก", "date": "23-02-2019 12:13", "retweet": 0, "like": 0}, {"id": "1099148214664540160", "url": "https://twitter.com/P_Deimantas/status/1099148214664540160", "username": "", "text": "บังยาบุฟเฟต์ ทะเลเผาหัวละ 269 รวมน้ำแล้ว กุ้งกับหอยสดเหมือนเพิ่งโดดออกมาจากน้ำ ส่วนเนื้อกระทะ ของกินเล่นอื่นไม่ประทับใจ #รีวิวปัตตานี | http:// bit.ly/BangyaBuffet pic.twitter.com/DYXFoxIVXq", "date": "23-02-2019 10:25", "retweet": 0, "like": 0}, {"id": "1098930487656148992", "url": "https://twitter.com/P_Deimantas/status/1098930487656148992", "username": "", "text": "My week on Twitter : 27 Mentions, 26 Likes, 46 Retweets, 64.5K Retweet Reach, 1 New Follower. See yours with https:// sumall.com/performancetwe et?utm_source=twitter&utm_medium=publishing&utm_campaign=performance_tweet&utm_content=text_and_media&utm_term=252888430255417acc639895 … pic.twitter.com/JoV1s6FuKa", "date": "22-02-2019 20:00", "retweet": 0, "like": 0}, {"id": "1098898322595635201", "url": "https://twitter.com/P_Deimantas/status/1098898322595635201", "username": "", "text": "ยอมแล้ว", "date": "22-02-2019 17:52", "retweet": 0, "like": 0}, {"id": "1098836312583335937", "url": "https://twitter.com/P_Deimantas/status/1098836312583335937", "username": "", "text": "แค่นี้เอง ขนหน้าแข้งเส้นเล็กสุดของพี่เจยังไม่ร่วงเลย", "date": "22-02-2019 13:46", "retweet": 0, "like": 0}, {"id": "1098836151723425794", "url": "https://twitter.com/P_Deimantas/status/1098836151723425794", "username": "", "text": "อยากเรียกเธอว่า เมียฮ้อ", "date": "22-02-2019 13:45", "retweet": 0, "like": 1}, {"id": "1098765889984479233", "url": "https://twitter.com/P_Deimantas/status/1098765889984479233", "username": "", "text": "Our biggest fans this week: @horeheeee , @katato46 , @wanewongZ . Thank you! via https:// sumall.com/thankyou?utm_s ource=twitter&utm_medium=publishing&utm_campaign=thank_you_tweet&utm_content=text_and_media&utm_term=252888430255417acc639895 … pic.twitter.com/FNN64sMh42", "date": "22-02-2019 09:06", "retweet": 0, "like": 0}, {"id": "1098758461830004736", "url": "https://twitter.com/P_Deimantas/status/1098758461830004736", "username": "", "text": "ยัง 5555", "date": "22-02-2019 08:36", "retweet": 0, "like": 0}, {"id": "1098756674465091586", "url": "https://twitter.com/P_Deimantas/status/1098756674465091586", "username": "", "text": "น้ำตาไหล", "date": "22-02-2019 08:29", "retweet": 0, "like": 0}, {"id": "1098742670027976704", "url": "https://twitter.com/P_Deimantas/status/1098742670027976704", "username": "", "text": "เห็นทวิตแล้วนึกถึงร้าน @dotcafe เหมือนกันนะ ไม่ได้ไปนานมาก", "date": "22-02-2019 07:34", "retweet": 0, "like": 0}, {"id": "1098718860029521920", "url": "https://twitter.com/P_Deimantas/status/1098718860029521920", "username": "", "text": "ยิ้มน่ารัก", "date": "22-02-2019 05:59", "retweet": 0, "like": 0}, {"id": "1098583583051079680", "url": "https://twitter.com/P_Deimantas/status/1098583583051079680", "username": "", "text": "ฟังปาล์มมี่ทั้งคืนไปเลย", "date": "21-02-2019 21:01", "retweet": 0, "like": 0}, {"id": "1098583155986989058", "url": "https://twitter.com/P_Deimantas/status/1098583155986989058", "username": "", "text": "https:// open.spotify.com/track/6vHJmulT zlMlFa0ohqOLYX?si=iwBxjgz6QGiJEROcJN-aZQ …", "date": "21-02-2019 21:00", "retweet": 0, "like": 0}, {"id": "1098579566170263554", "url": "https://twitter.com/P_Deimantas/status/1098579566170263554", "username": "", "text": "คิดถึง - PALMY「Official Audio」 https:// youtu.be/RJvsn8WFKmM via @YouTube", "date": "21-02-2019 20:45", "retweet": 0, "like": 0}, {"id": "1098578929059737600", "url": "https://twitter.com/P_Deimantas/status/1098578929059737600", "username": "", "text": "รายการน่าจะรู้นะว่ามีดราม่า แต่ก็เลือก", "date": "21-02-2019 20:43", "retweet": 0, "like": 0}, {"id": "1098569180712820738", "url": "https://twitter.com/P_Deimantas/status/1098569180712820738", "username": "", "text": "ร้าน Chaploo ไอศครีมโฮมเมด วันนี้กินรัมเรซิ่น กลิ่นรัมหอม รสหวานน้อยกำลังดี #รีวิวปัตตานี pic.twitter.com/tuNSBeNo2s", "date": "21-02-2019 20:04", "retweet": 0, "like": 0}, {"id": "1098561765791547393", "url": "https://twitter.com/P_Deimantas/status/1098561765791547393", "username": "", "text": "รอเซฟรูป", "date": "21-02-2019 19:35", "retweet": 0, "like": 0}, {"id": "1098561334919127041", "url": "https://twitter.com/P_Deimantas/status/1098561334919127041", "username": "", "text": "บิดบิด pic.twitter.com/zCvrAK4Q9G", "date": "21-02-2019 19:33", "retweet": 0, "like": 0}, {"id": "1098560516719398912", "url": "https://twitter.com/P_Deimantas/status/1098560516719398912", "username": "", "text": "อยากเรียกเธอว่าอิควาย", "date": "21-02-2019 19:30", "retweet": 1, "like": 2}, {"id": "1098560392580685824", "url": "https://twitter.com/P_Deimantas/status/1098560392580685824", "username": "", "text": "หุ่นเหมือนรูปปั้นกรีกแล้ว", "date": "21-02-2019 19:29", "retweet": 0, "like": 0}, {"id": "1098498516614168582", "url": "https://twitter.com/P_Deimantas/status/1098498516614168582", "username": "", "text": "อยากได้ M16", "date": "21-02-2019 15:23", "retweet": 0, "like": 0}, {"id": "1098370634852126720", "url": "https://twitter.com/P_Deimantas/status/1098370634852126720", "username": "", "text": "พัก", "date": "21-02-2019 06:55", "retweet": 2, "like": 0}, {"id": "1098213444124213248", "url": "https://twitter.com/P_Deimantas/status/1098213444124213248", "username": "", "text": "https:// open.spotify.com/track/1PfUKiMD KIlPEF9FfdJawc?si=5k_lUwMIRfCnyvHkc_3E2A …", "date": "20-02-2019 20:31", "retweet": 0, "like": 0}, {"id": "1098205749358911490", "url": "https://twitter.com/P_Deimantas/status/1098205749358911490", "username": "", "text": "ขอให้ได้อันหลังคับ", "date": "20-02-2019 20:00", "retweet": 0, "like": 0}, {"id": "1098203247557304322", "url": "https://twitter.com/P_Deimantas/status/1098203247557304322", "username": "", "text": "ขอให้ได้นะ", "date": "20-02-2019 19:50", "retweet": 0, "like": 0}, {"id": "1098203096537227266", "url": "https://twitter.com/P_Deimantas/status/1098203096537227266", "username": "", "text": "#SaveJunI0rz", "date": "20-02-2019 19:49", "retweet": 0, "like": 1}, {"id": "1098196977530126338", "url": "https://twitter.com/P_Deimantas/status/1098196977530126338", "username": "", "text": "I'm at Anvil in Pattani https://www. swarmapp.com/c/ecAdrPYTKgD", "date": "20-02-2019 19:25", "retweet": 0, "like": 0}, {"id": "1098189853198446594", "url": "https://twitter.com/P_Deimantas/status/1098189853198446594", "username": "", "text": "อย่มาแบบ MissA นะ กราบล่ะ https:// twitter.com/jsmtjyygyjbbjb /status/1097914864939425793 …", "date": "20-02-2019 18:57", "retweet": 0, "like": 0}, {"id": "1098189529846927360", "url": "https://twitter.com/P_Deimantas/status/1098189529846927360", "username": "", "text": "ติดแล้ว https:// twitter.com/pchr_b/status/ 1098188947954384897 …", "date": "20-02-2019 18:56", "retweet": 0, "like": 0}, {"id": "1098184298903961603", "url": "https://twitter.com/P_Deimantas/status/1098184298903961603", "username": "", "text": "https:// open.spotify.com/track/0jGn1Xw7 bmrriyqMfjncin?si=XQNYNvvRSjyDBCxZ2waTWw …", "date": "20-02-2019 18:35", "retweet": 2, "like": 1}, {"id": "1098117691569631232", "url": "https://twitter.com/P_Deimantas/status/1098117691569631232", "username": "", "text": "ร้านนี้พ่อค้าน่ารัก", "date": "20-02-2019 14:10", "retweet": 0, "like": 0}, {"id": "1098071945143246848", "url": "https://twitter.com/P_Deimantas/status/1098071945143246848", "username": "", "text": "มิสเตอร์ว๊อฟนี่อีโก้แรงเหมือนกันนะคะ 555", "date": "20-02-2019 11:08", "retweet": 0, "like": 0}, {"id": "1098071866411872257", "url": "https://twitter.com/P_Deimantas/status/1098071866411872257", "username": "", "text": "เห็นแล้ว ทำไมขิงขนาดนั้นอะ งง", "date": "20-02-2019 11:08", "retweet": 0, "like": 0}, {"id": "1098035098199314432", "url": "https://twitter.com/P_Deimantas/status/1098035098199314432", "username": "", "text": "ขก ทำงาน แต่/ม่ทำงานก็ไม่มีเงิน", "date": "20-02-2019 08:42", "retweet": 0, "like": 0}, {"id": "1098031347971457024", "url": "https://twitter.com/P_Deimantas/status/1098031347971457024", "username": "", "text": "อยากเรียกเธอว่า อีหี", "date": "20-02-2019 08:27", "retweet": 0, "like": 0}, {"id": "1097906464918691840", "url": "https://twitter.com/P_Deimantas/status/1097906464918691840", "username": "", "text": "นึกถึงเคสหเามคนขับมอไซต์บนฟุตบาท แต่กลับถูกชน", "date": "20-02-2019 00:11", "retweet": 0, "like": 0}, {"id": "1097905147282259969", "url": "https://twitter.com/P_Deimantas/status/1097905147282259969", "username": "", "text": "ขก", "date": "20-02-2019 00:05", "retweet": 0, "like": 1}, {"id": "1097899779684687872", "url": "https://twitter.com/P_Deimantas/status/1097899779684687872", "username": "", "text": "ต้องเปิดโมเดลลิ่งแล้วครับ", "date": "19-02-2019 23:44", "retweet": 0, "like": 0}, {"id": "1097877593238327296", "url": "https://twitter.com/P_Deimantas/status/1097877593238327296", "username": "", "text": "ไม่ต้องรอครับ กรุงเทพของอร่อยเยอะมากกกกกก นี่อยู่ปัตตานีอิจฉาจะตาย", "date": "19-02-2019 22:16", "retweet": 0, "like": 0}, {"id": "1097873549220409345", "url": "https://twitter.com/P_Deimantas/status/1097873549220409345", "username": "", "text": "เรียกว่าจืดเลยดีกว่าครับ สลัดผักคือคายทิ้งเลย", "date": "19-02-2019 22:00", "retweet": 0, "like": 0}, {"id": "1097872517492928512", "url": "https://twitter.com/P_Deimantas/status/1097872517492928512", "username": "", "text": "น้องเขาไม่จุดธูปเรียก", "date": "19-02-2019 21:56", "retweet": 0, "like": 0}, {"id": "1097872013488619520", "url": "https://twitter.com/P_Deimantas/status/1097872013488619520", "username": "", "text": "น้องเขาไปเวียนเทียนนะครับ นี่รอรับส่วนบุญอยู่", "date": "19-02-2019 21:54", "retweet": 0, "like": 0}, {"id": "1097871862623682560", "url": "https://twitter.com/P_Deimantas/status/1097871862623682560", "username": "", "text": "ฝากถึงคนที่รับใบปลิวหรือแผ่นพับหาเสียงจากพรรคการเมือง ถ้าไม่อยากรับก็ไม่ต้องรับ ไม่ควรทิ้งไว้บนพื้นเป็นขยะ เราเดินผ่านยังต้องหยิบให้เลย เสียใจแทนผู้สมัคร", "date": "19-02-2019 21:53", "retweet": 0, "like": 0}, {"id": "1097870961469141002", "url": "https://twitter.com/P_Deimantas/status/1097870961469141002", "username": "", "text": "เราสามสิบ แต่บอกก็ไม่มีใครเชื่อ เพราะหน้าตาเกินอายุ 555 https:// twitter.com/Boatbie/status /1097870176794509318 …", "date": "19-02-2019 21:50", "retweet": 0, "like": 0}, {"id": "1097869306900013056", "url": "https://twitter.com/P_Deimantas/status/1097869306900013056", "username": "", "text": "วันนี้ไปกินไก่ทอด Marrybrown (Mb) ร้านไก่ทอดสัญชาติมาเลเซีย ที่มาแทน KFC ในปัตตานี ไก่ทอดกินได้ไม่ติด ส่วนอย่างอื่นจืด ต้องปรับรสชาติให้เหมาะกับคนท้องที่อีก #รีวิวปัตตานี | http:// bit.ly/MarrybrownPTN pic.twitter.com/pfBepXQrY6", "date": "19-02-2019 21:43", "retweet": 2, "like": 0}, {"id": "1097866400830492672", "url": "https://twitter.com/P_Deimantas/status/1097866400830492672", "username": "", "text": "https:// open.spotify.com/track/0ywnB1AN tBR7RTT1uBpBZO?si=rzwCecYPR7GJuLXQlN2DmA …", "date": "19-02-2019 21:32", "retweet": 0, "like": 0}, {"id": "1097866113751363584", "url": "https://twitter.com/P_Deimantas/status/1097866113751363584", "username": "", "text": "โอ๊ย", "date": "19-02-2019 21:30", "retweet": 0, "like": 0}, {"id": "1097865193361690630", "url": "https://twitter.com/P_Deimantas/status/1097865193361690630", "username": "", "text": "ได้เหรอคะ pic.twitter.com/gDpd5uZ7bN", "date": "19-02-2019 21:27", "retweet": 0, "like": 0}, {"id": "1097845625260072960", "url": "https://twitter.com/P_Deimantas/status/1097845625260072960", "username": "", "text": "I'm at Pattanion in Pattani, Changwat Pattani https://www. swarmapp.com/c/1Lz3un5VrKx pic.twitter.com/cqTi0oNvmy", "date": "19-02-2019 20:09", "retweet": 0, "like": 0}, {"id": "1097830041424093184", "url": "https://twitter.com/P_Deimantas/status/1097830041424093184", "username": "", "text": "ใครเล่นมุกนั่งเทียนวันนี้คือ กดมิ้วนะ", "date": "19-02-2019 19:07", "retweet": 0, "like": 0}, {"id": "1097822792513290240", "url": "https://twitter.com/P_Deimantas/status/1097822792513290240", "username": "", "text": "วิ่งเข้า pic.twitter.com/EgznKoJ4ZG – bei สวนสมเด็จพระศรีนครินทร์ (Princess Srinakarin Park)", "date": "19-02-2019 18:38", "retweet": 0, "like": 0}, {"id": "1097801641766531072", "url": "https://twitter.com/P_Deimantas/status/1097801641766531072", "username": "", "text": "เพลงใหม่นิชคุณละมุนมาก", "date": "19-02-2019 17:14", "retweet": 9, "like": 3}, {"id": "1097796294414725120", "url": "https://twitter.com/P_Deimantas/status/1097796294414725120", "username": "", "text": "นึกไม่ออกว่านอกจากขายคู่จิ้นเฟค ๆ จะขายอะไรอีก", "date": "19-02-2019 16:53", "retweet": 0, "like": 0}, {"id": "1097531863072043017", "url": "https://twitter.com/P_Deimantas/status/1097531863072043017", "username": "", "text": "แฟนเก่าหน้าโคตรเด็ก บอกว่าอยู่ปีหนึ่งยังเชื่อ", "date": "18-02-2019 23:22", "retweet": 0, "like": 0}, {"id": "1097525411188101121", "url": "https://twitter.com/P_Deimantas/status/1097525411188101121", "username": "", "text": "เมื่อกี๊เปิดคอมมาตั้งใจจะทำอะไรไม่รู้ พอเข้าทวิตละลืมหมดเลย", "date": "18-02-2019 22:57", "retweet": 0, "like": 0}, {"id": "1097524962749902848", "url": "https://twitter.com/P_Deimantas/status/1097524962749902848", "username": "", "text": "อ้าว นึกว่าเลิกกันแล้ว ที่บ่นเหมือนเพิ่งเลิกกับแฟนตอนนั้นคือเมนส์มาเหรอ", "date": "18-02-2019 22:55", "retweet": 10, "like": 4}, {"id": "1097518368398106625", "url": "https://twitter.com/P_Deimantas/status/1097518368398106625", "username": "", "text": "จมจ เอวไม่ถึง 26 เหรอ", "date": "18-02-2019 22:29", "retweet": 0, "like": 0}, {"id": "1097511242720137216", "url": "https://twitter.com/P_Deimantas/status/1097511242720137216", "username": "", "text": "ร้าน ชาบูบัง บนถนนสายมอ เนื้อวากิวนำเข้าจากญี่ปุ่น อร่อยสมราคา ที่ควรสั่งมีเนื้อกับไก่ทรงเครื่อง ส่วนอย่างอื่นแล้วแต่จริต #รีวิวปัตตานี | http:// bit.ly/2TPwTAd pic.twitter.com/fFJwgnYR37", "date": "18-02-2019 22:00", "retweet": 1, "like": 2}, {"id": "1097492686460706816", "url": "https://twitter.com/P_Deimantas/status/1097492686460706816", "username": "", "text": "ตายระหว่างเกณฑ์ทหารนี่ถือว่าตอบแทนคุณแผ่นดินเหรอ https:// twitter.com/nick00256200/s tatus/1097422570171752448 …", "date": "18-02-2019 20:47", "retweet": 0, "like": 1}, {"id": "1097483986664734720", "url": "https://twitter.com/P_Deimantas/status/1097483986664734720", "username": "", "text": "อยู่ในบริบทที่ไม่จิกงาน คือ ไม่สนใจงาน https:// twitter.com/pchr_b/status/ 1097483042375913473 …", "date": "18-02-2019 20:12", "retweet": 0, "like": 0}, {"id": "1097477222720405504", "url": "https://twitter.com/P_Deimantas/status/1097477222720405504", "username": "", "text": "คือขำไม่มีเหตุผลเลย 555", "date": "18-02-2019 19:45", "retweet": 0, "like": 0}, {"id": "1097476483147128834", "url": "https://twitter.com/P_Deimantas/status/1097476483147128834", "username": "", "text": "นับถือคนแปลคลิปหนูรัตน์", "date": "18-02-2019 19:42", "retweet": 7, "like": 1}, {"id": "1097412082188746752", "url": "https://twitter.com/P_Deimantas/status/1097412082188746752", "username": "", "text": "ร้าย ไม่รักพี่แล้วเหรอ", "date": "18-02-2019 15:26", "retweet": 0, "like": 0}, {"id": "1097399725542694912", "url": "https://twitter.com/P_Deimantas/status/1097399725542694912", "username": "", "text": "หน้าโทรมมาก เหมือนคนโรคจิต หมดมุ่นดูหนังโป๊", "date": "18-02-2019 14:37", "retweet": 0, "like": 0}, {"id": "1097371552415330305", "url": "https://twitter.com/P_Deimantas/status/1097371552415330305", "username": "", "text": "ไปซื้อเลย", "date": "18-02-2019 12:45", "retweet": 0, "like": 0}, {"id": "1097369721282809856", "url": "https://twitter.com/P_Deimantas/status/1097369721282809856", "username": "", "text": "ของอิเกีย สามร้อยกว่าบาท", "date": "18-02-2019 12:38", "retweet": 0, "like": 0}, {"id": "1097368354942115841", "url": "https://twitter.com/P_Deimantas/status/1097368354942115841", "username": "", "text": "มาชาร์จที่ทำงานหมด pic.twitter.com/gTxYtlBUVu", "date": "18-02-2019 12:32", "retweet": 1, "like": 6}, {"id": "1097367728778764288", "url": "https://twitter.com/P_Deimantas/status/1097367728778764288", "username": "", "text": "โทษทวิตเตอร์ทำไม อันนี้งง https:// twitter.com/topazine/statu s/1097364779339927552 …", "date": "18-02-2019 12:30", "retweet": 0, "like": 0}]