[{"id": "1099197515927293952", "url": "https://twitter.com/Packaphisit/status/1099197515927293952", "username": "", "text": "วรรณยุกต์ไม่ลอยใช่ปะ5555", "date": "23-02-2019 13:41", "retweet": 0, "like": 1}, {"id": "1099196672754634752", "url": "https://twitter.com/Packaphisit/status/1099196672754634752", "username": "", "text": "นั่นแล ยังสวยกว่าทาโฮมา", "date": "23-02-2019 13:38", "retweet": 0, "like": 1}, {"id": "1099195975527067648", "url": "https://twitter.com/Packaphisit/status/1099195975527067648", "username": "", "text": "คือแต่ก่อนใช้ดรอยด์แซนไรไม่ใช่หรอ", "date": "23-02-2019 13:35", "retweet": 0, "like": 1}, {"id": "1099169723848130560", "url": "https://twitter.com/Packaphisit/status/1099169723848130560", "username": "", "text": "ดูรีวิวซัมซุงกี่ทีๆก็หงุดหงิดฟอนท์ไทย", "date": "23-02-2019 11:50", "retweet": 2, "like": 6}, {"id": "1099034498920898560", "url": "https://twitter.com/Packaphisit/status/1099034498920898560", "username": "", "text": "ติดอยู่ได1มาเป็นชาติ", "date": "23-02-2019 02:53", "retweet": 0, "like": 1}, {"id": "1099007200754716672", "url": "https://twitter.com/Packaphisit/status/1099007200754716672", "username": "", "text": "อ้อครับ", "date": "23-02-2019 01:05", "retweet": 0, "like": 1}, {"id": "1099003656802754561", "url": "https://twitter.com/Packaphisit/status/1099003656802754561", "username": "", "text": "แสบคอจริง", "date": "23-02-2019 00:51", "retweet": 0, "like": 0}, {"id": "1099002836392697857", "url": "https://twitter.com/Packaphisit/status/1099002836392697857", "username": "", "text": "โหหหห 10เฉยๆกล้องเดียว ได้ขนาดนี้ไหมอะ", "date": "23-02-2019 00:47", "retweet": 0, "like": 0}, {"id": "1098927134679064576", "url": "https://twitter.com/Packaphisit/status/1098927134679064576", "username": "", "text": "ไม่ชอบจตุพรนะ แต่แม่งพูดโคตรดี #ไทยรัฐเลือกตั้ง #ดีเบตเลือกตั้ง62", "date": "22-02-2019 19:47", "retweet": 0, "like": 1}, {"id": "1098915357211815938", "url": "https://twitter.com/Packaphisit/status/1098915357211815938", "username": "", "text": "ชอบไอโฟนเพราะฟอนต์กับUI แค่นั้น5555", "date": "22-02-2019 19:00", "retweet": 0, "like": 1}, {"id": "1098858021478776832", "url": "https://twitter.com/Packaphisit/status/1098858021478776832", "username": "", "text": "มีais wifi แต่สัญญาณ4Gคือ0", "date": "22-02-2019 15:12", "retweet": 0, "like": 0}, {"id": "1098857951702351873", "url": "https://twitter.com/Packaphisit/status/1098857951702351873", "username": "", "text": "จริง คือจะโทรไปแจ้งละ5555", "date": "22-02-2019 15:12", "retweet": 0, "like": 0}, {"id": "1098530188357382144", "url": "https://twitter.com/Packaphisit/status/1098530188357382144", "username": "", "text": "55555 เป็นไปได้", "date": "21-02-2019 17:29", "retweet": 0, "like": 0}, {"id": "1098530127921606656", "url": "https://twitter.com/Packaphisit/status/1098530127921606656", "username": "", "text": "จริงทเมื่อวานนอนดึก ไม่รู้ทำไร", "date": "21-02-2019 17:29", "retweet": 0, "like": 1}, {"id": "1098527430048833536", "url": "https://twitter.com/Packaphisit/status/1098527430048833536", "username": "", "text": "วันนี้คือไม่เข้าหัวสักอย่าง เบลอ", "date": "21-02-2019 17:18", "retweet": 0, "like": 0}, {"id": "1098504168191348737", "url": "https://twitter.com/Packaphisit/status/1098504168191348737", "username": "", "text": "สอนไรไม่รู้เรื่อง เบื่ออาจารย์คนนี้", "date": "21-02-2019 15:46", "retweet": 0, "like": 3}, {"id": "1098442852323848192", "url": "https://twitter.com/Packaphisit/status/1098442852323848192", "username": "", "text": "ช่าย", "date": "21-02-2019 11:42", "retweet": 0, "like": 0}, {"id": "1098433707424178177", "url": "https://twitter.com/Packaphisit/status/1098433707424178177", "username": "", "text": "น้องลูลู่ https:// twitter.com/aumnutt/status /1098208879907721217 …", "date": "21-02-2019 11:06", "retweet": 0, "like": 3}, {"id": "1098433297053405184", "url": "https://twitter.com/Packaphisit/status/1098433297053405184", "username": "", "text": "สั่งปิดสิอิ กสทช ชี้นำกว่าวอยว์อีกมั้ง https:// twitter.com/earthskyp/stat us/1098165145933475840 …", "date": "21-02-2019 11:04", "retweet": 0, "like": 0}, {"id": "1098281154006929408", "url": "https://twitter.com/Packaphisit/status/1098281154006929408", "username": "", "text": "ครางสะตัวงอเลย", "date": "21-02-2019 01:00", "retweet": 0, "like": 0}, {"id": "1098279410610786304", "url": "https://twitter.com/Packaphisit/status/1098279410610786304", "username": "", "text": "เสียงหมาร้อง หรือคนคราง หรือคนร้อง งง", "date": "21-02-2019 00:53", "retweet": 0, "like": 1}, {"id": "1098275198388756480", "url": "https://twitter.com/Packaphisit/status/1098275198388756480", "username": "", "text": "ลงไปอ่านใหม่แปป", "date": "21-02-2019 00:36", "retweet": 0, "like": 0}, {"id": "1098274875024695296", "url": "https://twitter.com/Packaphisit/status/1098274875024695296", "username": "", "text": "มันเป็นประกาศติดอยู่ล่างหออะ ไม่รู้ว่าทั้งหลังมอเลยไหม แต่เหมือนอ่านผ่านๆว่าหลังมอ555", "date": "21-02-2019 00:35", "retweet": 0, "like": 0}, {"id": "1098273689823399936", "url": "https://twitter.com/Packaphisit/status/1098273689823399936", "username": "", "text": "งื้อออออ", "date": "21-02-2019 00:30", "retweet": 0, "like": 0}, {"id": "1097849077163732992", "url": "https://twitter.com/Packaphisit/status/1097849077163732992", "username": "", "text": "555555", "date": "19-02-2019 20:23", "retweet": 0, "like": 0}, {"id": "1097413981294055428", "url": "https://twitter.com/Packaphisit/status/1097413981294055428", "username": "", "text": "ควิซไร ไม่รู้เรื่องเลยจ้า", "date": "18-02-2019 15:34", "retweet": 0, "like": 0}]