[{"id": "1098586756226605056", "url": "https://twitter.com/palm_phattanan/status/1098586756226605056", "username": "", "text": "พ่อของฟ้า ....พี่ได้เจอสักที ^^ ตัวสูงจริงๆ จ้าาาา #ฟ้ารักพ่อ #ฟ้ารักพ่อเพราะนโยบายของพ่อ #ช่อง9ดีเบต pic.twitter.com/QXRI4SUOzm", "date": "21-02-2019 21:14", "retweet": 0, "like": 12}, {"id": "1098585410521915393", "url": "https://twitter.com/palm_phattanan/status/1098585410521915393", "username": "", "text": "ชมสดๆเลยจ้าาา ตอนนี้จ้าา เดือดแน่นอนนน พิธีกรก็สุดจัดปลัดบอก #ช่อง9ดีเบต https:// twitter.com/TNAMCOT/status /1098577094903181313 …", "date": "21-02-2019 21:09", "retweet": 1, "like": 0}, {"id": "1098584389691224066", "url": "https://twitter.com/palm_phattanan/status/1098584389691224066", "username": "", "text": "#ดีเบตช่อง9 เปิดเลย ตอนนี้!!!! https:// twitter.com/TNAMCOT/status /1098577094903181313 …", "date": "21-02-2019 21:05", "retweet": 0, "like": 0}, {"id": "1098576573148483585", "url": "https://twitter.com/palm_phattanan/status/1098576573148483585", "username": "", "text": "ใกล้เริ่มแล้ว #ดีเบตช่อง9 เวลา 20.30 น. เป็นต้นไป อภิสิทธิ์ - สุดารัตน์ - กอบศักดิ์ - ธนาธร นั่งประจำที่ รอเวลาเริ่มถ่ายทอดสด #ประชาธิปัตย์ #เพื่อไทย #พลังประชารัฐ #อนาคตใหม่ #ฟ้ารักพ่อ #ฟ้ารักพ่อเพราะนโยบายของพ่อ pic.twitter.com/7FIB0Q4Szr", "date": "21-02-2019 20:34", "retweet": 2, "like": 1}, {"id": "1098574736890650625", "url": "https://twitter.com/palm_phattanan/status/1098574736890650625", "username": "", "text": "\"คุณหญิงสุดารัตน์\" แห่งพรรคเพื่อไทย กับ \"ธนาธร\" จากอนาคตใหม่ ถึงช่อง 9 ไล่เลี่ยกัน #ช่อง9ดีเบต อย่าลืมดู เปิดช่อง9 ดูการดีเบตสดๆทางช่อง9 MCOT HD หมายเลข 30 เวลา 20.30 น. pic.twitter.com/qdCLibA6m6", "date": "21-02-2019 20:26", "retweet": 55, "like": 16}, {"id": "1098570589411848194", "url": "https://twitter.com/palm_phattanan/status/1098570589411848194", "username": "", "text": "**ขออภัย กองเชียร์เบาบางกว่าอีก 3 พรรค", "date": "21-02-2019 20:10", "retweet": 0, "like": 0}, {"id": "1098569723887767552", "url": "https://twitter.com/palm_phattanan/status/1098569723887767552", "username": "", "text": "ทีม #ฟ้ารักพ่อ มากันให้เยอะๆน้าาา รู้สึกว่าจะเบาบางกว่าอีก 4 พรรค #ช่อง9ดีเบต #อนาคตใหม่ pic.twitter.com/SVcfFZS2ZE", "date": "21-02-2019 20:06", "retweet": 6, "like": 6}, {"id": "1098568444759334914", "url": "https://twitter.com/palm_phattanan/status/1098568444759334914", "username": "", "text": "\"อภิสิทธิ์\" ให้สัมภาษณ์ผสข.สายการเมือง สำนักข่าวไทย ก่อนเข้าไปเตรียมตัวรอดีเบต 20.30 น. ทางช่อง 9 MCOT HD หมายเลข 30 #ช่อง9ดีเบต pic.twitter.com/XleJXtodTN", "date": "21-02-2019 20:01", "retweet": 1, "like": 3}, {"id": "1098567615478345728", "url": "https://twitter.com/palm_phattanan/status/1098567615478345728", "username": "", "text": "\"อภิสิทธิ์ เวชชาชีวะ\" หน.ปชป. ถึงช่อง9คนที่ 2 มีแม่ยกมารอให้กำลังใจ ขอเซลฟี่เพียบ ^^ #ช่อง9ดีเบต #ประชาธิปัตย์ pic.twitter.com/nU56kxcpXS", "date": "21-02-2019 19:58", "retweet": 6, "like": 8}, {"id": "1098566826928173057", "url": "https://twitter.com/palm_phattanan/status/1098566826928173057", "username": "", "text": "\"กอบศักดิ์\" ตัวแทนพรรค #พลังประชารัฐ ถึงช่อง 9 คนแรก #ช่อง9ดีเบต ขณะที่กองเชียร์ 4 พรรคทยอยมาให้กำลังใจ pic.twitter.com/yzzsrSR3Tt", "date": "21-02-2019 19:55", "retweet": 1, "like": 1}, {"id": "1098564147514470400", "url": "https://twitter.com/palm_phattanan/status/1098564147514470400", "username": "", "text": "ประกาศๆๆ วันนี้ช่อง 9 MCOT HD หมายเลข 30 ถ่ายทอดสดดีเบต 4 ขั้วการเมือง \"อภิสิทธิ์-สุดารัตน์-ธนาธร-กอบศักดิ์\" เวลา 20.30 น. วันนี้จ้าาา #ประชาธิปัตย์ #เพื่อไทย #อนาคตใหม่ #พลังประชารัฐ #ฟ้ารักพ่อ #ฟ้ารักพ่อเพราะนโยบายของพ่อ #Savethanathorn #สำนักข่าวไทย", "date": "21-02-2019 19:44", "retweet": 5, "like": 1}, {"id": "1098229273125576705", "url": "https://twitter.com/palm_phattanan/status/1098229273125576705", "username": "", "text": "นี่ยังไม่เลือกตั้งนะ...โคตรจะวุ่นวาย!!! เลือกตั้งแล้วจะวุ่นวายไหม??......... ไม่น่าจะเหลือ!!!! ถ้ายังแบ่งก๊ก แบ่งฝ่ายกันแบบนี้ ปลุกม็อบผ่านโซเชียลนี่ง่ายมากกกก ขยันกันสร้างแฮชแท็ค แล้วก็ปั่นๆกันไปเรื่อยๆ เห็นชัดตั้งแต่บอยค็อตประเทศตัวเองแระ #การเมืองไทย #เลือกตั้ง62", "date": "20-02-2019 21:33", "retweet": 4, "like": 1}, {"id": "1098226692668026884", "url": "https://twitter.com/palm_phattanan/status/1098226692668026884", "username": "", "text": "ธนาธรโดนจับแล้วรึ เห็นเซฟกันทั้งบ้านทั้งเมือง ???? #Savethanathorn", "date": "20-02-2019 21:23", "retweet": 3, "like": 0}, {"id": "1098183393508904960", "url": "https://twitter.com/palm_phattanan/status/1098183393508904960", "username": "", "text": "ชูวิทย์ บอกว่าเวลานักการเมืองทะเลาะกันมากๆ จะทำให้ทหารออกมา แต่ส่วนตัวเห็นว่า เวลาที่ทหารออกมา คือ เวลาที่คนไทยสองฝั่งจะฆ่ากันเอง แล้วนักการเมืองก็เอาตัวรอด!!!", "date": "20-02-2019 18:31", "retweet": 72, "like": 47}, {"id": "1098160841675833344", "url": "https://twitter.com/palm_phattanan/status/1098160841675833344", "username": "", "text": "กห.แจงยิบงบประมาณ หลังถูกบิดเบือนข้อมูล เทียบสัดส่วนงบฯปี62กับงบทั้งประเทศแค่ 7.57% หรือ 1.31ของGDP ย้ำการอนุมัติงบต้องผ่านสภา เผยงบสูงสุด คือ ก.ศึกษา มท. คลัง ส่วนกห.อยู่ลำดับ4 ลั่นทหารเสียภาษีทุกคน ใช้งบคุ้มค่า พร้อมเปิดรับแนวคิดปฏิรูปกองทัพจากฝ่ายเมือง แต่อย่าไปพูดลอยๆ pic.twitter.com/0upmRTPF9E", "date": "20-02-2019 17:02", "retweet": 3, "like": 0}, {"id": "1098094922354184194", "url": "https://twitter.com/palm_phattanan/status/1098094922354184194", "username": "", "text": "คือสงสัยว่าเป็นอะไรกับเพลง #หนักแผ่นดิน .... นี่ฟังวนไปวนมา ฟังเป็นสิบรอบแล้วเพราะชอบเนื้อหา ยังไม่เห็นจะเกลียดใครเพิ่ม หรือ ลุกไปฆ่าใคร ?!?!?", "date": "20-02-2019 12:40", "retweet": 27, "like": 36}, {"id": "1097867758912434176", "url": "https://twitter.com/palm_phattanan/status/1097867758912434176", "username": "", "text": "เว็บนี้มันสร้างข่าวปลอมมานานแล้ว แต่ตำรวจยังทำอะไรไม่ได้ ??!!!?? pic.twitter.com/o0j5eUgTlK", "date": "19-02-2019 21:37", "retweet": 4, "like": 0}, {"id": "1097800522390679552", "url": "https://twitter.com/palm_phattanan/status/1097800522390679552", "username": "", "text": "เจ้าเด็กคนนี้...น่ารักจริงว้อยยยยย #MobileBNK48 #BNK48 pic.twitter.com/efqQNZIvbH", "date": "19-02-2019 17:10", "retweet": 40, "like": 35}, {"id": "1097751330435751936", "url": "https://twitter.com/palm_phattanan/status/1097751330435751936", "username": "", "text": "บางทีอยากให้กองทัพเชิญคนที่พูดเรื่องตัดงบกห. ด่าเรื่องซื้ออาวุธไปฟังบรรยายสรุปสถานการณ์ตามแนวชายแดนสัก7วัน7คืน..เอาเวอร์ชั่นที่ออฟเรคคอร์ด จะได้รู้ว่ารอบบ้าน ณ วันนี้ไม่ใช่ทุ่งลาเวนเดอร์ มันคือภูเขาไฟที่จะปะทุเมื่อไหร่ก็ได้ ....แต่ถ้าอคติสุดโต่งอธิบายไปก็เปลืองน้ำลาย!", "date": "19-02-2019 13:54", "retweet": 4, "like": 3}, {"id": "1097735730451759104", "url": "https://twitter.com/palm_phattanan/status/1097735730451759104", "username": "", "text": "ใช่จ้าข้างบ้านเรานี่ก็ปัญหาเพียบจ้าแค่ไม่ประกาศให้โลกรู้", "date": "19-02-2019 12:52", "retweet": 0, "like": 0}, {"id": "1097688493189259265", "url": "https://twitter.com/palm_phattanan/status/1097688493189259265", "username": "", "text": "เดี๋ยวนี้เขาไม่รบกันแล้ว.... กองทัพเรือสิงคโปร์ทำพิธีปล่อยเรือดำน้ำลำล่าสุดลงน้ำ เมื่อ18 ก.พ. ที่ผ่านมา pic.twitter.com/OL7bkVcxGl", "date": "19-02-2019 09:45", "retweet": 92, "like": 63}, {"id": "1097519801537257473", "url": "https://twitter.com/palm_phattanan/status/1097519801537257473", "username": "", "text": "มีนโยบายอะไรดีๆเด่นๆ นอกเหนือด่ากราด", "date": "18-02-2019 22:34", "retweet": 2, "like": 3}, {"id": "1097501360155549697", "url": "https://twitter.com/palm_phattanan/status/1097501360155549697", "username": "", "text": "ใครจะว่ายังงัยไม่รู้นะ แต่พอได้ฟังเพลง #หนักแผ่นดิน แล้วต้องมาย้อนถามตัวเองว่า \"เราเกิดมาหนักแผ่นดินป่ะวะ?\" \"เราทำประโยชน์อะไรให้ชาติบ้าง\" จะว่าไป...ใครทำตัวหนักแผ่นดิน ล้วนรู้ตัวเองดี! อยู่ที่จะกล้ายอมรับหรือไม่ ก็เท่านั้นแหละจ้าาาาา....", "date": "18-02-2019 21:21", "retweet": 6, "like": 1}, {"id": "1097471481007620096", "url": "https://twitter.com/palm_phattanan/status/1097471481007620096", "username": "", "text": "5555 ขวัญเอ้ยยย ขวัญมา", "date": "18-02-2019 19:22", "retweet": 0, "like": 0}, {"id": "1097470561398153217", "url": "https://twitter.com/palm_phattanan/status/1097470561398153217", "username": "", "text": "// อย่าตกใจ เปิดให้ฟังเฉยๆ", "date": "18-02-2019 19:19", "retweet": 0, "like": 0}, {"id": "1097466074293915651", "url": "https://twitter.com/palm_phattanan/status/1097466074293915651", "username": "", "text": "อยากตกใจและลืออีกนะจ้ะ วันที่ 20 - 21 ก.พ.62 \"พล.ม.2รอ.\" ทำการเคลื่อนย้ายรถถัง-ยานเกราะ เคลื่อนจากสนามฝึกลพบุรี มุ่งหน้า สระบุรี pic.twitter.com/Cgl1fzYjWh", "date": "18-02-2019 19:01", "retweet": 2, "like": 0}, {"id": "1097417988355936256", "url": "https://twitter.com/palm_phattanan/status/1097417988355936256", "username": "", "text": "เพราะตัวเล็กนิดเดียว ไม่หนักแน่นอนจ้าาา", "date": "18-02-2019 15:50", "retweet": 0, "like": 0}, {"id": "1097417324125016064", "url": "https://twitter.com/palm_phattanan/status/1097417324125016064", "username": "", "text": "หนักแผ่นดิน หนักแผ่นดิน คนเช่นนี้เป็นคนหนักแผ่นดิน!!!! เพลงนี้วนเวียนอยู่ในหัวทั้งวันเลยจ้าาา... แต่ชอบนะ เนื้อหาดี ตรงไปตรงมา ซึ่งต้องยอมรับว่าประเทศเรามีคนแบบนี้เยอะมากกกกกกกก ส่วนตัวข้าพเจ้าน้านนนน มั่นใจและกล้าพูดแบบไม่อายว่า ไม่หนักแผ่นดิน แน่นอน 5555 #หนักแผ่นดิน", "date": "18-02-2019 15:47", "retweet": 1, "like": 2}, {"id": "1097412231245922305", "url": "https://twitter.com/palm_phattanan/status/1097412231245922305", "username": "", "text": "วันนี้ที่กองบัญชาการกองทัพบก เปิดเพลง #หนักแผ่นดิน ให้กำลังพลฟังเพลินๆ จ้า https://www. tnamcot.com/view/Ka-JAd3", "date": "18-02-2019 15:27", "retweet": 1, "like": 3}, {"id": "1097370122279301124", "url": "https://twitter.com/palm_phattanan/status/1097370122279301124", "username": "", "text": "มีพรรคเสรีรวมไทย ด้วยจ้า", "date": "18-02-2019 12:39", "retweet": 0, "like": 0}, {"id": "1097365608214216704", "url": "https://twitter.com/palm_phattanan/status/1097365608214216704", "username": "", "text": "มีหลายพรรคนะคะที่เสนอแบบนี้", "date": "18-02-2019 12:22", "retweet": 0, "like": 0}, {"id": "1097321993215438850", "url": "https://twitter.com/palm_phattanan/status/1097321993215438850", "username": "", "text": "นี่ฟังเสียงผบ.ทบ.ในคลิปหลายรอบมากกกกก ผบ.ทบ.ก็ไม่ได้พูดชัดนะว่าไล่หญิงหน่อยไปฟังเพลง #หนักแผ่นดิน อ้ะ... ฟังคลิปๆ อย่าอ่านแต่พาดหัว!!! https:// twitter.com/palm_phattanan /status/1097316421393047553 …", "date": "18-02-2019 09:28", "retweet": 113, "like": 48}, {"id": "1097316421393047553", "url": "https://twitter.com/palm_phattanan/status/1097316421393047553", "username": "", "text": "\"...คนใดใช้ชื่อไทยอยู่ กายก็ดูเหมือนไทยด้วยกัน ได้อาศัยโพธิ์ทองแผ่นดินของราชันย์ แต่ใจมันยังเฝ้าคิดทำลาย คนใดเห็นไทยเป็นทาส ดูถูกชาติเชื้อชนถิ่นไทย แต่ยังฝังทำกิน กอบโกยสินไทยไป เหยียดคนไทยเป็นทาสของมัน...\" เนื้อเพลงท่อนหนึ่งในเพลง #หนักแผ่นดิน ที่ ผบ.ทบ.บอกให้นักข่าวไปฟัง pic.twitter.com/2aMBApympU", "date": "18-02-2019 09:06", "retweet": 304, "like": 134}, {"id": "1097304685390614530", "url": "https://twitter.com/palm_phattanan/status/1097304685390614530", "username": "", "text": "เพลงที่ดังตอนนี้ คือเพลง \"หนักแผ่นดิน\" !!!!!! ผบ.ทบ.ว่าแบบนี้!!!!! หนักแผ่นดิน....หนักแผ่นดิน หนักแผ่นดิน...!!!!! ร้องเป็นแค่นี้จริงๆ https:// youtu.be/ItxSyvWz6bY", "date": "18-02-2019 08:19", "retweet": 3, "like": 2}, {"id": "1097294929699598336", "url": "https://twitter.com/palm_phattanan/status/1097294929699598336", "username": "", "text": "ณ สะพานผ่านฟ้า เมื่อ 5 ปีที่แล้ว เฟสบุ๊คมันย้อนเวลาให้รำลึก #การเมืองแบบไทยๆ pic.twitter.com/bElNF6iD4x", "date": "18-02-2019 07:41", "retweet": 2, "like": 2}]