[{"id": "1099279895107121153", "url": "https://twitter.com/PastelSecret/status/1099279895107121153", "username": "", "text": "ยอมหรืออมครับ :D", "date": "23-02-2019 19:08", "retweet": 0, "like": 0}, {"id": "1099236867378016256", "url": "https://twitter.com/PastelSecret/status/1099236867378016256", "username": "", "text": "I believe I can touch the sky!", "date": "23-02-2019 16:17", "retweet": 0, "like": 0}, {"id": "1099233831863767040", "url": "https://twitter.com/PastelSecret/status/1099233831863767040", "username": "", "text": "การเมืองไทยจะเป็นพม่าที่ทหารมี25%(คสชมี33.33%)ยังแพ้ หรือกัมพูชาที่ทหารชนะแต่ต่างชาติไม่ยอมรับการเลือกตั้ง(ยกเว้นจีน) ตัวแปรคืออนาคตใหม่กับประชาธิปัตย์นี่แหละ", "date": "23-02-2019 16:05", "retweet": 0, "like": 1}, {"id": "1099231572677451776", "url": "https://twitter.com/PastelSecret/status/1099231572677451776", "username": "", "text": "#futurista", "date": "23-02-2019 15:56", "retweet": 1, "like": 0}, {"id": "1098920914844962816", "url": "https://twitter.com/PastelSecret/status/1098920914844962816", "username": "", "text": "#เชียร์ปิยบุตร #ไทยรัฐดีเบต", "date": "22-02-2019 19:22", "retweet": 0, "like": 1}, {"id": "1097516867114024960", "url": "https://twitter.com/PastelSecret/status/1097516867114024960", "username": "", "text": "pic.twitter.com/RB9S9HRpHS", "date": "18-02-2019 22:23", "retweet": 0, "like": 0}, {"id": "1097430931420307457", "url": "https://twitter.com/PastelSecret/status/1097430931420307457", "username": "", "text": "pic.twitter.com/vpxEWE61cs", "date": "18-02-2019 16:41", "retweet": 0, "like": 0}, {"id": "1097408024765915137", "url": "https://twitter.com/PastelSecret/status/1097408024765915137", "username": "", "text": "เอารูปเจ้าหน้าทีรัฐมาหาเสียงได้ด้วยเหรอครับ ผู้รู้ตอบทีนะครับ pic.twitter.com/NebmoxyEw2", "date": "18-02-2019 15:10", "retweet": 0, "like": 0}]