[{"id": "1099251168595697664", "url": "https://twitter.com/paul_kamui/status/1099251168595697664", "username": "", "text": "น้องๆ นักศึกษาปี 4 ม.มหิดล ภาควิชารังสีการแพทย์ มาเยี่ยมชมการทำงานที่ โรงพยาบาลบำรุงราษฎร์ #มาทำงานกับพี่นะครับ", "date": "23-02-2019 17:14", "retweet": 0, "like": 0}, {"id": "1099099565863591936", "url": "https://twitter.com/paul_kamui/status/1099099565863591936", "username": "", "text": "กับพี่สาวที่น่ารัก", "date": "23-02-2019 07:12", "retweet": 0, "like": 0}, {"id": "1099099328046481408", "url": "https://twitter.com/paul_kamui/status/1099099328046481408", "username": "", "text": "กับพี่สาวแสนสวย", "date": "23-02-2019 07:11", "retweet": 0, "like": 0}, {"id": "1098990348297097216", "url": "https://twitter.com/paul_kamui/status/1098990348297097216", "username": "", "text": "เมื่อขุ่นแม่มา", "date": "22-02-2019 23:58", "retweet": 0, "like": 0}, {"id": "1098989854422196224", "url": "https://twitter.com/paul_kamui/status/1098989854422196224", "username": "", "text": "Together again", "date": "22-02-2019 23:56", "retweet": 0, "like": 0}, {"id": "1098961299214602240", "url": "https://twitter.com/paul_kamui/status/1098961299214602240", "username": "", "text": "ควักหัวใจออกมา!! https://www. facebook.com/paul.pokeawkul /videos/10218681966985191/ …", "date": "22-02-2019 22:02", "retweet": 0, "like": 0}, {"id": "1098954944563027969", "url": "https://twitter.com/paul_kamui/status/1098954944563027969", "username": "", "text": "งานปีใหม่โรงพยาบาลกับพี่เบน https://www. facebook.com/paul.pokeawkul /videos/10218681770180271/ …", "date": "22-02-2019 21:37", "retweet": 0, "like": 0}, {"id": "1098877438426210305", "url": "https://twitter.com/paul_kamui/status/1098877438426210305", "username": "", "text": "#NewProfilePic pic.twitter.com/PcrQ8V0tlZ", "date": "22-02-2019 16:29", "retweet": 0, "like": 0}, {"id": "1097292379055247360", "url": "https://twitter.com/paul_kamui/status/1097292379055247360", "username": "", "text": "Agree!!", "date": "18-02-2019 07:31", "retweet": 0, "like": 0}]