[{"id": "1099334263869063169", "url": "https://twitter.com/Pcorn_MP_/status/1099334263869063169", "username": "", "text": "ไม่ทันเริ่มก็จอยซะแล้วค่ะ", "date": "23-02-2019 22:44", "retweet": 0, "like": 1}, {"id": "1099317768053092352", "url": "https://twitter.com/Pcorn_MP_/status/1099317768053092352", "username": "", "text": "งดลงฟิค #noodlemagicมนต์รักก๋วยเตี๋ยว ชั่วคราวค่ะ", "date": "23-02-2019 21:39", "retweet": 0, "like": 0}, {"id": "1099316248142217216", "url": "https://twitter.com/Pcorn_MP_/status/1099316248142217216", "username": "", "text": "แม่งูเอ๋ย?? #ลูกทุ่งไอดอล คืออะไร?? ตอนแรกเพิ่งเจอรายการนี้..ตอนแรกคิดว่า ไม่น่ารอดเพราะก็อปเขามาขนาดนั้น ว่าแล้วต้องโดนไม่ให้ออกอากาศแน่ๆ จะสู้ได้เปล่า???? #NoSupportCopy pic.twitter.com/FWxChBn8zb", "date": "23-02-2019 21:33", "retweet": 0, "like": 2}, {"id": "1099312600288907266", "url": "https://twitter.com/Pcorn_MP_/status/1099312600288907266", "username": "", "text": "なにごれえええ", "date": "23-02-2019 21:18", "retweet": 0, "like": 0}, {"id": "1099303004170121221", "url": "https://twitter.com/Pcorn_MP_/status/1099303004170121221", "username": "", "text": "เบะตัดผมใหม่..อร้ายยยยยยยยยยยย https:// twitter.com/magipri5/statu s/1099302489080262657 …", "date": "23-02-2019 20:40", "retweet": 0, "like": 0}, {"id": "1099281721357299713", "url": "https://twitter.com/Pcorn_MP_/status/1099281721357299713", "username": "", "text": "ดีจังเลยค่ะ รายละเอียดมาช่วงปิดเทอมพอดี ช่วยหน่อยนะคะ", "date": "23-02-2019 19:16", "retweet": 0, "like": 1}, {"id": "1099279886110187520", "url": "https://twitter.com/Pcorn_MP_/status/1099279886110187520", "username": "", "text": "ตอนปิดเทอมจะทำเสื้อไทยเชียรส์เพื่อที่มีรายได้ระหว่างเรียนตอนปิดเทอม มีใครสนใจมั้ยยยยย??????? (เงียบกริบ..)", "date": "23-02-2019 19:08", "retweet": 0, "like": 1}, {"id": "1099096278607093760", "url": "https://twitter.com/Pcorn_MP_/status/1099096278607093760", "username": "", "text": "คุณพี่!!!!!!!!!!!!!! น้องไม่ไหวแล้วววววววววว เอาผมบังตาแบบนี้ไม่ได้!!!!!!!!!!!!!! pic.twitter.com/rfLqIlQ6w0", "date": "23-02-2019 06:59", "retweet": 0, "like": 0}, {"id": "1099095020689223680", "url": "https://twitter.com/Pcorn_MP_/status/1099095020689223680", "username": "", "text": "ฟหกดฟหกดฟหกดฟกกเดนกรดาดน https:// twitter.com/magipri5/statu s/1099094633781415936 …", "date": "23-02-2019 06:54", "retweet": 0, "like": 0}, {"id": "1098907692591067138", "url": "https://twitter.com/Pcorn_MP_/status/1098907692591067138", "username": "", "text": "พ่อหนุ่มกิฟุมีเดินแบบจ้าาาา จะออกมาTypeไหนน้าาา https:// twitter.com/magipri5/statu s/1098856392574681088 …", "date": "22-02-2019 18:29", "retweet": 0, "like": 0}, {"id": "1098814020449067008", "url": "https://twitter.com/Pcorn_MP_/status/1098814020449067008", "username": "", "text": "ถ้าคุณได้แอด Line Account ของวงที่คุณชอบ ถ้าเราส่งข้อความไปในแอคเคาน์..เขาจะส่งแบบAutomatic เลยน้าาาา ในรูปคือ #HiFive #マジプリ #ナイスタ ที่ส่งไปค่ะ ส่วนAutomatic Message ไม่ต้องรู้หรอกว่าใครส่งมา... pic.twitter.com/x5lK04abHt", "date": "22-02-2019 12:17", "retweet": 0, "like": 0}, {"id": "1098578978711846912", "url": "https://twitter.com/Pcorn_MP_/status/1098578978711846912", "username": "", "text": "ไดเอ็ตว้อยยยยยยย https:// twitter.com/tabetetsuthai/ status/1098486730888437761 …", "date": "21-02-2019 20:43", "retweet": 0, "like": 0}, {"id": "1098578259057434625", "url": "https://twitter.com/Pcorn_MP_/status/1098578259057434625", "username": "", "text": "ท่อนนี้ติดเรตมากกกกจนต้องแต่งแบบสุภาพแทน", "date": "21-02-2019 20:40", "retweet": 0, "like": 1}, {"id": "1098560113063780352", "url": "https://twitter.com/Pcorn_MP_/status/1098560113063780352", "username": "", "text": "ถ้าแปลตรงตัว.. Yo รุกมันเข้าไปสิParty up Yeah ในร่างกายอันบอบบาง Turning up Hah กุมมือที่ไวต่อความรู้สึกตรงนั้น ลองสัมผัสจุดที่ดีต่อใจสักครั้ง ว๊อยยยยยยยยยย เรตมากอหหหหหหหหหห กมฮนชตคน.จะขนาดไหนนนนนนนนนน", "date": "21-02-2019 19:28", "retweet": 0, "like": 1}, {"id": "1098559339906793472", "url": "https://twitter.com/Pcorn_MP_/status/1098559339906793472", "username": "", "text": "แปลเพลงSUMMER LOVE ยังไงไม่ให้โดนแบน.. โดยเฉพาะท่อน.. Yo 攻めてこうぜParty up Yeah カラダ中がTurning up Hah 触れた手が敏感 最高の瞬間を実感 แปลแบบสุภาพ (แบบอ้อมๆ) Yo ลองเข้าไปสิ Party up Yeah เข้าไปในที่Turning up Hah จับมือไปบทเรียนที่ชิดใกล้ บทเรียนเสน่หาแสนกว้างใหญ่", "date": "21-02-2019 19:25", "retweet": 0, "like": 1}, {"id": "1098557407192477696", "url": "https://twitter.com/Pcorn_MP_/status/1098557407192477696", "username": "", "text": "โฮมเพจBanner แทบจะช็อตในโรงเรียน เก็บอาการไม่อยู่แล้ว... pic.twitter.com/DwlenFFF9n", "date": "21-02-2019 19:17", "retweet": 0, "like": 1}, {"id": "1098551323178356737", "url": "https://twitter.com/Pcorn_MP_/status/1098551323178356737", "username": "", "text": "SML:เฮ้!! ชิมิสุมิยุกุไทโย โอ้บะหมี่!!!! (ไม่เห็นน่าสงสารเลย) GomenHanashikunai: To Be Continue", "date": "21-02-2019 18:53", "retweet": 0, "like": 0}, {"id": "1098522954223124481", "url": "https://twitter.com/Pcorn_MP_/status/1098522954223124481", "username": "", "text": "ความน่าสงสารของซิงเกิ้ลของ #マジプリ 絶対アイ: ปล่อยMV Full version. Spin: ปล่อยMVทุกversion. (Full Short Making Dance CM) Over: เพลงไม่ติดหู รีลีสตรงกับวงไอดอลตัวTop UP:ยอดวิวเยอะเพราะท่าเต้นY YMDeam: MVเกือบFull ver. Best My: เก็บเงียบมากก Bel!ever(A):LimiกับReguสลับกัน", "date": "21-02-2019 17:00", "retweet": 0, "like": 0}, {"id": "1098480040340217862", "url": "https://twitter.com/Pcorn_MP_/status/1098480040340217862", "username": "", "text": "ความบ้าเมื่อตอนกลางวัน..จนล้มระเนระนาบไปกับพื้น เมื่อโฮมเพจซิงเกิ้ลใหม่ได้ออกมาแล้ว ให้ภาพอธิบายเองแล้วกัน... pic.twitter.com/TMSGe2msay", "date": "21-02-2019 14:10", "retweet": 0, "like": 0}, {"id": "1098476094842257408", "url": "https://twitter.com/Pcorn_MP_/status/1098476094842257408", "username": "", "text": "ว่าแล้วโฮมเพจต้องเปลี่ยนใหม่.. https:// twitter.com/HiFiveJP/statu s/1098473235501395968 …", "date": "21-02-2019 13:54", "retweet": 0, "like": 0}, {"id": "1098152855439994881", "url": "https://twitter.com/Pcorn_MP_/status/1098152855439994881", "username": "", "text": "เซนเตอร์ในวงน่ารักมากกกกกก https:// twitter.com/taengchi309/st atus/1098097559162183680 …", "date": "20-02-2019 16:30", "retweet": 0, "like": 1}, {"id": "1098128244363022336", "url": "https://twitter.com/Pcorn_MP_/status/1098128244363022336", "username": "", "text": "โอ๊ยยยยย ไม่ไหวแล้วววว รังสีมาริที่ดีค่ะ..", "date": "20-02-2019 14:52", "retweet": 0, "like": 1}, {"id": "1098127410493411328", "url": "https://twitter.com/Pcorn_MP_/status/1098127410493411328", "username": "", "text": "มาริคนดีของน้องงงงง pic.twitter.com/CqwhJr5MxC", "date": "20-02-2019 14:49", "retweet": 0, "like": 1}, {"id": "1098126695905746944", "url": "https://twitter.com/Pcorn_MP_/status/1098126695905746944", "username": "", "text": "เห็นมาริจนเป็นฉะนี้ค่ะพี่.. pic.twitter.com/RBlNa6bs11", "date": "20-02-2019 14:46", "retweet": 0, "like": 1}, {"id": "1098073219414650880", "url": "https://twitter.com/Pcorn_MP_/status/1098073219414650880", "username": "", "text": "I Gave Promoted MPIntCheerz's Twitter", "date": "20-02-2019 11:13", "retweet": 0, "like": 1}, {"id": "1098068726430068736", "url": "https://twitter.com/Pcorn_MP_/status/1098068726430068736", "username": "", "text": "อะเฮือกกกกก มาริที่ดีของน้องงงง อ่าห์ฟหกดฟหกดฟหกด", "date": "20-02-2019 10:56", "retweet": 0, "like": 1}, {"id": "1098052854177193984", "url": "https://twitter.com/Pcorn_MP_/status/1098052854177193984", "username": "", "text": "ก่อนงดลงฟิค #NoodleMagicมนต์รักก๋วยเตี๋ยว ใน #จอยลดา 1สัปดาห์ EP5จะใกล้รู้ความจริงแล้ว.. อ่านได้ที่ http://www. joylada.com/story/5c56e867 63cbfd00019dd332 … #マジプリ pic.twitter.com/1hQ7EsXufw", "date": "20-02-2019 09:52", "retweet": 0, "like": 0}, {"id": "1098047830533390336", "url": "https://twitter.com/Pcorn_MP_/status/1098047830533390336", "username": "", "text": "งดลงฟิค #NoodleMagicมนต์รักก๋วยเตี๋ยว ที่ #จอยลดา 1สัปดาห์ เพราะใกล้สอบFinal เรื่องนี้มีทั้งหมด7ตอน จะได้รู้ความลับของตัวละครแล้วค่ะ ฝากด้วยนะคะ #マジプリ #るんるん #テンツーツー", "date": "20-02-2019 09:32", "retweet": 0, "like": 0}, {"id": "1098046776949407744", "url": "https://twitter.com/Pcorn_MP_/status/1098046776949407744", "username": "", "text": "ทำตัวสบายๆช่วงเปิดเทอม..ดันตกม้าตายตอนใกล้สอบ.. เคลียร์งานค่าาาาาา #เด็กอาชีวะ", "date": "20-02-2019 09:28", "retweet": 0, "like": 0}, {"id": "1097876832085368833", "url": "https://twitter.com/Pcorn_MP_/status/1097876832085368833", "username": "", "text": "ซิงเกิ้ลนี้ชื่อว่า By your side ขอรีวิวในการฟังจากSpotify ฟังสบายกว่า Kiss me fire มากๆ ซิงเกิ้ลนี้ดูซอร์ฟกว่าซิงเกิ้ลอื่นๆที่ตามมาทั้งหมด..จบการรีวิว", "date": "19-02-2019 22:13", "retweet": 0, "like": 0}, {"id": "1097874406116716544", "url": "https://twitter.com/Pcorn_MP_/status/1097874406116716544", "username": "", "text": "วันนี้ลงคะแนนเลือกตั้งเอ๊ย...ยอดขายจากการสั่งจองซิงเกิ้ลล่วงหน้าของแก็ง #ナイスタ ได้เสียงโหวต..เอ๊ย..ยอดขาย 22,999แผ่น(เลขสวยมะ?) แต่พอมีนัมบะNext Gen ลงซิงเกิ้ลใหม่รู้สึกไม่ปลอดภัยยังไงก็ไม่รู้.. pic.twitter.com/Bx6KHq7EbX", "date": "19-02-2019 22:03", "retweet": 0, "like": 1}, {"id": "1097762999387881472", "url": "https://twitter.com/Pcorn_MP_/status/1097762999387881472", "username": "", "text": "#คาราโอเกะMP ช่วงนี้คิดมุขไม่ออก เอานี่ไปก่อนละกัน... pic.twitter.com/AH8HHvNyvh", "date": "19-02-2019 14:41", "retweet": 0, "like": 0}, {"id": "1097680585307303938", "url": "https://twitter.com/Pcorn_MP_/status/1097680585307303938", "username": "", "text": "ช็อตนี้กุตายยยยยยย โอ๊ยยยน้องงงงง https:// twitter.com/magipri5/statu s/1097632535394246656 …", "date": "19-02-2019 09:13", "retweet": 0, "like": 0}, {"id": "1097644628843458561", "url": "https://twitter.com/Pcorn_MP_/status/1097644628843458561", "username": "", "text": "น้องงงงงง https:// twitter.com/magipri5/statu s/1097616549463056384 …", "date": "19-02-2019 06:50", "retweet": 0, "like": 1}, {"id": "1097485810876657664", "url": "https://twitter.com/Pcorn_MP_/status/1097485810876657664", "username": "", "text": "อิน้องงงงงงงงงงงงงงงงงงงงงงงงงงง https:// twitter.com/magipri5/statu s/1097478162336731137 …", "date": "18-02-2019 20:19", "retweet": 0, "like": 1}, {"id": "1097455240423583744", "url": "https://twitter.com/Pcorn_MP_/status/1097455240423583744", "username": "", "text": "........ https:// twitter.com/JUNON_jp/statu s/1097407431632609280 …", "date": "18-02-2019 18:18", "retweet": 0, "like": 0}, {"id": "1097454895186173953", "url": "https://twitter.com/Pcorn_MP_/status/1097454895186173953", "username": "", "text": "ใจคอไม่ดีเลยช่วงนี้อ่ะ.. https:// twitter.com/s_410yuya/stat us/1097443498951753728 …", "date": "18-02-2019 18:16", "retweet": 0, "like": 1}]