[{"id": "1098839021638234112", "url": "https://twitter.com/peekaboobadboy/status/1098839021638234112", "username": "", "text": "อ้าว นึกว่าลุงตู่กินหญ้าซะอีก แย่จัง", "date": "22-02-2019 13:56", "retweet": 1, "like": 0}, {"id": "1098837748650102784", "url": "https://twitter.com/peekaboobadboy/status/1098837748650102784", "username": "", "text": "อีตู่กินข้าวบนรถแปลกตรงไหน ถ้ากินขี้หรือเย็ดกับหมาบนรถแล้วค่อยเอามาทำข่าวนะ #savethanaton", "date": "22-02-2019 13:51", "retweet": 6, "like": 3}, {"id": "1098519442256850946", "url": "https://twitter.com/peekaboobadboy/status/1098519442256850946", "username": "", "text": "กูเปิดเพลงนี้ให้น้องป.4ฟัง ก่อนเปิดกูพูดแค่ว่าชื่อเพลงหมายถึงผู้ชายดี ต้องกูถามต่อว่าหมายถึงคุณธนาธร หัวหน้าพรรค #อนาคตใหม่ ปะคะ อีเหี้ย ดีใจที่น้องกูยังมองออก #savethanathon https:// youtu.be/1ZRb1we80kM", "date": "21-02-2019 16:46", "retweet": 6, "like": 3}, {"id": "1098518688376836096", "url": "https://twitter.com/peekaboobadboy/status/1098518688376836096", "username": "", "text": "หลังจากนัน กูเลยเปิดเพลงนี้ให้มันฟังต่อ บอกไปว่าเป็นเพลงชั้นสูง มันฟังแล้วมันก็ชอบมา ชั้นสูงจริงๆด้วยค่ะ ดีกว่าเพลงที่อีลุงตู่แต่งล้านเท่า ขนาดผู้นำเกาหลีเหนือยังฟังเลยค่ะ แล้วท่านประยุทธ์เคยฟังปะคะ @prayutofficial https:// youtu.be/J_CFBjAyPWE", "date": "21-02-2019 16:43", "retweet": 0, "like": 0}, {"id": "1098517182797864961", "url": "https://twitter.com/peekaboobadboy/status/1098517182797864961", "username": "", "text": "กูเปิดเพลงRBB(Really bad boy)ให้น้องป.4ฟัง กูพูดแค่ว่าชื่อเพลงแปลว่าผู้ชายเลวมาก น้องกูพูดต่อว่าหมายถึงลุงตู่ @prayutofficial ลุงป้อม ปะคะ อีเหี้ยกูขำมาก น้องกูดูออกด้วยว่ะ555555555 #หนักแผ่นดิน #savethanathon #เลือกตั้ง62 #อนาคตใหม่ #พลังประชารัฐ https:// youtu.be/IWJUPY-2EIM", "date": "21-02-2019 16:38", "retweet": 3, "like": 1}, {"id": "1098515394677993474", "url": "https://twitter.com/peekaboobadboy/status/1098515394677993474", "username": "", "text": "อีตู่ อีป้อม อีควาย เลิกปลอม พรรคพลังประชาร่านหน้าหี #savethanathon", "date": "21-02-2019 16:30", "retweet": 7, "like": 2}, {"id": "1098179651996774401", "url": "https://twitter.com/peekaboobadboy/status/1098179651996774401", "username": "", "text": "มึง กุเปิดเพลง #หนักเเผ่นดิน ให้น้องป.4ดู ก่อนเปิดกุพูดแค่ว่าอีผบทบ.สั่งให้เปิด สิ่งเเรกที่มันพูดคือคนที่หนักแผ่นดินก็คืออีประยุทธ์ กุขำมากอิเหรี้ย ดีใจที่น้องมองออก55555 #เลือกตั้ง62", "date": "20-02-2019 18:16", "retweet": 5, "like": 1}, {"id": "1098178114536927233", "url": "https://twitter.com/peekaboobadboy/status/1098178114536927233", "username": "", "text": "กูชื่อไอรีน เป็นนักร้องอยู่เกาหลีใต้นะ บอกไว้ เผื่อมึงไม่รู้จักกู", "date": "20-02-2019 18:10", "retweet": 0, "like": 0}, {"id": "1098177798303232000", "url": "https://twitter.com/peekaboobadboy/status/1098177798303232000", "username": "", "text": "อีหน้าหี อีหน้าสัส เมื่อไหร่มึงจะตาย พรรค #พลังประชารัฐ อะขี้โกงขนาดนี้ทำไมไม่ยุบไปล่ะคะ กูอยากย้ายไปอยู่เกาหลีเหนือแล้วค่ะอีดอกทอง อีส้นตีน กูจะได้เป็นเกิร์ลกรุ๊ปอันดับ1แบบไม่มีข้อกังขาสักที มึงเข้าใจมั้ยอีประเย็ด #เลือกตั้งปี2562 @prayutofficial", "date": "20-02-2019 18:09", "retweet": 0, "like": 1}]