[{"id": "1099004227509047296", "url": "https://twitter.com/PEEMAIMUOW/status/1099004227509047296", "username": "", "text": "อยากให้ #อนาคตใหม่ จับมืกับ #เพื่อไทย เพราะถ้าสองพรรคนี้จับมือกันยังไงตู่ก็ไม่ได้ไปต่ออะ แต่ถ้าไม่จับมือกันยังไงตู่ก็ได้เพราะเสียงในสภาเยอะกว่าอยู่ดี สองคิดเล่นๆนะ อนาคตใหม่ได้สัก80เสียง เพื่อไทยสัก200เสียง แล้วพรรคในเครือเพื่อไทยอีก ยังไงก็ชนะตู่ #ไทยรัฐเลือกตั้ง62", "date": "23-02-2019 00:53", "retweet": 7, "like": 9}]