[{"id": "1099337611309543425", "url": "https://twitter.com/Pet_srp/status/1099337611309543425", "username": "", "text": "คืนนี้ต้องดู #ทอล์กกะเทยONENIGHT #talkwithtoey #ช่องวัน31 เป็นการดีเบตแบบหัวเราะสนุกมาก 555+ pic.twitter.com/QARs9pFyq3", "date": "23-02-2019 22:58", "retweet": 7, "like": 15}, {"id": "1099201176489213952", "url": "https://twitter.com/Pet_srp/status/1099201176489213952", "username": "", "text": "555", "date": "23-02-2019 13:55", "retweet": 0, "like": 0}, {"id": "1099199986451927040", "url": "https://twitter.com/Pet_srp/status/1099199986451927040", "username": "", "text": "#วันนี้ในอดีต 23/02/57 ครบรอบ 5 ปี วันฝึกซ้อมใหญ่ บัณฑิตนิเทศศาสตร์ มหาวิทยาลัยศรีปทุม (เกียรตินิยมอันดับ 2) pic.twitter.com/Lmv5EAuLEk", "date": "23-02-2019 13:51", "retweet": 0, "like": 0}, {"id": "1098907457034678273", "url": "https://twitter.com/Pet_srp/status/1098907457034678273", "username": "", "text": "こんにちは. 私は戦う. . ไม่มีอะไรมาก แค่มาเยี่ยมชมสถาบันฯ . #ใจพี่นี่เต็มร้อยมีแค่5 % #ความคาดหวังคือน้อยจนแทบไม่มี #ป่ะกลับไปทำงานที่เรารักกันต่อ #มือใหม่ #อาจารย์มือใหม่ #lecture @… https://www. instagram.com/p/BuLrHHxACZc/ ?utm_source=ig_twitter_share&igshid=18dlgizwot3ub …", "date": "22-02-2019 18:28", "retweet": 0, "like": 0}, {"id": "1098839563949158400", "url": "https://twitter.com/Pet_srp/status/1098839563949158400", "username": "", "text": "ก็รู้ดีว่าไม่พอ...แต่ขอทำให้ดีที่สุด (ใจพี่นี่มีแค่ 1-5% เองนะ) #อย่าหลุดภาษามินยองออกมานะ #พรี่เปิ้ลช่วยด้วย #ครูครับช่วยเป็นกำลังใจด้วย #มือใหม่ #อาจารย์มือใหม่ #lecture @… https://www. instagram.com/p/BuLMPIHgxj5/ ?utm_source=ig_twitter_share&igshid=2i4lljac8x94 …", "date": "22-02-2019 13:59", "retweet": 0, "like": 1}, {"id": "1098797557336002560", "url": "https://twitter.com/Pet_srp/status/1098797557336002560", "username": "", "text": "(ความเห็นส่วนตัว) Logo ของสปริงนิวส์ที่กำลังจะย้ายไปช่อง 26 แทนช่อง @NowTV26 มีบางอย่าช่างคล้ายคลึงกับโลโก้ของทีมข่าว #ข่าวใหญ่25 @bignews25 ของ #gmm25 @GMM25Thailand คุณเห็นเหมือนผมไหม . #ยามเฝ้าจอ #ทีวีดิจิทัล #spring26 pic.twitter.com/cpAxqaW73T", "date": "22-02-2019 11:12", "retweet": 4, "like": 1}, {"id": "1098416307609919489", "url": "https://twitter.com/Pet_srp/status/1098416307609919489", "username": "", "text": "ประเทศไทยเข้าสู่ฤดูร้อนแล้ว!!! และคาดว่า ฤดูร้อนจะสิ้นสุดประมาณกลางเดือนพฤษภาคม พ.ศ.2562 pic.twitter.com/WvkyyYjOa5", "date": "21-02-2019 09:57", "retweet": 0, "like": 0}, {"id": "1098156505893822464", "url": "https://twitter.com/Pet_srp/status/1098156505893822464", "username": "", "text": "16:43 น. มีรายงานว่าพื้นที่ อ.วังเหนือ ได้รับความเสียหายจากเหตุ #แผ่นดินไหว ขณะนี้อยู่ระหว่างตรวจสอบข้อเท็จจริง รายละเอียดจะแจ้งให้ทราบต่อไป #พะเยา #breakingnews #ข่าววันนี้", "date": "20-02-2019 16:44", "retweet": 0, "like": 1}, {"id": "1098154875366473728", "url": "https://twitter.com/Pet_srp/status/1098154875366473728", "username": "", "text": "จับตา! แผ่นดินไหว 14 ครั้ง ที่ จ.พะเยา ล่าสุดเมื่อเวลา 16:09 น. มีขนาดรุนแรง 4.9 แมกนิจูด #แผ่นดินไหว #พะเยา #breakingnews #ข่าววันนี้", "date": "20-02-2019 16:38", "retweet": 0, "like": 0}, {"id": "1098127563417735168", "url": "https://twitter.com/Pet_srp/status/1098127563417735168", "username": "", "text": "ถ้าสนใจด้านแวดวงสื่อสารมวลชน ไม่ว่าจะแขนงใดๆ ก็ตาม . มาเป็นส่วนหนึ่งของสาขาการบริหารสื่อสารมวลชน (MCA รุ่น 22) กันเถอะ สมัครเลย รออะไร!!! คลิก >>> http:// bit.ly/applynow62 . #อาจารย์ใจดีรุ่นพี่น่ารัก #อาจารย์น่ารักรุ่นพี่ใจดี #MCA19 #JCTU #thammasatuniversity pic.twitter.com/8biSvBCtOW", "date": "20-02-2019 14:49", "retweet": 0, "like": 0}, {"id": "1097929359715819521", "url": "https://twitter.com/Pet_srp/status/1097929359715819521", "username": "", "text": "วันนี้ผมก็เป็นครับ เลือดออกจมูกซ้าย ไม่รู้สาเหตุว่าเกิดจากอากาศร้อนไหมนะคับ?", "date": "20-02-2019 01:42", "retweet": 0, "like": 0}, {"id": "1097928742557470720", "url": "https://twitter.com/Pet_srp/status/1097928742557470720", "username": "", "text": "อยู่ๆ เมื่อวานเลือดก็ออกจากจมูก ตกใจมาก คิดในใจ 1. มาจากฝุ่น #pm25 ไหมนะ 2. ช่วงนี้ #อากาศร้อน เลยเป็นกำเดาไหล สุดท้าย เราเดาข้อ 2 ไป ถ้าใครถามว่าเป็นอะไรทำไมเลือดออก เราตอบข้อ 2 ไว้ก่อน #เลือดออกจมูก https:// twitter.com/pet_srp/status /1097812938302210048 …", "date": "20-02-2019 01:39", "retweet": 0, "like": 0}, {"id": "1097890506451779584", "url": "https://twitter.com/Pet_srp/status/1097890506451779584", "username": "", "text": "คืนนี้...เวียนเทียนที่นี่ ใจต้องสตรองกับการเดินขึ้นบันไดนับร้อยขั้น #เวียนเทียน #วันมาฆบูชา @วัดสระเกศ ราชวรมหาวิหาร ภูเขาทอง https://www. instagram.com/p/BuEcqBAgE_s/ ?utm_source=ig_twitter_share&igshid=1xi1mr7sfy0di …", "date": "19-02-2019 23:07", "retweet": 0, "like": 0}, {"id": "1097850316072996864", "url": "https://twitter.com/Pet_srp/status/1097850316072996864", "username": "", "text": "20:28 น. นี่คือแถวของพุทธศาสนิกชนจำนวนมากที่เข้าคิวรอขึ้นไป #เวียนเทียน ที่เจดีย์ด้านลนของวัดภูเขาทอง #วันมาฆบูชา #breakingNews #ข่าววันนี้ pic.twitter.com/Pt4VV5ks16", "date": "19-02-2019 20:28", "retweet": 0, "like": 2}, {"id": "1097812938302210048", "url": "https://twitter.com/Pet_srp/status/1097812938302210048", "username": "", "text": "สิริพงษ์ไม่รอดฮะ!!! (ปีนี้อากาศคงร้อนเกินไป) นี่เพิ่งไหว้พระมาแท้ๆ . . . #ตกใจมาก #ทำอะไรไม่ถูก #เห็นเลือดแล้วขาอ่อนเลยกรุ #กำเดาไหล @สวนลุมพินี http:// instagram.com/p/BuD5IGVA-8C/ … pic.twitter.com/DtN3LdMVTk", "date": "19-02-2019 17:59", "retweet": 0, "like": 0}, {"id": "1097780235104210945", "url": "https://twitter.com/Pet_srp/status/1097780235104210945", "username": "", "text": "ไหว้พระ ขอพร บนบานศาลกล่าว #วันมาฆบูชา @วัดโสธรวรารามวรวิหาร http:// instagram.com/p/BuDmaRPgzBX/ … pic.twitter.com/PPGNc8V67p", "date": "19-02-2019 15:49", "retweet": 0, "like": 2}]