[{"id": "1098770838151561218", "url": "https://twitter.com/philogotjifc/status/1098770838151561218", "username": "", "text": "ว้อย555555555 https:// twitter.com/katekaewnoolek /status/1098624775340011520 …", "date": "22-02-2019 09:25", "retweet": 0, "like": 0}, {"id": "1098544054869012480", "url": "https://twitter.com/philogotjifc/status/1098544054869012480", "username": "", "text": "งง ไม่ใช่ว่าแตงโมobviouslyพระเอกหรอ ชื่อก็ขึ้นต่อจมจ เพลงประกอบก็เป็นครู้สึกแตงโม รูปภาพเอยอะไรเอย #GreatMenAcademy", "date": "21-02-2019 18:24", "retweet": 0, "like": 0}, {"id": "1098504329839820801", "url": "https://twitter.com/philogotjifc/status/1098504329839820801", "username": "", "text": "55555555555555 https:// twitter.com/maetatamong_/s tatus/1098435481807708160 …", "date": "21-02-2019 15:46", "retweet": 0, "like": 1}, {"id": "1098389268139888640", "url": "https://twitter.com/philogotjifc/status/1098389268139888640", "username": "", "text": "อนากจะตะโกนใส่หน้าพวกทหาร(นายพล)ว่าต่อให้ ไม่มี #อนาคตใหม่ ไม่มี #ธนาธร กูก็ไม่เลือกมึง! #Savethanatorn", "date": "21-02-2019 08:09", "retweet": 4, "like": 1}, {"id": "1098171676628381696", "url": "https://twitter.com/philogotjifc/status/1098171676628381696", "username": "", "text": "รัฐบาลเหมือนถนัดแต่ทำลายภาพลักษณ์ตัวเองอะ555555555 #เลือกตั้ง62", "date": "20-02-2019 17:45", "retweet": 0, "like": 1}, {"id": "1098026930585034752", "url": "https://twitter.com/philogotjifc/status/1098026930585034752", "username": "", "text": "คือก็บอกมาสิโว้ยว่า5ปีที่ผ่านมา ทหารดียังไง 5555555555", "date": "20-02-2019 08:09", "retweet": 0, "like": 0}, {"id": "1098026479869251584", "url": "https://twitter.com/philogotjifc/status/1098026479869251584", "username": "", "text": "เอาจริงถ้าพวกแม่ๆจะบอกว่าทหารโอเคเพราะ เหตุผล1,2,3,4 อ้างอิงจาก... ไรก็ว่าไป จะไม่ว่าไรเลย แต่นี่แบบ อะไร เอะอะก็อนาคตใหม่ไม่รู้ตักราก้หง้าความเป็นไทย เอะอะก็ทักษิณ ล้มเจ้า วดฟฟฟ #เลือกตั้ง62 #อนาคตใหม่", "date": "20-02-2019 08:08", "retweet": 9, "like": 9}, {"id": "1098022826810867712", "url": "https://twitter.com/philogotjifc/status/1098022826810867712", "username": "", "text": "พวกแม่ๆนี่เอะอะก็วนเข้าทักษิณ #เลือกตั้ง62", "date": "20-02-2019 07:53", "retweet": 0, "like": 0}, {"id": "1097887476922736648", "url": "https://twitter.com/philogotjifc/status/1097887476922736648", "username": "", "text": "เห็นชื่อหนังสือค่า ชัดออกขนาดนั้น ขอโทษที่ใช้คำผิดไปหน่อย ควรจะบอกว่า หนังสือจากที่ไหน คือแค่อยากรู้ว่าใช่วัดที่คิดรึเปล่า", "date": "19-02-2019 22:55", "retweet": 0, "like": 0}, {"id": "1097840682536849408", "url": "https://twitter.com/philogotjifc/status/1097840682536849408", "username": "", "text": "แต่เอาจริง เค้าก็บอกอยู่ว่าเค้ามาตั้งพรรคการเมืองเองเพราะไปจอยมาแล้วทั้งเหลืองทั้งแดงแต่ไม่ตอบโจทย์นิ วุ้ย", "date": "19-02-2019 19:49", "retweet": 0, "like": 0}, {"id": "1097840248699084802", "url": "https://twitter.com/philogotjifc/status/1097840248699084802", "username": "", "text": "อยากได้หลักฐานที่ชัดเจนอะว่าธนาธรไม่โอเคกับทักษิณ 5555 มีใครมีไหมอะ นี่ก็ส่งคลิปที่สุริยะเล่าว่าทักษิณยังเคยมาถามว่าทำไมคุณคุมหลานตัวเองไม่ได้ให้แม่ดูแล้ว #แต่ก็มิได้นำพา อะ 55555555 พวกแม่ๆก็ยังคิดว่าธนาธรเป็นพวกทักษิณ #อนาคตใหม่ #ฟ้ารักพ่อ #เลือกตั้ง62", "date": "19-02-2019 19:48", "retweet": 0, "like": 2}, {"id": "1097777277243281408", "url": "https://twitter.com/philogotjifc/status/1097777277243281408", "username": "", "text": "ขอบคุณค่าาา:-)", "date": "19-02-2019 15:37", "retweet": 0, "like": 0}, {"id": "1097771731949744128", "url": "https://twitter.com/philogotjifc/status/1097771731949744128", "username": "", "text": "นั่นจิ พวกแม่ๆในกรุ๊ปไลน์ก็จะเชื่อแต่รูปที่ส่งต่อๆกันมา", "date": "19-02-2019 15:15", "retweet": 0, "like": 0}, {"id": "1097770084381089792", "url": "https://twitter.com/philogotjifc/status/1097770084381089792", "username": "", "text": "โถ่วววววว #อนาคตใหม่ #เลือกตั้ง62 pic.twitter.com/GSXHJLszHU", "date": "19-02-2019 15:09", "retweet": 8, "like": 2}, {"id": "1097529409848758272", "url": "https://twitter.com/philogotjifc/status/1097529409848758272", "username": "", "text": "อยากรู้งะะ อันนี้มาจากหนังสืออะไร5555", "date": "18-02-2019 23:12", "retweet": 0, "like": 1}, {"id": "1097498879375753216", "url": "https://twitter.com/philogotjifc/status/1097498879375753216", "username": "", "text": "5555555555555555 https:// twitter.com/armyxq94_/stat us/1095727175146168320 …", "date": "18-02-2019 21:11", "retweet": 0, "like": 0}, {"id": "1097498698790068226", "url": "https://twitter.com/philogotjifc/status/1097498698790068226", "username": "", "text": "ไพบูลย์ไม่ต้องเป็นแล้วนักการเมือง ไปเปิดคณะตลก(ร้าย)น่าจะรุ่ง 55555555 #ดีเบตเลือกตั้ง62 #เลือกตั้ง62", "date": "18-02-2019 21:10", "retweet": 1, "like": 4}, {"id": "1097498503792586752", "url": "https://twitter.com/philogotjifc/status/1097498503792586752", "username": "", "text": "ไอสัส5555555555555555555 https:// twitter.com/busnoohpm/stat us/1095906331955884033 …", "date": "18-02-2019 21:10", "retweet": 0, "like": 0}, {"id": "1097419671203065856", "url": "https://twitter.com/philogotjifc/status/1097419671203065856", "username": "", "text": "อยากให้เชิญพี่โออนุชิตค่า เคยเชิญยัง", "date": "18-02-2019 15:56", "retweet": 0, "like": 0}, {"id": "1097383021991219200", "url": "https://twitter.com/philogotjifc/status/1097383021991219200", "username": "", "text": "ไพบูลย์เจอเสรีพิศุทธ์คร้าบบบบบบบบบบบ 55555555 น่าสนุกว่ะ #เลือกตั้ง62 #ดีเบตเลือกตั้ง62 #เสรีรวมไทย #อนาคตใหม่ #ฟ้ารักพ่อ https:// twitter.com/KPuvaphat/stat us/1097314081785016320 …", "date": "18-02-2019 13:31", "retweet": 48, "like": 18}, {"id": "1097303240012517377", "url": "https://twitter.com/philogotjifc/status/1097303240012517377", "username": "", "text": "และแม่ยังว่าธนาธรไม่มีประสบการณ์", "date": "18-02-2019 08:14", "retweet": 0, "like": 0}, {"id": "1097302877796589573", "url": "https://twitter.com/philogotjifc/status/1097302877796589573", "username": "", "text": "วันนี้คุยกับแม่ แม่พูดออกมาอย่างนึงคือ คนรุ่นแม่อะ ผ่านความขัดแย้งมาเยอะ จนตอนนี้ ก็รู้สึกว่าใครเป็นมันก็เหมือนกันอะ มีใครไม่โกงบ้าง #อนาคตใหม่ #เลือกตั้ง62 #ฟ้ารักพ่อ", "date": "18-02-2019 08:12", "retweet": 0, "like": 1}, {"id": "1097302617749778432", "url": "https://twitter.com/philogotjifc/status/1097302617749778432", "username": "", "text": "นี่รู้สึกว่าสิ่งเดียวที่จะทำให้พวกแม่ๆหันมาเชียร์ #อนาคตใหม่ ได้คือพอคุณเข้าสภาไปแล้วคุณต้องทำผลงานออกมาจริงๆให้ได้อะ #เลือกตั้ง62 #ฟ้ารักพ่อ", "date": "18-02-2019 08:11", "retweet": 0, "like": 3}, {"id": "1097300709513416704", "url": "https://twitter.com/philogotjifc/status/1097300709513416704", "username": "", "text": "เราไม่มีทางรู้หรอกว่านักการเมืองคนไหนไม่โกง แต่เราก็รู้แล้วนิว่าใครโง่ จะยอมให้คนโง่บริหารประเทศต่อหรอ5555555 #เลือกตั้ง62 #อนาคตใหม่ #พลังประชารัฐ #เพื่อไทย #ประชาธิปัตย์", "date": "18-02-2019 08:04", "retweet": 6, "like": 6}]