[{"id": "1099337870127427584", "url": "https://twitter.com/Phototofo/status/1099337870127427584", "username": "", "text": "อยากให้คุณธนาธรเป็นนายกรัฐมนตรีคนต่อไป ยืนหยัดตรงนี้!!! #อนาคตใหม่", "date": "23-02-2019 22:59", "retweet": 1, "like": 4}, {"id": "1099336820049903616", "url": "https://twitter.com/Phototofo/status/1099336820049903616", "username": "", "text": "สู้ค่ะ!!!", "date": "23-02-2019 22:54", "retweet": 0, "like": 0}, {"id": "1098782984616828929", "url": "https://twitter.com/Phototofo/status/1098782984616828929", "username": "", "text": "เราว่าไม่ดีนะ คุณธนาธรเองที่จะเดือดร้อนนะไม่ใช่เรา", "date": "22-02-2019 10:14", "retweet": 0, "like": 0}, {"id": "1098525638313500672", "url": "https://twitter.com/Phototofo/status/1098525638313500672", "username": "", "text": "รอคำตอบด้วย https:// twitter.com/hhappybirdd/st atus/1098523872033271808 …", "date": "21-02-2019 17:11", "retweet": 0, "like": 0}, {"id": "1098449267297906694", "url": "https://twitter.com/Phototofo/status/1098449267297906694", "username": "", "text": "ไม่ต้องอธิบายหรอกค่ะ เหมือนคุยกับกำแพงเหนื่อยเปล่าๆ ออกไปใช้สิทธิ์กัน :)", "date": "21-02-2019 12:08", "retweet": 1, "like": 3}, {"id": "1098258027520483328", "url": "https://twitter.com/Phototofo/status/1098258027520483328", "username": "", "text": "ประเทศที่เรียกตัวเองว่าประชาธิปไตยแต่ห้ามแสดงความคิดเห็นทางการเมือง เสรีภาพคืออะไรวะ เผด็จการกำลังกลืนกินเราไปเรื่อยๆ #savethanathorn", "date": "20-02-2019 23:28", "retweet": 4, "like": 7}, {"id": "1098244586235781120", "url": "https://twitter.com/Phototofo/status/1098244586235781120", "username": "", "text": "สู้ไปด้วยกันค่ะ", "date": "20-02-2019 22:34", "retweet": 0, "like": 0}, {"id": "1098244511761743872", "url": "https://twitter.com/Phototofo/status/1098244511761743872", "username": "", "text": "สู้ต่อค่ะ", "date": "20-02-2019 22:34", "retweet": 0, "like": 0}, {"id": "1098238998143614976", "url": "https://twitter.com/Phototofo/status/1098238998143614976", "username": "", "text": "รู้ป่ะตอนที่รู้ว่าจะมีการเลือกตั้ง นี่รู้สึกเบื่อหน่ายนะแบบเลือกไปก็เท่านั้นเดี๋ยวทุกอย่างแม่งก็กลับเป็นเหมือนเดิม แต่พอมาเจอพรรคอนาคตใหม่ได้รู้ประวัติได้รู้อุดมการณ์ของเค้า โคตรรู้สึกชีวิตมีแสงสว่างอ่ะนึกออกป่ะแบบเห้ยกุมีทางเลือกแล้วเว้ยแต่ตอนนี้... หมดหวังเหี้ยๆ #savethanathorn", "date": "20-02-2019 22:12", "retweet": 9, "like": 7}, {"id": "1098119428586168321", "url": "https://twitter.com/Phototofo/status/1098119428586168321", "username": "", "text": "โอ้โห๊ดีจนไม่รู้จะพูดไรอ่ะ ความเป็นผู้นำสูงมากจริงๆ https:// twitter.com/cherryxpeachy/ status/1097809224778670080 …", "date": "20-02-2019 14:17", "retweet": 0, "like": 1}, {"id": "1098099497442234369", "url": "https://twitter.com/Phototofo/status/1098099497442234369", "username": "", "text": "จิงด้วยค่ะ ทำไมเรื่องแค่นี้คิดไม่ออกน้า", "date": "20-02-2019 12:58", "retweet": 0, "like": 0}, {"id": "1098096889478578176", "url": "https://twitter.com/Phototofo/status/1098096889478578176", "username": "", "text": "เออใช่จิงด้วย คิดไม่ถึงเลยนะคะเนี่ย เรานี่มันโง่จริงเล้ย//เขกกบาล", "date": "20-02-2019 12:47", "retweet": 0, "like": 1}, {"id": "1098094724341100545", "url": "https://twitter.com/Phototofo/status/1098094724341100545", "username": "", "text": "สังเกตุว่าเสื้อที่ทีมใส่กันเวลาออกสาเสียงแม้ในระดับผู้สมัครสส. ก็เป็นเสื้อยืดธรรมดามีโลโก้พรรคโนสูทโนเชิ้ต #อนาคตใหม่", "date": "20-02-2019 12:39", "retweet": 2, "like": 7}, {"id": "1098094345129840640", "url": "https://twitter.com/Phototofo/status/1098094345129840640", "username": "", "text": "คุณธนาธรเป็นคนถ่อมตัวในขณะที่มีแววตามุ่งมั่นและมั่นใจ #อนาคตใหม่", "date": "20-02-2019 12:37", "retweet": 0, "like": 3}, {"id": "1098092972661366784", "url": "https://twitter.com/Phototofo/status/1098092972661366784", "username": "", "text": "สว ไม่ควรเป็นคนของใครตั้งแต่แรกแล้ว สวเองก็ควรมาจากการเลือกตั้ง ถูกค่ะถ้าจะบอกว่าสวก็มีสิทธิ์ของเค้าแต่มันติดตรงที่สวทั้งสภาคสชเป็นคนเลือกคนขึ้นมาเองทั้งหมดไงคะ มันก็ชัดอยู่แล้วคนของใครและต้องเลือกใคร ไม่เห็นคิดยากตรงไหน", "date": "20-02-2019 12:32", "retweet": 1, "like": 3}, {"id": "1098035758110142466", "url": "https://twitter.com/Phototofo/status/1098035758110142466", "username": "", "text": "กรกนกเป็นเหี้ยอะไร", "date": "20-02-2019 08:44", "retweet": 0, "like": 1}, {"id": "1097795083913445376", "url": "https://twitter.com/Phototofo/status/1097795083913445376", "username": "", "text": "ประเทศเราคือประเทศที่คนที่สวมเครื่องแบบที่มีเกียรติที่สุดต้องรับใช้ประชาชนมากที่สุด มีอำนาจมากที่สุด..", "date": "19-02-2019 16:48", "retweet": 0, "like": 0}, {"id": "1097537261988540425", "url": "https://twitter.com/Phototofo/status/1097537261988540425", "username": "", "text": "ทุกวันนี้กุยังจำไม่ได้เลยว่าใครเป็นรัฐมนตรีกระทรวงอะไรบ้าง อิหอย", "date": "18-02-2019 23:44", "retweet": 1, "like": 0}, {"id": "1097432075873873920", "url": "https://twitter.com/Phototofo/status/1097432075873873920", "username": "", "text": "ถ้าวันนึงเกิดเหตุการณ์ซ้ำรอยเดิม ในยุคนี้เราจะเป็นคนนึงที่ออกไป #หนักแผ่นดิน", "date": "18-02-2019 16:46", "retweet": 0, "like": 1}]