[{"id": "1099316172904779776", "url": "https://twitter.com/phuwasisfocus/status/1099316172904779776", "username": "", "text": "ฟินสุดใจกับตลาดนัดเช้าที่ใหญ่ที่สุดในหาดใหญ่ \"ตลาดยรรยง\" https://www. hatyai.online/blog/%e0%b8%9f %e0%b8%b4%e0%b8%99%e0%b8%aa%e0%b8%b8%e0%b8%94%e0%b9%83%e0%b8%88%e0%b8%81%e0%b8%b1%e0%b8%9a%e0%b8%95%e0%b8%a5%e0%b8%b2%e0%b8%94%e0%b8%99%e0%b8%b1%e0%b8%94%e0%b9%80%e0%b8%8a%e0%b9%89%e0%b8%b2/ …", "date": "23-02-2019 21:32", "retweet": 0, "like": 0}, {"id": "1099252252466765824", "url": "https://twitter.com/phuwasisfocus/status/1099252252466765824", "username": "", "text": "https://www. facebook.com/story.php?stor y_fbid=10211179424041506&id=1834994691 …", "date": "23-02-2019 17:18", "retweet": 0, "like": 1}, {"id": "1099252252450017280", "url": "https://twitter.com/phuwasisfocus/status/1099252252450017280", "username": "", "text": "https://www. facebook.com/story.php?stor y_fbid=10211179423881502&id=1834994691 …", "date": "23-02-2019 17:18", "retweet": 0, "like": 0}, {"id": "1098790900841336834", "url": "https://twitter.com/phuwasisfocus/status/1098790900841336834", "username": "", "text": "https://www. facebook.com/story.php?stor y_fbid=10211172957159838&id=1834994691 …", "date": "22-02-2019 10:45", "retweet": 0, "like": 0}, {"id": "1098790772847984640", "url": "https://twitter.com/phuwasisfocus/status/1098790772847984640", "username": "", "text": "https://www. facebook.com/story.php?stor y_fbid=10211172956039810&id=1834994691 …", "date": "22-02-2019 10:45", "retweet": 0, "like": 0}, {"id": "1098532694613356544", "url": "https://twitter.com/phuwasisfocus/status/1098532694613356544", "username": "", "text": "ต้องยับยั้ง “ธนาธิปไตย” และนักเลือกตั้งอาชีพ ที่นำไปสู่ “เผด็จการรัฐสภา” วงจรอุบาทว์การเมืองไทยมายาวนาน", "date": "21-02-2019 17:39", "retweet": 0, "like": 1}, {"id": "1098459782791319552", "url": "https://twitter.com/phuwasisfocus/status/1098459782791319552", "username": "", "text": "ถ้าลดจำนวนรัฐมนตรี/ส.ส. /สว. / สมาชิกสภาทัองถิ่น/ ควบรวมองค์กรปกครองส่วนท้องถิ่นตามความเหมาะสม เช่น ในเขตอ.หาดใหญ่ เอาเทศบาลนครหาดใหญ่กับเทศบาลเมืองบ้านพรุ-ควนลีง-คอหงส์-คลองแห รวมกันเป็น 1 หน่วยปกครองพิเศษ จะแก้ปัญหาต่างๆ และส่งผลให้ประเทศเราพัฒนาได้มากกว่าที่เป็นอยู่ไม่ครับ", "date": "21-02-2019 12:49", "retweet": 0, "like": 0}, {"id": "1098407938345975808", "url": "https://twitter.com/phuwasisfocus/status/1098407938345975808", "username": "", "text": "“อนุสรณ์ ธรรมใจ” แนะพรรคการเมืองหาเสียงนโยบายให้สวัสดิการคนไทยต้องปรับระบบภาษี http://www. banmuang.co.th/mobile/news/ed ucation/142247 …", "date": "21-02-2019 09:23", "retweet": 0, "like": 0}, {"id": "1098248366096494594", "url": "https://twitter.com/phuwasisfocus/status/1098248366096494594", "username": "", "text": "https://www. facebook.com/story.php?stor y_fbid=10211163103753509&id=1834994691 …", "date": "20-02-2019 22:49", "retweet": 0, "like": 0}, {"id": "1098036975431442432", "url": "https://twitter.com/phuwasisfocus/status/1098036975431442432", "username": "", "text": "น่าเศร้าครับ หลายครั้งที่ผ่านเส้นทางนี้ ผมมีความสุขมากใฝ ขณะที่แถวนาหม่อม หรือถนนลพบุรีราเมศวร์ก็มีการตัดต้นไม้เกาะกลางถนน แม้จะไม่ใช่ไม้ใหญ่ร่มรื่นเช่นที่ลำพูน แต่มันก็ให้ร่มเงา ความเขียวขจีที่รู้สึกดีมากๆ https://www. facebook.com/story.php?stor y_fbid=10211160468847638&id=1834994691 …", "date": "20-02-2019 08:49", "retweet": 0, "like": 0}, {"id": "1098031388056465408", "url": "https://twitter.com/phuwasisfocus/status/1098031388056465408", "username": "", "text": "ขอตั้งข้อสังเกตุในฐานะพลเมืองไทยคนหนึ่ง เชื่อได้อย่างไรว่า ความต้องการอำนาจทางการเมืองของ “ธราธร” นั้น มีเจตนาที่ดีต่อประเทศขาคิและประชาขนส่วนใหญ่ โดยเปรียบเทียบกับกรณีของ “ทักษิณ”... https://www. facebook.com/1834994691/pos ts/10211160378525380/ …", "date": "20-02-2019 08:27", "retweet": 1, "like": 0}, {"id": "1097847603226566656", "url": "https://twitter.com/phuwasisfocus/status/1097847603226566656", "username": "", "text": "https://www. facebook.com/story.php?stor y_fbid=10211157468412629&id=1834994691 …", "date": "19-02-2019 20:17", "retweet": 0, "like": 0}, {"id": "1097459845526052864", "url": "https://twitter.com/phuwasisfocus/status/1097459845526052864", "username": "", "text": "อบอุ่นยามเย็น\"เขาน้อย ร้อยบทเพลง\"หารายได้สร้างห้องICU https://www. songkhlatoday.com/content/4975/", "date": "18-02-2019 18:36", "retweet": 0, "like": 0}, {"id": "1097381644023943168", "url": "https://twitter.com/phuwasisfocus/status/1097381644023943168", "username": "", "text": "แวะกินข้าวเที่ยง ที่จุดพักรถ สถานีบริการน้ำมัน แชมป์เอเชีย อ.แกลง จ.ระยอง — ที่ ปั๊มเชลล์ จุดพักรถ \"ตา-ยาย\" https://www. facebook.com/1834994691/pos ts/10211150335954322/ …", "date": "18-02-2019 13:25", "retweet": 0, "like": 0}, {"id": "1097379469336076288", "url": "https://twitter.com/phuwasisfocus/status/1097379469336076288", "username": "", "text": "https://www. facebook.com/story.php?stor y_fbid=10211150314273780&id=1834994691 …", "date": "18-02-2019 13:17", "retweet": 0, "like": 0}]