[{"id": "1097352786985897984", "url": "https://twitter.com/pickaboo0259/status/1097352786985897984", "username": "", "text": "ถึงคนจะปั่นหัวฟ้า : บางทีฟ้าคิดว่สฟ้ารู้เยอะกว่าที่พยายามใส่ร่ายอีกค่ะ จะปัานอะไรก็ช่วยฉลาดก่อน นะคะ #ฟ้ารักพ่อเพราะนโยบายของพ่อ #อนาคตใหม่ #เลือกตั้ง2562 ใส่ร้ายเขานี่เเบบสมเพชมากเด้ออออ pic.twitter.com/mnlPuZakII", "date": "18-02-2019 11:31", "retweet": 14, "like": 6}]