[{"id": "1099149597295792128", "url": "https://twitter.com/Pink_Siripipat/status/1099149597295792128", "username": "", "text": "I have a really bad experience with @Trip", "date": "23-02-2019 10:30", "retweet": 0, "like": 1}, {"id": "1098543429309460480", "url": "https://twitter.com/Pink_Siripipat/status/1098543429309460480", "username": "", "text": "มีคนแบบนี้อีกสัก 1,000ล้านคนได้ไหมคะ https:// twitter.com/TIME/status/10 98292482717216774 …", "date": "21-02-2019 18:22", "retweet": 2, "like": 2}, {"id": "1098017839376547841", "url": "https://twitter.com/Pink_Siripipat/status/1098017839376547841", "username": "", "text": "20,000Views ใน1คืน \"ในความสัมพันธ์ อะไรควรทิ้ง อะไรควรทน?\" https://www. facebook.com/MasterPopWorld /videos/263709181185268?sfns=mo …", "date": "20-02-2019 07:33", "retweet": 0, "like": 0}, {"id": "1097706596795174912", "url": "https://twitter.com/Pink_Siripipat/status/1097706596795174912", "username": "", "text": "อยากกินโรตีสายไหม~", "date": "19-02-2019 10:57", "retweet": 1, "like": 3}, {"id": "1097700111944081408", "url": "https://twitter.com/Pink_Siripipat/status/1097700111944081408", "username": "", "text": "ฟังเทศน์เช้าที่วัดโพธิ์ก่อนไปทำงาน สวัสดีวันมาฆะบูชาค่ะ pic.twitter.com/uXjVSzXpgr", "date": "19-02-2019 10:31", "retweet": 0, "like": 4}, {"id": "1097682561055174656", "url": "https://twitter.com/Pink_Siripipat/status/1097682561055174656", "username": "", "text": "ขอบคุณพี่ ที่ดูแลถนนให้สวยแบบนี้นะคะ pic.twitter.com/n1s3fbthFO", "date": "19-02-2019 09:21", "retweet": 3, "like": 2}]