[{"id": "1098820969932632065", "url": "https://twitter.com/poo_lek/status/1098820969932632065", "username": "", "text": "ทัศนคติแย่ ดูเครียดแค้นตลอดเว รักไม่ลง", "date": "22-02-2019 12:45", "retweet": 0, "like": 0}, {"id": "1098755262041604096", "url": "https://twitter.com/poo_lek/status/1098755262041604096", "username": "", "text": "ออกความคิดเห็นอะไรไม่ได้เลยกู ถูกถีบไปอยู่ฝั่งตรงข้ามทันที", "date": "22-02-2019 08:24", "retweet": 0, "like": 0}, {"id": "1098724911650988032", "url": "https://twitter.com/poo_lek/status/1098724911650988032", "username": "", "text": "วาทะกรรมคำพูด มันใช้ได้ผลดีตลอด ไพร่กับอำมาตย์งี้ ใครเอ่ยดีแต่พูดงี้ จนมาถึง คนรุ่นเก่ากับคนรุ่นใหม่", "date": "22-02-2019 06:23", "retweet": 0, "like": 1}, {"id": "1098588857837080576", "url": "https://twitter.com/poo_lek/status/1098588857837080576", "username": "", "text": "คุณธนาธรดูเครียดๆนะคะ", "date": "21-02-2019 21:22", "retweet": 0, "like": 0}, {"id": "1098587570919886848", "url": "https://twitter.com/poo_lek/status/1098587570919886848", "username": "", "text": "พรรคของบ้านใหญ่นี่ ท่าดีทีเหลวว่ะ เชียร์ไม่ลงละกู", "date": "21-02-2019 21:17", "retweet": 0, "like": 0}, {"id": "1098585768539242503", "url": "https://twitter.com/poo_lek/status/1098585768539242503", "username": "", "text": "ตลก พ่อคนเก่ง ถามช้างตอบม้า ตอบไม่ตรงคำถามเว้ย", "date": "21-02-2019 21:10", "retweet": 0, "like": 0}, {"id": "1098571595461718017", "url": "https://twitter.com/poo_lek/status/1098571595461718017", "username": "", "text": "2ทุ่มครึ่ง เปิดช่อง9 รอชมดีเบต จัดรายการโดย อ.วีระ เดาว่าน่าจะแซ่บ #เลือกตั้ง62 #ประชาธิปัตย์ #แก้จนสร้างคนสร้างชาติ", "date": "21-02-2019 20:14", "retweet": 1, "like": 1}, {"id": "1098570277053591554", "url": "https://twitter.com/poo_lek/status/1098570277053591554", "username": "", "text": "สงสารจังค่ะ นี่เหรอปลายทางของนักต่อสู้", "date": "21-02-2019 20:08", "retweet": 1, "like": 1}, {"id": "1098414804287447040", "url": "https://twitter.com/poo_lek/status/1098414804287447040", "username": "", "text": "24มีนา ไปเลือกตั้งกัน pic.twitter.com/o80rea7UoL", "date": "21-02-2019 09:51", "retweet": 0, "like": 0}, {"id": "1098409766974480384", "url": "https://twitter.com/poo_lek/status/1098409766974480384", "username": "", "text": "จะได้เลือกตั้งหรือไม่ได้ เราไม่สน ชีวิตตอนนี้ก็ปกติดี ไม่สนบ้านเมืองก็เรื่องของเรา", "date": "21-02-2019 09:31", "retweet": 0, "like": 0}, {"id": "1098135288784740352", "url": "https://twitter.com/poo_lek/status/1098135288784740352", "username": "", "text": "ในทวิตนี่มีแต่ของแรงๆทั้งนั้น ปล่อยของกันหนัก", "date": "20-02-2019 15:20", "retweet": 0, "like": 0}, {"id": "1097862412449923072", "url": "https://twitter.com/poo_lek/status/1097862412449923072", "username": "", "text": "ตอบดี ขอนโยบายดีๆที่ชัดเจน ก็จะดี เขตจตุจักรเจ้าของพื้นที่เก่าเขาก็ทำงานไว้เยอะ https:// twitter.com/PprpBangkok/st atus/1097726677390520320 …", "date": "19-02-2019 21:16", "retweet": 0, "like": 0}, {"id": "1097848037324410880", "url": "https://twitter.com/poo_lek/status/1097848037324410880", "username": "", "text": "เบื่อการด่ากันเรื่องสีเสื้อ เบื่อโว้ยยยยยยยยยยยย", "date": "19-02-2019 20:19", "retweet": 0, "like": 0}, {"id": "1097845221230923776", "url": "https://twitter.com/poo_lek/status/1097845221230923776", "username": "", "text": "ดวงจันทร์สวยแจ่มมาก จันทร์กระจ่างฟ้าจริงๆ", "date": "19-02-2019 20:07", "retweet": 0, "like": 0}, {"id": "1097833254592212997", "url": "https://twitter.com/poo_lek/status/1097833254592212997", "username": "", "text": "หลายคนในทวิตควรไปสมัครเป็นนายก ปากก็เก่ง พิมพ์ก็ไว", "date": "19-02-2019 19:20", "retweet": 0, "like": 0}, {"id": "1097730319283671040", "url": "https://twitter.com/poo_lek/status/1097730319283671040", "username": "", "text": "ตลาดบองมาเช่ วันหยุด คนก็จะเยอะๆหน่อย ไม่ได้วัดเศรษฐกิจอะไรนะ แค่บอกว่าวันหยุดดด คนเลยเยอะ", "date": "19-02-2019 12:31", "retweet": 0, "like": 1}, {"id": "1097708854601646080", "url": "https://twitter.com/poo_lek/status/1097708854601646080", "username": "", "text": "ยอมใจคนที่ค่อยๆอรรถาธิบายเพื่อให้ เด็กรุ่นใหม่ไฟแรงเฟร่อรับฟังบ้าง ค่ะ ซึ่ง เขาก็ไม่ฟังนะคะ 5555555", "date": "19-02-2019 11:06", "retweet": 0, "like": 0}, {"id": "1097691608424755201", "url": "https://twitter.com/poo_lek/status/1097691608424755201", "username": "", "text": "ความรู้สึกน่าจะคล้ายๆกับตอนแร็พเพลงประเทศกูมีนั่นละ หนักแผ่นดินจ้าาาาาาา", "date": "19-02-2019 09:57", "retweet": 0, "like": 0}, {"id": "1097690727578890240", "url": "https://twitter.com/poo_lek/status/1097690727578890240", "username": "", "text": "ด่าอย่างเดียว ลักษณะจะเข้ามาแก้แค้นไม่ได้แก้ไขอะไรแน่", "date": "19-02-2019 09:53", "retweet": 0, "like": 2}, {"id": "1097689993953271808", "url": "https://twitter.com/poo_lek/status/1097689993953271808", "username": "", "text": "ใกล้จะเลือกตั้ง ดูมันวุ่นวายมาก สงบปากคำกันมั่งก็ดี พี่อยากเลือกตั้งอะจ้าาา", "date": "19-02-2019 09:51", "retweet": 0, "like": 0}, {"id": "1097384678426796032", "url": "https://twitter.com/poo_lek/status/1097384678426796032", "username": "", "text": "เพจห้องซื้อขาย พรีออเดอร์ ห้องเล็กๆอย่างซื้อขายแก้วตาร์บัค ซื้อขายกันคึกคักมาก", "date": "18-02-2019 13:37", "retweet": 0, "like": 0}]