[{"id": "1098546496251691008", "url": "https://twitter.com/pooh41281/status/1098546496251691008", "username": "", "text": "ย้ายไปบางซื่อตอนนี้ทันไหม อยากไปช่วยหมอเอ้ก ค่ะ เพราะเขต 5 โพลบอก ปชป ชนะขาดลอยแล้ว", "date": "21-02-2019 18:34", "retweet": 1, "like": 3}, {"id": "1098546197713739776", "url": "https://twitter.com/pooh41281/status/1098546197713739776", "username": "", "text": "เขตบางซื่อ ดุสิต (แขวงถนนนครชัยศรี) หมอเอ้ก คณวัฒน์ เบอร์ 15 นะคะ https:// twitter.com/eggkanawat/sta tus/1098531476679708672 …", "date": "21-02-2019 18:33", "retweet": 0, "like": 0}, {"id": "1098545778266525698", "url": "https://twitter.com/pooh41281/status/1098545778266525698", "username": "", "text": "สู้ๆๆ นะคะ คุณหมอ อย่าหวั่น อย่ากลัว โพลก็คือโพล มีที่มาที่ไปหรือป่าวก็ไม่รู้ ของจริงคือวันที่ 24 มีนา สู้ๆๆๆ ค่ะ อยู่ต่างเขตแต่เป็นกำลังใจให้นะคะ อยากให้นโยบายคุณหมอได้ขับเคลื่อนค่ะ", "date": "21-02-2019 18:31", "retweet": 0, "like": 0}, {"id": "1097507176220741633", "url": "https://twitter.com/pooh41281/status/1097507176220741633", "username": "", "text": "อร่อยมั้ยคะ", "date": "18-02-2019 21:44", "retweet": 0, "like": 0}]