[{"id": "1098564912521957376", "url": "https://twitter.com/popcopmong/status/1098564912521957376", "username": "", "text": "เป็นวันที่ดู #ถามตรงๆ แล้วรู้สึกดี สองว่าที่ ส.ส. เค้าไม่ได้ใส่ร้ายปากสี กัน คือ ชอบ คือน่าฟังทั้งคู่ ไม่โยนไปสาดเทกันไปกันมา ถ้าอยู่ในเขต 1 กทม จริงๆคงเลือกยาก #เลือกตั้ง2562 pic.twitter.com/RB2rrVsm0x", "date": "21-02-2019 19:47", "retweet": 3, "like": 2}]