[{"id": "1099218618699546624", "url": "https://twitter.com/positioningmag/status/1099218618699546624", "username": "", "text": "ครูแว่นดำ ผู้พิการทางสายตาปิ๊งไอเดียใช้ YouTube สื่อกลางกับเด็กรุ่นใหม่ อ่านต่อ >> https:// positioningmag.com/1215978 #Positioningmag #ครูแว่นดำ #ผู้พิการทางสายตา #YouTube #ช่องทางการสอน #Education40 pic.twitter.com/sgc9pYr5pe", "date": "23-02-2019 15:05", "retweet": 2, "like": 3}, {"id": "1099180946870259713", "url": "https://twitter.com/positioningmag/status/1099180946870259713", "username": "", "text": "ช่อง 3 รายได้วูบ ขาดทุนเป็นครั้งแรก 330 ล้าน อ่านต่อ >> https:// positioningmag.com/1215996 #Positioningmag #บีอีซีเวิลด์ #ช่อง3 #ผลประกอบการ #ขาดทุน pic.twitter.com/oUxSFmc02W", "date": "23-02-2019 12:35", "retweet": 30, "like": 13}, {"id": "1099178684919930880", "url": "https://twitter.com/positioningmag/status/1099178684919930880", "username": "", "text": "ตั๋วเครื่องบินปีที่ผ่านมาขึ้นเฉลี่ย 5% เอ็กซ์พีเดียเลยแนะนำ หากจองเที่ยว “วันเสาร์” ช่วยประหยัดเกิน 65% อ่านต่อ >> https:// positioningmag.com/1215928 #Positioningmag #เอ็กซ์พีเดีย #การท่องเที่ยว pic.twitter.com/ahWSI2qd0l", "date": "23-02-2019 12:26", "retweet": 4, "like": 4}, {"id": "1099177621215035392", "url": "https://twitter.com/positioningmag/status/1099177621215035392", "username": "", "text": "ปี 2019 ตลาดอสังหาฯ กำลังเจอความท้าทายหลายข้อ พี่ใหญ่อย่าง “พฤกษา” เลยต้องชูเทคโนโลยี - อาวุธดิจิทัล เอามาสู้ อ่านต่อ >> https:// positioningmag.com/1215961 #Positioningmag #พฤกษา pic.twitter.com/Xb2dwgEzHf", "date": "23-02-2019 12:22", "retweet": 0, "like": 0}, {"id": "1099175964158746631", "url": "https://twitter.com/positioningmag/status/1099175964158746631", "username": "", "text": "“สงครามบนน่านฟ้า” ช่วงนี้น่าติดตามเยอะมาก ไล่มาตั้งแต่ - การบินไทยไม่ซื้อหุ้นเพิ่มทุนนกแอร์ - บางกอกแอร์เวย์ส ประกาศเก็บค่าธรรมเนียมออกบัตรโดยสาร - แอร์เอเชียกำลังซุ่มเจรจาซื้อหุ้นนกแอร์ ก่อนอื่นมาดูกันว่าแต่ละสายการบิน รายงานรายได้ 9 เดือนปี 2561 ไว้เท่าไร ? #Positioningmag pic.twitter.com/NGcSytlUZH", "date": "23-02-2019 12:15", "retweet": 61, "like": 23}, {"id": "1098938196824444931", "url": "https://twitter.com/positioningmag/status/1098938196824444931", "username": "", "text": "“อมรินทร์” โชว์กำไรรอบ 4 ปี เปิดโมเดลรอด! ยุคสิ่งพิมพ์ทรุด-ทีวีแข่งเดือด อ่านต่อ >> https:// positioningmag.com/1215939 #Positioningmag #อมรินทร์ #สิ่งพิมพ์ #ทีวีดิจิทัล #LifestyleEntertainment pic.twitter.com/cYiiAzdfZE", "date": "22-02-2019 20:30", "retweet": 7, "like": 8}, {"id": "1098884378405462016", "url": "https://twitter.com/positioningmag/status/1098884378405462016", "username": "", "text": "เป๊ปซี่ เทงบ 250 ล้าน จับ 4 ศิลปิน 4 แนว ฟีเจอริ่ง ปั้น “บทเพลง” ฤดูร้อน สู้ศึกน้ำดำซัมเมอร์ อ่านต่อ >> https:// positioningmag.com/1215874 #Positioningmag #เป๊ปซี่ #มิวสิคมาร์เก็ตติ้ง #เป๊ปซี่ซ่าสุดทุกดนตรี #เดอะทอยส์ #บูมบูมแคช #กอล์ฟฟักกลิ้งฮีโร่ #จินตหรา_พูนลาภ pic.twitter.com/kMRolgC3Pl", "date": "22-02-2019 16:57", "retweet": 7, "like": 5}, {"id": "1098858486425767937", "url": "https://twitter.com/positioningmag/status/1098858486425767937", "username": "", "text": "ถอดรหัส 10 เทรนด์ดิจิทัลไทยจาก IDC ที่นักการตลาดไม่ควรพลาด อ่านต่อ >> https:// positioningmag.com/1215792 #Positioningmag #เทรนด์ดิจิทัลไทย #IDC #นักการตลาด #โลกดิจิทัล #IDCFutureScapes pic.twitter.com/HBbsDNoZLn", "date": "22-02-2019 15:14", "retweet": 7, "like": 4}, {"id": "1098816742049091584", "url": "https://twitter.com/positioningmag/status/1098816742049091584", "username": "", "text": "ศิลปินแห่งชาติ ประจำปี 2561 ‘ประภาส’ แห่งเวิร์คพอยท์ ติดโผ อ่านต่อ >> https:// positioningmag.com/1215778 #Positioningmag #ศิลปินแห่งชาติ #นายประภาส_ชลศรานนท์ pic.twitter.com/EEwxL7AzRq", "date": "22-02-2019 12:28", "retweet": 4, "like": 5}, {"id": "1098752455637032961", "url": "https://twitter.com/positioningmag/status/1098752455637032961", "username": "", "text": "ไอดีซี เจาะสมาร์ทโฟนไทย ทำไมแบรนด์จีนถึงครองตลาด อ่านต่อ >> https:// positioningmag.com/1215715 #Positioningmag #ไอดีซี #สมาร์ทโฟน #แบรนด์จีน #oppo #HUAWEI #VIVO pic.twitter.com/ab5DtyiDI3", "date": "22-02-2019 08:12", "retweet": 4, "like": 6}, {"id": "1098741972309762048", "url": "https://twitter.com/positioningmag/status/1098741972309762048", "username": "", "text": "รับขนมจีบซาลาเปาเพิ่มไหมคะ ? ปี 2018 “7-Eleven” ฟันยอดขาย 3 แสนล้าน กำไรอีกเกือบ 2 หมื่นล้าน อ่านต่อ >> https:// positioningmag.com/1215708 #Positioningmag #7Eleven #ร้านสะดวกซื้อ #ซีพีออลล์ #กำไร pic.twitter.com/wbFRAuzaHa", "date": "22-02-2019 07:31", "retweet": 6, "like": 6}, {"id": "1098586395751329792", "url": "https://twitter.com/positioningmag/status/1098586395751329792", "username": "", "text": "“บางกอกแอร์เวย์ส” ออกประกาศเก็บค่าธรรมเนียมออกบัตรโดยสาร เริ่ม 1 มีนานี้ ซื้อออนไลน์ยังโดนด้วย 30 บาท อ่านต่อ >> https:// positioningmag.com/1215699 #Positioningmag #บางกอกแอร์เวย์ส #เก็บค่าธรรมเนียมออกบัตรโดยสาร pic.twitter.com/nGhAYBNOIH", "date": "21-02-2019 21:13", "retweet": 7, "like": 2}, {"id": "1098546557140459521", "url": "https://twitter.com/positioningmag/status/1098546557140459521", "username": "", "text": "PwC สำรวจ “ซีอีโออาเซียน” รู้ว่า AI สำคัญ แต่ยังไม่พร้อมลงทุน อ่านต่อ >> https:// positioningmag.com/1215637 #Positioningmag #PwC #ซีอีโออาเซียน #AI #เทคโนโลยีปัญญาประดิษฐ์ #ธุรกิจ #ไม่พร้อมลงทุน pic.twitter.com/Wl29O3Nct9", "date": "21-02-2019 18:34", "retweet": 2, "like": 4}, {"id": "1098523447133536256", "url": "https://twitter.com/positioningmag/status/1098523447133536256", "username": "", "text": "กว่าจะเป็น Samsung Galaxy S10 เมื่อสมาร์ทโฟนไม่ใช่คู่แข่งอีกต่อไป อ่านต่อ >> https:// positioningmag.com/1215606 #Positioningmag #SamsungGalaxyS10 #สมาร์ทโฟน #GalaxyUnpacked2019 pic.twitter.com/eaevhqFxrH", "date": "21-02-2019 17:02", "retweet": 6, "like": 3}, {"id": "1098435520890163200", "url": "https://twitter.com/positioningmag/status/1098435520890163200", "username": "", "text": "5 อันดับ “สมาร์ทโฟน” ไทยเปลี่ยน! “OPPO” แซง “Samsung” \"Apple” รั้งเบอร์ 5 หล่นวูบ 50% ราคาแพงเป็นเหตุ อ่านต่อ >> https:// positioningmag.com/1215404 #Positioningmag #สมาร์ทโฟน #OPPO #Samsung #Apple pic.twitter.com/mPdm8wIeSj", "date": "21-02-2019 11:13", "retweet": 8, "like": 9}, {"id": "1098407649182281728", "url": "https://twitter.com/positioningmag/status/1098407649182281728", "username": "", "text": "มาเร็วเคลมเร็ว! เพิ่งเปิดตัวอย่างเป็นทางการไป แต่วันนี้ซัมซุงได้เปิดเผยให้เครื่องรุ่นใหม่ ให้สื่อไมยได้ พร้อมกับเคาะราคา Galaxy S10 อยู่ที่ 31,900 บาท ส่วนGalaxy S10+ ราคา 35,900 บาท ก่อนหน้านี้วันที่ 9 กุมภาพันธ์ ซัมซุงเปิดให้จองเครื่องรุ่นใหม่มียอดราว 26,000 เครื่องแล้ว pic.twitter.com/potD4obdcx", "date": "21-02-2019 09:22", "retweet": 22, "like": 1}, {"id": "1098389169783504896", "url": "https://twitter.com/positioningmag/status/1098389169783504896", "username": "", "text": "เปิดคัมภีร์สร้าง “Netflix Original Content” หลังเลือก 2 หนังสยองขวัญของไทย ไปฉาย 190 ประเทศ อ่านต่อ >> https:// positioningmag.com/1215451 #Positioningmag #NetflixOriginalContent #VideoStreaming #SeeWhatsNextAsia #เคว้ง #อุบัติกาฬ pic.twitter.com/716qL3MxTH", "date": "21-02-2019 08:09", "retweet": 3, "like": 3}, {"id": "1098370245704577027", "url": "https://twitter.com/positioningmag/status/1098370245704577027", "username": "", "text": "ซีพี เปิด “Harbour” บุฟเฟต์หรูจากไต้หวัน ที่ “ธนินท์” ต้องเข้าคิวรอ อ่านต่อ >> https:// positioningmag.com/1215466 #Positioningmag #ซีพี #Harbour #ร้านอาหาร #CPF #ไห่หลายกรุ๊ป #ซีพีไห่หลายฮาร์เบอร์จำกัด pic.twitter.com/9ympqSvEAP", "date": "21-02-2019 06:54", "retweet": 6, "like": 8}, {"id": "1098228180555427841", "url": "https://twitter.com/positioningmag/status/1098228180555427841", "username": "", "text": "ทำไมหนังสือพิมพ์ทยอย “ลาแผง” ค่ายใหญ่ปิดรวด 2 ฉบับ “โพสต์ทูเดย์-M2F” อ่านต่อ >> https:// positioningmag.com/1215438 #Positioningmag #บริษัทบางกอกโพสต์จำกัดมหาชน #หนังสือพิมพ์ #ลาแผง #โพสต์ทูเดย์ #M2F pic.twitter.com/9CVjDStl2E", "date": "20-02-2019 21:29", "retweet": 13, "like": 6}, {"id": "1098128774019731456", "url": "https://twitter.com/positioningmag/status/1098128774019731456", "username": "", "text": "เปิดวาร์ป \"ดองกิ มอลล์\" มูลค่า 700 ล้าน ยักษ์ค้าปลีกญี่ปุ่นบุกไทย เปิดศึกรีเทล 24 ชม. อ่านต่อ >> https:// positioningmag.com/1215198 #Positioningmag #ดองกิมอลล์ #DONDONDONKI #ค้าปลีกญี่ปุ่น #รีเทล #DonQuijote pic.twitter.com/as5qhhvFv0", "date": "20-02-2019 14:54", "retweet": 13, "like": 12}, {"id": "1098125815064125441", "url": "https://twitter.com/positioningmag/status/1098125815064125441", "username": "", "text": "ห้างฯ กลุ่มเดอะมอลล์ จัด \"WONDER SALE: Return To Shopper\" มอบความพิเศษให้ขาช้อป...ยิ่งช้อปยิ่งคุ้ม!! พร้อมลุ้นซื้อบัตรกำนัลห้างฯ ครึ่งราคา!! วันที่ 21 ก.พ. - 3 มี.ค. นี้ อ่านต่อ >>> https:// positioningmag.com/1214345 pic.twitter.com/ClG3DUwUcZ", "date": "20-02-2019 14:42", "retweet": 3, "like": 1}, {"id": "1098004010001301504", "url": "https://twitter.com/positioningmag/status/1098004010001301504", "username": "", "text": "เปิดทุกข้อ OPPO แซง Samsung ได้ไง? อ่านต่อ >> https:// positioningmag.com/1215098 #Positioningmag #OPPO #Samsung #ตลาดสมาร์ทโฟน #Canalys pic.twitter.com/S6gXoRACHG", "date": "20-02-2019 06:38", "retweet": 11, "like": 12}, {"id": "1097830095417294854", "url": "https://twitter.com/positioningmag/status/1097830095417294854", "username": "", "text": "“อาร์เอส” พลิกบิสสิเนสโมเดล ธุรกิจคอมเมิร์ซดันกำไรพุ่ง 55% อ่านต่อ >> https:// positioningmag.com/1215082 #Positioningmag #อาร์เอส #บิสสิเนสโมเดล #ธุรกิจคอมเมิร์ซ #เทคโนโลยีดิสรัปชั่น #ไลฟ์สตาร์ pic.twitter.com/7YnD2rUfPg", "date": "19-02-2019 19:07", "retweet": 10, "like": 11}, {"id": "1097800002401853440", "url": "https://twitter.com/positioningmag/status/1097800002401853440", "username": "", "text": "เผยโฉมเบาๆ ค้าปลีกญี่ปุ่น “ดองกิ มอลล์” ทองหล่อ เร่งมือตกแต่งเพื่อให้ทันพิธีเปิดตัว 20 ก.พ.นี้ อ่านต่อ >> https:// positioningmag.com/1215018 #Positioningmag #ค้าปลีกญี่ปุ่น #ดองกิมอลล์ #DonDonDonki pic.twitter.com/ElBipcpht4", "date": "19-02-2019 17:08", "retweet": 7, "like": 4}, {"id": "1097766813968945152", "url": "https://twitter.com/positioningmag/status/1097766813968945152", "username": "", "text": "เปิดเส้นทาง “ธนวัฒน์ วันสม” ทำไมต้องเป็นธุรกิจประกวดความงาม อ่านต่อ >> https:// positioningmag.com/1215074 #Positioningmag #ธนวัฒน์_วันสม #ธุรกิจประกวดความงาม pic.twitter.com/SlfOMoJ2rf", "date": "19-02-2019 14:56", "retweet": 0, "like": 0}, {"id": "1097708505585184768", "url": "https://twitter.com/positioningmag/status/1097708505585184768", "username": "", "text": "Tencent เอาด้วย! ส่ง “WeTV” ลุย Video Streaming ไทย ชูจุดขาย “ซีรีส์จีน” หวังแทรกระหว่าง Netflix และ Line TV อ่านต่อ >> https:// positioningmag.com/1215048 #Positioningmag #Tencent #WeTV #VideoStreaming #ซีรีส์จีน #กฤตธี_มโนลีหกุล #Netflix #LineTV pic.twitter.com/3VOA1fuiPG", "date": "19-02-2019 11:04", "retweet": 10, "like": 3}, {"id": "1097508643539308551", "url": "https://twitter.com/positioningmag/status/1097508643539308551", "username": "", "text": "“ธนวัฒน์ วันสม” ติดใจ ประกวดนางงาม ทุ่ม 1,000 ล้าน เจ้าภาพ “มิสเวิลด์” 2019 อ่านต่อ >> https:// positioningmag.com/1215004 #Positioningmag #ธนวัฒน์_วันสม #มิสเวิลด์2019 #มิสเวิลด์ออร์แกไนเซชั่น #บริษัททีดับเบิลยูเพเจ้นส์จำกัด #TWInvestmentGroup pic.twitter.com/bIW00auNYV", "date": "18-02-2019 21:50", "retweet": 5, "like": 1}, {"id": "1097447195987476482", "url": "https://twitter.com/positioningmag/status/1097447195987476482", "username": "", "text": "ซีพี เอาด้วย ลุยชานมไข่มุก \"Crown Bubble” ประเดิมสาขาแรกเซ็นจูรี่ อนุสาวรีย์ฯ อ่านต่อ >> https:// positioningmag.com/1214947 #Positioningmag #ซีพีเอฟ #ชานมไข่มุก #บริษัทเชสเตอร์ฟู้ดส์จำกัด #CrownBubble pic.twitter.com/0QlPA8UQkw", "date": "18-02-2019 17:46", "retweet": 19, "like": 7}, {"id": "1097412401220091904", "url": "https://twitter.com/positioningmag/status/1097412401220091904", "username": "", "text": "อ่านเกม “After You” ปั้นเมนูใหม่ “ชุบชีวิต” อ่านต่อ >> https:// positioningmag.com/1214706 #Positioningmag #AfterYou #ขนมปังเนยโสด #ขนมปังนมโสด #แรร์ไอเทม #ร้านขนมหวานพรีเมี่ยม pic.twitter.com/5DJ0oh6rly", "date": "18-02-2019 15:28", "retweet": 8, "like": 11}, {"id": "1097348805232549889", "url": "https://twitter.com/positioningmag/status/1097348805232549889", "username": "", "text": "วิดีโอคลิปยอดนิยม ประจำสัปดาห์ ( 4-10 ก.พ. 62) ซัมซุง-เก๋ไก๋สไลเดอร์ เข้าวิน อ่านต่อ >> https:// positioningmag.com/1214625 #Positioningmag #วิดีโอคลิปยอดนิยม #Socializta #คอนเทนต์มาร์เก็ตติ้ง #Samsung #KaykaiSalaider pic.twitter.com/1avLYPArFj", "date": "18-02-2019 11:15", "retweet": 2, "like": 2}, {"id": "1097295920327057408", "url": "https://twitter.com/positioningmag/status/1097295920327057408", "username": "", "text": "“อสมท” เคาะเอกชนลงทุนที่ดิน 70 ไร่ คาดทำมิกซ์ยูส หวังปั้นรายได้ หลังจบสัมปทาน “ช่อง 3-ทรูวิชั่นส์” อ่านต่อ >> https:// positioningmag.com/1214613 #Positopningmag #อสมท #ที่ดิน #มิกซ์ยูส pic.twitter.com/N4ubSmkQEB", "date": "18-02-2019 07:45", "retweet": 4, "like": 6}]