[{"id": "1099147132341084161", "url": "https://twitter.com/PPJ333/status/1099147132341084161", "username": "", "text": "โอย ร้องไห้ ตัวหลักของกูวววววว", "date": "23-02-2019 10:21", "retweet": 0, "like": 0}, {"id": "1099146190828953600", "url": "https://twitter.com/PPJ333/status/1099146190828953600", "username": "", "text": "อีเหี้ยยยยยย ไม่จริงงงงงว", "date": "23-02-2019 10:17", "retweet": 0, "like": 0}, {"id": "1098900692486414337", "url": "https://twitter.com/PPJ333/status/1098900692486414337", "username": "", "text": "เป็นความสามารถของทุกคนที่จิ้นแล้วละตอนนี้", "date": "22-02-2019 18:01", "retweet": 0, "like": 0}, {"id": "1098609230276321280", "url": "https://twitter.com/PPJ333/status/1098609230276321280", "username": "", "text": "เห้ย เนียลเป็นไร ทำไมซูบงี้ บ้าบอ", "date": "21-02-2019 22:43", "retweet": 0, "like": 0}, {"id": "1098587844623314944", "url": "https://twitter.com/PPJ333/status/1098587844623314944", "username": "", "text": "อาจจะใช้สมองเยอะไปในช่วงนี้ หลังจากไม่ได้ใช้มา4-5ปี //ป่วยอย่างเป็นทางการแล้วจ้า", "date": "21-02-2019 21:18", "retweet": 0, "like": 0}, {"id": "1098587277033332736", "url": "https://twitter.com/PPJ333/status/1098587277033332736", "username": "", "text": "ใช้เงินหลวงไปพบปะประชาชนต่างจังหวัด ใช้ภาษีแจกเงินประชาชนโดยใช้ชื่อเดียวกับพรรคการเมือง โต๊ะจีนน่ารักโต๊ะละไม่กี่ล้าน อ่านะ https:// twitter.com/qvia2de29s9hpa j/status/1098548528370991104 …", "date": "21-02-2019 21:16", "retweet": 0, "like": 0}, {"id": "1098543448104157184", "url": "https://twitter.com/PPJ333/status/1098543448104157184", "username": "", "text": "คนเรามันทำทุกอย่างเพื่ออำนาจได้จริงๆ ยอมขนาดรำไทย #วงการนายกเข้าแล้วออกยาก ที่แท้ทรู", "date": "21-02-2019 18:22", "retweet": 0, "like": 0}, {"id": "1098405080464642048", "url": "https://twitter.com/PPJ333/status/1098405080464642048", "username": "", "text": "กูเข้าใจว่าทำไมตอนอยู่วนว เป็นพี่ฝ่า ตอนอยู่หนูอี๊ด เป็นมินฮยอน", "date": "21-02-2019 09:12", "retweet": 0, "like": 0}, {"id": "1098390872893214721", "url": "https://twitter.com/PPJ333/status/1098390872893214721", "username": "", "text": "มันแล้วแต่ปัจจัยอื่นด้วย เอาตรงๆนะ ตอนมาแฟชั่นวีคคนเดียวกูว่าเท่", "date": "21-02-2019 08:16", "retweet": 0, "like": 0}, {"id": "1098380053564379137", "url": "https://twitter.com/PPJ333/status/1098380053564379137", "username": "", "text": "แรง แต่เห็นด้", "date": "21-02-2019 07:33", "retweet": 0, "like": 0}, {"id": "1098171997593337856", "url": "https://twitter.com/PPJ333/status/1098171997593337856", "username": "", "text": "เอาเลยเพื่อน เอาให้เต็มที่", "date": "20-02-2019 17:46", "retweet": 0, "like": 0}, {"id": "1098031838872797189", "url": "https://twitter.com/PPJ333/status/1098031838872797189", "username": "", "text": "อันนั้น รอดูก่อนว่ามีภาคต่อไหม ไม่ใช่เจ๊งตั้งแต่ภาคแรก", "date": "20-02-2019 08:29", "retweet": 0, "like": 0}, {"id": "1098031375670697985", "url": "https://twitter.com/PPJ333/status/1098031375670697985", "username": "", "text": "ก็โอเค เซงตรงตัวละครโง่ไปหน่อย ไม่สิโง่มาก", "date": "20-02-2019 08:27", "retweet": 0, "like": 0}, {"id": "1098030537266978816", "url": "https://twitter.com/PPJ333/status/1098030537266978816", "username": "", "text": "อีเด็กโง่ววววว", "date": "20-02-2019 08:24", "retweet": 0, "like": 0}, {"id": "1098030473379438592", "url": "https://twitter.com/PPJ333/status/1098030473379438592", "username": "", "text": "อ้อ แม่กูอยากดูมาก พานางไปดูมาแล้ว", "date": "20-02-2019 08:23", "retweet": 0, "like": 0}, {"id": "1098026529823420416", "url": "https://twitter.com/PPJ333/status/1098026529823420416", "username": "", "text": "ตื่นเช้ามาเจอข่าว #พรบไซเบอร์ ปุ๊บ.... แดกข้าวไม่ลงแล้วจ้า", "date": "20-02-2019 08:08", "retweet": 7, "like": 4}, {"id": "1097836106882543617", "url": "https://twitter.com/PPJ333/status/1097836106882543617", "username": "", "text": "หน้าเว่ออออิ", "date": "19-02-2019 19:31", "retweet": 0, "like": 0}, {"id": "1097800186988879872", "url": "https://twitter.com/PPJ333/status/1097800186988879872", "username": "", "text": "น้องให้ช่วยติวสอบให้... เอิ่ม สอนเด็กว่า คสช. มาช่วยหรอ???? ถามจีง #ประเทศกูมี #หนักแผ่นดิน pic.twitter.com/WVe2ZeX6f4", "date": "19-02-2019 17:08", "retweet": 6, "like": 5}, {"id": "1097743407051505664", "url": "https://twitter.com/PPJ333/status/1097743407051505664", "username": "", "text": "นี่จะออกอยู่แล้วยังซื้อนู้นนี่อยู่เลย กูเลยไม่คาดหวังว่าคนที่เข้ามาจะต้องมีนโยบายอะไร เพราะไม่ต้องห่วง ไม่มีเงินให้ใช้หรอก", "date": "19-02-2019 13:23", "retweet": 0, "like": 0}, {"id": "1097742212236857344", "url": "https://twitter.com/PPJ333/status/1097742212236857344", "username": "", "text": "คนอื่นยังด่ายังตรวจสอบได้ ลุงนี่ขั้นสุด ขั้นกว่าทักกี้อีก", "date": "19-02-2019 13:18", "retweet": 0, "like": 0}, {"id": "1097741159852437506", "url": "https://twitter.com/PPJ333/status/1097741159852437506", "username": "", "text": "คุยกับเพื่อนเรื่อง #เลือกตั้ง62 เอาตรงๆ ไม่ได้ชอบนโยบายของ #อนาคตใหม่ ขนาดนั้น //โดยเฉพาะรพ. การศึกษา แต่ทำไมถึงจะเลือก? เพราะอุดมการณ์ล้วนๆจ้า น้องฝันจริงๆ ให้ปท.เรามี #ประชาธิปไตย ถึงจะเป็นฝันที่ไม่น่าจะเป็นจริงก็เถอะ", "date": "19-02-2019 13:14", "retweet": 0, "like": 3}, {"id": "1097706330884694017", "url": "https://twitter.com/PPJ333/status/1097706330884694017", "username": "", "text": "ออกจากสนบ.ฮีทโธว มีร้านกาแฟเดียว!!! ร้านขายเดียว!!!! ทางเดินตรงดิ่งอันเดียว!!!!! เห็นคนตามดาราประสบความสำเร็จมาหลายคนแล้ว //เพราะการตามไปครั้งนี้แม่งแพงมาก", "date": "19-02-2019 10:55", "retweet": 0, "like": 0}, {"id": "1097705979766988800", "url": "https://twitter.com/PPJ333/status/1097705979766988800", "username": "", "text": "เออ ฮีทโธวตามดาราง่ายมาก เพราะทางเข้าออกมีทางเดียว 555555555555555 https:// twitter.com/eeyorenan/stat us/1097672277167038464 …", "date": "19-02-2019 10:54", "retweet": 0, "like": 0}, {"id": "1097704159917174784", "url": "https://twitter.com/PPJ333/status/1097704159917174784", "username": "", "text": "พี่พีชอยู่ไทยนะตอนนี้ 555555 แต่ไม่แน่ นางชอบเปิดวาร์ป", "date": "19-02-2019 10:47", "retweet": 0, "like": 0}, {"id": "1097704011807961088", "url": "https://twitter.com/PPJ333/status/1097704011807961088", "username": "", "text": "มันโฆษณาหนักมากกกกกก แต่ไม่กล้าเล่นเลย ดูแล้วเอาหน้าคนอื่นมาแบบผิดๆไงไม่รู้", "date": "19-02-2019 10:46", "retweet": 0, "like": 0}, {"id": "1097397961540087808", "url": "https://twitter.com/PPJ333/status/1097397961540087808", "username": "", "text": "ซึ่งหายากมากกกกกก", "date": "18-02-2019 14:30", "retweet": 0, "like": 0}, {"id": "1097395256906018817", "url": "https://twitter.com/PPJ333/status/1097395256906018817", "username": "", "text": "เป็นเรื่องแรกที่ไม่ชอบคู่หลัก... โบกธง ท่านพี่ รินจัง สุดฤทธิ https:// twitter.com/ame_tsukiyoyuk i/status/1097293611262140416 …", "date": "18-02-2019 14:19", "retweet": 0, "like": 0}, {"id": "1097306589118193664", "url": "https://twitter.com/PPJ333/status/1097306589118193664", "username": "", "text": "จริง กูนี่ใจจาขาดดดดดด", "date": "18-02-2019 08:27", "retweet": 0, "like": 0}]