[{"id": "1098466851573575680", "url": "https://twitter.com/ppjacktoey/status/1098466851573575680", "username": "", "text": "#Savethanatorn", "date": "21-02-2019 13:18", "retweet": 1, "like": 0}, {"id": "1098170605315055616", "url": "https://twitter.com/ppjacktoey/status/1098170605315055616", "username": "", "text": "ตามหานิยาย​ มือ1​ มือ2​ #เป็นที่หนึ่ง #นิยายวายมือสอง ​ #นิยายวายแนะนํา #นิยายวาย #นิยายวาย #ขายนิยายวายมือสอง", "date": "20-02-2019 17:40", "retweet": 0, "like": 0}, {"id": "1097504045097377793", "url": "https://twitter.com/ppjacktoey/status/1097504045097377793", "username": "", "text": "ตามหานิยาย​ มือ1​ มือ2​ อยากได้มาก​ #นิยายายวาย ​ #รักนี้บังเอิญคือคุณ ​ #นิยายวายมือสอง #นิยายวายแนะนํา #นิยายมือสอง", "date": "18-02-2019 21:32", "retweet": 0, "like": 1}, {"id": "1097502025229557761", "url": "https://twitter.com/ppjacktoey/status/1097502025229557761", "username": "", "text": "ขายยังค่ะ", "date": "18-02-2019 21:24", "retweet": 0, "like": 0}]