[{"id": "1099400270545510401", "url": "https://twitter.com/pplns_/status/1099400270545510401", "username": "", "text": "คบซ้อนมา10ปีคือเสียเวลาเกือบครึ่งชีวิตกับคสพ.เหี้ยๆแบบนั้นอะสงสารผญชิบหาย เห็นแก่ตัวมาก ไอ้เวร", "date": "24-02-2019 03:07", "retweet": 0, "like": 0}, {"id": "1099378811903258624", "url": "https://twitter.com/pplns_/status/1099378811903258624", "username": "", "text": "Let it be55555 https:// twitter.com/ncphat/status/ 1099339529712848896 …", "date": "24-02-2019 01:41", "retweet": 0, "like": 0}, {"id": "1099333016160108544", "url": "https://twitter.com/pplns_/status/1099333016160108544", "username": "", "text": "บักจีเหลินยังมีดีเทลเยอะกว่าอีก", "date": "23-02-2019 22:39", "retweet": 0, "like": 1}, {"id": "1099332427774713856", "url": "https://twitter.com/pplns_/status/1099332427774713856", "username": "", "text": "เพลงขี้หี", "date": "23-02-2019 22:37", "retweet": 0, "like": 0}, {"id": "1099332342080888834", "url": "https://twitter.com/pplns_/status/1099332342080888834", "username": "", "text": "จีง เพลงชั้นต่ำ", "date": "23-02-2019 22:37", "retweet": 0, "like": 0}, {"id": "1099291248345571328", "url": "https://twitter.com/pplns_/status/1099291248345571328", "username": "", "text": "ตอนแรกนึกว่าบัตรปชชหายกุต้องถือพาสปอร์ตไปสอบสรุปตอนเย็นบัตรกุอยุ่ในรถอิมิ้นคือกุเอาไปไว้ตอนไหนวะ", "date": "23-02-2019 19:53", "retweet": 0, "like": 0}, {"id": "1099286810830635008", "url": "https://twitter.com/pplns_/status/1099286810830635008", "username": "", "text": "จิง แกทอิ้งง่ายกว่าที่คิดไว้อะ อ่านละสนุกดีไม่น่าเบื่อ #GATPAT", "date": "23-02-2019 19:36", "retweet": 2, "like": 0}, {"id": "1099286442952384514", "url": "https://twitter.com/pplns_/status/1099286442952384514", "username": "", "text": "อีบิกินี่คืออ่านไปเบะปากไป อิควัย #GATPAT", "date": "23-02-2019 19:34", "retweet": 0, "like": 0}, {"id": "1099280853148913665", "url": "https://twitter.com/pplns_/status/1099280853148913665", "username": "", "text": "ทำไมไม่ซื้อลิขสิทธิ์มาอะ งง #ลูกทุ่งไอดอล", "date": "23-02-2019 19:12", "retweet": 0, "like": 0}, {"id": "1099280113105924096", "url": "https://twitter.com/pplns_/status/1099280113105924096", "username": "", "text": "ควาย", "date": "23-02-2019 19:09", "retweet": 0, "like": 0}, {"id": "1099253653443993600", "url": "https://twitter.com/pplns_/status/1099253653443993600", "username": "", "text": "นี่สอบแกทแพทอยู่ละรถหาเสียงของพรรคปชธปขับมาหาเสียงดังลั่นเรยจ้า อิเวน #เลือกตั้ง62 #gatpat", "date": "23-02-2019 17:24", "retweet": 1, "like": 1}, {"id": "1099187485563793408", "url": "https://twitter.com/pplns_/status/1099187485563793408", "username": "", "text": "ตอบอะไรกัน #GATPAT", "date": "23-02-2019 13:01", "retweet": 2, "like": 1}, {"id": "1098492995484020736", "url": "https://twitter.com/pplns_/status/1098492995484020736", "username": "", "text": "นักน้องต้องเปลี่ยนน้อง https:// twitter.com/llbb___/status /1098491642426753024 …", "date": "21-02-2019 15:01", "retweet": 0, "like": 0}, {"id": "1098492754458378240", "url": "https://twitter.com/pplns_/status/1098492754458378240", "username": "", "text": "บ่ายสามแล้ว ตาเหลือกมากทุนนี่ เหน่ย", "date": "21-02-2019 15:00", "retweet": 0, "like": 0}, {"id": "1098483473759621120", "url": "https://twitter.com/pplns_/status/1098483473759621120", "username": "", "text": "บัตรปชชกุหายไปไหนอีคว้าย", "date": "21-02-2019 14:24", "retweet": 0, "like": 0}, {"id": "1098430040809693184", "url": "https://twitter.com/pplns_/status/1098430040809693184", "username": "", "text": "#หนักเเผ่นดิน pic.twitter.com/u2r2PwWd4y", "date": "21-02-2019 10:51", "retweet": 0, "like": 0}, {"id": "1098245468750897158", "url": "https://twitter.com/pplns_/status/1098245468750897158", "username": "", "text": "กุไม่ไปจี่หนานแล้วไอสัด ตอนนี้ตีนข้างนึงเหยียบกลับไทยแร้ว ปสด! ส้นตีน", "date": "20-02-2019 22:38", "retweet": 0, "like": 0}, {"id": "1098199059762896897", "url": "https://twitter.com/pplns_/status/1098199059762896897", "username": "", "text": "ประเทศเหี้ยนี่ประชาธิปไตยขี้หี ตอแหล ปลอมเปลือกมาก นายกก็สาระแนบ้าอำนาจแต่มันดูโง่ ไปตายได้แล้ว อีป้อมก้เบาหวานแดกหนักแผ่นดิน อีสัด ไป๊", "date": "20-02-2019 19:33", "retweet": 0, "like": 0}, {"id": "1097599063338278912", "url": "https://twitter.com/pplns_/status/1097599063338278912", "username": "", "text": "พรรคการเมืองชั้นสูงแต่ติดดิน=อนาคตใหม่", "date": "19-02-2019 03:49", "retweet": 0, "like": 0}, {"id": "1097587506948726784", "url": "https://twitter.com/pplns_/status/1097587506948726784", "username": "", "text": "เนี่ยเกลียดวงจรราชการ อีสัดไม่ว่าจะเปนองกรค์ไหนน เหี้ยหมด ยอมจ่ายแพงแลกกับบริการแบบไม่ประสาทแดกดีกว่าปะ", "date": "19-02-2019 03:03", "retweet": 0, "like": 0}, {"id": "1097587254808084480", "url": "https://twitter.com/pplns_/status/1097587254808084480", "username": "", "text": "หาทุนหรือไปกับเอเจนซี่ดีวะ คิดหนักแล้ว อยากจองที่กับพี่เจวไว้ก่อนอิเปรต", "date": "19-02-2019 03:02", "retweet": 0, "like": 0}, {"id": "1097587002004799488", "url": "https://twitter.com/pplns_/status/1097587002004799488", "username": "", "text": "ชั้นไปแน่นอนไงถึงได้ขอรายละเอียด อีสัด บ้านก็มีอันจะกินจ้า เจอแบบนี้กุใช้ทุนพ่อแม่ตัวเองกีกว่ามั้ยเหมือนไปขอฟรี ก้มั่ยเด้อ", "date": "19-02-2019 03:01", "retweet": 0, "like": 0}, {"id": "1097586737121914880", "url": "https://twitter.com/pplns_/status/1097586737121914880", "username": "", "text": "ถ้าหาทุนใหม่ที่โอเคกว่าอันนี้คือบายจ้า ไม่เอาแล้ว พูดจาเหี้ยมสก ตือมีส่วนที่ชั้นออกเองครึ่งนึงอะทุนนี้ นี่ก็มีสิทธิจะสอบถามมีสิทธ์จะรู้ปะ ถ้ากั๊กไม่อยากให้กุไปแล้วจะเสนอหน้ามาประสานทำไมก่อน", "date": "19-02-2019 03:00", "retweet": 0, "like": 0}, {"id": "1097404222780260352", "url": "https://twitter.com/pplns_/status/1097404222780260352", "username": "", "text": "ที่ชาวดอยหาดใหญ่ กะรัตหาดใหญ่โชว์ตัวหน่อยเร้ววว5555 #ตลาดนัดสวนเเครอท pic.twitter.com/cWpRYYZPwP", "date": "18-02-2019 14:55", "retweet": 2, "like": 1}, {"id": "1097403881753985025", "url": "https://twitter.com/pplns_/status/1097403881753985025", "username": "", "text": "ตลกอีสันดานเหี้ย55555555555", "date": "18-02-2019 14:54", "retweet": 0, "like": 0}]