[{"id": "1099000954085462017", "url": "https://twitter.com/prom_vi/status/1099000954085462017", "username": "", "text": "", "date": "23-02-2019 00:40", "retweet": 0, "like": 0}, {"id": "1098975112307519488", "url": "https://twitter.com/prom_vi/status/1098975112307519488", "username": "", "text": "สำหรับการดูรายการผ่านการ live นะครับ https://www. facebook.com/nationtv22live /videos/242936216652472?sfns=cl …", "date": "22-02-2019 22:57", "retweet": 3, "like": 0}, {"id": "1098972672824815617", "url": "https://twitter.com/prom_vi/status/1098972672824815617", "username": "", "text": "ขอบคุณมากครับ", "date": "22-02-2019 22:47", "retweet": 0, "like": 0}, {"id": "1098972612225454080", "url": "https://twitter.com/prom_vi/status/1098972612225454080", "username": "", "text": "เขินเลยครับ น้องน่ารักมากๆครับ", "date": "22-02-2019 22:47", "retweet": 0, "like": 1}, {"id": "1098968671718785024", "url": "https://twitter.com/prom_vi/status/1098968671718785024", "username": "", "text": "มีใครเปิดช่อง 22 เนชั่นทีวี รายการ คมชัดลึก อยู่มั้ยครับบบ pic.twitter.com/bKAQcw26we", "date": "22-02-2019 22:32", "retweet": 7, "like": 7}, {"id": "1098782999787626497", "url": "https://twitter.com/prom_vi/status/1098782999787626497", "username": "", "text": "ความสุขเล็กๆของผม ทุกๆวันที่ผมลงพื้นที่ เพียงแค่ได้พูดคุย ทักทายกับพ่อแม่พี่น้อง เท่านี้ก็ทำให้ผมมีความสุขแล้วครับ... #ทีมพรหม #เบอร์6ยกระดับประเทศไทย #พรรคประชาธิปัตย์ #บึงกุ่มคันนายาว pic.twitter.com/ak2BPeEvPC", "date": "22-02-2019 10:14", "retweet": 2, "like": 5}, {"id": "1098595949839036417", "url": "https://twitter.com/prom_vi/status/1098595949839036417", "username": "", "text": "เย็นวันนี้ผมได้เข้าไปทักทายพ่อแม่พี่น้องหมู่บ้านชื่นกมลนิเวศน์สี่และห้าครับ ผมได้มีโอกาสพบกับพี่คนนึง พี่เขาเข้ามาบอกกับผมว่า“นี่ๆเข้ามาในบ้าน พี่มีอะไรจะให้ดู” แล้วผมก็เจอกับรูปนี้ครับ รูปของ “พนิต วิกิตเศรษฐ์” คุณพ่อของผมครับ #ทีมพรหม #เบอร์6 #บึงกุ่มคันนายาว #พรรคประชาธิปัตย์ pic.twitter.com/rOYkTjpM3C", "date": "21-02-2019 21:51", "retweet": 8, "like": 5}, {"id": "1097662162577682433", "url": "https://twitter.com/prom_vi/status/1097662162577682433", "username": "", "text": "เช้าวันนี้ ผมได้ไปทักทายพ่อแม่พี่น้อง บริเวณสวนน้ำสาธารณะหมู่บ้านปัฐวิกรณ์ และตลาดเช้าหมู่บ้านโชคชัยคลองจั่น ถึงจะเหนื่อยแค่ไหน ผมก็สู้ไม่ถอยครับ!! #ทีมพรหม #เบอร์6ยกระดับประเทศไทย #พรรคประชาธิปัตย์ #แก้จนสร้างคนสร้างชาติ #บึงกุ่มคันนายาว #เลือกตั้ง62 pic.twitter.com/JsRjKlqyPH", "date": "19-02-2019 08:00", "retweet": 7, "like": 2}, {"id": "1097399747634069506", "url": "https://twitter.com/prom_vi/status/1097399747634069506", "username": "", "text": "ขอบคุณมากเลยครับ", "date": "18-02-2019 14:37", "retweet": 0, "like": 0}, {"id": "1097351263635656704", "url": "https://twitter.com/prom_vi/status/1097351263635656704", "username": "", "text": "กราบขอบพระคุณท่านชวน หลีกภัย ประธานที่ปรึกษาพรรคประชาธิปัตย์ ที่ให้เกียรติมาร่วมกล่าวปราศรัยบริเวณหน้าตลาดในหมู่บ้านเอื้ออาทร บึงกุ่ม​เมื่อช่วงเช้าวันนี้ครับ อยากบอกว่าอาหารใต้แถวนี้อร่อยทุกร้านเลยครับ #ทีมพรหม #เบอร์6ยกระดับประเทศไทย #พรรคประชาธิปัตย์ #แก้จนสร้างคนสร้างชาติ pic.twitter.com/lDD5z6JVA7", "date": "18-02-2019 11:25", "retweet": 18, "like": 9}, {"id": "1097350843509010432", "url": "https://twitter.com/prom_vi/status/1097350843509010432", "username": "", "text": "ฝากเนื้อฝากตัวด้วยนะครับ https:// twitter.com/thestandardth/ status/1097004595505709056 …", "date": "18-02-2019 11:23", "retweet": 2, "like": 1}]