[{"id": "1099319719440478208", "url": "https://twitter.com/puifaisrc/status/1099319719440478208", "username": "", "text": "ทุกคนพร้อมหมด ยกเว้นหน่องไม่อยู่", "date": "23-02-2019 21:47", "retweet": 0, "like": 0}, {"id": "1099197536496013313", "url": "https://twitter.com/puifaisrc/status/1099197536496013313", "username": "", "text": "เร็วจ๊างงงงงง ตามฟังไม่ทัน", "date": "23-02-2019 13:41", "retweet": 0, "like": 0}, {"id": "1099111499644035072", "url": "https://twitter.com/puifaisrc/status/1099111499644035072", "username": "", "text": "โง้ยยยยย ตื่นเต้นนนน", "date": "23-02-2019 07:59", "retweet": 0, "like": 0}, {"id": "1099109128918593536", "url": "https://twitter.com/puifaisrc/status/1099109128918593536", "username": "", "text": "รู้สึกเหมือนกำลังมาสอบเข้ามหาลัย", "date": "23-02-2019 07:50", "retweet": 0, "like": 0}, {"id": "1098973162040025089", "url": "https://twitter.com/puifaisrc/status/1098973162040025089", "username": "", "text": "น้องเค้าทำยังกะนี่คือเวที The voice pic.twitter.com/2KYalmKYhc", "date": "22-02-2019 22:49", "retweet": 0, "like": 1}, {"id": "1098786084828266497", "url": "https://twitter.com/puifaisrc/status/1098786084828266497", "username": "", "text": "wtf!!! https:// twitter.com/Thairath_News/ status/1098779421970903042 …", "date": "22-02-2019 10:26", "retweet": 0, "like": 0}, {"id": "1098588876879380481", "url": "https://twitter.com/puifaisrc/status/1098588876879380481", "username": "", "text": "จะสร้าง ig อีกอัน ชื่อ pfs_diet .......พอๆๆๆ แค่นี้ก็ไม่หวัดไม่ไหว", "date": "21-02-2019 21:22", "retweet": 0, "like": 0}, {"id": "1098538366159605760", "url": "https://twitter.com/puifaisrc/status/1098538366159605760", "username": "", "text": "เนี่ย ขำกับมุขอะไรอย่างนี้ https:// twitter.com/bodcheex/statu s/1097051602634952704 …", "date": "21-02-2019 18:02", "retweet": 0, "like": 0}, {"id": "1098512658083459073", "url": "https://twitter.com/puifaisrc/status/1098512658083459073", "username": "", "text": "แกดูขาลิซ่า!! เล็กกว่าขาเรา 2เท่าได้ pic.twitter.com/UhnKKe5x3g", "date": "21-02-2019 16:20", "retweet": 0, "like": 0}, {"id": "1098510090296913920", "url": "https://twitter.com/puifaisrc/status/1098510090296913920", "username": "", "text": "จ่ายตังมาซี่", "date": "21-02-2019 16:09", "retweet": 0, "like": 0}, {"id": "1098491692091469825", "url": "https://twitter.com/puifaisrc/status/1098491692091469825", "username": "", "text": "pic.twitter.com/qeSOmeYleT", "date": "21-02-2019 14:56", "retweet": 0, "like": 0}, {"id": "1098491544636579840", "url": "https://twitter.com/puifaisrc/status/1098491544636579840", "username": "", "text": "ปัญหาที่น้องพบคือ น้องเป็นคนรับสาร กำลังเดินอยู่นอกบ้าน และไม่มีหูฟัง 555", "date": "21-02-2019 14:56", "retweet": 0, "like": 0}, {"id": "1098466497742004224", "url": "https://twitter.com/puifaisrc/status/1098466497742004224", "username": "", "text": "เอาแสงเหนือมาดู!!!", "date": "21-02-2019 13:16", "retweet": 0, "like": 0}, {"id": "1098419226920968192", "url": "https://twitter.com/puifaisrc/status/1098419226920968192", "username": "", "text": "THE POWER GAME EP.3 จากธนาธรถึงหนักแผ่นดิน เมื่ออดีตไล่ล่าคุณ episode of THE STANDARD Podcast https:// open.spotify.com/episode/5uySPx 1uDRC6scw4e1Ac5d?si=GnZ-Z-EZQqWsRgJl7mv_vA …", "date": "21-02-2019 10:08", "retweet": 0, "like": 0}, {"id": "1098417918692384768", "url": "https://twitter.com/puifaisrc/status/1098417918692384768", "username": "", "text": "เจ็บปวด", "date": "21-02-2019 10:03", "retweet": 0, "like": 1}, {"id": "1098386896357515264", "url": "https://twitter.com/puifaisrc/status/1098386896357515264", "username": "", "text": "2ครั้ง เบาๆ", "date": "21-02-2019 08:00", "retweet": 0, "like": 0}, {"id": "1098278572085526528", "url": "https://twitter.com/puifaisrc/status/1098278572085526528", "username": "", "text": "โว้ยยยยย อยู่ๆก็คิดเรื่องลดความอ้วนขึ้นมา นอนไม่หลับแล้วเนี่ยยยย", "date": "21-02-2019 00:49", "retweet": 0, "like": 0}, {"id": "1098273875358474240", "url": "https://twitter.com/puifaisrc/status/1098273875358474240", "username": "", "text": "อาาา จะว่าไปจัดระเบียบทางเท้าก็ด้วยเปล่าหว่า ไม่แน่ใจแหะ อ่อ จัดระเบียบรถตู้ก็ด้วย อันนี้ก็ชม แต่ก็ไม่คงเลือกลุงเค้าล่ะ หนูยังฝันถึงประเทศประชาธิปไตยแหละ อยากให้จากกันด้วยดีนะลุง บ๊าย! https:// twitter.com/Onjitteke/stat us/1098255013371998208 …", "date": "21-02-2019 00:31", "retweet": 0, "like": 0}, {"id": "1098258146873663488", "url": "https://twitter.com/puifaisrc/status/1098258146873663488", "username": "", "text": "หลังจากพูดคุยเรื่อง 250 สว.และรัฐบาลปัจจุบัน นี่คือภาพอนาคตประชาธิปไตยไทย มองไม่เห็นใช่มั้ยล่ะ เออ มองไม่เห็นเหมือนกัน pic.twitter.com/IUyAKnKUcO", "date": "20-02-2019 23:28", "retweet": 1, "like": 0}, {"id": "1098254487959957504", "url": "https://twitter.com/puifaisrc/status/1098254487959957504", "username": "", "text": "น้องล่ะใกล้จะสิ้นหวังอยู่ละ เหมือนเราทำได้แค่เลือกตั้งแหละ", "date": "20-02-2019 23:14", "retweet": 0, "like": 0}, {"id": "1098253711741136896", "url": "https://twitter.com/puifaisrc/status/1098253711741136896", "username": "", "text": "เราทำเต็มที่แล้ววว อย่าปล่อยให้ตัวเองรู้สึกแย่หรือเครียดจนทุกข์เกินไปน้าาา", "date": "20-02-2019 23:11", "retweet": 1, "like": 1}, {"id": "1098252086070861824", "url": "https://twitter.com/puifaisrc/status/1098252086070861824", "username": "", "text": "ความช่างถามและหน้าตาแบบ \"สงสัยง่ะแก\" ของ @jomquan นี่น่าเอ็นดู๊ - ตัดงบทหาร ปฏิรูปกองทัพ? | ถามตรงๆกับจอมขวัญ | 19 ก.พ.62 https:// youtu.be/9gdsGkXpPwg via @YouTube", "date": "20-02-2019 23:04", "retweet": 0, "like": 0}, {"id": "1098250465563729921", "url": "https://twitter.com/puifaisrc/status/1098250465563729921", "username": "", "text": "ฮืออออออออออ", "date": "20-02-2019 22:58", "retweet": 0, "like": 0}, {"id": "1098221167951806464", "url": "https://twitter.com/puifaisrc/status/1098221167951806464", "username": "", "text": "แกกกกกกกกกก ลืมรีเทนเนอร์ไว้ที่ MK !!!!!! โทรไปที่ร้าน เค้าบอกเก็บโต๊ะไปแล้วววววววว แล้วเค้าก็อุตส่าห์ไปหาในถังขยะให้ ฮือออออออ ซึ้งใจจังงงงงงง ขอบคุณพนักงาน MK สาขาโรบินสันสุขุมวิทนะคะ", "date": "20-02-2019 21:01", "retweet": 0, "like": 0}, {"id": "1098175280017883136", "url": "https://twitter.com/puifaisrc/status/1098175280017883136", "username": "", "text": "เออ ลืมไปแล้วว่า a5100 เรามันพับจอได้ ไม่ได้ใช้เท่าไร", "date": "20-02-2019 17:59", "retweet": 0, "like": 0}, {"id": "1098060374157418498", "url": "https://twitter.com/puifaisrc/status/1098060374157418498", "username": "", "text": "เนี่ย เอานี้ - https://www. beartai.com/news/photo-new s/310261 …", "date": "20-02-2019 10:22", "retweet": 0, "like": 1}, {"id": "1098055108959465473", "url": "https://twitter.com/puifaisrc/status/1098055108959465473", "username": "", "text": "สู้ๆน้าา ทั้งแมวทั้งคนเลย :) pic.twitter.com/EGBSAo1l90", "date": "20-02-2019 10:01", "retweet": 0, "like": 1}, {"id": "1098052816835272704", "url": "https://twitter.com/puifaisrc/status/1098052816835272704", "username": "", "text": "เมื่อปีก่อนที่ MRT บอกจะซื้อโบกี้เพิ่มนี่ตกลงได้ซื้อยังนะ", "date": "20-02-2019 09:52", "retweet": 0, "like": 1}, {"id": "1097552969887711232", "url": "https://twitter.com/puifaisrc/status/1097552969887711232", "username": "", "text": "ได้สิ เรื่องง่าย ใจร่มๆ ใจร่มๆ ใจร่มร่ม!!!!!!!!! pic.twitter.com/8ZfcLepenG", "date": "19-02-2019 00:46", "retweet": 0, "like": 0}, {"id": "1097552671605542912", "url": "https://twitter.com/puifaisrc/status/1097552671605542912", "username": "", "text": "อีกครั้ง https:// youtu.be/VZvzvLiGUtw", "date": "19-02-2019 00:45", "retweet": 0, "like": 0}, {"id": "1097546367692460037", "url": "https://twitter.com/puifaisrc/status/1097546367692460037", "username": "", "text": "หงุดหงิดๆๆ ทุกอย่างล้วนแต่น่าหงุดหงิด", "date": "19-02-2019 00:20", "retweet": 0, "like": 0}, {"id": "1097525286654992389", "url": "https://twitter.com/puifaisrc/status/1097525286654992389", "username": "", "text": "โอ้โหหหหห เป๊ะ!!", "date": "18-02-2019 22:56", "retweet": 0, "like": 1}, {"id": "1097387950600404992", "url": "https://twitter.com/puifaisrc/status/1097387950600404992", "username": "", "text": "ไม่เกี่ยวกับเมนส์ pic.twitter.com/Du8BLh3I3f", "date": "18-02-2019 13:50", "retweet": 0, "like": 0}, {"id": "1097376447537135616", "url": "https://twitter.com/puifaisrc/status/1097376447537135616", "username": "", "text": "เวลาต้องตอบอะไรซ้ำๆ พูดอะไรซ้ำๆ ฟังอะไรซ้ำๆ แล้วมันหงุดหงิด", "date": "18-02-2019 13:05", "retweet": 0, "like": 0}, {"id": "1097294976659025921", "url": "https://twitter.com/puifaisrc/status/1097294976659025921", "username": "", "text": "เมื่อเราสงสัยว่า IOคืออะไร และนี่คือคำตอบ - 'IO'ยุทธการมวลชน ผ่านโซเชียลมีเดียที่มีมาแต่โบราณ!!! https://www. thairath.co.th/content/395281", "date": "18-02-2019 07:41", "retweet": 1, "like": 0}]