[{"id": "1099402018089721856", "url": "https://twitter.com/PuiiPonz/status/1099402018089721856", "username": "", "text": "เรื่องนี้ต่อให้ผญทั้ง2ฝ่ายจะรู้หรือไม่รู้สิ่งที่คนเราควรทำคือถนอมน้ำใจคนที่เรารักอ่ะ ผญคนหนึ่งยอม ไม่ได้แปลว่าเรามีผญอีกคนได้นะ", "date": "24-02-2019 03:14", "retweet": 0, "like": 0}, {"id": "1099400588960264192", "url": "https://twitter.com/PuiiPonz/status/1099400588960264192", "username": "", "text": "ถ้าไม่โป๊ะคือจะยังไงกันต่อ งงมากค่ะ", "date": "24-02-2019 03:08", "retweet": 0, "like": 0}, {"id": "1099400494542274560", "url": "https://twitter.com/PuiiPonz/status/1099400494542274560", "username": "", "text": "ที่แย่มากคือเรียกผญที่แต่งงานด้วยว่าผญอีกคน เรียกคนที่ไม่ได้แต่งว่าแฟน วดฟ!!!!", "date": "24-02-2019 03:07", "retweet": 0, "like": 0}, {"id": "1099389324573855744", "url": "https://twitter.com/PuiiPonz/status/1099389324573855744", "username": "", "text": "จากแถลงนี้ก็คงสรุปได้แล้วนะว่าป๊อปเหี้ย อย่าหาว่าทับถมหรือเม้นไม่คิดเลย เพราะตอนเค้าทำเค้าก็ไม่คิดเหมือนกัน แล้วใจผญที่แต่งงานจะเป็นยังไง แล้วคนไม่ไม่ได้แต่งล่ะจะเป็นยังไง #ป๊อบปองกูล pic.twitter.com/UJpz7J2tzA", "date": "24-02-2019 02:23", "retweet": 175, "like": 29}, {"id": "1099353811808706560", "url": "https://twitter.com/PuiiPonz/status/1099353811808706560", "username": "", "text": "ต้องบนอะไรให้อ่อมจีไฮเอ้อขึ้นทุกคนอ่ะ แงงง pic.twitter.com/abuMNCbuNc", "date": "24-02-2019 00:02", "retweet": 0, "like": 0}, {"id": "1099325304781254656", "url": "https://twitter.com/PuiiPonz/status/1099325304781254656", "username": "", "text": "อยู่ร้านเหล้าแต่ออกจากแท็ก #ป๊อบปองกูล ไม่ได้ pic.twitter.com/7Yke13tTw7", "date": "23-02-2019 22:09", "retweet": 0, "like": 0}, {"id": "1099322423755722752", "url": "https://twitter.com/PuiiPonz/status/1099322423755722752", "username": "", "text": "ถ้ามันคือเรื่องจริงคือเสียเวลาผญทั้ง2คนมาก", "date": "23-02-2019 21:57", "retweet": 0, "like": 0}, {"id": "1099322258625986560", "url": "https://twitter.com/PuiiPonz/status/1099322258625986560", "username": "", "text": "ผญอ่ะใครมาก่อนมาหลังไม่รู้แต่ผชคือแย่ #ป๊อบปองกูล", "date": "23-02-2019 21:57", "retweet": 0, "like": 1}, {"id": "1099320678577102849", "url": "https://twitter.com/PuiiPonz/status/1099320678577102849", "username": "", "text": "มีพยานของฝ่ายญทั้ง2ฝ่ายว่าคบนานทั้งคู่ กู: #ป๊อบปองกูล pic.twitter.com/zlbQF9bHZc", "date": "23-02-2019 21:50", "retweet": 20, "like": 0}, {"id": "1099137204956258305", "url": "https://twitter.com/PuiiPonz/status/1099137204956258305", "username": "", "text": "อาแจ็คเดินเร็วๆสิ!!! จะรีบไปไหน กระเป๋าเธอก็หนักจะแย่ #JARK pic.twitter.com/LHwezAMkY6", "date": "23-02-2019 09:41", "retweet": 22, "like": 29}, {"id": "1099003825644433408", "url": "https://twitter.com/PuiiPonz/status/1099003825644433408", "username": "", "text": "เวทอิแด๊ด5555555555 pic.twitter.com/DZp2zBUwPO", "date": "23-02-2019 00:51", "retweet": 0, "like": 1}, {"id": "1098972890144239616", "url": "https://twitter.com/PuiiPonz/status/1098972890144239616", "username": "", "text": "เมื่อขอแม่ไปดูคอน แล้วแม่พูดว่า.... #หมอยาท่าโฉลง pic.twitter.com/sfSLUtNX2Q", "date": "22-02-2019 22:48", "retweet": 71, "like": 33}, {"id": "1098932108179828736", "url": "https://twitter.com/PuiiPonz/status/1098932108179828736", "username": "", "text": "ชั่ยขั่บชั่ยขั่บสำเนียงเจย์ปาร์ค 555555555 ถ้าไม่มีซับจะฟังออกมั้ยว่าชั่ยขั่บ55555555 pic.twitter.com/aLl5AP52eL", "date": "22-02-2019 20:06", "retweet": 5, "like": 0}, {"id": "1098929002750693377", "url": "https://twitter.com/PuiiPonz/status/1098929002750693377", "username": "", "text": "เด็กรุ่นใหม่ที่เล่นงานผับทุกวันแบบรปไทยงี้หรอคะะะ ฮือออยากจะสอนภาษาไทยให้เจย์จะได้แร๊ปไทยเก่งๆ", "date": "22-02-2019 19:54", "retweet": 0, "like": 1}, {"id": "1098927040319741952", "url": "https://twitter.com/PuiiPonz/status/1098927040319741952", "username": "", "text": "ขอขีดเส้นใต้ว่าเป็นได้แค่นี้ เป็นแค่ซีอีโอ2ค่ายทำเพลงกับคนดังก็เยอะ ร๊อคเนชั่นอ่าาาาแงงงง", "date": "22-02-2019 19:46", "retweet": 22, "like": 1}, {"id": "1098923904330952704", "url": "https://twitter.com/PuiiPonz/status/1098923904330952704", "username": "", "text": "โอเคเนอะ5555555555", "date": "22-02-2019 19:34", "retweet": 0, "like": 1}, {"id": "1098923166498357248", "url": "https://twitter.com/PuiiPonz/status/1098923166498357248", "username": "", "text": "ไม่ช่ายยยยยยยว้อยยยยย", "date": "22-02-2019 19:31", "retweet": 0, "like": 0}, {"id": "1098906721064374272", "url": "https://twitter.com/PuiiPonz/status/1098906721064374272", "username": "", "text": "วิชยูนี่แอบขัดหูขัดตาซีจีหลายจุดอ่ะแงงง55555555", "date": "22-02-2019 18:25", "retweet": 0, "like": 1}, {"id": "1098904634498764800", "url": "https://twitter.com/PuiiPonz/status/1098904634498764800", "username": "", "text": "โฟกัสหล่อนกอดนีแบบนีตัวจม หรือนีตัวสูงกว่าหล่อนดี5555555555 pic.twitter.com/nBGfe0oLpj", "date": "22-02-2019 18:17", "retweet": 0, "like": 2}, {"id": "1098903849786470400", "url": "https://twitter.com/PuiiPonz/status/1098903849786470400", "username": "", "text": "ได้จ้าพี่ #withyou #jaypark #twopee pic.twitter.com/0DoOwuyA7q", "date": "22-02-2019 18:14", "retweet": 21, "like": 12}, {"id": "1098863361532424193", "url": "https://twitter.com/PuiiPonz/status/1098863361532424193", "username": "", "text": "บาปบุนนนนนนน pic.twitter.com/NE0RpKEQVS", "date": "22-02-2019 15:33", "retweet": 0, "like": 1}, {"id": "1098834238135164928", "url": "https://twitter.com/PuiiPonz/status/1098834238135164928", "username": "", "text": "รีบ่าคือแบบต้องรีบใช้หนี้ให้หมดแล้วหนีไปอยู่ที่อื่น อีสันขวาน", "date": "22-02-2019 13:37", "retweet": 0, "like": 0}, {"id": "1098798503860461568", "url": "https://twitter.com/PuiiPonz/status/1098798503860461568", "username": "", "text": "With you เจย์ปาร์ค ทูพี ดีจังอ่าาา แงงงงงงเลิ้บบบบบ #withyou #jaypark #twopee pic.twitter.com/wJ5aG1r4nX", "date": "22-02-2019 11:15", "retweet": 25, "like": 9}, {"id": "1098797314292895744", "url": "https://twitter.com/PuiiPonz/status/1098797314292895744", "username": "", "text": "ฉันกำลังฟัง \"With You-Twopee Southside, Jay Park\" รับฟังเพลงทาง JOOX ได้แล้ว! https:// joox.page.link/DsZSg ( #JOOX ) #JayPark #twopee #withyou", "date": "22-02-2019 11:11", "retweet": 1, "like": 1}, {"id": "1098582635494879234", "url": "https://twitter.com/PuiiPonz/status/1098582635494879234", "username": "", "text": "คำนวนหนี้เดือนนี้ก็คือจะเปนลมอีกเหมือนเดิม ช่วยด้วยจ้าาาาาา", "date": "21-02-2019 20:58", "retweet": 0, "like": 0}, {"id": "1098561913192046592", "url": "https://twitter.com/PuiiPonz/status/1098561913192046592", "username": "", "text": "จะได้ฟังสักทีจ้าาาารอนานมากกก pic.twitter.com/WX9W6BQwkW", "date": "21-02-2019 19:35", "retweet": 0, "like": 0}, {"id": "1098538035560341504", "url": "https://twitter.com/PuiiPonz/status/1098538035560341504", "username": "", "text": "น้ิง edit ลิซเป็นสาวฝอสวยมากเว้อแงงงง #ลิซ่า #LISA #BlackPink pic.twitter.com/gnrl1wNyUH", "date": "21-02-2019 18:00", "retweet": 1, "like": 8}, {"id": "1098513549284917249", "url": "https://twitter.com/PuiiPonz/status/1098513549284917249", "username": "", "text": "@locogocrazy @ph1boyyy pic.twitter.com/BkAuOpN4Lq", "date": "21-02-2019 16:23", "retweet": 0, "like": 0}, {"id": "1098450975927332865", "url": "https://twitter.com/PuiiPonz/status/1098450975927332865", "username": "", "text": "คุณคนดี pic.twitter.com/HQ96b1JzI7", "date": "21-02-2019 12:14", "retweet": 0, "like": 0}, {"id": "1098444070693695488", "url": "https://twitter.com/PuiiPonz/status/1098444070693695488", "username": "", "text": "บอสเปนไรวะ11.45-11.50นี่จะมาหาทุกวันเลยอ่ะ เวลาไปกินข้าวอ่ะ อะไรวะมาไวๆกว่านี้หน่อย", "date": "21-02-2019 11:47", "retweet": 0, "like": 0}, {"id": "1098413417465933825", "url": "https://twitter.com/PuiiPonz/status/1098413417465933825", "username": "", "text": "555555555555555555555555555555555555555555555555555555555555555555555555555555555555555 pic.twitter.com/bj4oNb56BZ", "date": "21-02-2019 09:45", "retweet": 0, "like": 0}, {"id": "1098256808739655681", "url": "https://twitter.com/PuiiPonz/status/1098256808739655681", "username": "", "text": "เน่ว้อยยยยยเบาหน่อยยยย pic.twitter.com/45mFWd2S70", "date": "20-02-2019 23:23", "retweet": 0, "like": 1}, {"id": "1098230057284190209", "url": "https://twitter.com/PuiiPonz/status/1098230057284190209", "username": "", "text": "รีล่าถ้ามันจะซ้ำรอยเดิมก็แค่4ปีหรือหนีไปอยู่ตปท แต่อีที่อยู่ๆเนี่ยเมื่อไหร่จะออกเมื่อไหร่จะไล่ได้ อิเวนนนนน", "date": "20-02-2019 21:37", "retweet": 0, "like": 0}, {"id": "1098226867230826497", "url": "https://twitter.com/PuiiPonz/status/1098226867230826497", "username": "", "text": "ยังไม่ทันได้ตำแหน่งก็ดูแก่แล้วอ่ะพ่ออออออออ55555555555 pic.twitter.com/WE3vLBl3n9", "date": "20-02-2019 21:24", "retweet": 0, "like": 1}, {"id": "1098226494076153857", "url": "https://twitter.com/PuiiPonz/status/1098226494076153857", "username": "", "text": "ไปด้วยกันมึง หาผัวฝรั่งจบๆไป", "date": "20-02-2019 21:22", "retweet": 0, "like": 1}, {"id": "1098222908822802433", "url": "https://twitter.com/PuiiPonz/status/1098222908822802433", "username": "", "text": "คือถ้าเคลียหนี้หมดนี่ไปอยู่โครเอเชียกับพี่สาวจิงๆอ่ะ เบื่อหน่ายสภาพแวดล้อม", "date": "20-02-2019 21:08", "retweet": 0, "like": 1}, {"id": "1098221481928998912", "url": "https://twitter.com/PuiiPonz/status/1098221481928998912", "username": "", "text": "ยิ่งนายกทหารก้าวก่ายธนาธรมากเท่าไหร่ ปชชก็จะยิ่ง #Savethanathorn มากเท่านั้น", "date": "20-02-2019 21:02", "retweet": 13, "like": 7}, {"id": "1098116662320984064", "url": "https://twitter.com/PuiiPonz/status/1098116662320984064", "username": "", "text": "จองตั๋วไปเวียดนามก่อนบิน2วันมีฮิปฮอปพลายา จองตั๋วไปเกาก่อนบินวันนึงเจย์ปาร์คมีงานเวียดนาม ให้มันได้แบบนี้สิ อิเวนนนนนน", "date": "20-02-2019 14:06", "retweet": 0, "like": 0}, {"id": "1098070278016385024", "url": "https://twitter.com/PuiiPonz/status/1098070278016385024", "username": "", "text": "ใจไปเกาหลีแล้วววว", "date": "20-02-2019 11:02", "retweet": 0, "like": 0}, {"id": "1098040505479290886", "url": "https://twitter.com/PuiiPonz/status/1098040505479290886", "username": "", "text": "สดใสจังคับบบบบบ pic.twitter.com/j545F71MB1", "date": "20-02-2019 09:03", "retweet": 0, "like": 0}, {"id": "1097813897300475904", "url": "https://twitter.com/PuiiPonz/status/1097813897300475904", "username": "", "text": "ผอมจังเล้ยยยเจ้าหมี pic.twitter.com/P40mGvCQRw", "date": "19-02-2019 18:03", "retweet": 0, "like": 4}, {"id": "1097515160552402944", "url": "https://twitter.com/PuiiPonz/status/1097515160552402944", "username": "", "text": "ไม่รู้ว่าชอบเทอเมื่อไหร่ ไม่รู้ว่าชอบเทอเพราะอะไร รู้ตัวอีกทีก็ชอบรอยยิ้มเทอไปแล้ว มีความสุขมากๆนะ เรารู้ว่าเทอพยายามมากๆแล้วเราให้กำลังใจเทอ รัก #HappyJungwooDay pic.twitter.com/ZMMp1wFhpE", "date": "18-02-2019 22:16", "retweet": 1, "like": 1}, {"id": "1097448313492631552", "url": "https://twitter.com/PuiiPonz/status/1097448313492631552", "username": "", "text": "เมื่อเคฮิปฮอปกลับบ้านนอก ㅠㅠ pic.twitter.com/mWuRcyqfZQ", "date": "18-02-2019 17:50", "retweet": 0, "like": 1}, {"id": "1097445704430059520", "url": "https://twitter.com/PuiiPonz/status/1097445704430059520", "username": "", "text": "คนอะไรดูเป็นหัวหน้าครอบครัวขนาดนี้คะพ่อ pic.twitter.com/DvOMuCDe0k", "date": "18-02-2019 17:40", "retweet": 0, "like": 0}, {"id": "1097443488885604359", "url": "https://twitter.com/PuiiPonz/status/1097443488885604359", "username": "", "text": "สุดๆไปเรยแกรรรรร pic.twitter.com/fXXt6FJBPN", "date": "18-02-2019 17:31", "retweet": 0, "like": 0}, {"id": "1097339643723374592", "url": "https://twitter.com/PuiiPonz/status/1097339643723374592", "username": "", "text": "พี่เบนคือออกจากกรมก็ทำงานเลยอ่ะอุแงงงงอนากไปว้อยยยย pic.twitter.com/nky44RMzO3", "date": "18-02-2019 10:38", "retweet": 0, "like": 1}]