[{"id": "1099365462725410828", "url": "https://twitter.com/puylee/status/1099365462725410828", "username": "", "text": "ทำไมคนๆนึงต้องพูดเยอะพูดมากขนาดนี้วะ หนวกหู รำคาญ", "date": "24-02-2019 00:48", "retweet": 0, "like": 0}, {"id": "1098410344941146112", "url": "https://twitter.com/puylee/status/1098410344941146112", "username": "", "text": "จริงงงง", "date": "21-02-2019 09:33", "retweet": 0, "like": 0}, {"id": "1098409915180142592", "url": "https://twitter.com/puylee/status/1098409915180142592", "username": "", "text": "โห ไม่ได้กินนานเลยวะ", "date": "21-02-2019 09:31", "retweet": 0, "like": 0}]