[{"id": "1099308841504714753", "url": "https://twitter.com/QueenXinee/status/1099308841504714753", "username": "", "text": "ล่าสุดผัวบอกคาราบาว", "date": "23-02-2019 21:03", "retweet": 0, "like": 1}, {"id": "1099308700462796802", "url": "https://twitter.com/QueenXinee/status/1099308700462796802", "username": "", "text": "จำรุ่นมะดั้ยเลย แต่ที่บ้านใช้ยี่ห้อนี้หมด คนละรุ่นกันก็นอนโอเคเหมือนกันเลยนะ แตกต่างกันที่ความนิ่ม ที่แต่ละคนจะชอบไม่เหมือนกัน ไปลองนอนเองดีสุด 555", "date": "23-02-2019 21:03", "retweet": 1, "like": 0}, {"id": "1099306036639350784", "url": "https://twitter.com/QueenXinee/status/1099306036639350784", "username": "", "text": "เยี่ยมมาก 555", "date": "23-02-2019 20:52", "retweet": 0, "like": 0}, {"id": "1099305328896663552", "url": "https://twitter.com/QueenXinee/status/1099305328896663552", "username": "", "text": "นอนแล้วแบบ เออ ฟินอะ", "date": "23-02-2019 20:49", "retweet": 0, "like": 0}, {"id": "1099305121735794690", "url": "https://twitter.com/QueenXinee/status/1099305121735794690", "username": "", "text": "อ้าว", "date": "23-02-2019 20:48", "retweet": 0, "like": 0}, {"id": "1099304894626840577", "url": "https://twitter.com/QueenXinee/status/1099304894626840577", "username": "", "text": "กำยำ 555", "date": "23-02-2019 20:48", "retweet": 0, "like": 0}, {"id": "1099303728371257344", "url": "https://twitter.com/QueenXinee/status/1099303728371257344", "username": "", "text": "อิเหี้ย หลุดตีมแรกเก้เป็นหมอผีแคมอรูน pic.twitter.com/C0XGGnLVwl", "date": "23-02-2019 20:43", "retweet": 3, "like": 7}, {"id": "1099256104117198848", "url": "https://twitter.com/QueenXinee/status/1099256104117198848", "username": "", "text": "ชอบแม่คลอเดียที่สุด หน้าแม่เย้ายวนสุดในยุคนั้น", "date": "23-02-2019 17:34", "retweet": 0, "like": 0}, {"id": "1099237588164956160", "url": "https://twitter.com/QueenXinee/status/1099237588164956160", "username": "", "text": "ตะเกียบคีบโทรศัพท์", "date": "23-02-2019 16:20", "retweet": 0, "like": 0}, {"id": "1099236013581291520", "url": "https://twitter.com/QueenXinee/status/1099236013581291520", "username": "", "text": "แฟนเก่าอยู่สวีเดน บอกอาชีพทำความสะอาด แม่บ้าน อะไรพวกนี้ที่นั่นรายได้ดีมาก เพราะเค้าถือว่าเป็นอาชีพที่ต้องเสียสละ แล้วไม่ค่อยมีใครอยากทำอะไรประมาณนี้ รายได้ตกเดือนละ 8หมื่นถึงแสนได้ ประเทศแถบสแกนดิเนเวียค่าครองชีพสูงอยู่ละ https:// twitter.com/aorwiki/status /1099234688252633089 …", "date": "23-02-2019 16:14", "retweet": 6, "like": 1}, {"id": "1099231828223750149", "url": "https://twitter.com/QueenXinee/status/1099231828223750149", "username": "", "text": "ดีมากจริงแนะนำๆ นอนดีมาก มันนิ่มแบบไม่ยุบ ไม่ปวดหลัง ตะแคงก็รู้สึกรับสรีระเราดีมาก", "date": "23-02-2019 15:57", "retweet": 0, "like": 0}, {"id": "1099229630895087616", "url": "https://twitter.com/QueenXinee/status/1099229630895087616", "username": "", "text": "ใช้ที่นอนของ Dunlopillo มานานก็ไม่รู้สึกว่าที่นอนตัวเองดียังไง จนกระทั่งไปนอนที่อื่นแล้ว รู้สึกนอนไม่สบายตัวเท่าที่บ้าน แล้วเวลาเพื่อนหรือผู้ชายมานอนห้อง จะบอกที่นอนดีมาก ดูดวิญญาณมาก ถึงมานึกได้ เออ คงเพราะที่นอนยี่ห้อนี้มันโอเคจริงอะเนอะ ใช้มา 8 ปี ไม่มียุบ ไม่มีพังเลย", "date": "23-02-2019 15:49", "retweet": 51, "like": 24}, {"id": "1099212821206728704", "url": "https://twitter.com/QueenXinee/status/1099212821206728704", "username": "", "text": "ความวุ่นวายที่เกิดขึ้น เป็นคนที่ไม่เคารพกติกา ไม่ยอมรับสิ่งที่ตัวเองไม่พึงพอใจจึงรวมตัวกันออกมาสร้างเงื่อนไขทางสังคมให้เกิดความวุ่นวาย คนพวกนี้น่ารังเกลียด ส่วนปัจจุบันนี้ที่สังคมสงบ เพราะ มีรัฐบาลที่คุมเข้มทุกความเคลื่อนไหว ขนาดจะถือป้ายงานฟุตบอลประเพณียังยึด https:// twitter.com/jokelovelove/s tatus/1099104474805596160 …", "date": "23-02-2019 14:42", "retweet": 4, "like": 4}, {"id": "1099212110129713152", "url": "https://twitter.com/QueenXinee/status/1099212110129713152", "username": "", "text": "ดูภาพรวมเศรษฐกิจจาก ในส่วนที่อยู่ชั้นบนสุดของภาพรวมอะนะ? คล้ายๆกับเดินเข้าบ้านคนรวยแล้วบอกไม่เจอคนจนนั่นแหละ https:// twitter.com/jokelovelove/s tatus/1099063431947214850 …", "date": "23-02-2019 14:39", "retweet": 2, "like": 0}, {"id": "1099208844641587200", "url": "https://twitter.com/QueenXinee/status/1099208844641587200", "username": "", "text": "ยื่นยุบ 12 พรรค อีควายไม่ต้องเลือกตั้งหรอก มึงเป็นนายกไปเลย อีหน้าหี", "date": "23-02-2019 14:26", "retweet": 6, "like": 1}, {"id": "1099191459742269440", "url": "https://twitter.com/QueenXinee/status/1099191459742269440", "username": "", "text": "ณเดช กับ แม่ช่า ตัวจริงเหมือนเอล์ฟ หน้าตา ท่าทาง ผิวพรรณ ดูเป็นประกาย ดูออร่า ดูแบบเจอแล้วต้องมองอะ", "date": "23-02-2019 13:17", "retweet": 45, "like": 106}, {"id": "1099139544350261248", "url": "https://twitter.com/QueenXinee/status/1099139544350261248", "username": "", "text": "ตอกย้ำให้ยิ่งมั่นใจว่าคนที่เชียร์ประยุทธ์ สนับสนุนรัฐบาลทหารนั้นโง่จริง ก็ตรงที่ทุกคนที่ออกมาดีเบตของฝั่งนี้ กระบวนการนึกคิดเละเทะหมด ขนาดมีตำแหน่ง รศ.ดร. พูดถึงเรื่องการดีเบต บอกว่า “ทำไมต้องดีเบตผ่านสื่อด้วย ก็ไลน์ไปดีเบตกันสิ” แค่คำว่าดีเบต ยังไม่เข้าใจ #savethanathorn", "date": "23-02-2019 09:51", "retweet": 11, "like": 5}, {"id": "1099137978121605120", "url": "https://twitter.com/QueenXinee/status/1099137978121605120", "username": "", "text": "นี่เข้าใจคำว่าดีเบตมั้ย? ดีเบต เพื่อให้คนได้ฟังวิสัยทัศน์ แนวคิด กระบวนการตกผลึกในการบริหารบ้านเมืองในสมอง ไม่ใช่ต้องการมาคุยหารือกัน 2 คน ตำแหน่งรองศาสตร์ตราจารย์ ด็อกเตอร์ นี่ได้มายังไงอะ แค่จ่ายค่าเทอมครบเหรอ?", "date": "23-02-2019 09:44", "retweet": 6, "like": 0}, {"id": "1099137618577481728", "url": "https://twitter.com/QueenXinee/status/1099137618577481728", "username": "", "text": "รศ.ดร.จักษ์ บอกทำไมต้องดีเบตผ่านสื่อด้วย ก็ดีเบตผ่านกันทางไลน์สิ เข้าใจคำว่าดีเบตมั้ย? ดีเบต เพื่อให้คนได้ฟังวิสัยทัศน์ แนวคิด กระบวนการตกผลึกในการบริหารบ้านเมืองในสมอง ไม่ใช่ต้องการมาคุยหารือกัน 2 คน ตำแหน่งรองศาสตร์ตราจารย์ด็อกเตอร์ นี่ได้มายังไงอะคะ แค่จ่ายค่าเทอมครบเหรอ? https:// twitter.com/phufa2012/stat us/1098928749007974400 …", "date": "23-02-2019 09:43", "retweet": 19, "like": 2}, {"id": "1099127047039868928", "url": "https://twitter.com/QueenXinee/status/1099127047039868928", "username": "", "text": "15 กุมภาพันธ์ 2534 : โศกนาฏกรรม \"แก๊ปไฟฟ้า\" ระเบิดที่พังงา อนุสรณ์เตือนใจ \"ไทยมุง\" https://www. silpa-mag.com/this-day-in-hi story/article_27760 …", "date": "23-02-2019 09:01", "retweet": 19, "like": 5}, {"id": "1098963306897788928", "url": "https://twitter.com/QueenXinee/status/1098963306897788928", "username": "", "text": "น่ายั๊กกกกก ตัวนี้ชื่ออะไบคะ", "date": "22-02-2019 22:10", "retweet": 0, "like": 0}, {"id": "1098962563268730882", "url": "https://twitter.com/QueenXinee/status/1098962563268730882", "username": "", "text": "#SaveThanathorn https:// twitter.com/InjaiKhuanjai/ status/1098444241062178816 …", "date": "22-02-2019 22:07", "retweet": 3, "like": 2}, {"id": "1098962300763963392", "url": "https://twitter.com/QueenXinee/status/1098962300763963392", "username": "", "text": "แต้มบุญหนา https:// twitter.com/_1ntktao93/sta tus/1098961610423422976 …", "date": "22-02-2019 22:06", "retweet": 0, "like": 0}, {"id": "1098949112324513792", "url": "https://twitter.com/QueenXinee/status/1098949112324513792", "username": "", "text": "เพศสัมพัน", "date": "22-02-2019 21:14", "retweet": 0, "like": 0}, {"id": "1098942007530074113", "url": "https://twitter.com/QueenXinee/status/1098942007530074113", "username": "", "text": "กล่องนม น้ำผลไม้ ที่บอกให้เขย่าก่อนดื่ม แต่ไม่มีพื้นที่ว่างที่เป็นลมในกล่องนิดๆให้มันเขย่าเอาตะกอนที่จมออก มันได้เหรอ นี่รู้สึกเหมือนเขย่าไปก็ไม่ได้อะไรงะ", "date": "22-02-2019 20:46", "retweet": 1, "like": 1}, {"id": "1098903309379719171", "url": "https://twitter.com/QueenXinee/status/1098903309379719171", "username": "", "text": "มีเพื่อนผู้หญิงนังนึง นังขับรถไปกินแอนติแอนไปจนรถชนตูดคันหน้า แล้วนังยังพกข้าวเหนียวไว้บนรถตลอดเวลากันหิว มีใครหิวขนาดนี้อีกบ้างคะ?", "date": "22-02-2019 18:12", "retweet": 0, "like": 1}, {"id": "1098889000113233920", "url": "https://twitter.com/QueenXinee/status/1098889000113233920", "username": "", "text": "อายที่ตั้งสเตตัสสนับสนุนของละเมิดลิขสิทธิ์ก่อน https:// twitter.com/goodsplus/stat us/1098617112724033536 …", "date": "22-02-2019 17:15", "retweet": 5, "like": 0}, {"id": "1098886953905250305", "url": "https://twitter.com/QueenXinee/status/1098886953905250305", "username": "", "text": "อกไก่ พอเอามาทอดแล้วจะเปลี่ยนสภาพ เป็นก้อนหิน", "date": "22-02-2019 17:07", "retweet": 1, "like": 2}, {"id": "1098848886246916097", "url": "https://twitter.com/QueenXinee/status/1098848886246916097", "username": "", "text": "แม่ๆๆๆ เดี๋ยววันนี้เจอขุ่นแม่มาช่า กับ ขุ่นพี่ณเดช แม่ๆๆๆ", "date": "22-02-2019 14:36", "retweet": 0, "like": 0}, {"id": "1098829750045310976", "url": "https://twitter.com/QueenXinee/status/1098829750045310976", "username": "", "text": "โอ๊ยรัก 555555 ไม่ทราบที่มา พอมีคนส่งให้ในไลน์ 5555 #SaveThanathorn #SaveThanatorn #อนาคตใหม่ #พรรคอนาคตใหม่ pic.twitter.com/k6wM4CrJdS", "date": "22-02-2019 13:20", "retweet": 28, "like": 7}, {"id": "1098808950126833664", "url": "https://twitter.com/QueenXinee/status/1098808950126833664", "username": "", "text": "พัสดุส่งนานจังค่ะ 3 ปีแล้ว", "date": "22-02-2019 11:57", "retweet": 0, "like": 0}, {"id": "1098805943712661504", "url": "https://twitter.com/QueenXinee/status/1098805943712661504", "username": "", "text": "ถ้าไม่ค่อยได้ซื้อของ เน้นท่องเที่ยว ไรงี้อะเนาะ นี่เราไป ANA นน.เกือบไม่พอ 55555", "date": "22-02-2019 11:45", "retweet": 0, "like": 0}, {"id": "1098805651457769472", "url": "https://twitter.com/QueenXinee/status/1098805651457769472", "username": "", "text": "แต่บิน Fullservice แล้วดีเรื่อง นน.กระเป๋านี่แหละเนอะ ของเราตอนไปญี่ปุ่นได้ 46 กิโล ขึ้นเครื่องอีก 10 เลย", "date": "22-02-2019 11:44", "retweet": 0, "like": 1}, {"id": "1098805432573845504", "url": "https://twitter.com/QueenXinee/status/1098805432573845504", "username": "", "text": "แต่คงดีเรื่อง นน.โหลด ตอนไป ญี่ปุ่นถ้าไม่ได้ไป ANA คงเกินอะ นางให้โหลด 46 กิโล ขึ้นเครื่อง 10", "date": "22-02-2019 11:43", "retweet": 0, "like": 0}, {"id": "1098805120563728385", "url": "https://twitter.com/QueenXinee/status/1098805120563728385", "username": "", "text": "อ่อ เนอะ ก็ไม่ได้แย่มาก แต่ราคาต่างกันพอสมควรทีเดียวเชียว", "date": "22-02-2019 11:42", "retweet": 0, "like": 1}, {"id": "1098804793928110080", "url": "https://twitter.com/QueenXinee/status/1098804793928110080", "username": "", "text": "ตามรีทวิตเครื่องสำอางทุกอัน ปิ๋วหมด", "date": "22-02-2019 11:40", "retweet": 0, "like": 0}, {"id": "1098804404101103616", "url": "https://twitter.com/QueenXinee/status/1098804404101103616", "username": "", "text": "//จด", "date": "22-02-2019 11:39", "retweet": 5, "like": 6}, {"id": "1098804135179169792", "url": "https://twitter.com/QueenXinee/status/1098804135179169792", "username": "", "text": "หืมมม ถ้าส่งแล้วก็ควรจะมีเลขจัดส่ง หรือสถานะอะไรบอกนะ", "date": "22-02-2019 11:38", "retweet": 0, "like": 0}, {"id": "1098784126910455808", "url": "https://twitter.com/QueenXinee/status/1098784126910455808", "username": "", "text": "อ่านแล้วเฟลมาก เมาแล้วขับทำคนอื่นฉิบหายหนักขนาดนี้ แล้วกฎหมายก็ไม่ครอบคลุม", "date": "22-02-2019 10:18", "retweet": 2, "like": 0}, {"id": "1098783964519485442", "url": "https://twitter.com/QueenXinee/status/1098783964519485442", "username": "", "text": "อ่านแล้วรู้สึกแบบ..... ควรทบทวนกฎหมายมั้ยอะแบบนี้ ควรมีการปรับปรุงกฎหมายเหอะ สงสารผู้เสียหายรายอื่นๆในอนาคตที่อาจจะต้องมาเจอชะตากรรมแบบนี้ ไม่โอเคเลยอะ pic.twitter.com/07TjgWxkaZ", "date": "22-02-2019 10:18", "retweet": 3, "like": 3}, {"id": "1098783469470011393", "url": "https://twitter.com/QueenXinee/status/1098783469470011393", "username": "", "text": "บังสุดช้ำ หนุ่มเมาทำเดือดร้อน100ชีวิต 80ล้านส่อสูญ-โทรไปตัดสาย หวังคนช่วย https://www. khaosod.co.th/special-storie s/news_2237621 …", "date": "22-02-2019 10:16", "retweet": 83, "like": 2}, {"id": "1098781747657863169", "url": "https://twitter.com/QueenXinee/status/1098781747657863169", "username": "", "text": "ชั้ลเห็นแกตามรีทวิตทุกอันที่แจกเครื่องสำอางลอรีออล ชั้นเลยตามแกไป 5555555", "date": "22-02-2019 10:09", "retweet": 1, "like": 4}, {"id": "1098781539213533184", "url": "https://twitter.com/QueenXinee/status/1098781539213533184", "username": "", "text": "ซุ่มตามเสาไฟแจกใบสั่ง", "date": "22-02-2019 10:08", "retweet": 1, "like": 1}, {"id": "1098780896839139328", "url": "https://twitter.com/QueenXinee/status/1098780896839139328", "username": "", "text": "อ้าว 555", "date": "22-02-2019 10:05", "retweet": 0, "like": 1}, {"id": "1098780702894518272", "url": "https://twitter.com/QueenXinee/status/1098780702894518272", "username": "", "text": "ขอบคุณทุกคนที่ไม่ล้อคำว่า “ซุ่ม”แจกค่ะ เขิล", "date": "22-02-2019 10:05", "retweet": 600, "like": 117}, {"id": "1098642150235885570", "url": "https://twitter.com/QueenXinee/status/1098642150235885570", "username": "", "text": "ฟ้อนอันนี้สวยอ่าาา https:// twitter.com/eneryoq/status /1098641598336749568 …", "date": "22-02-2019 00:54", "retweet": 1, "like": 2}, {"id": "1098636892491247616", "url": "https://twitter.com/QueenXinee/status/1098636892491247616", "username": "", "text": "เอ้าแม่", "date": "22-02-2019 00:33", "retweet": 0, "like": 0}, {"id": "1098633440163913728", "url": "https://twitter.com/QueenXinee/status/1098633440163913728", "username": "", "text": "นั่นดิ หายังไงอะ เคยเจอถูกสุดไปกลับ 10,000 กว่าอะ", "date": "22-02-2019 00:19", "retweet": 0, "like": 0}, {"id": "1098632112276570112", "url": "https://twitter.com/QueenXinee/status/1098632112276570112", "username": "", "text": "เจ๋งหวะ ไปญี่ปุ่น 15,000 อยู่ดั้ว เอาไว้ไปอีก นั่งโลว์คอส นี่มันต่างกับธรรมดาแค่ไหนอะ เคยนั่งโลว์คอสแต่ในประเทศอะ ต่างประเทศไปไม่บ่อย ดัดจริตนั่งธรรมดาๆไป แล้วก็รู้สึกว่า ก็ไม่ค่อยต่างจากโลว์คอสในประเทศปร้ะวะ? 555555", "date": "22-02-2019 00:14", "retweet": 82, "like": 24}, {"id": "1098622674794831872", "url": "https://twitter.com/QueenXinee/status/1098622674794831872", "username": "", "text": "ลองหาเป้าหมายไรซักอย่างทำจิ", "date": "21-02-2019 23:37", "retweet": 0, "like": 1}, {"id": "1098617091433816064", "url": "https://twitter.com/QueenXinee/status/1098617091433816064", "username": "", "text": "แบบ บางคนเรามีแต่ไลน์ ไรแบบนี้อะ ของพี่จะมีเยอะ มีแต่ไลน์ไม่ได้มีเบอร์โทรกัน", "date": "21-02-2019 23:15", "retweet": 0, "like": 2}, {"id": "1098616649928695808", "url": "https://twitter.com/QueenXinee/status/1098616649928695808", "username": "", "text": "ที่คนไม่ทักไลน์มึง มึงตั้งชื่อไลน์เป็นอักขระพิเศษหรือเปลี่ยนชื่อรายวันเปล่ามึง บางคนเค้าหาชื่อไลน์เราไม่เจอเพราะแบบนี้ด้วยนะ ตั้งให้มันง่ายๆหน่อย 5555", "date": "21-02-2019 23:13", "retweet": 10, "like": 4}, {"id": "1098616061610536961", "url": "https://twitter.com/QueenXinee/status/1098616061610536961", "username": "", "text": "นี่เปลี่ยนทุกคนเลยนะ สะดวกหาของเราเอง เพราะ บางคนตั้งแบบอักขระพิเศษ หรือเปลี่ยนรายวัน จะคุยแล้วหาไม่เจอ", "date": "21-02-2019 23:10", "retweet": 1, "like": 7}, {"id": "1098615597212946432", "url": "https://twitter.com/QueenXinee/status/1098615597212946432", "username": "", "text": "ถ้าคนนั้นเค้าเปลี่ยนชื่อเราไปแล้ว เค้าก็จะเห็นอยู่ชื่อเดิมอะจิ", "date": "21-02-2019 23:09", "retweet": 7, "like": 15}, {"id": "1098615216990908416", "url": "https://twitter.com/QueenXinee/status/1098615216990908416", "username": "", "text": "ชอบความที่ทุกคนเข้ามาบอก มาโชว์ให้ดู น่ารัก ขอบคุณน้า", "date": "21-02-2019 23:07", "retweet": 149, "like": 56}, {"id": "1098615020429107200", "url": "https://twitter.com/QueenXinee/status/1098615020429107200", "username": "", "text": "เรามองแถบ แสดงข้อมูลด้านบนด้วยอะ มันเรียบๆ ไม่เยอะดีอะ", "date": "21-02-2019 23:06", "retweet": 0, "like": 0}, {"id": "1098614256734429185", "url": "https://twitter.com/QueenXinee/status/1098614256734429185", "username": "", "text": "สะอาดตาดีจัง อันนี้รุ่นไหนครับ", "date": "21-02-2019 23:03", "retweet": 0, "like": 0}, {"id": "1098575151594008576", "url": "https://twitter.com/QueenXinee/status/1098575151594008576", "username": "", "text": "เฮ้ยยยแม่ รูปชัดเป๊ะมาก https:// twitter.com/smildrens/stat us/1098556912113602560 …", "date": "21-02-2019 20:28", "retweet": 2, "like": 0}, {"id": "1098574973877112833", "url": "https://twitter.com/QueenXinee/status/1098574973877112833", "username": "", "text": "เออๆ ดูเรียบดี แถบบอกเวลา แบต สัญญาณ ดูไม่รกดีด้วย https:// twitter.com/pb18orm/status /1098558613201682434 …", "date": "21-02-2019 20:27", "retweet": 2, "like": 1}, {"id": "1098574228926881792", "url": "https://twitter.com/QueenXinee/status/1098574228926881792", "username": "", "text": "เราไม่ค่อยชอบแถบนาฬิกา แบต สัญญาณด้านบนของพวก แอนดรอยเลยอะ เราว่าสัญญลักษณ์มันดูรกๆไปหน่อย แต่รูปลักษณ์หน้าตาแอพมันใช้ได้อยู่", "date": "21-02-2019 20:24", "retweet": 62, "like": 28}, {"id": "1098539900276596736", "url": "https://twitter.com/QueenXinee/status/1098539900276596736", "username": "", "text": "อุ้ยยย ใช้ได้อยู่นะ", "date": "21-02-2019 18:08", "retweet": 2, "like": 5}, {"id": "1098538791797612544", "url": "https://twitter.com/QueenXinee/status/1098538791797612544", "username": "", "text": "เอ้าแม่ กลัวชื่อแอค 555 pic.twitter.com/pZxGFSCJs0", "date": "21-02-2019 18:03", "retweet": 1, "like": 1}, {"id": "1098516271824400387", "url": "https://twitter.com/QueenXinee/status/1098516271824400387", "username": "", "text": "ที่ไม่พอ ไม่ใช่หลุมจอดครับ แค่เป็นอาคารสำหรับ Operation มากกว่า", "date": "21-02-2019 16:34", "retweet": 0, "like": 1}, {"id": "1098515935231504384", "url": "https://twitter.com/QueenXinee/status/1098515935231504384", "username": "", "text": "ขอบคุณมากค่า", "date": "21-02-2019 16:33", "retweet": 0, "like": 5}, {"id": "1098498058659147776", "url": "https://twitter.com/QueenXinee/status/1098498058659147776", "username": "", "text": "เห็นใจด้วยค่ะ เด็กๆ ไม่ตั้งใจเรียน 55555555555", "date": "21-02-2019 15:22", "retweet": 0, "like": 1}, {"id": "1098497944171339776", "url": "https://twitter.com/QueenXinee/status/1098497944171339776", "username": "", "text": "อ้าว สะกดผิดอ่อ 555555555", "date": "21-02-2019 15:21", "retweet": 0, "like": 6}, {"id": "1098495368147259392", "url": "https://twitter.com/QueenXinee/status/1098495368147259392", "username": "", "text": "เข้าไปทำเองได้ไหมคะ แม่หมอออกไป", "date": "21-02-2019 15:11", "retweet": 0, "like": 0}, {"id": "1098495004366888966", "url": "https://twitter.com/QueenXinee/status/1098495004366888966", "username": "", "text": "เอ้าาาาา มีแบบนี้ด้วยอ่อออ ฮืออออ", "date": "21-02-2019 15:09", "retweet": 1, "like": 5}, {"id": "1098494883353034752", "url": "https://twitter.com/QueenXinee/status/1098494883353034752", "username": "", "text": "งงมากอีดอก พิธีหีพิธีแตด", "date": "21-02-2019 15:09", "retweet": 0, "like": 0}, {"id": "1098493055894573056", "url": "https://twitter.com/QueenXinee/status/1098493055894573056", "username": "", "text": "ประมาณนั้นๆ แต่สไตล์แรกเก้มันแบบ ฟีลคนผิวดำ บ๊อบมาเลย์ ถักเดดร็อค ส่วนโบฮีเมียมออกแนวอินเดียแดง", "date": "21-02-2019 15:02", "retweet": 0, "like": 0}, {"id": "1098492815590404097", "url": "https://twitter.com/QueenXinee/status/1098492815590404097", "username": "", "text": "คงต้องไปวันเสาร์แล้วแม่ งงมาก มายูเนี่ยนมีแต่โบฮีเมียน", "date": "21-02-2019 15:01", "retweet": 0, "like": 0}, {"id": "1098491008696778752", "url": "https://twitter.com/QueenXinee/status/1098491008696778752", "username": "", "text": "หายากอะ มีแต่ไปทางแหยมยโส ไปเลยอะอีดอก", "date": "21-02-2019 14:54", "retweet": 0, "like": 0}, {"id": "1098486247775858688", "url": "https://twitter.com/QueenXinee/status/1098486247775858688", "username": "", "text": "Raggae กับ Bohemien ต่างกันยังไงวะ?", "date": "21-02-2019 14:35", "retweet": 0, "like": 0}, {"id": "1098474952410333184", "url": "https://twitter.com/QueenXinee/status/1098474952410333184", "username": "", "text": "ของไทยไม่มีหรอกเคสแบบนี้ พวกนายพลครอบครัวเค้ารวยอยู่ก่อนแล้ว แล้วครอบครัวเค้าทำอะไรมาก่อนเหรอ? ครอบครัวก็รับราชการมาตลอดชีวิตเหมือนกัน......... #หนักแผ่นดิน #หนักภาษีกูด้วย #อนาคตไหม้ #อนาคตใหม่ #พรรคพลังประชารัฐ #พรรคอนาคตใหม่ pic.twitter.com/dHWH7VGDrh", "date": "21-02-2019 13:50", "retweet": 119, "like": 27}, {"id": "1098474236304285701", "url": "https://twitter.com/QueenXinee/status/1098474236304285701", "username": "", "text": "ต้องทำบุญเพิ่มรัวๆแล้วแม่ ไม่เคยได้กับเค้าเลย", "date": "21-02-2019 13:47", "retweet": 0, "like": 2}, {"id": "1098473815464599552", "url": "https://twitter.com/QueenXinee/status/1098473815464599552", "username": "", "text": "#BLACKPINK ค่าาาา pic.twitter.com/whrKB4ioXW", "date": "21-02-2019 13:45", "retweet": 0, "like": 3}, {"id": "1098463913992105984", "url": "https://twitter.com/QueenXinee/status/1098463913992105984", "username": "", "text": "ไม่เคยได้อะไรในการเสี่ยงโชคกับเค้าเลย แต้มบุญไม่มี ฮืออออ", "date": "21-02-2019 13:06", "retweet": 92, "like": 24}, {"id": "1098461842446344192", "url": "https://twitter.com/QueenXinee/status/1098461842446344192", "username": "", "text": "มึง ซีเรียส ไหนมีใครเคยได้ของแจก ซุ่มแจกในทวิตเตอร์มั่งมั้ยมึง คือเล่นมานี่ไม่เคยได้อะไรเลยแม่ ตั้งแต่ทุเรียนทอดยันเครื่องสำอาง จะร้องไห้แล้ว", "date": "21-02-2019 12:58", "retweet": 41857, "like": 4507}, {"id": "1098461529060458496", "url": "https://twitter.com/QueenXinee/status/1098461529060458496", "username": "", "text": "#ออร่าพุ่งแรง ราคาไม่แพงช่วยแจกมาทางนี้บ้างค่าาาาา", "date": "21-02-2019 12:56", "retweet": 0, "like": 0}, {"id": "1098457694044794881", "url": "https://twitter.com/QueenXinee/status/1098457694044794881", "username": "", "text": "55555", "date": "21-02-2019 12:41", "retweet": 0, "like": 0}, {"id": "1098446173075996673", "url": "https://twitter.com/QueenXinee/status/1098446173075996673", "username": "", "text": "หัวเหว่ยเคยคิดจะไปใช้ถ้าเปลี่ยนเครื่องเหมือนกัน แต่ปีที่แล้วมีข่าวอยู่รุ่นนึง CEO ออกมายอมรับผิด ที่สอดแทรกเม็มโมรี่สเปครองลงมา เพราะ รุ่นหลักผลิตไม่ทัน มันกลายเป็นเสียเงินราคาเท่ากันแต่คุณภาพข้างในไม่เท่ากันแบบตาดีได้ตารายเสียไปเลยอะแบบนี้ ฮือๆๆๆ", "date": "21-02-2019 11:55", "retweet": 559, "like": 94}, {"id": "1098442643392974848", "url": "https://twitter.com/QueenXinee/status/1098442643392974848", "username": "", "text": "คุยกับอีกคนนึง เรื่องประมาณนี้เลย ขออนุญาตก๊อปมาให้อ่านครับ คงเพราะเค้ารีบเร่ง pic.twitter.com/9ym1CCEVyl", "date": "21-02-2019 11:41", "retweet": 0, "like": 0}, {"id": "1098442227922100224", "url": "https://twitter.com/QueenXinee/status/1098442227922100224", "username": "", "text": "เท่าที่อ่านคร่าวๆนะครับ ตอนนี้สุวรรณภูมิรองรับได้ 45 ล้านคน/ปี แต่มีคนใช้งานจริง 67-68 ล้านคน/ปี แล้วปริ่มๆจะไป 80-90 ล้านคนภายใน 10 ปี Satellite 1 จะรองรับผู้โดยสารเพิ่มอีก 15 ล้านคน/ปี ส่วน T2 จะทำให้เพิ่มอีก 30 ล้านคน/ปี Sat1 สร้างเสร็จก็ล้นทันทีเลย ไม่ทันตลอดเลย", "date": "21-02-2019 11:40", "retweet": 3, "like": 1}, {"id": "1098438327504531457", "url": "https://twitter.com/QueenXinee/status/1098438327504531457", "username": "", "text": "คงน่าจะใช้งบและระยะเวลาเยอะกว่ามาก เพราะ เท่ากับต้องสร้าง ทางเข้าสนามบิน+สาธารณูปโภค ใหม่หมดจากฝั่งนั่น อาคารหลัง 2 นี่ยังพอใช้ถนนสาธารณูปโภคร่วมกับหลังแรกได้บ้าง ที่ทำคงเพราะเร่งด่วน เพราะ สุวรรณภูมิรองรับผู้โดยสารเกินจำนวน ขยายไม่ทันตลอดเลย", "date": "21-02-2019 11:24", "retweet": 0, "like": 0}, {"id": "1098436365178396678", "url": "https://twitter.com/QueenXinee/status/1098436365178396678", "username": "", "text": "เอ็นดู 5555", "date": "21-02-2019 11:16", "retweet": 0, "like": 6}, {"id": "1098436301299175425", "url": "https://twitter.com/QueenXinee/status/1098436301299175425", "username": "", "text": "นึกว่ามีอาคารหลังที่ 2 แล้วอาคารฝั่งทิศใต้(Masterplan) จะยังทำอยู่ แบบนี้ถ้าทำอาคารหลังที่ 2 ข้างๆอาคารหลังแรก แล้วเค้าจะยกเลิก Masterplan ไปมั้ยนี่?", "date": "21-02-2019 11:16", "retweet": 0, "like": 0}, {"id": "1098433795718492162", "url": "https://twitter.com/QueenXinee/status/1098433795718492162", "username": "", "text": "อ่อ ขอบคุณมากครับ ตอนแรกเข้าใจว่าแผนนี้จะสร้างอยู่แล้ว ไม่คิดว่าจะสร้างอาคารหลังที่ 2 แทน Masterplan เดิม งั้นควรทำตาม Masterplan ดีกว่า เพราะ อย่างอินชอน เกาหลีก็เป็นแบบ Masterplan ของเรา คือสร้างอาคารอีกฝั่งของอาคารหลังแรก pic.twitter.com/oYDZ8snJDo", "date": "21-02-2019 11:06", "retweet": 3, "like": 0}, {"id": "1098429437622706176", "url": "https://twitter.com/QueenXinee/status/1098429437622706176", "username": "", "text": "เอา Niacinamind 10% Paula’s Choice ทาปากให้ชมพู 555 จริงๆเค้าให้ใช้กับหน้า แต่แบรนด์นี้ขึ้นชื่อเรื่องความอ่อนโยน ไม่มีสี ไม่มีกลิ่น เลยกล้าทาแบบแต้มๆนิดๆเกลี่ยๆริมฝีปาก ก็โอเคนะ ปากสุขภาพดีขึ้นมาก แล้วก็แอบคิดตับจะพังเพราะเผลอกินเข้าไปมั้ยนะ ไปเช็คค่าตับ ยังดีมากอยู่ OK แหละ", "date": "21-02-2019 10:49", "retweet": 2, "like": 1}, {"id": "1098427110224347136", "url": "https://twitter.com/QueenXinee/status/1098427110224347136", "username": "", "text": "ไม่น่าซึมนะ เหมือนจะแค่เคลือบและป้องกันผิวสูญเสียความชุ่มชื้นนะ", "date": "21-02-2019 10:40", "retweet": 0, "like": 0}, {"id": "1098425383177744389", "url": "https://twitter.com/QueenXinee/status/1098425383177744389", "username": "", "text": "Masterplan แรกของสุวรรณภูมิ คืออาคารแรกเหรอ? https:// twitter.com/aviknowledge/s tatus/1098413828834873345 …", "date": "21-02-2019 10:33", "retweet": 1, "like": 0}, {"id": "1098424499509223424", "url": "https://twitter.com/QueenXinee/status/1098424499509223424", "username": "", "text": "มึนจังพี่", "date": "21-02-2019 10:29", "retweet": 0, "like": 11}, {"id": "1098423272914313216", "url": "https://twitter.com/QueenXinee/status/1098423272914313216", "username": "", "text": "แท็ก #SaveThanatorn โดนลบเหรอ ต้องสร้างใหม่เหรอ อะๆ ทวีตเพิ่มจะติกแท็กนี้ทั้งวัน", "date": "21-02-2019 10:24", "retweet": 15, "like": 6}, {"id": "1098422005567651843", "url": "https://twitter.com/QueenXinee/status/1098422005567651843", "username": "", "text": "หนาวรองลงมาคือต้นปี 60 ตอนนั้นจัดงานพอดีจำได้ว่าลุ้นให้อากาศหนาวอยู่ถึงช่วงจัดงานกลางแจ้ง แต่ก็ไม่ถึง อากาศเย็นลงมาประมาณ 16-17 องศา", "date": "21-02-2019 10:19", "retweet": 0, "like": 0}, {"id": "1098421614172037122", "url": "https://twitter.com/QueenXinee/status/1098421614172037122", "username": "", "text": "กทม.เลยครับ", "date": "21-02-2019 10:18", "retweet": 0, "like": 0}, {"id": "1098417375370604544", "url": "https://twitter.com/QueenXinee/status/1098417375370604544", "username": "", "text": "เริ่มเบื่อไอโฟน เบื่อๆเหมือนกัน เบื่อที่มันแพงจนรู้สึกว่า อืมมม กูคงไม่ใช่ลูกค้ามึงสินะ 55555 แต่จะไปใช้อย่างอื่นก็เกลียดดีไซน์ข้างใน พวกฟ้อน พวกแบบไงอะ เห็นคนแคปจอมาแล้ว มันดูขัดใจอะ มีแอนดรอยตัวไหนมั่งมะ ที่หน้าจอมันดูดีไซน์ดีๆ เทียบไอโฟนได้มั่ง", "date": "21-02-2019 10:01", "retweet": 43336, "like": 6385}, {"id": "1098415528262004736", "url": "https://twitter.com/QueenXinee/status/1098415528262004736", "username": "", "text": "กรุงเทพเคยหนาวสุดในช่วงชีวิตเราคือ 12 องศา ประมาณปลายปี 41 ต้น 42 นี่แหละ ตอนนั้นต้องขึ้นสแตนเชียร์ แล้วหนาวแบบจะตายแล้ว การได้ตากแดดบนสแตนเชียร์คือดีมากๆ https:// twitter.com/actions34/stat us/1098174708611076096 …", "date": "21-02-2019 09:54", "retweet": 0, "like": 0}, {"id": "1098414858725339136", "url": "https://twitter.com/QueenXinee/status/1098414858725339136", "username": "", "text": "12 ครับ จำได้แม่น ตอนอยู่ ม.1 ประมาณปี 42 ที่จำได้แม่น เพราะ ตอนนั้นต้องขึ้นสแตนเชียร์กีฬาสี อากาศหนาวแบบแทบจะทนไม่ได้ การได้ตากแดดบนสแตนเชียร์คือดีมาก", "date": "21-02-2019 09:51", "retweet": 1, "like": 0}, {"id": "1098280229938749440", "url": "https://twitter.com/QueenXinee/status/1098280229938749440", "username": "", "text": "เค้าพัฒนาขึ้นก็ดีแล้วนิครับ", "date": "21-02-2019 00:56", "retweet": 0, "like": 0}, {"id": "1098278079808466946", "url": "https://twitter.com/QueenXinee/status/1098278079808466946", "username": "", "text": "อยากรู้ว่าอุณภูมิในนั้นจะร้อนกว่าปกติแค่ไหนกันนะ https:// twitter.com/bem_mrt/status /1098131683776258049 …", "date": "21-02-2019 00:47", "retweet": 2, "like": 2}, {"id": "1098276438208200704", "url": "https://twitter.com/QueenXinee/status/1098276438208200704", "username": "", "text": "หอบเอาฝุ่นควันจากภาคกลางขึ้นไปหมด+ ลมวนอยู่ตรงภาคเหนือ (เท่าที่ดูจากแอพ)", "date": "21-02-2019 00:41", "retweet": 0, "like": 0}, {"id": "1098273371417124864", "url": "https://twitter.com/QueenXinee/status/1098273371417124864", "username": "", "text": "ลมเสยขึ้นรัวๆ pic.twitter.com/n1kcZMNW4y", "date": "21-02-2019 00:29", "retweet": 0, "like": 0}, {"id": "1098265133191651329", "url": "https://twitter.com/QueenXinee/status/1098265133191651329", "username": "", "text": "นอนเสดแล้วเงินเหลือจิ๊บๆ", "date": "20-02-2019 23:56", "retweet": 0, "like": 1}, {"id": "1098265078388772865", "url": "https://twitter.com/QueenXinee/status/1098265078388772865", "username": "", "text": "ถ้าพูดงี้งั้นก็คืนภาษีมา จะไปจัดการเองว่าจะจ่ายให้กระทรวงไหน #SaveThanathorn #พลังประชารัฐ #อนาคตใหม่ #อนาคตไหม้ #หนักเเผ่นดิน #หนักภาษีกูด้วย pic.twitter.com/rJgCa9lGii", "date": "20-02-2019 23:56", "retweet": 171, "like": 65}, {"id": "1098260203210850305", "url": "https://twitter.com/QueenXinee/status/1098260203210850305", "username": "", "text": "จิ๊บๆ", "date": "20-02-2019 23:36", "retweet": 0, "like": 1}, {"id": "1098243681016995840", "url": "https://twitter.com/QueenXinee/status/1098243681016995840", "username": "", "text": "มันจะถล่มป่าวววว", "date": "20-02-2019 22:31", "retweet": 0, "like": 1}, {"id": "1098238644710588416", "url": "https://twitter.com/QueenXinee/status/1098238644710588416", "username": "", "text": "ตึกนี้ไง ที่เค้าบอกว่าตึกจะถล่ม 55555555555 https:// twitter.com/tonstweetings/ status/1098216567429459968 …", "date": "20-02-2019 22:11", "retweet": 3, "like": 4}, {"id": "1098232122127470592", "url": "https://twitter.com/QueenXinee/status/1098232122127470592", "username": "", "text": "ไม่ได้ดูละครช่อง 7 มา 20 ปีละมั้งงง เดี๋ยวลองเปลี่ยนไปดู 55555", "date": "20-02-2019 21:45", "retweet": 0, "like": 0}, {"id": "1098231901897117696", "url": "https://twitter.com/QueenXinee/status/1098231901897117696", "username": "", "text": "อยากเพาะพวกปลาคราฟ แต่ใช้พื้นที่เยอะกว่าปลาทอง ฮ่าๆๆๆ", "date": "20-02-2019 21:44", "retweet": 0, "like": 0}, {"id": "1098231755037802496", "url": "https://twitter.com/QueenXinee/status/1098231755037802496", "username": "", "text": "ช่องไหนนิ", "date": "20-02-2019 21:43", "retweet": 0, "like": 0}, {"id": "1098228312499843072", "url": "https://twitter.com/QueenXinee/status/1098228312499843072", "username": "", "text": "พอแล้ววว สับสนไปหมดแล้ววว งือออ", "date": "20-02-2019 21:30", "retweet": 0, "like": 0}, {"id": "1098228018676297728", "url": "https://twitter.com/QueenXinee/status/1098228018676297728", "username": "", "text": "2 เรื่องหลังเหมือนกัน แต่เรื่องแรกนี่เป็นก่อนอรุณจะรุ่ง", "date": "20-02-2019 21:28", "retweet": 0, "like": 0}, {"id": "1098225910514278401", "url": "https://twitter.com/QueenXinee/status/1098225910514278401", "username": "", "text": "มีบ้านใครเป็นเหมือนบ้านกุปะ มีละครที่อยากดู 3 ช่อง ต้องดูครบทุกช่อง เปลี่ยนสับไป ตอนไหนไม่น่าดูเปลี่ยนอีกช่อง จะร้องไห้แล้ว จำเนื้อเรื่องสับสนไปหมด", "date": "20-02-2019 21:20", "retweet": 1, "like": 1}, {"id": "1098225140783968256", "url": "https://twitter.com/QueenXinee/status/1098225140783968256", "username": "", "text": "เนี่ยอยากทำฟาร์มเลี้ยงบ้างเลย เคยคิดไว้ว่าถ้าเบื่อๆทำงาน คงไปทำฟาร์มปลาสวยงามแทน", "date": "20-02-2019 21:17", "retweet": 0, "like": 0}, {"id": "1098224695332065280", "url": "https://twitter.com/QueenXinee/status/1098224695332065280", "username": "", "text": "ขอให้รอดลูกหลานเต็มบ่อออ", "date": "20-02-2019 21:15", "retweet": 0, "like": 0}, {"id": "1098223602049024000", "url": "https://twitter.com/QueenXinee/status/1098223602049024000", "username": "", "text": "เก่งจางง ออกไข่ละด้วย", "date": "20-02-2019 21:11", "retweet": 0, "like": 0}, {"id": "1098223521778393088", "url": "https://twitter.com/QueenXinee/status/1098223521778393088", "username": "", "text": "ขอดูหน่อย", "date": "20-02-2019 21:11", "retweet": 0, "like": 0}, {"id": "1098219563991199744", "url": "https://twitter.com/QueenXinee/status/1098219563991199744", "username": "", "text": "ใครอ่ะ", "date": "20-02-2019 20:55", "retweet": 0, "like": 0}, {"id": "1098219450191343616", "url": "https://twitter.com/QueenXinee/status/1098219450191343616", "username": "", "text": "ไข่ปลาไรอ้าา", "date": "20-02-2019 20:54", "retweet": 0, "like": 0}, {"id": "1098197995965693952", "url": "https://twitter.com/QueenXinee/status/1098197995965693952", "username": "", "text": "อันเดิมเป็นไงเหรอ", "date": "20-02-2019 19:29", "retweet": 0, "like": 0}, {"id": "1098197758765219840", "url": "https://twitter.com/QueenXinee/status/1098197758765219840", "username": "", "text": "เคยฟังข่าวยังจำได้แม่นว่าประเทศไทยมีวัดรวมกัน 3 หมื่นกว่าวัด มีบัญชีเงินฝากรวมกัน 3 แสนล้านบาท แล้วได้ยินบ่อยมาก เรื่องคนบวชเพราะรายได้ซองทำบุญดีมาก วัดใหญ่ๆดังๆนี่มีการันตีซองทำบุญ 50,000 ต่อเดือน แต่ต้องเสียค่าบวชแรกเข้า 200,000", "date": "20-02-2019 19:28", "retweet": 54, "like": 6}, {"id": "1098197248159019008", "url": "https://twitter.com/QueenXinee/status/1098197248159019008", "username": "", "text": "ดีใจที่ล้มประมูลแบบอาคารผู้โดยสารหลังที่ 2 สุวรรณภูมิ เริ่มแรกที่ไม่ชอบคือมันรู้สึกขัดใจกับแบบของหลังแรกเกินไปอะ ดูไปคนละทิศคนละทาง แล้วมันดูอึดอัดไม่โปร่ง เสาเยอะแน่นไปหมด แล้วยิ่งไปเห็นว่าแบบเหมือนของสถาปนิกชื่อดังของญี่ปุ่นจนเหมือนลอกมา ยิ่งรู้สึกไม่ชอบ", "date": "20-02-2019 19:26", "retweet": 7, "like": 1}, {"id": "1098193440087597056", "url": "https://twitter.com/QueenXinee/status/1098193440087597056", "username": "", "text": "เหมือนกันเลย กว่าจะผิวดีแบบทุกวันนี้ลองผิดลองถูก เลือกครีมที่ดีกับผิวจริงๆ ทำแบบนี้สม่ำเสมอมา 10 กว่าปีแล้วอะ", "date": "20-02-2019 19:11", "retweet": 0, "like": 0}, {"id": "1098192577562472448", "url": "https://twitter.com/QueenXinee/status/1098192577562472448", "username": "", "text": "สตอเบอรี่ลูกโตๆบนหน้าเค้กร้านดังๆได้ปร้ะ 555555", "date": "20-02-2019 19:08", "retweet": 0, "like": 1}, {"id": "1098191363567316992", "url": "https://twitter.com/QueenXinee/status/1098191363567316992", "username": "", "text": "ว่าบาปตอนไปซื้อที่เชียงใหม่ในตลาด เลือกดีๆก็หวานอยู่นะ ประมาณ 60/40 อ่ะ หวาน 60% ที่เหลือ เปรี้ยว", "date": "20-02-2019 19:03", "retweet": 0, "like": 1}, {"id": "1098186918653644803", "url": "https://twitter.com/QueenXinee/status/1098186918653644803", "username": "", "text": "โครงการหลวงอะเหรอ //ยิ้ม", "date": "20-02-2019 18:45", "retweet": 0, "like": 1}, {"id": "1098185453398777857", "url": "https://twitter.com/QueenXinee/status/1098185453398777857", "username": "", "text": "ยืนยันว่าการสม่ำเสมอกับการบำรุงผิว เลือกสกินแคร์ที่ดี ได้ผลกว่าการทำเลเซอร์ หรือเข้าคอร์สทำผิวอีกอะ เข้าคอร์สนี่เหมาะกับคนที่แบบ ต้องการกู้สภาพผิวหน้าด่วนๆ หรือเกินเยียวยาที่จะบำรุงผิวทั่วไปแล้ว(แต่ถ้าดูแลผิวดีๆจะไม่ค่อยเจอปัญหาพวกนี้นะ)", "date": "20-02-2019 18:39", "retweet": 9, "like": 3}, {"id": "1098184469763117056", "url": "https://twitter.com/QueenXinee/status/1098184469763117056", "username": "", "text": "กินแต่อาหารเซเว่น กับ ไก่แฟมิลี่มาร์ท 555555555", "date": "20-02-2019 18:35", "retweet": 0, "like": 1}, {"id": "1098182992093040640", "url": "https://twitter.com/QueenXinee/status/1098182992093040640", "username": "", "text": "อ้าว นึกว่ารูปบนซองเฉยๆ ลูกอมรสสตอเบอรี่งี้", "date": "20-02-2019 18:30", "retweet": 0, "like": 1}, {"id": "1098180721305219073", "url": "https://twitter.com/QueenXinee/status/1098180721305219073", "username": "", "text": "อันนี้ไรอะ ลูกอมเหรอ ไฮยาลูรอน ใช้ดีอยู่นะ ว่าบาป นี่ลองเอามาใช้เองแค่ 2 ขวด แต่รวมที่คนฝากซื้อประมาณ 20 ขวด ตกขวดละ 150 ปล.โหนกมืออูมๆ", "date": "20-02-2019 18:21", "retweet": 0, "like": 1}, {"id": "1098171160540246016", "url": "https://twitter.com/QueenXinee/status/1098171160540246016", "username": "", "text": "ก็คงต้องขายราคาไทยแหละ แค่ถูกกว่าเจ้าอื่นนิดหน่อย", "date": "20-02-2019 17:43", "retweet": 0, "like": 1}, {"id": "1098168010395643905", "url": "https://twitter.com/QueenXinee/status/1098168010395643905", "username": "", "text": "น้องพี่เขยถูกส่งมาทำไรซักอย่างที่นี่แหละ บริหารหรือไรไม่รุ https:// twitter.com/kirarista/stat us/1098163219816800257 …", "date": "20-02-2019 17:30", "retweet": 2, "like": 2}, {"id": "1098156778489970690", "url": "https://twitter.com/QueenXinee/status/1098156778489970690", "username": "", "text": "อยากรู้ว่าคือเรื่องจริงหรืออะไร ถ้าจริงแล้วคนที่ไปทำต้องนับถืออะไรอะ 5555", "date": "20-02-2019 16:45", "retweet": 0, "like": 0}, {"id": "1098150015015411713", "url": "https://twitter.com/QueenXinee/status/1098150015015411713", "username": "", "text": "เดี๋ยวนะแม่ อันนี้คืออะไร 5555555555555 https:// twitter.com/BunChhoun/stat us/1097540733144166400 …", "date": "20-02-2019 16:19", "retweet": 1, "like": 0}, {"id": "1098147058379149312", "url": "https://twitter.com/QueenXinee/status/1098147058379149312", "username": "", "text": "ความรัก pic.twitter.com/LlmUyrhFtZ", "date": "20-02-2019 16:07", "retweet": 0, "like": 1}, {"id": "1098138120728371202", "url": "https://twitter.com/QueenXinee/status/1098138120728371202", "username": "", "text": "เห็นรี พลายทวีตแล้วก็อยากวิจารณ์ แต่เข้าใจว่าเค้าก็มีสิทธิ์วิจารณ์ สำหรับเราคิดว่า อย่าให้คำว่าไม่พร้อม คำว่าพลาด ให้กำเนิดชีวิตที่ไม่ได้ตั้งใจ ไม่พร้อมเลี้ยงดูให้เด็กที่เกิดมากลายเป็นชีวิตที่ลำบากเลย บาปบุญนะมันจับต้องไม่ได้ แต่ปากท้องและความลำบากนี่สิของจริง", "date": "20-02-2019 15:31", "retweet": 2, "like": 6}, {"id": "1098137733078278144", "url": "https://twitter.com/QueenXinee/status/1098137733078278144", "username": "", "text": "เห็นรี พลายทวีตแล้วก็แบบ อยากวิจารณ์ แต่ก็เข้าใจว่าเค้าก็มีสิทธิ์ยวิจารณ์ สำหรับเรา คิดว่า อย่าให้คำว่าไม่พร้อม คำว่าพลาด ให้กำเนิดชีวิตที่ไม่ได้ตั้งใจแล้วไม่พร้อมเลี้ยงดูให้เด็กที่เกิดมากลายเป็นชีวิตที่ ลำบากเลยจ้ะ บาปบุญนะมันจับต้องไม่ได้ แต่ปากท้องและความลำบากนี่สิของจริง https:// twitter.com/js100radio/sta tus/1098122561739579393 …", "date": "20-02-2019 15:30", "retweet": 0, "like": 0}, {"id": "1098125913248563202", "url": "https://twitter.com/QueenXinee/status/1098125913248563202", "username": "", "text": "Catch me if you can จ้า", "date": "20-02-2019 14:43", "retweet": 89, "like": 54}, {"id": "1098122426355859456", "url": "https://twitter.com/QueenXinee/status/1098122426355859456", "username": "", "text": "มี https:// twitter.com/ptr_pbp/status /1097529588375142400 …", "date": "20-02-2019 14:29", "retweet": 0, "like": 1}, {"id": "1098112991302578176", "url": "https://twitter.com/QueenXinee/status/1098112991302578176", "username": "", "text": "เทียบคุณภาพสื้อแล้วก็ ฝั่งนึงดูดีกว่าพอสมควรเลย https:// twitter.com/learnwlearner/ status/1098110475563294720 …", "date": "20-02-2019 13:51", "retweet": 3, "like": 0}, {"id": "1098107142366613507", "url": "https://twitter.com/QueenXinee/status/1098107142366613507", "username": "", "text": "รวมภาพ ความประทับใจการจอดรถของมอไซค์ มอไซค์อะคันเล็กหาที่จอดง่ายกว่ารถเก๋ว เห็นใจกันบ้างมึง อย่าเอาแต่มักง่าย ภาพแรกคือเหี้ยที่สุด ที่จอดรถมอไซค์ว่างมาก มึงไม่จอด มาจอดตรงที่จอดรถเก๋งแล้วจอดตรงกลางแม่งเลย เริ่ดดดดด pic.twitter.com/4ieIAADCXo", "date": "20-02-2019 13:28", "retweet": 3, "like": 1}, {"id": "1098103736499503106", "url": "https://twitter.com/QueenXinee/status/1098103736499503106", "username": "", "text": "บอกให้รักชาติ แต่ไม่เคยเห็นหัวประชาชน จนกูเริ่มสงสัยเหมือนกัน ชาติคืออะไรอีดอก ชาติคือนามธรรมเหรอ แบบประชาชนตายห่าหมด เหลือไว้แต่ชาติก็โอเคไรงี้? #หนักแผ่นดิน #หนักภาษีกูด้วย pic.twitter.com/UKYoSMcCwY", "date": "20-02-2019 13:15", "retweet": 8, "like": 4}, {"id": "1098100359988371457", "url": "https://twitter.com/QueenXinee/status/1098100359988371457", "username": "", "text": "ว่าแล้วก็อย่าให้เจอคลิปพวก แต่งตัวมาลองใจพนักงานขายอีกนะ กูจะแชร์ไปด่าจนกว่าจะอายทั้งตระกูลเลยมึง", "date": "20-02-2019 13:01", "retweet": 1, "like": 0}, {"id": "1098099527200821249", "url": "https://twitter.com/QueenXinee/status/1098099527200821249", "username": "", "text": "บางสถานที่มีเงินแค่ไหน แต่งตัวหีๆมา เค้าก็ไล่กลับบ้านเด้อ ลูกค้าที่เค้าต้องการคือ ลูกค้ามีระดับ ไม่ใช่มีแต่เงิน แต่ปัญญาอ่อน แต่งตัวพังบรรยากาศของเค้า แบบนี้เชิญมีเงินอยู่ในบ้านไปจ้า https:// twitter.com/bank1405/statu s/1098097027886411776 …", "date": "20-02-2019 12:58", "retweet": 4, "like": 1}, {"id": "1098092897935622144", "url": "https://twitter.com/QueenXinee/status/1098092897935622144", "username": "", "text": "ลองบ้าง พระจันทร์เต็มดวง 555555 pic.twitter.com/vfNdjMnu6L", "date": "20-02-2019 12:32", "retweet": 1, "like": 1}, {"id": "1098088443735764993", "url": "https://twitter.com/QueenXinee/status/1098088443735764993", "username": "", "text": "มันไม่ได้แสนรู้ แต่คนอุตริ เอาของกินที่มันไม่ควรกินให้มัน ถ้ามันไม่ป่วยก็ดีไป แต่ถ้ามันเจ็บป่วยทรมานก็ไม่ต้องสงสัย https:// twitter.com/springnews_tv/ status/1098075513531260928 …", "date": "20-02-2019 12:14", "retweet": 0, "like": 0}, {"id": "1098066009397710848", "url": "https://twitter.com/QueenXinee/status/1098066009397710848", "username": "", "text": "จะสนใจกันมั้ยอะ? ถ้ามีชานมไข่มุก ที่มันเป็นสูตรคุมน้ำหนัก คุมน้ำตาลได้ด้วย อะไรแบบนี้", "date": "20-02-2019 10:45", "retweet": 5, "like": 2}, {"id": "1098048966917115904", "url": "https://twitter.com/QueenXinee/status/1098048966917115904", "username": "", "text": "ใช่ครับ", "date": "20-02-2019 09:37", "retweet": 0, "like": 1}, {"id": "1097845919200866304", "url": "https://twitter.com/QueenXinee/status/1097845919200866304", "username": "", "text": "กินยานอนหลับให้หมดวันที่ 24 มีนาไปเลยจ้า https:// twitter.com/scomma/status/ 1097827164844523521 …", "date": "19-02-2019 20:10", "retweet": 0, "like": 1}, {"id": "1097834984184864768", "url": "https://twitter.com/QueenXinee/status/1097834984184864768", "username": "", "text": "ดู #ไทยรัฐทีวี พูดเรื่อง #ตัดงบทหาร #ปฏิรูปกองทัพ ประเด็นหลักๆ ไทยมีนายพล 1600 คน ต่อทหาร 3 แสนคน สหรัฐมีนายพลเกือบ 1 พันคน ต่อทหาร 1 ล้านคน กองทัพไทยใช้เงินแค่ 0.5% กับเรื่องวิจัยพัฒนาเทคโนโลยี ขณะที่อเมริกาใช้งบวิจัยทางกองทัพ 12% กองทัพไทยทุกวันนี้เหมือนคนอ้วนอุ้ยอ้าย", "date": "19-02-2019 19:27", "retweet": 4, "like": 5}, {"id": "1097832702936461312", "url": "https://twitter.com/QueenXinee/status/1097832702936461312", "username": "", "text": "#หนักเเผ่นดิน pic.twitter.com/5VorZy8brS", "date": "19-02-2019 19:18", "retweet": 35, "like": 24}, {"id": "1097797521605181440", "url": "https://twitter.com/QueenXinee/status/1097797521605181440", "username": "", "text": "ชอบคนสุดท้ายมีงานเสนอให้ด้วย เหมือนพวกแฮกเกอร์ชื่อดัง เวลาจับได้มักได้รับการเสนองานให้มาเป็นคนชี้ช่องโหว่ของระบบ pic.twitter.com/1gpCa74SJE", "date": "19-02-2019 16:58", "retweet": 10735, "like": 1025}, {"id": "1097784285178748928", "url": "https://twitter.com/QueenXinee/status/1097784285178748928", "username": "", "text": "พี่ที่สนิทกันบอกว่า ถ้าทะเลาะกับผัวแล้วอยากทำลายข้าวของ อย่าเฟี้ยงของแพง มองหาพัดลมไว้ก่อน พัดลมจะมีราคาไม่แพงมาก แต่สะใจมากเวลาทุ่มใส่ผัว 55555555555", "date": "19-02-2019 16:05", "retweet": 0, "like": 1}, {"id": "1097733727981953024", "url": "https://twitter.com/QueenXinee/status/1097733727981953024", "username": "", "text": "เห็นราคารองเท้าเด็กแล้วสะพรึง คู่นี้ที่พารากอนขาย 5,000 แต่ไปซื้อที่ญี่ปุ่นคู่ละ 1,750 pic.twitter.com/8Sax8qDIW9", "date": "19-02-2019 12:44", "retweet": 8, "like": 1}, {"id": "1097714872211492864", "url": "https://twitter.com/QueenXinee/status/1097714872211492864", "username": "", "text": "พักหลังไม่คุยการเมือง กับคนที่มาแบบ ทักษิณโกง เผาไทย ควายแดง ทรชยศชาติ ขายบ้านเมือง อะไรพวกนี้นะ คือ รัฐบาลปัจจุบันโกงแล้วแถหน้าด้านๆทุกเรื่อง หรือแม้แต่พลเอก มีพ่อยึดอำนาจรวย 4 พันล้าน ลูกก็อยู่ในคณะยึดอำนาจ แต่กลับมองเรื่องพวกนี้โอเค ก็ไม่มีอะไรต้องคุยแล้วอะ", "date": "19-02-2019 11:29", "retweet": 47, "like": 18}, {"id": "1097588816842350592", "url": "https://twitter.com/QueenXinee/status/1097588816842350592", "username": "", "text": "ขำตรงที่ด่าทักษิณ โกงเลวชั่ว ตัดภาพมาที่คณะรัฐประหารโกงทั้งคณะ ตั้งแต่รุ่นพ่อ", "date": "19-02-2019 03:09", "retweet": 10, "like": 1}, {"id": "1097449604042219520", "url": "https://twitter.com/QueenXinee/status/1097449604042219520", "username": "", "text": "พ่อก็ยึดอำนาจ ลูกก็อยู่ในคณะรัฐประหาร หนักแผ่นดินนี่ควรเก็บไว้บอกตัวเอง", "date": "18-02-2019 17:55", "retweet": 40, "like": 8}, {"id": "1097362962526887937", "url": "https://twitter.com/QueenXinee/status/1097362962526887937", "username": "", "text": "ดูหมดละอะ ไม่เจอเลย ลองเซิจทั้งเมลล์ปกติจะไปเจอว่าเผลอไปโดนแล้วเก็บอยู่ในหลืบๆในซักอัน แต่นี่ไม่มีเลย งงใจ", "date": "18-02-2019 12:11", "retweet": 0, "like": 1}, {"id": "1097360537908740097", "url": "https://twitter.com/QueenXinee/status/1097360537908740097", "username": "", "text": "อยากให้มีนโยบายที่ ทหารถ้าไม่ได้สมัครเข้ามาเป็น สส หรือ เล่นการเมืองแบบถูกต้อง ไม่ควรเข้ามายุ่งเรื่องการเมืองอะ", "date": "18-02-2019 12:01", "retweet": 1, "like": 1}, {"id": "1097350758935064576", "url": "https://twitter.com/QueenXinee/status/1097350758935064576", "username": "", "text": "มีคนส่ง Mail มาหาใน Gmail เมื่อวันศุกร์ เราก็รีพลายกลับไปแล้ว ตอนนี้จะส่งหาเค้าอีกที หาไม่เจอทั้ง Junk, Trash, Inbox เซิจก็ไม่เจอ เหมือนผีหลอก แบบนี้เกิดจากอะไรอะ งง", "date": "18-02-2019 11:23", "retweet": 0, "like": 2}, {"id": "1097343976711938049", "url": "https://twitter.com/QueenXinee/status/1097343976711938049", "username": "", "text": "Gel Cream ทุกแบรนด์ ช่วยให้รูขุมขนกระชับ เล็กลงมากหลังทา pic.twitter.com/3utONDzfcM", "date": "18-02-2019 10:56", "retweet": 7, "like": 6}, {"id": "1097331688894476288", "url": "https://twitter.com/QueenXinee/status/1097331688894476288", "username": "", "text": "ความจริงก็ไม่น่าไปชูนโยบายจะตัดงบทหารหรอก แค่ไม่ขึ้นไปจากนี้ก็พอ ถ้าอยากได้ขึ้นก็ปฏิรูประบบการจัดการภายในก่อน", "date": "18-02-2019 10:07", "retweet": 4, "like": 6}, {"id": "1097326321246433281", "url": "https://twitter.com/QueenXinee/status/1097326321246433281", "username": "", "text": "คือทหารเป็นแผ่นดิน เป็นประเทศนี้เหรอ ทำไมพอพูดเรื่องตัดงบทหารถึงกลายเป็นเรื่องหนักแผ่นดินไปอะ? งง? https:// twitter.com/WassanaNanuam/ status/1097306313271328768 …", "date": "18-02-2019 09:45", "retweet": 2, "like": 0}, {"id": "1097323973908455425", "url": "https://twitter.com/QueenXinee/status/1097323973908455425", "username": "", "text": "ที่สำคัญคือเมื่อช่วงปลายปี 61 มีการยอมรับจากนายทหารคนนึง (ช่วงที่มีข่าวคลิปโบกับวัฒนา) ว่ามีการใช้ปฏิบัติการ IO จริงในประเทศไทย(แต่ก็ไม่ได้บอกนะว่าใช้กับเคสของ โบ กับ วัฒนา)", "date": "18-02-2019 09:36", "retweet": 38, "like": 4}, {"id": "1097315948434882560", "url": "https://twitter.com/QueenXinee/status/1097315948434882560", "username": "", "text": "ปัจจุบันเริ่มมีคนพูดถึง IO มากขึ้น นี่ก็เพิ่งมาสังเกตว่า เออ ในทวิตเตอร์มันก็มีบางแอคที่เขียนแบบมีเหตุผลนะ แต่ทุกอย่างดูจะวาดฝัน ดูภูมิใจ กับผลงานรัฐบาล ซึ่งในนี้ก็อาจจะเป็นคนที่ชื่นชมรัฐบาลนี้จริงๆก็ได้ แต่ก็อาจจะมี IO แฝงอยู่ pic.twitter.com/LOzdNVx3lh", "date": "18-02-2019 09:04", "retweet": 1015, "like": 104}, {"id": "1097309515412779008", "url": "https://twitter.com/QueenXinee/status/1097309515412779008", "username": "", "text": "อ่านสไตล์การเขียน ก็น่าจะแยกออก อันไหนเชียร์ อันไหนรายงาน", "date": "18-02-2019 08:39", "retweet": 1, "like": 2}]