[{"id": "1099324399633612800", "url": "https://twitter.com/qUVy6E1pHQJryUC/status/1099324399633612800", "username": "", "text": "ฮากระจาย ทะลุ 2 ล้านวิว หลังเจ้าหนู เจรจาพ่อค้า ขอถุงใส่น้องไปหาแม่ (คลิป) http://www. socialhot24.com/news86104.html ?d=23022019&f=71726 … #คลิปเด็ด #คลิปเย็ด #ลูกทุ่งไอดอล #เต้ยเชียร์ #ทองเอกหมอยาท่าโฉลง #หมอยาท่าโฉลง #โออิชิรถสุดฮิพทริปสุดโอ #โป๊ปเบลล่า #ปิ๊กโรม #MobileBNK48 #JPartyinBKK2019", "date": "23-02-2019 22:05", "retweet": 1, "like": 0}, {"id": "1099292005656457217", "url": "https://twitter.com/qUVy6E1pHQJryUC/status/1099292005656457217", "username": "", "text": "ฉาวโฉ่ทั่วโลก มีคลิปกดดูด่วน http://www. topicza.com/news40301.html ?d=23022019&f=71726 … #ARMYPEDIA #เลือกตั้งประเทศไทย2562 #savethanaton #GATPAT #JPartyinBKK2019 #คลิปเด็ด #คลิปเย็ด #คลิปเสียว #ไม่กดบัตรไม่ตัดผม #บุพเพสันนิวาส #dek62 #GATPAT #JPartyinBKK2019 #ไทยรัฐเลือกตั้ง62 #ธนาธร", "date": "23-02-2019 19:56", "retweet": 1, "like": 0}]