[{"id": "1099418557455118336", "url": "https://twitter.com/RatchakornT72/status/1099418557455118336", "username": "", "text": "แต่งหน้ามันยากเลิกแต่งเหอะ5555", "date": "24-02-2019 04:19", "retweet": 0, "like": 0}, {"id": "1098808301142269952", "url": "https://twitter.com/RatchakornT72/status/1098808301142269952", "username": "", "text": "คิดว่า\"พรรคประชาธิปัตย์\"ได้ร่วมรัฐบาลจะร่วมกับพรรคไหน??? #savethanaton #ประชาธิปัตย์ #เลือกตั้ง62 #พลังประชารัฐ #ประยุทธ์ #เพื่อไทย #อภิสิทธิ์ #การเมือง #การเมืองไทย #สุดารัตน์ #ชัชชาติ #เลือกตั้ง2562 #เลือกตั้ง", "date": "22-02-2019 11:54", "retweet": 1, "like": 3}, {"id": "1098806413957115910", "url": "https://twitter.com/RatchakornT72/status/1098806413957115910", "username": "", "text": "คิดว่าถ้าอนาคตใหม่โดนยุบพักเกิดประเด็นใหญ่แน่ๆ ที่แรงกว่าทษช #savethanaton", "date": "22-02-2019 11:47", "retweet": 12, "like": 4}, {"id": "1098805246841634816", "url": "https://twitter.com/RatchakornT72/status/1098805246841634816", "username": "", "text": "ที่มาครับ pic.twitter.com/whw2VYiifn", "date": "22-02-2019 11:42", "retweet": 2, "like": 1}, {"id": "1098775802164826113", "url": "https://twitter.com/RatchakornT72/status/1098775802164826113", "username": "", "text": "pic.twitter.com/KCVjtKRrz2", "date": "22-02-2019 09:45", "retweet": 0, "like": 0}, {"id": "1098775782090989573", "url": "https://twitter.com/RatchakornT72/status/1098775782090989573", "username": "", "text": "pic.twitter.com/7XDFlwP9iR", "date": "22-02-2019 09:45", "retweet": 4, "like": 0}, {"id": "1098775752734961664", "url": "https://twitter.com/RatchakornT72/status/1098775752734961664", "username": "", "text": "pic.twitter.com/ZrhpLuD3MU", "date": "22-02-2019 09:45", "retweet": 0, "like": 0}, {"id": "1098775728181538817", "url": "https://twitter.com/RatchakornT72/status/1098775728181538817", "username": "", "text": "pic.twitter.com/3sh7MT7INf", "date": "22-02-2019 09:45", "retweet": 3, "like": 1}, {"id": "1098775703451881472", "url": "https://twitter.com/RatchakornT72/status/1098775703451881472", "username": "", "text": "pic.twitter.com/dePRwmxpen", "date": "22-02-2019 09:45", "retweet": 0, "like": 0}, {"id": "1098775676100915200", "url": "https://twitter.com/RatchakornT72/status/1098775676100915200", "username": "", "text": "pic.twitter.com/gT86hdkTNP", "date": "22-02-2019 09:45", "retweet": 4, "like": 0}, {"id": "1098775645742481408", "url": "https://twitter.com/RatchakornT72/status/1098775645742481408", "username": "", "text": "pic.twitter.com/Sv9Pd7r4BW", "date": "22-02-2019 09:45", "retweet": 0, "like": 0}, {"id": "1098775620190793728", "url": "https://twitter.com/RatchakornT72/status/1098775620190793728", "username": "", "text": "pic.twitter.com/sicKJ0DbfF", "date": "22-02-2019 09:44", "retweet": 5, "like": 0}, {"id": "1098775561181097985", "url": "https://twitter.com/RatchakornT72/status/1098775561181097985", "username": "", "text": "pic.twitter.com/3Xv8nn5U0N", "date": "22-02-2019 09:44", "retweet": 4, "like": 0}, {"id": "1098775501299040256", "url": "https://twitter.com/RatchakornT72/status/1098775501299040256", "username": "", "text": "pic.twitter.com/LNFp6I2ORS", "date": "22-02-2019 09:44", "retweet": 4, "like": 1}, {"id": "1098775463575486464", "url": "https://twitter.com/RatchakornT72/status/1098775463575486464", "username": "", "text": "pic.twitter.com/0lQlPBb97K", "date": "22-02-2019 09:44", "retweet": 5, "like": 1}, {"id": "1098775425155719168", "url": "https://twitter.com/RatchakornT72/status/1098775425155719168", "username": "", "text": "pic.twitter.com/n8hiKley6Y", "date": "22-02-2019 09:44", "retweet": 4, "like": 0}, {"id": "1098775370927505409", "url": "https://twitter.com/RatchakornT72/status/1098775370927505409", "username": "", "text": "pic.twitter.com/qEkRHPNRLL", "date": "22-02-2019 09:43", "retweet": 4, "like": 0}, {"id": "1098775230665830400", "url": "https://twitter.com/RatchakornT72/status/1098775230665830400", "username": "", "text": "cr.เพจไข่แมวx #savethanaton pic.twitter.com/GEztBI1fCY", "date": "22-02-2019 09:43", "retweet": 36, "like": 4}, {"id": "1098774109607981058", "url": "https://twitter.com/RatchakornT72/status/1098774109607981058", "username": "", "text": "มี2ประเภทครับบางคนจะเอาคะแนนไปสอบตำรวจและทหารจะได้คะแนนเพิ่มพิเศษ และบางคนก็ไม่อยากเกณฑ์ทหาร", "date": "22-02-2019 09:38", "retweet": 306, "like": 61}, {"id": "1098494019942772736", "url": "https://twitter.com/RatchakornT72/status/1098494019942772736", "username": "", "text": "ใช่ครับพูดยากผมบอกแม่ตัวเองยังยากเลย", "date": "21-02-2019 15:05", "retweet": 0, "like": 1}, {"id": "1098458745556721664", "url": "https://twitter.com/RatchakornT72/status/1098458745556721664", "username": "", "text": "ตอบยายไปครับ pic.twitter.com/vsfvjzrWxE", "date": "21-02-2019 12:45", "retweet": 0, "like": 1}, {"id": "1098132536230723585", "url": "https://twitter.com/RatchakornT72/status/1098132536230723585", "username": "", "text": "กลับมาสิ", "date": "20-02-2019 15:09", "retweet": 0, "like": 0}, {"id": "1098055171026837505", "url": "https://twitter.com/RatchakornT72/status/1098055171026837505", "username": "", "text": "ยิ้มวันละนิด pic.twitter.com/G7ngK93JXH", "date": "20-02-2019 10:02", "retweet": 0, "like": 1}, {"id": "1098053354096189440", "url": "https://twitter.com/RatchakornT72/status/1098053354096189440", "username": "", "text": "คิดเหมือนกัน", "date": "20-02-2019 09:54", "retweet": 0, "like": 0}, {"id": "1097588613900951552", "url": "https://twitter.com/RatchakornT72/status/1097588613900951552", "username": "", "text": "ประสบการณ์เท่านั้นแหละที่จะสอนเรา", "date": "19-02-2019 03:08", "retweet": 0, "like": 1}]