[{"id": "1098946743972986880", "url": "https://twitter.com/Raweeguss/status/1098946743972986880", "username": "", "text": "น้องสาวอายุ26 ต้องไปงานแฟนมีตติ้งวง #wannaone ที่มาเลเซีย วันที่23มี.ค.นี้ ต้องยกเลิกทริปทั้งหมด เพราะ.... จะไป #เลือกตั้ง62", "date": "22-02-2019 21:04", "retweet": 0, "like": 1}, {"id": "1098104976583192577", "url": "https://twitter.com/Raweeguss/status/1098104976583192577", "username": "", "text": "งาม #supermoon pic.twitter.com/JPmOjx3Ai1", "date": "20-02-2019 13:20", "retweet": 1, "like": 0}, {"id": "1097405583202803712", "url": "https://twitter.com/Raweeguss/status/1097405583202803712", "username": "", "text": "ใครไม่เคยรู้ที่มาเพลง #หนักแผ่นดิน มาอ่านประวัติศาสตร์ได้จ้า https:// twitter.com/peerawat_kpp/s tatus/1097404463592046592 …", "date": "18-02-2019 15:00", "retweet": 0, "like": 0}]