[{"id": "1099359288370184194", "url": "https://twitter.com/RealHorita/status/1099359288370184194", "username": "", "text": "ไก่ย่าง ver. เขินอาย by K. @philosoboat เอ็นดู #Boatload pic.twitter.com/5q72M2E4Ax", "date": "24-02-2019 00:24", "retweet": 9, "like": 32}, {"id": "1099357159991595008", "url": "https://twitter.com/RealHorita/status/1099357159991595008", "username": "", "text": "ลงคลิปผิด", "date": "24-02-2019 00:15", "retweet": 0, "like": 0}, {"id": "1099350563949408256", "url": "https://twitter.com/RealHorita/status/1099350563949408256", "username": "", "text": "สมมุตินะ สมมุติว่า #Rooftop ได้ที่ 1 Melon แกว่าปลาเค้กจะปิดชองดัมดงเลี้ยงเลยป้ะ แงงงงงง อยากบินตอนนี้ อยากไปหน้าตึกปลาเค้ก #NFlying", "date": "23-02-2019 23:49", "retweet": 0, "like": 1}, {"id": "1099307588565360641", "url": "https://twitter.com/RealHorita/status/1099307588565360641", "username": "", "text": "นี่ชอบประโยคนี้มาก \"เผลอแป๊บเดียว ทั้งวันนี้และอนาคตก็กลายเป็นอดีตไปหมด\" โครตจริงเลบ อยากให้ทุกคนได้ดู หนังดีมาก ดีมากจริงๆ อยากดูอีก #cafefuniculifunicula", "date": "23-02-2019 20:58", "retweet": 31, "like": 19}, {"id": "1099304911794167808", "url": "https://twitter.com/RealHorita/status/1099304911794167808", "username": "", "text": "แกเคยอยากย้อนเวลากลับไปเจอใครป้ะ?? ใครซักคนที่อยากกลับไปเจอแม้จะรู้ว่ามันเปลี่ยนอะไรในอนาคตไม่ได้อ่ะ เออ และเพราะชีวิตจริงแม่งไม่มีใครไปอดีตหรืออนาคตได้ การมีอยู่ของทุกๆ คนในทุกๆ วันมันถึงได้มีความหมายไง ดูจบละชอบมาก อยากดูอีก #cafefuniculifunicula", "date": "23-02-2019 20:48", "retweet": 3, "like": 4}, {"id": "1099266202394742789", "url": "https://twitter.com/RealHorita/status/1099266202394742789", "username": "", "text": "ระบบเสียง SF MBK โรง 8 ไม่ดีเลย", "date": "23-02-2019 18:14", "retweet": 0, "like": 1}, {"id": "1099239508539666432", "url": "https://twitter.com/RealHorita/status/1099239508539666432", "username": "", "text": "เห็นแล้วคิดถึง @titlekplee #titlekrt pic.twitter.com/67rYmpg6T6", "date": "23-02-2019 16:28", "retweet": 3, "like": 23}, {"id": "1099228546411589632", "url": "https://twitter.com/RealHorita/status/1099228546411589632", "username": "", "text": "รับสมัครคนอ่านให้ฟังมั้ยคุณ", "date": "23-02-2019 15:44", "retweet": 1, "like": 0}, {"id": "1099104802611449856", "url": "https://twitter.com/RealHorita/status/1099104802611449856", "username": "", "text": "เจ้าแจ้มมมมม https:// twitter.com/Titledayz/stat us/1099101037271470080 …", "date": "23-02-2019 07:32", "retweet": 0, "like": 0}, {"id": "1098976664287997952", "url": "https://twitter.com/RealHorita/status/1098976664287997952", "username": "", "text": "ต้องหยุดซื้อรองเท้าก่อน หยุดก่อนนาน", "date": "22-02-2019 23:03", "retweet": 0, "like": 0}, {"id": "1098957444028354560", "url": "https://twitter.com/RealHorita/status/1098957444028354560", "username": "", "text": "ดูซีรีส์แล้วลุ้นอ่ะ ลุ้นจนต้องหยุดดูก่อน แงงงง", "date": "22-02-2019 21:47", "retweet": 0, "like": 0}, {"id": "1098882940145041408", "url": "https://twitter.com/RealHorita/status/1098882940145041408", "username": "", "text": "뮤직뱅크 Music Bank - Play Hard (화끈하게) - SF9.20190222 https:// youtu.be/N2X_O5OSOHY via @YouTube", "date": "22-02-2019 16:51", "retweet": 0, "like": 0}, {"id": "1098882151762649088", "url": "https://twitter.com/RealHorita/status/1098882151762649088", "username": "", "text": "뮤직뱅크 Music Bank - 예뻐지지 마 (Enough) - SF9 .20190222 https:// youtu.be/ue1FWUSJ1uo via @YouTube", "date": "22-02-2019 16:48", "retweet": 0, "like": 0}, {"id": "1098878489002831872", "url": "https://twitter.com/RealHorita/status/1098878489002831872", "username": "", "text": "ให้ไปเป็นเพื่อนป้ะ", "date": "22-02-2019 16:33", "retweet": 0, "like": 0}, {"id": "1098832856820793349", "url": "https://twitter.com/RealHorita/status/1098832856820793349", "username": "", "text": "พุงอ้วน ลองนอนท่าเราดิ่ pic.twitter.com/a6ENGT2Qn9", "date": "22-02-2019 13:32", "retweet": 0, "like": 0}, {"id": "1098824335563747328", "url": "https://twitter.com/RealHorita/status/1098824335563747328", "username": "", "text": "ถ้าจะสั่งพิซซ่าต้อง 1112 อย่าโทรผิดเบอร์", "date": "22-02-2019 12:58", "retweet": 0, "like": 0}, {"id": "1098822447212552192", "url": "https://twitter.com/RealHorita/status/1098822447212552192", "username": "", "text": "0 ไม่มีค่าไง อ. คณิตตอนประถมสอนไว้", "date": "22-02-2019 12:51", "retweet": 0, "like": 0}, {"id": "1098821145791410178", "url": "https://twitter.com/RealHorita/status/1098821145791410178", "username": "", "text": "1 บาทเองหรอ ทำไมน้อยจัง pic.twitter.com/BZGWemfFaV", "date": "22-02-2019 12:45", "retweet": 0, "like": 0}, {"id": "1098804961746407424", "url": "https://twitter.com/RealHorita/status/1098804961746407424", "username": "", "text": "นั่นไง!!!!!!!!!!!!!!!!!!!!!", "date": "22-02-2019 11:41", "retweet": 0, "like": 0}, {"id": "1098801693288853505", "url": "https://twitter.com/RealHorita/status/1098801693288853505", "username": "", "text": "จิ๊บจะเอาเท่าไหร่ บอกมา", "date": "22-02-2019 11:28", "retweet": 0, "like": 0}, {"id": "1098801640449093632", "url": "https://twitter.com/RealHorita/status/1098801640449093632", "username": "", "text": "ไม่คุยกับแมวดุ เลาจะนอน pic.twitter.com/8PhjsQPK4U", "date": "22-02-2019 11:28", "retweet": 0, "like": 0}, {"id": "1098799338539503616", "url": "https://twitter.com/RealHorita/status/1098799338539503616", "username": "", "text": "แล้วไง??? pic.twitter.com/4vdjkW1RlN", "date": "22-02-2019 11:19", "retweet": 0, "like": 0}, {"id": "1098797236094300160", "url": "https://twitter.com/RealHorita/status/1098797236094300160", "username": "", "text": "ยังคิดไม่ออกว่าวันเกิด ตต จะแจกอะไร", "date": "22-02-2019 11:10", "retweet": 0, "like": 0}, {"id": "1098796815858561024", "url": "https://twitter.com/RealHorita/status/1098796815858561024", "username": "", "text": "แฮ่ pic.twitter.com/dFtTri9dgl", "date": "22-02-2019 11:09", "retweet": 0, "like": 0}, {"id": "1098793175861276675", "url": "https://twitter.com/RealHorita/status/1098793175861276675", "username": "", "text": "บ่อยมากกกกก https:// twitter.com/Dyo_NatoZ/stat us/1098586440189935616 …", "date": "22-02-2019 10:54", "retweet": 0, "like": 0}, {"id": "1098793058169057281", "url": "https://twitter.com/RealHorita/status/1098793058169057281", "username": "", "text": "พุง", "date": "22-02-2019 10:54", "retweet": 0, "like": 0}, {"id": "1098789944363966465", "url": "https://twitter.com/RealHorita/status/1098789944363966465", "username": "", "text": "ตอนวงฟ้าเดบิวต์ ได้ถ้วยแรกหลังเดได้ 15 วัน ช็อคกันหมด", "date": "22-02-2019 10:41", "retweet": 1, "like": 1}, {"id": "1098781117828591617", "url": "https://twitter.com/RealHorita/status/1098781117828591617", "username": "", "text": "[SF9 - Enough] Comeback Stage | M COUNTDOWN 190221 EP.607 https:// youtu.be/NuapVTvg8HU via @YouTube", "date": "22-02-2019 10:06", "retweet": 0, "like": 0}, {"id": "1098775815783833600", "url": "https://twitter.com/RealHorita/status/1098775815783833600", "username": "", "text": "เพื่อนบันเทิงแท้ รวมตัวกันทำชาแนลตลกเร็ววว", "date": "22-02-2019 09:45", "retweet": 0, "like": 0}, {"id": "1098632896108285952", "url": "https://twitter.com/RealHorita/status/1098632896108285952", "username": "", "text": "ตอนนี้คือทำงานเก็บเงินไปเที่ยวที่แท้ - โอซาก้า ญี่ปุ่น - พม่า - ตรุกี - เกาหลี - ซาปา เวียดนาม ไปค่ะ ตั้งใจไถนาต่อไป", "date": "22-02-2019 00:17", "retweet": 0, "like": 0}, {"id": "1098630302501548032", "url": "https://twitter.com/RealHorita/status/1098630302501548032", "username": "", "text": "โปรน่าสนมากกกกกกก pic.twitter.com/2uKjjzNcFB", "date": "22-02-2019 00:07", "retweet": 0, "like": 0}, {"id": "1098628777528066053", "url": "https://twitter.com/RealHorita/status/1098628777528066053", "username": "", "text": "ลดเยอะจังวะ พิอยากได้", "date": "22-02-2019 00:01", "retweet": 0, "like": 0}, {"id": "1098622078763229189", "url": "https://twitter.com/RealHorita/status/1098622078763229189", "username": "", "text": "จากวงที่ไม่เคยอยู่ในสายตาคนเกาหลี เพลงตอนเดก็แป้กเพราะไม่ใช่สไตล์คนเกา ฟังยาก ปรับมาตลอด ค่ายดอง เพิ่มเมมเบอร์ ลดเมมเบอร์ จนวันนี้เพลงอยู่ TOP10 MELON ทั้งๆ ที่หมดโปรโมทไปแล้ว เหมือนฝันเลยอ่ะ ขนาดแฟนๆ ยังดีใจกันขนาดนี้ แกคิดว่าน้องๆ จะดีใจกันขนาดไหน แงงง #Rooftop #NFlying", "date": "21-02-2019 23:34", "retweet": 61, "like": 19}, {"id": "1098618293332586497", "url": "https://twitter.com/RealHorita/status/1098618293332586497", "username": "", "text": "เจาะ TOP 10 ได้ปุ๊บ ซึงฮยอบไลฟ์ปั๊บ คือเฝ้าอยู่แน่ๆ #NFlying #Rooftop", "date": "21-02-2019 23:19", "retweet": 0, "like": 2}, {"id": "1098617428349673474", "url": "https://twitter.com/RealHorita/status/1098617428349673474", "username": "", "text": "กรี๊ดดดดดดดด #Rooftop เจาะ Top 10 Melon ได้แล้วววว แงงงงงงงงงง เก่งมากเด็กๆ #NFlying pic.twitter.com/dQU6fKc2k0", "date": "21-02-2019 23:16", "retweet": 3, "like": 3}, {"id": "1098533389240422401", "url": "https://twitter.com/RealHorita/status/1098533389240422401", "username": "", "text": "อยากกิน Lotteria", "date": "21-02-2019 17:42", "retweet": 0, "like": 0}, {"id": "1098533113200664581", "url": "https://twitter.com/RealHorita/status/1098533113200664581", "username": "", "text": "โอ้โหหหหหหหหหหหห ITZY คือปังจริง ต้องยอมจวพ เรื่องเกิลกรุ๊ปจริงๆ", "date": "21-02-2019 17:41", "retweet": 0, "like": 0}, {"id": "1098531758323032069", "url": "https://twitter.com/RealHorita/status/1098531758323032069", "username": "", "text": "จากธนาธรถึงหนักแผ่นดิน เมื่ออดีตไล่ล่าคุณ | THE POWER GAME EP.3 https:// youtu.be/ADYBsqKZPcI via @YouTube", "date": "21-02-2019 17:35", "retweet": 0, "like": 0}, {"id": "1098511448358060034", "url": "https://twitter.com/RealHorita/status/1098511448358060034", "username": "", "text": "SF9 - 예뻐지지 마 (Enough) | Performance video | MOVE REC https:// youtu.be/9bPrArTLnCM via @YouTube", "date": "21-02-2019 16:15", "retweet": 0, "like": 0}, {"id": "1098485282049937408", "url": "https://twitter.com/RealHorita/status/1098485282049937408", "username": "", "text": "รถมาก็บอกขอแบ่งด้วย รอจนหิว 5555555555555555555555555", "date": "21-02-2019 14:31", "retweet": 0, "like": 0}, {"id": "1098443283485736961", "url": "https://twitter.com/RealHorita/status/1098443283485736961", "username": "", "text": "คือรถเมล์มันก็ไม่ได้ลำบากแหละ แต่แค่งงๆ ว่าทำไมแท๊กซี่รับทุกคนยกเว้นชั้น เปิดรูปให้ดูกี่คันก็บอกไม่รู้จัก โว้ยยยยยยยยยยยยยย 55555555555555555555555555555555555555555555555555", "date": "21-02-2019 11:44", "retweet": 0, "like": 0}, {"id": "1098443020628717569", "url": "https://twitter.com/RealHorita/status/1098443020628717569", "username": "", "text": "ทุกคนที่ไป Anyang Park เหมือนไปแท๊กซี่กันหมด แท๊กซี่รับกันหมด แต่ชั้นแท๊กซี่ไม่รับ และต้องไปรถเมล์อ่ะ 555555555555555555555555555555555555555555555555555", "date": "21-02-2019 11:43", "retweet": 0, "like": 0}, {"id": "1098439600488337409", "url": "https://twitter.com/RealHorita/status/1098439600488337409", "username": "", "text": "ชั้นเข้าใจความรู้สึกนี้นะ สำหรับทาสแมวแค่ได้ลูบหัวเจ้านายก็มีความสุขอ่ะ me / อยากเป็นแมว #Jirayu_jame pic.twitter.com/ZYxKR64LCG", "date": "21-02-2019 11:29", "retweet": 2, "like": 1}, {"id": "1098420245025280002", "url": "https://twitter.com/RealHorita/status/1098420245025280002", "username": "", "text": "เห็นราคา S10 ละกอด S8 ให้แน่นเลยอ่ะ 555555555555555555555555555555555555555555555555555555555", "date": "21-02-2019 10:12", "retweet": 0, "like": 2}, {"id": "1098409236264960001", "url": "https://twitter.com/RealHorita/status/1098409236264960001", "username": "", "text": "อหหหห น้องดาดฟ้าแรงไม่หยุด ขนาดกลางวันก็ยังเจาะ Top 20ได้ ไปลูก ขึ้นไปปปป เจาะ Top10 ให้ได้ #NFlying", "date": "21-02-2019 09:29", "retweet": 5, "like": 1}, {"id": "1098407103151013889", "url": "https://twitter.com/RealHorita/status/1098407103151013889", "username": "", "text": "ตารางทัวร์ของเธอนั้นมีประเทศชั้นอยู่ด้วยมั้ยยยย #sf9 #sf9livetourunlimited pic.twitter.com/3dSYzSd6cx", "date": "21-02-2019 09:20", "retweet": 2, "like": 1}, {"id": "1098178254899277829", "url": "https://twitter.com/RealHorita/status/1098178254899277829", "username": "", "text": "เข้าใจความรู้สึกนี้ตอนไปแบกของที่เกาหลี หนักไม่เป็นไร เพราะได้ใช้เงินแล้วสุขใจมาก 55555555555555555555555555555555555", "date": "20-02-2019 18:11", "retweet": 0, "like": 0}, {"id": "1098164578939154432", "url": "https://twitter.com/RealHorita/status/1098164578939154432", "username": "", "text": "คัมแบครอบนี้เจาะ top 100 เมลอนได้ด้วย", "date": "20-02-2019 17:16", "retweet": 0, "like": 0}, {"id": "1098158497055690753", "url": "https://twitter.com/RealHorita/status/1098158497055690753", "username": "", "text": "ถ้าจะจับคนวิจารณ์ คสช จริงๆ คุกคงไม่พอขังอ่ะ #Savethanathorn", "date": "20-02-2019 16:52", "retweet": 1, "like": 1}, {"id": "1098156294685351936", "url": "https://twitter.com/RealHorita/status/1098156294685351936", "username": "", "text": "พิเบียจะได้ไปพม่าหรือญี่ปุ่นน๊าาาาา pic.twitter.com/D26hjlL8kG", "date": "20-02-2019 16:43", "retweet": 0, "like": 0}, {"id": "1098155105910587392", "url": "https://twitter.com/RealHorita/status/1098155105910587392", "username": "", "text": "SF9 – 예뻐지지 마 (Enough) Music Video https:// youtu.be/VaEiUPdFlvw via @YouTube", "date": "20-02-2019 16:39", "retweet": 0, "like": 0}, {"id": "1098139866938765312", "url": "https://twitter.com/RealHorita/status/1098139866938765312", "username": "", "text": "ยิ่งแทยัง โรอุน ฮวียอง หล่อขึ้นทุกคัมแบค แต่เกาหลีก็ยังเมินอยู่ ปลาเค้กทำอะไรผิดพลาดไปวะ 555555555555555555555555555555555", "date": "20-02-2019 15:38", "retweet": 0, "like": 0}, {"id": "1098139688672452608", "url": "https://twitter.com/RealHorita/status/1098139688672452608", "username": "", "text": "SF9 ก็หล่อกันทั้งวง เสียงดีกันทั้งวง ทำไมเกาหลีเมินวะ", "date": "20-02-2019 15:37", "retweet": 0, "like": 1}, {"id": "1098137730058338304", "url": "https://twitter.com/RealHorita/status/1098137730058338304", "username": "", "text": "Preview Fujifilm X-T30 BY พี่โก๊ะ กล้องกล้วยกล้วย https:// youtu.be/-9yezlWbpbI via @YouTube", "date": "20-02-2019 15:30", "retweet": 0, "like": 0}, {"id": "1098136897749102593", "url": "https://twitter.com/RealHorita/status/1098136897749102593", "username": "", "text": "อั้๊ยยะ pic.twitter.com/qcmmaQ6Aqi", "date": "20-02-2019 15:26", "retweet": 0, "like": 0}, {"id": "1098083245810315264", "url": "https://twitter.com/RealHorita/status/1098083245810315264", "username": "", "text": "ไม่ชอบหนูหรอ pic.twitter.com/DI3xIwWZvI", "date": "20-02-2019 11:53", "retweet": 0, "like": 0}, {"id": "1098078620210188288", "url": "https://twitter.com/RealHorita/status/1098078620210188288", "username": "", "text": "ไม่ใช้รูปนุ pic.twitter.com/lPN88HC8P6", "date": "20-02-2019 11:35", "retweet": 0, "like": 0}, {"id": "1098078024870678529", "url": "https://twitter.com/RealHorita/status/1098078024870678529", "username": "", "text": "อันนี้โดนจับด้วยเปล่า มาชุมนุมได้แจ้งก่อน ตาม พรบชุมนุมมั้ยเอ่ย https:// twitter.com/WassanaNanuam/ status/1098072711220228096 …", "date": "20-02-2019 11:32", "retweet": 0, "like": 0}, {"id": "1098072744439078913", "url": "https://twitter.com/RealHorita/status/1098072744439078913", "username": "", "text": "เปลี่ยนมาใช้รูปนี้ดีกว่า pic.twitter.com/K74L6Ucq1z", "date": "20-02-2019 11:11", "retweet": 0, "like": 0}, {"id": "1098071875605823489", "url": "https://twitter.com/RealHorita/status/1098071875605823489", "username": "", "text": "ชั้นไม่เปลี่ยน ทำใจไม่ได้จริงๆ แก 555555555555555555555555555555555555555555555", "date": "20-02-2019 11:08", "retweet": 0, "like": 0}, {"id": "1098070553590587392", "url": "https://twitter.com/RealHorita/status/1098070553590587392", "username": "", "text": "อยู่ที่ 1 Bug มา 3 วันแล้วป้ะ?? เก่งมากกกก #NFlying https:// twitter.com/nflyingcharts/ status/1098063506245599233 …", "date": "20-02-2019 11:03", "retweet": 0, "like": 0}, {"id": "1098069151875182593", "url": "https://twitter.com/RealHorita/status/1098069151875182593", "username": "", "text": "เหมือนรวมสิ่งที่ไม่ชอบไว้หมดอ่ะแก สีชมพู คิตตี้ กุหลาบชมพู เสื้อชมพู อยากเกิดวันอื่น 5555555555555555555555555555555555555555555", "date": "20-02-2019 10:57", "retweet": 0, "like": 0}, {"id": "1098066648320434182", "url": "https://twitter.com/RealHorita/status/1098066648320434182", "username": "", "text": "เกิดวันศุกร์เหมือนกันเรอะ", "date": "20-02-2019 10:47", "retweet": 0, "like": 0}, {"id": "1098061727009128453", "url": "https://twitter.com/RealHorita/status/1098061727009128453", "username": "", "text": "ตัดงบทหาร ปฏิรูปกองทัพ? | ถามตรงๆกับจอมขวัญ | 19 ก.พ.62 https:// youtu.be/9gdsGkXpPwg via @YouTube", "date": "20-02-2019 10:28", "retweet": 0, "like": 0}, {"id": "1097913084079857664", "url": "https://twitter.com/RealHorita/status/1097913084079857664", "username": "", "text": "ผ่านเที่ยงคืนไปด้วยอันดับ 12 พน. มาลุ้นใหม่ว่าจะเจาะ Top10ได้มั้ย ภาวนาแรงๆ", "date": "20-02-2019 00:37", "retweet": 0, "like": 0}, {"id": "1097912925870686208", "url": "https://twitter.com/RealHorita/status/1097912925870686208", "username": "", "text": "อยากหอมหัวแอดมินเพจที่เอาเพลง #Rooftop #NFlying ไปอัพมากๆ มีโอกาสอยากพาไปเลี้ยงข้าว", "date": "20-02-2019 00:36", "retweet": 1, "like": 2}, {"id": "1097911422778990594", "url": "https://twitter.com/RealHorita/status/1097911422778990594", "username": "", "text": "ทุกคนนนนน ในที่สุดก็มีคนทำ #rooftop #NFlying Thai sub แล้ววววว แงงงงง \"[Karaoke/Thaisub] Rooftop (옥탑방) - N.Flying (엔플라잉)\" on YouTube - https:// youtu.be/cT9T34qzMf0", "date": "20-02-2019 00:30", "retweet": 14, "like": 7}, {"id": "1097893171202158592", "url": "https://twitter.com/RealHorita/status/1097893171202158592", "username": "", "text": "ปรากฎว่าไม่ได้ไปไหนเลย เพราะวันลาหมด", "date": "19-02-2019 23:18", "retweet": 0, "like": 0}, {"id": "1097892455830118400", "url": "https://twitter.com/RealHorita/status/1097892455830118400", "username": "", "text": "บัตรมีตเพิร์ธมาร์คที่ญี่ปุ่นกดมะไหร่อ่ะ พิอยากรู้ว่า พิจะได้ไปเกาหลีหรือญี่ปุ่น", "date": "19-02-2019 23:15", "retweet": 0, "like": 0}, {"id": "1097875338753847296", "url": "https://twitter.com/RealHorita/status/1097875338753847296", "username": "", "text": "น้ำตาจะไหล back number มีใน spotify แล้วอ่ะ", "date": "19-02-2019 22:07", "retweet": 0, "like": 0}, {"id": "1097863017927041026", "url": "https://twitter.com/RealHorita/status/1097863017927041026", "username": "", "text": "Full Moon กับเจมส์ อะไรน่าดูกว่ากันเอ่ย", "date": "19-02-2019 21:18", "retweet": 0, "like": 0}, {"id": "1097828485190406145", "url": "https://twitter.com/RealHorita/status/1097828485190406145", "username": "", "text": "ด่า FNC ได้ป้ะ ชุดสเตจนี้มันซ้ำกับชุดที่ขึ้นมิวคอร์ วันทีา 16อ่ะ ถามจริงเงินไม่มีขนาดนั้นหรอ?? \"Cherry Bullet, Q&A [THE SHOW 190219]\" on YouTube - https:// youtu.be/HL-Rnut4dk4", "date": "19-02-2019 19:01", "retweet": 0, "like": 2}, {"id": "1097827994477813760", "url": "https://twitter.com/RealHorita/status/1097827994477813760", "username": "", "text": "\"Cherry Bullet, Stick Out [THE SHOW 190219]\" on YouTube - https:// youtu.be/_ExJ0AJm-80", "date": "19-02-2019 18:59", "retweet": 0, "like": 0}, {"id": "1097819285123022853", "url": "https://twitter.com/RealHorita/status/1097819285123022853", "username": "", "text": "\" #NFlying ‘옥탑방’ STUDIO LIVE VER.\" on YouTube - https:// youtu.be/sCfd-0q-jwE", "date": "19-02-2019 18:24", "retweet": 0, "like": 1}, {"id": "1097805047537164288", "url": "https://twitter.com/RealHorita/status/1097805047537164288", "username": "", "text": "อหหหห ถึงจะเป็นถ้วยจากรายการไม่ใหญ่ แต่ได้ชิงก็ถือว่าเริ่มต้นดีมากๆ ได้ไม่ได้ไม่รู้ แต่แบบบ ดีจัง ผีทอง FNC หรอ #CherryBullet", "date": "19-02-2019 17:28", "retweet": 0, "like": 2}, {"id": "1097804633211252736", "url": "https://twitter.com/RealHorita/status/1097804633211252736", "username": "", "text": "เพิ่งตื่น chertybullet ชิงถ้วยเดอะโชว์หรอ", "date": "19-02-2019 17:26", "retweet": 0, "like": 0}, {"id": "1097755675810095105", "url": "https://twitter.com/RealHorita/status/1097755675810095105", "username": "", "text": "ไอศครีมร้าน Softlap เป็นไอศครีมที่โคนเป็นครัวซองค์อร่อยมากกกกก จำราคาไม่ได้ ร้านน่ารัก พนง. ก็น่ารัก ไปกินกัน ฮงแด ทางออก 3 #รีวิวเกาหลี pic.twitter.com/zvavuQVoRy", "date": "19-02-2019 14:12", "retweet": 39, "like": 28}, {"id": "1097724822421815296", "url": "https://twitter.com/RealHorita/status/1097724822421815296", "username": "", "text": "นี่ก็ไม่ชอบเสียง ได้ยินละรู้สึกแบบจะกดให้ได้อะไรนักหนา ในใจคือแยกเขี้ยวใส่ แต่ความจริงทำได้แค่ใส่หูฟังแล้งยกคอมไปทำงานที่อื่น https:// twitter.com/bingsushuuuu/s tatus/1097533154615685120 …", "date": "19-02-2019 12:09", "retweet": 0, "like": 0}, {"id": "1097724267616034816", "url": "https://twitter.com/RealHorita/status/1097724267616034816", "username": "", "text": "ช่วงนี้ฮันนีสเงียบจริง", "date": "19-02-2019 12:07", "retweet": 0, "like": 0}, {"id": "1097718441006354432", "url": "https://twitter.com/RealHorita/status/1097718441006354432", "username": "", "text": "เพจหนังฝังมุกคือโหดสัส #หนักแผ่นดิน pic.twitter.com/9pNB3fUHMy", "date": "19-02-2019 11:44", "retweet": 4, "like": 0}, {"id": "1097716599333695489", "url": "https://twitter.com/RealHorita/status/1097716599333695489", "username": "", "text": "ไม่รู้เหมือนกันว่าตอนนี้อยากมีแฟนมั้ย รู้แค่อยากมีเงินอ่ะ รู้แค่นี้", "date": "19-02-2019 11:36", "retweet": 1, "like": 0}, {"id": "1097715856761450497", "url": "https://twitter.com/RealHorita/status/1097715856761450497", "username": "", "text": "สมัยก่อนคือใจร้ายมาก พอเลิกใจร้ายก็โดนบทเรียนครั้งใหญ่ ก็เรียกได้ว่าเข็ดกับความรักไปนาน นานจนลืมแล้วว่าถ้ามีแฟนต้องทำตัวยังไง", "date": "19-02-2019 11:33", "retweet": 0, "like": 0}, {"id": "1097715355076636672", "url": "https://twitter.com/RealHorita/status/1097715355076636672", "username": "", "text": "เราไม่เคยติดในเฟรนโซนเลยอ่ะ ไม่เคยแอบชอบเพื่อนเลย แต่เคยคบเพื่อนเป็นแฟนนะ เคยให้โอกาสเพื่อนเปลี่ยนสถานะ สุดท้ายก็ไม่รอดอ่ะ เพราะในขณะที่อีกฝ่ายรู้สึกกับเรามากขึ้นเรื่อยๆ ความรู้สึกเรายังอยู่ที่ศูนย์อยู่เลย", "date": "19-02-2019 11:31", "retweet": 0, "like": 0}, {"id": "1097539012451921920", "url": "https://twitter.com/RealHorita/status/1097539012451921920", "username": "", "text": "SF9 ทำลายสถิติตัวเองทุกครั้งที่คัมแบค รอบนี้ได้กระแสจากละคร skycatle ด้วย ขอให้ต่อยอดได้ดีๆ ขอให้เป็นปีที่ดีของปลาเค้กทุกวง", "date": "18-02-2019 23:51", "retweet": 6, "like": 0}, {"id": "1097531179677306880", "url": "https://twitter.com/RealHorita/status/1097531179677306880", "username": "", "text": "ชาฮุนยิ่งโต ก็ยิ่งเหมือนลูกแมวขึ้นเรื่อยๆ อ่ะ", "date": "18-02-2019 23:19", "retweet": 1, "like": 0}, {"id": "1097528961171517440", "url": "https://twitter.com/RealHorita/status/1097528961171517440", "username": "", "text": "บอกตรงๆ เมื่อเช้าเห็นชาร์ตยังคิดว่าเพลงจะหลุดแล้ว ที่ไหนได้ กลับเข้ามาแถมขึ้นสูงกว่าเดิมอีก อหหหห น้ำตาแม่จะไหล", "date": "18-02-2019 23:11", "retweet": 0, "like": 0}, {"id": "1097521570719752192", "url": "https://twitter.com/RealHorita/status/1097521570719752192", "username": "", "text": "คิดเหมือนทุกคน ที่อยากให้กวางจินอยู่ตรงนี้ด้วยกัน", "date": "18-02-2019 22:41", "retweet": 0, "like": 0}, {"id": "1097520033918464000", "url": "https://twitter.com/RealHorita/status/1097520033918464000", "username": "", "text": "fnc stand ร่วมใจมากเว่อร์ #NFlying", "date": "18-02-2019 22:35", "retweet": 12, "like": 0}, {"id": "1097519026803101696", "url": "https://twitter.com/RealHorita/status/1097519026803101696", "username": "", "text": "เอาว่ะ!!! ด่าทุกวันจนน้องได้คัมแบคชะ pic.twitter.com/L4BfOtZbdW", "date": "18-02-2019 22:31", "retweet": 0, "like": 0}, {"id": "1097518518939992064", "url": "https://twitter.com/RealHorita/status/1097518518939992064", "username": "", "text": "เหน่ยจะเดา", "date": "18-02-2019 22:29", "retweet": 0, "like": 0}, {"id": "1097518043628920833", "url": "https://twitter.com/RealHorita/status/1097518043628920833", "username": "", "text": "โรอุนก็บ่นน้องออกสื่อไปงั้นอ่ะ ความจริงก็คือเห่อน้อง รักน้องกว่าใคร ซึนเก่ง", "date": "18-02-2019 22:27", "retweet": 0, "like": 0}, {"id": "1097511997007003648", "url": "https://twitter.com/RealHorita/status/1097511997007003648", "username": "", "text": "Watch \"แพ้ทุกที - Fellow Fellow\" on YouTube - https:// youtu.be/Xy9SoVdYn58", "date": "18-02-2019 22:03", "retweet": 0, "like": 0}, {"id": "1097511694207610880", "url": "https://twitter.com/RealHorita/status/1097511694207610880", "username": "", "text": "กันป้ะ ปวดหัวกับเด็กพวกนี้", "date": "18-02-2019 22:02", "retweet": 0, "like": 0}, {"id": "1097510919830044673", "url": "https://twitter.com/RealHorita/status/1097510919830044673", "username": "", "text": "ไม่ใช่แค่เอ็นเฟียแตกตื่นนะ สแตนค่ายก็แตกตื่นไม่แพ้กัน ลุ้นไม่แพ้กัน เงียบที่สุดคือค่ายอ่ะ #NFlying", "date": "18-02-2019 21:59", "retweet": 1, "like": 0}, {"id": "1097510674203172865", "url": "https://twitter.com/RealHorita/status/1097510674203172865", "username": "", "text": "อยากรู้เหตุการณ์หลังจากนี้ @titlekplee #titlekrt pic.twitter.com/9Q0MMGXdmq", "date": "18-02-2019 21:58", "retweet": 1, "like": 0}, {"id": "1097509965160312832", "url": "https://twitter.com/RealHorita/status/1097509965160312832", "username": "", "text": "How r u today ก็เพราะ แบบเปิดให้เพื่อนฟังเพื่อนยังบอกเพราะ #NFlying", "date": "18-02-2019 21:55", "retweet": 2, "like": 2}, {"id": "1097508568931000320", "url": "https://twitter.com/RealHorita/status/1097508568931000320", "username": "", "text": "อย่าแย่งซิคุณ", "date": "18-02-2019 21:50", "retweet": 0, "like": 0}, {"id": "1097507769010159616", "url": "https://twitter.com/RealHorita/status/1097507769010159616", "username": "", "text": "มาดีใจกับน้องหน่อยมั้ยแกกกก เพลงติดชาร์ตหลายวันละ เงียบจังแกรรร @FNC_ENT @NFlyingofficial", "date": "18-02-2019 21:46", "retweet": 0, "like": 0}, {"id": "1097507542521995266", "url": "https://twitter.com/RealHorita/status/1097507542521995266", "username": "", "text": "แบบชั้นต้องนอน เพราะเบลอมากแล้ว ไปกินข้าวจะเช็คบิลก็หยิบมันบดไปจ่ายเงิน แทนที่จะหยิบบิลไปจ่ายเงิน ขึ้น รฟฟ ก็ลงผิดสถานี คือไปหมดแล้วสมองวันนี้", "date": "18-02-2019 21:46", "retweet": 0, "like": 0}, {"id": "1097506063186685952", "url": "https://twitter.com/RealHorita/status/1097506063186685952", "username": "", "text": "ตั้งแต่เป็น Fnc stand มา ไม่เคยลุ้นชาร์ตด้วยหัวใจสั่นระรัวขนาดนี้มาก่อนเลยอ่ะ #NFlying", "date": "18-02-2019 21:40", "retweet": 6, "like": 5}, {"id": "1097505606577975297", "url": "https://twitter.com/RealHorita/status/1097505606577975297", "username": "", "text": "ถ้า #Rooftop เจาะ melon Top10 ได้ แกว่าซึงฮยอบจะร้องไห้หนักแค่ไหน แงงงงงงงงง อยากให้ปลาเค้กให้น้องขึ้นสเตจอีกรอบอ่ะ กระแสกำลังมา มันเป็นช่วงที่ดี #NFlying", "date": "18-02-2019 21:38", "retweet": 12, "like": 2}, {"id": "1097504723161079808", "url": "https://twitter.com/RealHorita/status/1097504723161079808", "username": "", "text": "ถ้าจะตกชั้นได้ คือต้องเป็นตัวของตัวเองอ่ะ อย่ามางื้ออออออ ไม่อิน", "date": "18-02-2019 21:34", "retweet": 0, "like": 0}, {"id": "1097504567275573248", "url": "https://twitter.com/RealHorita/status/1097504567275573248", "username": "", "text": "ขอเถอะคร้าบบบ / ยิ้มมมม pic.twitter.com/na1m8mIvKU", "date": "18-02-2019 21:34", "retweet": 0, "like": 1}, {"id": "1097503838544683008", "url": "https://twitter.com/RealHorita/status/1097503838544683008", "username": "", "text": "มาสนิทกันเร็วๆ ลูกกกก", "date": "18-02-2019 21:31", "retweet": 0, "like": 0}, {"id": "1097487923295838209", "url": "https://twitter.com/RealHorita/status/1097487923295838209", "username": "", "text": "อันดับขึ้นสูงตอนเย็นๆ เพราะไรอ่ะ เพราะคนเลิกงานเลยฟังกันหรอ", "date": "18-02-2019 20:28", "retweet": 0, "like": 0}, {"id": "1097487782337904641", "url": "https://twitter.com/RealHorita/status/1097487782337904641", "username": "", "text": "อหหหหหหหหห ไปแตะ top 10 ให้ได้!!!!! ไปลูกกกก #Rooftop", "date": "18-02-2019 20:27", "retweet": 0, "like": 0}, {"id": "1097454040370147328", "url": "https://twitter.com/RealHorita/status/1097454040370147328", "username": "", "text": "จะไปฟชว เดือนหน้ากันรึป้ะ จะได้กดตั๋ว", "date": "18-02-2019 18:13", "retweet": 0, "like": 0}, {"id": "1097440349415366657", "url": "https://twitter.com/RealHorita/status/1097440349415366657", "username": "", "text": "จับตาดูให้ดี!!! Rising song of 2019: N.flying - Rooftop https:// pantip.com/topic/38566150 #pantip via @pantip1996", "date": "18-02-2019 17:19", "retweet": 0, "like": 2}, {"id": "1097434375698800645", "url": "https://twitter.com/RealHorita/status/1097434375698800645", "username": "", "text": "จีวอนสมวิชวลมาก คนอื่นยังมีแอบไม่รอด แต่จีวอนยังสวยอ่ะ #cherrybullet https:// twitter.com/news_ade/statu s/1097359153452834818 …", "date": "18-02-2019 16:55", "retweet": 0, "like": 2}, {"id": "1097433366058565633", "url": "https://twitter.com/RealHorita/status/1097433366058565633", "username": "", "text": "แล้ววาทกรรมแบบ \"เผด็จการรัฐสภา\" \"ล้มเจ้า\" \"รัฐบาลพลเรือนโกงกิน\" แม่งก็มุกเดิมซ้ำๆ ผ่านมากี่สิบปีก็วนเวียนอยู่แค่นี้ ดักดานชิบหายประเทศกุ", "date": "18-02-2019 16:51", "retweet": 0, "like": 0}, {"id": "1097432839019061248", "url": "https://twitter.com/RealHorita/status/1097432839019061248", "username": "", "text": "เคยได้ยินมานานแล้วว่า ที่รัฐบาลต้องเอาใจทหารให้งบกลาโหมเยอะๆ ทางนึงเพื่อป้องกันไม่ให้เกิดรัฐประหาร ตอนได้ยินตอนแรกๆ ก็ไม่เชื่อหรอก จนหลายปีมานี้ก็เริ่มคิดว่าจริงแหละ เพราะขาดแค่ชูนโยบายยังโดนขู่ฟ่อๆๆๆ ทหารหรืองู่เห่า หรืองูพิษ #หนักแผ่นดิน", "date": "18-02-2019 16:49", "retweet": 3, "like": 1}, {"id": "1097432014716694528", "url": "https://twitter.com/RealHorita/status/1097432014716694528", "username": "", "text": "ถ้าตามอ่าน ปวศ จะรู้ว่าสุดท้ายแล้วที่ทหารลุกมาทำรัฐประหารเพราะฝ่ายตัวเองกำลังจะเสียผลประโยชน์ และยอมไม่ได้ถ้ารัฐบาลพลเรือนได้รับความนิยม แล้วพอรัฐประหารเสร็จ หัวหน้ารัฐประหารก็พยายามสืบทอดอำนาจทุกครั้ง ใครกันแน่ฉุดไม่ให้ประเทศเจริญ ใครกันแน่ที่ #หนักแผ่นดิน", "date": "18-02-2019 16:45", "retweet": 11, "like": 3}, {"id": "1097430013249433600", "url": "https://twitter.com/RealHorita/status/1097430013249433600", "username": "", "text": "พ่อตัวเองก็ทำรัฐประหารเพราะข่าวจะโดนปลดจากตำแหน่ง วันนี้ลูกมาบอกให้ ปชช ฟังเพลง #หนักแผ่นดิน ถามจริงงงงงงงงงงงงงงงงงงงงงง", "date": "18-02-2019 16:37", "retweet": 5, "like": 2}, {"id": "1097417974749614080", "url": "https://twitter.com/RealHorita/status/1097417974749614080", "username": "", "text": "[예능연구소 직캠] CHANI - Fools + I Like It, 찬희 - Fools + I Like It @Show Music Core 20190216 https:// youtu.be/zbMDulzeKY0 via @YouTube", "date": "18-02-2019 15:50", "retweet": 0, "like": 0}, {"id": "1097368129699639297", "url": "https://twitter.com/RealHorita/status/1097368129699639297", "username": "", "text": "พน มิวเซียมสยามเปิดป้ะ", "date": "18-02-2019 12:32", "retweet": 0, "like": 0}, {"id": "1097357420437954560", "url": "https://twitter.com/RealHorita/status/1097357420437954560", "username": "", "text": "อ่อออ พอดีเรายังไม่ได้ลองค่ะ แต่กลัวอยู่เพราะเราผิวแพ้ง่าย ขอบคุณค่ะ", "date": "18-02-2019 11:49", "retweet": 0, "like": 0}, {"id": "1097355423005331457", "url": "https://twitter.com/RealHorita/status/1097355423005331457", "username": "", "text": "ขอถามหน่อยได้มั้ยคะ ตัวเองผิวแบบไหนอ่ะคะ ถึงแพ้ตัวนี้ ใช้ผิวแพ้ง่ายรึเปล่าคะ?", "date": "18-02-2019 11:41", "retweet": 0, "like": 0}, {"id": "1097352154019287041", "url": "https://twitter.com/RealHorita/status/1097352154019287041", "username": "", "text": "ตอนอยู่เกาหลีอ่ะ ช่วงที่น้องยังโปรโมทกัน ชั้นตื่นมาเจอไลฟ์น้องทุกวันเลยอ่ะ Mnet เอามารีรัน แบบเปิดโทรทัศน์เจอทุกวันนนน มี #Rooftop #NFlying กับ Gotta go ชองฮา ละก็เพลงของเลิฟลิซ", "date": "18-02-2019 11:28", "retweet": 0, "like": 0}, {"id": "1097337774858850305", "url": "https://twitter.com/RealHorita/status/1097337774858850305", "username": "", "text": "บทความนี้พูดถึงสาเหตุที่ #Rooftop ติดชาร์ตอ่ะ แล้วมีคนที่ได้อ่านบทความนี้ตามไปฟังเพลงอีก คือดีอ่ะ #NFlying fromtheqoo: song that was talked about a lot in community sites and is now charting in Melon.jpg http:// disq.us/t/3bpmk5j", "date": "18-02-2019 10:31", "retweet": 0, "like": 0}, {"id": "1097325263266897920", "url": "https://twitter.com/RealHorita/status/1097325263266897920", "username": "", "text": "พอบอกจะตัดงบกลาโหม กองทัพก็ไม่พอใจเลยน้าาาาาาาาาาาาาาาาา https:// twitter.com/WassanaNanuam/ status/1097306313271328768 …", "date": "18-02-2019 09:41", "retweet": 0, "like": 0}]