[{"id": "1099145981499600896", "url": "https://twitter.com/ReporterTRnews/status/1099145981499600896", "username": "", "text": "ไขที่มา “พวงมาลัยดอกดาวเรือง” คล้องคอ “นักการเมือง” สัญลักษณ์คนรัก อาวุธคนชัง https://www. thairath.co.th/content/1500716 #ข่าว #ไทยรัฐ #Thairath #เลือกตั้ง #เลือกตั้ง62 #การเมือง #พวงมาลัย", "date": "23-02-2019 10:16", "retweet": 0, "like": 1}, {"id": "1098818646237794304", "url": "https://twitter.com/ReporterTRnews/status/1098818646237794304", "username": "", "text": "พิกัดล่าสุด \"29 ตึกร้าง\" ใน \"19 เขตกทม.\" ทุ่งครุเสี่ยงสุด \"ข่มขืน จี้ ปล้น\" https://www. thairath.co.th/content/1497286 #ข่าว #ไทยรัฐ #Thairath #ตึกร้าง #ข่มขืน #ทุ่งครุ", "date": "22-02-2019 12:35", "retweet": 0, "like": 1}, {"id": "1098426440796667904", "url": "https://twitter.com/ReporterTRnews/status/1098426440796667904", "username": "", "text": "เปิดนโยบาย 4 พรรคการเมือง ปฏิรูปกองทัพ ตัดงบกลาโหม ลดไขมันส่วนเกิน! https://www. thairath.co.th/content/1500955 #ข่าว #ไทยรัฐ #Thairath #เลือกตั้ง #เลือกตั้ง62 #ปฏิรูปกองทัพ #ยกเลิกเกณฑ์ทหาร", "date": "21-02-2019 10:37", "retweet": 0, "like": 0}, {"id": "1098425254454542336", "url": "https://twitter.com/ReporterTRnews/status/1098425254454542336", "username": "", "text": "ทำอะไรมาบ้าง? เปิดโปรไฟล์ 8 แคนดิเดตนายกฯ ก่อนลงสมรภูมิเลือกตั้ง62 https://www. thairath.co.th/content/1499968 #ข่าว #ไทยรัฐ #Thairath #เลือกตั้ง #เลือกตั้ง62", "date": "21-02-2019 10:32", "retweet": 1, "like": 0}, {"id": "1098424874194751488", "url": "https://twitter.com/ReporterTRnews/status/1098424874194751488", "username": "", "text": "โฆษกเทวดา หัวโจกฝ่ายซ้าย โดนปาด้วยรองเท้า ก้าวแรกการเมือง 3 แคนดิเดตนายกฯ https://www. thairath.co.th/content/1497328 #ข่าว #ไทยรัฐ #Thairath #เลือกตั้ง #เลือกตั้ง62", "date": "21-02-2019 10:31", "retweet": 0, "like": 0}, {"id": "1098059958476656642", "url": "https://twitter.com/ReporterTRnews/status/1098059958476656642", "username": "", "text": "ปากท้อง หนี้สิน ที่ดินทำกิน ประชันนโยบายเศรษฐกิจ 4 พรรคการเมือง https://www. thairath.co.th/content/1499990 #ข่าว #ไทยรัฐ #Thairath #นโยบายเศรษฐกิจ #พรรคการเมือง #เลือกตั้ง #เลือกตั้ง62", "date": "20-02-2019 10:21", "retweet": 0, "like": 0}, {"id": "1098059587972849664", "url": "https://twitter.com/ReporterTRnews/status/1098059587972849664", "username": "", "text": "ถูกด่าโกง ทรยศ กลั่นความรู้สึก ลูกบุญทรง ติดคุกแทนพ่อก็ยอม! (คลิป) https://www. thairath.co.th/content/1496320 #ข่าว #ไทยรัฐ #Thairath #การเมืองTheSeries #บุญทรง #จำนำข้าว #เลือกตั้ง #เลือกตั้ง62", "date": "20-02-2019 10:19", "retweet": 0, "like": 1}, {"id": "1097700591319445504", "url": "https://twitter.com/ReporterTRnews/status/1097700591319445504", "username": "", "text": "ส่องนโยบายเด็ด 4 พรรคการเมือง ตั้งแต่เกิดยันแก่ คนไทยได้อะไรบ้าง https://www. thairath.co.th/content/1499160 #ข่าว #ไทยรัฐ #Thairath #เลือกตั้ง2562 #เลือกตั้งปี62 #เลือกตั้ง #การเมือง", "date": "19-02-2019 10:33", "retweet": 0, "like": 0}, {"id": "1097700215409135618", "url": "https://twitter.com/ReporterTRnews/status/1097700215409135618", "username": "", "text": "กินเนื้อวันละฝ่ามือ แม่ทำเพื่อลูก 2 เดือนลดน้ำหนัก10 โล ใจล้วนๆ ไม่พึ่งยา https://www. thairath.co.th/content/1494553 #ข่าว #ไทยรัฐ #Thairath #ลดน้ำหนัก", "date": "19-02-2019 10:31", "retweet": 0, "like": 0}, {"id": "1097699973976666112", "url": "https://twitter.com/ReporterTRnews/status/1097699973976666112", "username": "", "text": "ชม Super Full Moon คืนวันมาฆบูชา - https://www. thairath.co.th/infographic/24 75 … #วันมาฆบูชา #ซุปเปอร์ฟูลมูน #SuperFullMoon #พระจันทร์", "date": "19-02-2019 10:30", "retweet": 0, "like": 0}, {"id": "1097443997654503426", "url": "https://twitter.com/ReporterTRnews/status/1097443997654503426", "username": "", "text": "เจาะตลาด 5 ร้านชานมไข่มุกชื่อดัง จากงบการเงินที่ได้แจ้งไว้กับกรมพัฒนาธุรกิจการค้า ปี 2560 https://www. thairath.co.th/content/1496493 #ข่าว #ไทยรัฐ #Thairath #ชาไข่มุก #ชานมไข่มุก pic.twitter.com/oldzyblcdw", "date": "18-02-2019 17:33", "retweet": 0, "like": 0}, {"id": "1097327171805138950", "url": "https://twitter.com/ReporterTRnews/status/1097327171805138950", "username": "", "text": "ชาไข่มุกฟีเวอร์! เจาะตลาด 5 ร้านชานมไข่มุกชื่อดัง ยี่ห้อไหนขายดีสุด? https://www. thairath.co.th/content/1496493 #ข่าว #ไทยรัฐ #Thairath #ชาไข่มุก #ชานมไข่มุก", "date": "18-02-2019 09:49", "retweet": 0, "like": 0}]