[{"id": "1099290525977329664", "url": "https://twitter.com/RishadanPort/status/1099290525977329664", "username": "", "text": "รินะเม้นท์​ตอบผมด้วยล่ะ​ น่ารักกกกก​ #IzurinaBNK48 pic.twitter.com/lPaP1eqGtv", "date": "23-02-2019 19:50", "retweet": 5, "like": 11}, {"id": "1098769895561392128", "url": "https://twitter.com/RishadanPort/status/1098769895561392128", "username": "", "text": "แล้วจะฟอลทำไม​ 555", "date": "22-02-2019 09:22", "retweet": 0, "like": 0}, {"id": "1098606883991113733", "url": "https://twitter.com/RishadanPort/status/1098606883991113733", "username": "", "text": "มีแต่คนโง่และคนที่ได้ประโยชน์จากระบอบเท่านั้นที่ชอบระบอบที่สืบทอดอำนาจทางสายเลือด​ มีอำนาจเต็ม​ ประชาชนไม่สามารถตรวจสอบ​-วิจารณ์​ได้​ ใครกล้าหือก็ติดคุก​ 3-15​ ปี​ ไม่ก็​ถูก​อุ้มหาย", "date": "21-02-2019 22:34", "retweet": 1, "like": 4}, {"id": "1098429441712087040", "url": "https://twitter.com/RishadanPort/status/1098429441712087040", "username": "", "text": "เอาไปโต้เพลง​ #หนักแผ่นดิน ​ พวกศักดินาสิหนักแผ่นดินต้องโค่นมันให้สิ้นซาก https:// youtu.be/rv5tbROr4_Q", "date": "21-02-2019 10:49", "retweet": 2, "like": 2}, {"id": "1097700863873699840", "url": "https://twitter.com/RishadanPort/status/1097700863873699840", "username": "", "text": "มิวนิค​ RSDP https:// youtu.be/M96-I22C8og", "date": "19-02-2019 10:34", "retweet": 0, "like": 0}, {"id": "1097692819269926913", "url": "https://twitter.com/RishadanPort/status/1097692819269926913", "username": "", "text": "คนที่​ #หนักแผ่นดิน ​ ตัวจริงน่ะ​ คือ​ #กษัตริย์ ​ ราชวงศ์​ กองทัพ​ ตุลาการ​ และเครือข่ายกษัตริย์​ทั้งหมดนั่นแหละ​ โดยเฉพาะ​ที่แดกเงินภาษีประชาชน​ ไอ้ส้นตีน", "date": "19-02-2019 10:02", "retweet": 1, "like": 4}]