[{"id": "1099247140579078144", "url": "https://twitter.com/RmuayyS/status/1099247140579078144", "username": "", "text": "ตอนแรกก็คิดไว้แล้วแหละว่า มีบางกลุ่มเขาทำทุกวิถีทางให้ตัวเองชนะการเลือกตั้ง แล้วเราจะมั่นใจได้อย่างไรว่าคะแนนเสียงที่เราลงให้พรรคต่างๆมันจะถูกต้องโปร่งใสจริงๆ แต่ตอนนี้พรรคอนาคตใหม่เขาทำได้ เขามีวิธีแก้ไขปัญหานี้แล้ววววจริงๆ #ก็มาสิคะ #futurista pic.twitter.com/4hHTVSicww", "date": "23-02-2019 16:58", "retweet": 5, "like": 5}, {"id": "1099221489100906496", "url": "https://twitter.com/RmuayyS/status/1099221489100906496", "username": "", "text": "เรารักผู้หญิงคนนี้ คุณช่อคุณคือไอดอล #พรรคอนาคตใหม่ pic.twitter.com/OoMR2SdsaS", "date": "23-02-2019 15:16", "retweet": 1, "like": 2}, {"id": "1098248969908453376", "url": "https://twitter.com/RmuayyS/status/1098248969908453376", "username": "", "text": "น้ำตาจะไหล https:// twitter.com/P_JACK852/stat us/1098141446421368833 …", "date": "20-02-2019 22:52", "retweet": 0, "like": 0}, {"id": "1098247764914319361", "url": "https://twitter.com/RmuayyS/status/1098247764914319361", "username": "", "text": "สัญญาว่าถ้าเกิดอะไรขึ้นกับคุณธนาธร จะรีบเก็บเงินแล้วย้ายประเทศจร้าาา ประเทศแม่งไม่น่าอยู่จริงๆ แสดงความคิดเห็นอะไรไม่ได้เลย ปิดหูปิด เอาแต่ความคิดตัวเอง นี่หรอ ประเทศประชาธิปไตย #savethanathorn", "date": "20-02-2019 22:47", "retweet": 9, "like": 9}]