[{"id": "1098979309237104640", "url": "https://twitter.com/rootof71/status/1098979309237104640", "username": "", "text": "ฮือออ อยากไป แต่เพิ่งบินมาเชียงใหม่ตะกี้", "date": "22-02-2019 23:14", "retweet": 0, "like": 0}, {"id": "1098907963534671872", "url": "https://twitter.com/rootof71/status/1098907963534671872", "username": "", "text": "ดู ep แรกๆกับแฟนจนเลิกไปหลายปีละ นี่คุณ @johnwinyu กับพ่อหมอ @fuxsuxlux ยังไม่โดนเรียกอีกเหรอ //หยอกๆ ep นี้ขำจนท้องแข็งจริงๆ", "date": "22-02-2019 18:30", "retweet": 0, "like": 0}, {"id": "1098887171421818880", "url": "https://twitter.com/rootof71/status/1098887171421818880", "username": "", "text": "ลองดูดีเบตหัวข้อเกี่ยวกับการแก้ปัญหาด้านเศรษฐกิจทาง Matichon เมื่อคืน มีคุณชัชชาติ / คุณกรณ์ / คุณธนาธร / คุณสนธิรัตน์ อันนี้จะพอเห็นภาพการแก้ปัญหาทาง ศก. ของแต่ละพรรคค่ะ ค่อนข้างสนุกและน่าสนใจ", "date": "22-02-2019 17:08", "retweet": 0, "like": 2}, {"id": "1098773476519817217", "url": "https://twitter.com/rootof71/status/1098773476519817217", "username": "", "text": "เพื่อน : ถ้าเค้าแจกเงินจริง เมิงรับมั้ย? ... ... เรา : รับ กูจะคิดซะว่า ได้ tax refund แล้วก็กาพรรคอื่น 55555 #เลือกตั้ง62", "date": "22-02-2019 09:36", "retweet": 0, "like": 0}, {"id": "1098772649407262721", "url": "https://twitter.com/rootof71/status/1098772649407262721", "username": "", "text": "ประชาธิปไตยเริ่มต้นจากการรับฟังความเห็นที่แตกต่างของคนใน FB ใน ทวิตเตอร์ (เว้นแต่ว่าจะหยาบคายเกินไป อันนั้นก็ Unfollow ซะ) #อนาคตใหม่ #ฟ้ารักพ่อ #เลือกตั้ง62", "date": "22-02-2019 09:33", "retweet": 0, "like": 1}, {"id": "1098460181808074754", "url": "https://twitter.com/rootof71/status/1098460181808074754", "username": "", "text": "อันนี้สงสัยไม่ได้กวน คือถ้างบทหารโตสอดคล้องกับ GDP growth ถือว่าไม่แปลกจริงเหรอ นี่เข้าใจผิดมาตลอดเหรอว่า GDP เพิ่มเกิดจากปท. Generate รายได้เพิ่ม สรุปคืองบทหารที่ให้ไปสามารถ generate รายได้ให้ปท.เพิ่มได้ เราเลยไม่ควรลดเหรอ #เลือกตั้ง62 #อนาคตใหม่ #เพื่อไทย #ประชาธิปัตย์", "date": "21-02-2019 12:51", "retweet": 1, "like": 1}, {"id": "1098445150957690882", "url": "https://twitter.com/rootof71/status/1098445150957690882", "username": "", "text": "รางวัลของการเป็นคนดีคือโล่ห์ รางวัลของการเป็นคนเก่งคือเงิน", "date": "21-02-2019 11:51", "retweet": 0, "like": 0}, {"id": "1098438705948241920", "url": "https://twitter.com/rootof71/status/1098438705948241920", "username": "", "text": "เราไม่ได้หวังให้ทั้งบ้านเลือก #อนาคตใหม่ นะ เพราะเราก็บอกที่บ้านว่า อยากเลือกใครก็เลือก แต่ไป #เลือกตั้ง62 นะ เพราะถ้าไม่เลือก ลุงจะยังอยู่ ก็ตกลงว่าจะไปกันทั้งบ้านจ้า", "date": "21-02-2019 11:26", "retweet": 0, "like": 0}, {"id": "1098275775097200641", "url": "https://twitter.com/rootof71/status/1098275775097200641", "username": "", "text": "New SAT Test first round of 2019 is 9th of March. Less Read, Practice More", "date": "21-02-2019 00:38", "retweet": 0, "like": 0}, {"id": "1098274235024166912", "url": "https://twitter.com/rootof71/status/1098274235024166912", "username": "", "text": "ไม่รู้ว่า Meeting ที่สยามวันนี้แพลนไว้ก่อน หรือเกิดกะทันหัน เพราะโปรโมทงานไล่เลี่ยกับตอนที่ข่าวออกมา แต่เป็นซีนที่เหมาะสม คือทั้งได้พบปชช. ได้พื้นที่สื่อทำข่าวให้แบบประหยัดงบ ที่สำคัญ ทำให้ลุงเห็นทางอ้อมว่า มีปชช. ที่อยากได้ประชาธิปไตย #อนาคตใหม่ #Savethanathorn #ฟ้ารักพ่อ", "date": "21-02-2019 00:32", "retweet": 12, "like": 8}, {"id": "1098244417360547841", "url": "https://twitter.com/rootof71/status/1098244417360547841", "username": "", "text": "คู่ต่อสู้ที่น่ากลัว คือคู่ต่อสู้ที่ไม่เห็นเราเป็นคู่ต่อสู้ แล้วก็เดินหน้าทำหน้าที่ของตัวเองไป นี่แอบสนุกนะ อยากรู้ลุงจะโชว์แสนยานุภาพอะไรให้ ปชช. เห็นไส้เห็นพุงอีก จะรอช่วยรีทวิตแฮชแทกใหม่ๆเลย #ฟ้ารักพ่อ #Savethanathorn #อนาคตใหม่ #เลือกตั้ง62", "date": "20-02-2019 22:34", "retweet": 6, "like": 3}, {"id": "1098239411836211201", "url": "https://twitter.com/rootof71/status/1098239411836211201", "username": "", "text": "ถ้าเป็นลุงเราก็กลัว #ธนาธร เค้าไม่อยากรวย ไม่อยากเป็นนายก เค้าอยากให้คนไป #เลือกตั้ง เค้าไม่กลัวติดคุก เพราะ #อนาคตใหม่ คืออุดมการณ์ เค้าไม่กลัวโดนขุด โดนสาดโคลน กูจะเอา #ประชาธิปไตย ไม่เอาทหาร แล้วก็พูดซ้ำๆ เหมือนลุงตีลม ตีอุดมการณ์ที่จับต้องไม่ได้แต่พลังแรงมาก #Savethanathorn", "date": "20-02-2019 22:14", "retweet": 18, "like": 12}, {"id": "1098192104671473664", "url": "https://twitter.com/rootof71/status/1098192104671473664", "username": "", "text": "พรรคส่งครบ 350 เขตนะคะ ลองเข้าไปดูในเวปดูค่ะ", "date": "20-02-2019 19:06", "retweet": 0, "like": 0}, {"id": "1098132061708115968", "url": "https://twitter.com/rootof71/status/1098132061708115968", "username": "", "text": "โพลหลอกประชาชนได้ แต่โพลหลอกตัวเองไม่ได้สินะ กลัวเด็กจนเป็นที่มาของ #Savethanathorn #อนาคตใหม่", "date": "20-02-2019 15:07", "retweet": 62, "like": 26}, {"id": "1098123686526169088", "url": "https://twitter.com/rootof71/status/1098123686526169088", "username": "", "text": "คนทุกคนมีข้อดีข้อเสียไม่มีใครดีร้อยเปอร์เซ็นต์เราไม่ได้เลือกคนที่ดีที่สุดบางครั้งเราเลือกคนที่เรารับข้อเสียเขาได้มากที่สุด #การเมืองก็เช่นกัน #เลือกตั้ง62", "date": "20-02-2019 14:34", "retweet": 0, "like": 1}, {"id": "1098079561273683969", "url": "https://twitter.com/rootof71/status/1098079561273683969", "username": "", "text": "ศัพท์ในทวิตที่ชอบตอนนี้คือ ‘Gu ask real?’", "date": "20-02-2019 11:39", "retweet": 0, "like": 0}, {"id": "1097819740792184832", "url": "https://twitter.com/rootof71/status/1097819740792184832", "username": "", "text": "สมัครแอคมาทวีตให้ความรู้เรื่อง #newsat #satmath ออกทะเลไปการเมืองได้ไง", "date": "19-02-2019 18:26", "retweet": 0, "like": 0}, {"id": "1097796350681346048", "url": "https://twitter.com/rootof71/status/1097796350681346048", "username": "", "text": "ไม่ทราบค่ะ ไม่ได้มีส่วนเกี่ยวข้องกับคุณธนาธรแค่ไปหาข้อเท็จจริงมาแสดง อันนี้เป็น Post เมื่อ เมย. 61 ตั้งแต่พรรคยังไม่เป็นที่รู้จักมาก ตอนนี้สถานการณ์เปลี่ยน เหตุการณ์เปลี่ยน ถ้าได้รับเลือกขึ้นมาจริงๆ คงต้องหาแนวทางที่เหมาะสมคงไม่ได้ทำโดยพลการ และเท่าที่ตามมาดูก็ไม่ใช่นโยบายหลัก", "date": "19-02-2019 16:53", "retweet": 0, "like": 0}, {"id": "1097751855906512897", "url": "https://twitter.com/rootof71/status/1097751855906512897", "username": "", "text": "อยากพูดประเด็น #โรฮิงญา ที่มีคนโจมตีคุณ #ธนาธร มาก เราไปหามามีการโพสต์จริง แต่อยากให้อ่านถึง comment ที่ชี้แจงเพิ่มถึงแนวทางจัดการ มันคือเจรจาให้ยุติการละเมิดจะได้ลดการอพยพ ส่วนที่เข้ามาแล้วถึงจะสร้างงานให้ คงไม่มีใครไปรับมาสร้างปัญหาให้ปท.ตัวเองหรอกค่ะ #อนาคตใหม่ #ฟ้ารักพ่อ pic.twitter.com/TvHseKwwla", "date": "19-02-2019 13:56", "retweet": 120, "like": 34}]