[{"id": "1099330426819112960", "url": "https://twitter.com/RoseZira/status/1099330426819112960", "username": "", "text": "ข่าว #ป๊อปปองกูล นี่คือคบกับ อ.ปลา 14ปี เพื่อนร่วมงานรู้ ครอบครัวรู้ ส่วน k.โบว์ คบมา 10 ปี ออกสื่อ แฟนคลับรู้ เพื่อนในวงการรู้ อย่างงี้เหรอ omgggg!! สงสารผู้หญิงอะ", "date": "23-02-2019 22:29", "retweet": 18, "like": 6}, {"id": "1098854721425571840", "url": "https://twitter.com/RoseZira/status/1098854721425571840", "username": "", "text": "แม่ลุคนี้ บาร์บี้สุดดดๆๆ #JPartyinBKK2019 pic.twitter.com/oPImXP16fi", "date": "22-02-2019 14:59", "retweet": 56, "like": 34}, {"id": "1097345356176621568", "url": "https://twitter.com/RoseZira/status/1097345356176621568", "username": "", "text": "#최강창민생일축하해 #HappyBirthdayChangmin #HappyChangminDay #HappyMaxDay pic.twitter.com/lFuhCgET2T", "date": "18-02-2019 11:01", "retweet": 3, "like": 1}]