[{"id": "1099238526472794112", "url": "https://twitter.com/RoSyRouTe/status/1099238526472794112", "username": "", "text": "ตรวจสอบรายละเอียด #เลือกตั้งนอกเขต 17 มี.ค. 62 หวังว่าบัตรจะปลอดภัยไม่ถูกสับเปลี่ยนจนถึงเวลานับคะแนน 24 มี.ค.... => https://www. bora.dopa.go.th/Election/Elece nter/outvote/enq/index.php … https://www. facebook.com/20839768752012 65/posts/2207787582820193?sfns=mo … #อนาคตใหม่ #เพื่อไทย #ประชาธิปัตย์ #พลังประชารัฐ +++ #เลือกตั้งปี62 #Futurista #ฟ้ารักพ่อ #Savethanathorn pic.twitter.com/0mXJLNqmRs", "date": "23-02-2019 16:24", "retweet": 1, "like": 0}, {"id": "1098865677706973184", "url": "https://twitter.com/RoSyRouTe/status/1098865677706973184", "username": "", "text": "one person followed me and one person unfollowed me // automatically checked by http:// fllwrs.com", "date": "22-02-2019 15:42", "retweet": 0, "like": 0}, {"id": "1098798548076847104", "url": "https://twitter.com/RoSyRouTe/status/1098798548076847104", "username": "", "text": "BabyBoom-GenXกำลังรู้สึกเสียอำนาจ อยากควบคุมข่มเหงแบบออกกฎเกณฑ์มาเข้าข้างตนเอง แต่ขัดกับหลักสิทธิมนุษยชนและเสรีภาพ ซึ่งคนGenY-Z ต้องการฉีกทุกกฎที่ไม่ทันโลก อะไรๆก็เปลี่ยนแปลงได้ ผิดถูกแก้ไขได้ตามกาลเวลา อย่ากลัวอนาคตจงกลัวประวัติศาสตร์ ซ้ำรอย #savethanathorn #savethanaton", "date": "22-02-2019 11:16", "retweet": 7, "like": 3}, {"id": "1098590931165552640", "url": "https://twitter.com/RoSyRouTe/status/1098590931165552640", "username": "", "text": "คนจะตกงานเยอะขึ้น ใช้เป็นจ็อบๆไปพอ ใช้เครื่องจักรใช้บอทแทนดีกว่า ไม่เกียง ไม่เถียง ไม่อู้ ไม่เบิกเงินล่วงหน้าด้วย", "date": "21-02-2019 21:31", "retweet": 0, "like": 1}, {"id": "1098587668131262465", "url": "https://twitter.com/RoSyRouTe/status/1098587668131262465", "username": "", "text": "ความจับได้คำถามลุงชูวิทย์ กูว่ามันแน่ๆ #อนาคตใหม่ #savethanatorn", "date": "21-02-2019 21:18", "retweet": 2, "like": 1}, {"id": "1098586966587695104", "url": "https://twitter.com/RoSyRouTe/status/1098586966587695104", "username": "", "text": "ดีเบต ไปเชียร์พ่อกัน #ฟ้ารักพ่อเพราะนโยบายของพ่อ #เลือกตั้งปี62 #Savethanathorn #อนาคตใหม่ #เพื่อไทย #ประชาธิปัตย์ #พลังประชารัฐ https://www. facebook.com/9mcot/videos/5 40626813111046?sfns=mo …", "date": "21-02-2019 21:15", "retweet": 0, "like": 0}, {"id": "1098564419359956995", "url": "https://twitter.com/RoSyRouTe/status/1098564419359956995", "username": "", "text": "อาจารย์ทำฟ้าใจบ่ดีอีกแล้ว @Thanathorn_FWP พ่อสู้ๆนะคะ #savethanathon https://www. facebook.com/10000348705185 7/posts/1848730218586529?sfns=mo … pic.twitter.com/tGs0uejW8J", "date": "21-02-2019 19:45", "retweet": 9, "like": 3}, {"id": "1098427658919002112", "url": "https://twitter.com/RoSyRouTe/status/1098427658919002112", "username": "", "text": "ครบปีแล้วเหรอ ความละมุนนั้น อร๊ายยยย #บุพเพสันนิวาส #โป๊ปเบลล่า️ #โป๊ปธนวรรธณ์ เป็นละครที่ทำให้เราชาวไทยใส่ชุดไทยออกจากบ้านแล้วรู้สึกภูมิใจ ปกติ ไม่แปลก อยากใส่ก็ใส่ได้ คือดีงาม https:// twitter.com/rosyroute/stat us/983230656107896832 …", "date": "21-02-2019 10:42", "retweet": 3, "like": 0}, {"id": "1098278886536704000", "url": "https://twitter.com/RoSyRouTe/status/1098278886536704000", "username": "", "text": "น้อมคำสอนพระพุทธเจ้า บ้างนะผู้เฒ่าทั้งหลาย #ผู้ไม่ถูกนินทาไม่มีในโลก มีลาภเสื่อมลาภ ยศเสื่อมยศ สรรเสริญเอาใจไปงั้น... #โลกธรรม8 พึ่งผ่าน #วันมาฆบูชา มาไม่กี่วันเอง สงบนิ่งสมเป็นผู้ใหญ่กว่าให้เด็กเกรงขามนับถือหน่อยนะคะ #ไม่เอาเผด็จการ #Savethanathorn pic.twitter.com/5haJs319vw", "date": "21-02-2019 00:51", "retweet": 1, "like": 3}, {"id": "1098270066703982592", "url": "https://twitter.com/RoSyRouTe/status/1098270066703982592", "username": "", "text": "ยิ่งอ่าน พรบ.คอม ม.14 (2) เหรอยิ่งไม่รู้สึกว่ามันเข้าตัวบท...ความมั่นคงเลยย ตัวทำลายมากกว่า #ไม่เอาเผด็จการ #savethanathorn #SaveThailand pic.twitter.com/Fj5NhOlMe2", "date": "21-02-2019 00:16", "retweet": 6, "like": 2}, {"id": "1098263704179625984", "url": "https://twitter.com/RoSyRouTe/status/1098263704179625984", "username": "", "text": "#ฟ้ารักพ่อเพราะนโยบายของพ่อ อ่านป.อาญา329(3) ต่อด้วย330 หมิ่นประมาทยิ่งจริงยิ่งเจ็บ...ไม่รู้ลุงแก่ๆหรือคนรุ่นใหม่จะเจ็บกว่ากัน #savethanathorn @Thanathorn_FWP สู้ๆนะคะพ่อ พิสูจน์กันไปเลย เป็นประโยชน์แก่ปชช แน่นอน #ไม่เอาลุง #ไม่เอาเผด็จการ pic.twitter.com/CCm92tIpmM", "date": "20-02-2019 23:50", "retweet": 6, "like": 1}, {"id": "1097834183601270784", "url": "https://twitter.com/RoSyRouTe/status/1097834183601270784", "username": "", "text": "นั่นเบี้ยประชุม ข้ามภพข้ามชาติหรืออะไร #พลังประชารัฐ #กองทัพ #ไม่เอาคสช #ไม่เอาลุงตู่ #หนักเเผ่นดิน #ประเทศกูมี https:// twitter.com/iLawclub/statu s/1097831750179409920 …", "date": "19-02-2019 19:24", "retweet": 3, "like": 2}, {"id": "1097732989306294272", "url": "https://twitter.com/RoSyRouTe/status/1097732989306294272", "username": "", "text": "ไม่มี #อนาคตใหม่ @Thanathorn_FWP จะเลือก พรรค #เกียน @nuling เอาให้บันเทิงกันทั้งสภา เวลามีปัญหาหรือนโยบายไร คงแก้ไขแบบจินตนาการบรรเจิดโลกตะลึง555 แบบทำลายล้างทุกทฤษฎีที่มีบนโลก", "date": "19-02-2019 12:41", "retweet": 1, "like": 1}, {"id": "1097653172846288896", "url": "https://twitter.com/RoSyRouTe/status/1097653172846288896", "username": "", "text": "คนอื่นสงบจิตสงบใจ กูทวิต การเมืองจ้า เดือดๆหลังพักไปหลายวัน #วันมาฆบูชา", "date": "19-02-2019 07:24", "retweet": 0, "like": 0}, {"id": "1097652726689804288", "url": "https://twitter.com/RoSyRouTe/status/1097652726689804288", "username": "", "text": "พวกทรราช เผด็จการ ลุงคงคิดแบบนี้สินะ ใคร #หนักแผ่นดิน ฟัง #ประเทศกูมี ไป๋ ยิ่งฟัง #ดีเบตเลือกตั้ง62 มันย้อนแย้งมาก รัฐบาลพลเรือนต้องอยู่เหนือทหาร แก้พรบ.กาาาลาาาโหม หุ่นมีสมองมีไม่ใช้ ไม่พัฒนา ใช้คนเท่าที่จำเป็นพอ #อนาคตใหม่ #ฟ้ารักพ่อเพราะนโยบายของพ่อ #ไม่เอาลุงตู่ #ไม่เอาคสช pic.twitter.com/QfOouxOTKf", "date": "19-02-2019 07:22", "retweet": 2, "like": 1}]