[{"id": "1099413775944278016", "url": "https://twitter.com/Sai_Poko/status/1099413775944278016", "username": "", "text": "หญิงไทยที่มีแฟนแล้ว 99.99% อยากเช็คโทรศัพท์และสืบประวัติแฟนตัวเอง วอนชายไทยโปรดเห็นใจ #ป๊อบปองกูล", "date": "24-02-2019 04:00", "retweet": 4, "like": 5}, {"id": "1099337083632513025", "url": "https://twitter.com/Sai_Poko/status/1099337083632513025", "username": "", "text": "คบมา 10 ปี 14 ปี ไม่มีทางที่ฝ่ายหญิงทั้งคู่จะไม่รู้ ทั้งคู่อาจจะยินยอมให้การคบกับเป็นไปในลักษณะนี้ #เราสองสามคน #ป๊อบปองกูล", "date": "23-02-2019 22:56", "retweet": 0, "like": 0}, {"id": "1099161416236392448", "url": "https://twitter.com/Sai_Poko/status/1099161416236392448", "username": "", "text": "แค่มีคนซื้อมาฝากก็ดีใจมากแล้ว", "date": "23-02-2019 11:17", "retweet": 0, "like": 0}, {"id": "1098749030224416768", "url": "https://twitter.com/Sai_Poko/status/1098749030224416768", "username": "", "text": "ผู้หญิงที่ตัดหน้าม้า จะมีสกิลสระผมเฉพาะหน้าม้าเพิ่มอัตโนมัติ เราด้วย5555555555555555555555555555555555555", "date": "22-02-2019 07:59", "retweet": 0, "like": 0}, {"id": "1098743736291360768", "url": "https://twitter.com/Sai_Poko/status/1098743736291360768", "username": "", "text": "อยากบอกมาร์คเหมือนกันว่า เราทำงานถึงวันตายเพื่อเอาเงินไปซัพพวกยู รักกกกกกกกกกกกกกก", "date": "22-02-2019 07:38", "retweet": 0, "like": 0}, {"id": "1098481479758168064", "url": "https://twitter.com/Sai_Poko/status/1098481479758168064", "username": "", "text": "เป็นสติ๊กเกอร์ที่เห็นก็ขำเลย 55555555555555555555555555 pic.twitter.com/y2Kbb5bwmE", "date": "21-02-2019 14:16", "retweet": 1, "like": 0}, {"id": "1098466202840555520", "url": "https://twitter.com/Sai_Poko/status/1098466202840555520", "username": "", "text": "เอาความตกใจของเราคืนมา 55", "date": "21-02-2019 13:15", "retweet": 0, "like": 0}, {"id": "1098459052575608832", "url": "https://twitter.com/Sai_Poko/status/1098459052575608832", "username": "", "text": "ไอทีบริษัทเราทำมันทุกอย่าง โทรศัพท์เสีย ไฟดับ แอร์พัง แต่พี่ๆเค้าก็ดูมีความสุขดี อาจเพราะไม่ได้ไปบังคับกะเกณฑ์งานเค้า เค้าเลยเต็มใจที่จะช่วยเหลือบริษัทในด้านอื่นๆ", "date": "21-02-2019 12:47", "retweet": 12, "like": 8}, {"id": "1098447904425967616", "url": "https://twitter.com/Sai_Poko/status/1098447904425967616", "username": "", "text": "ไปเวียนเทียนที่วัดก็เหลือรองเท้า 50 % กลับบ้านเหมือนกัน555", "date": "21-02-2019 12:02", "retweet": 73, "like": 18}, {"id": "1098442783629574144", "url": "https://twitter.com/Sai_Poko/status/1098442783629574144", "username": "", "text": "สงสัยต้องห้อยคอไว้ TT", "date": "21-02-2019 11:42", "retweet": 0, "like": 0}, {"id": "1098416810930532353", "url": "https://twitter.com/Sai_Poko/status/1098416810930532353", "username": "", "text": "ป๊าต้วนหล่อมาก ไม่คิดว่าหนุ่มๆจะหล่อขนาดนี้ pic.twitter.com/ge66nWkJIu", "date": "21-02-2019 09:59", "retweet": 0, "like": 0}, {"id": "1098415685561081856", "url": "https://twitter.com/Sai_Poko/status/1098415685561081856", "username": "", "text": "เราแอนตี้ติ่งตรงขอบจอของโทรศัพท์หลายรุ่น #GalaxyS10 เปิดตัวมามีจุดกล้องที่จอ คืออารายยยยยย มันดูรำคาญลูกตาอยากปัดออก อย่างอื่นสวยชอบหมดเกลียดจุดกล้องนี้แระ", "date": "21-02-2019 09:54", "retweet": 0, "like": 0}, {"id": "1098413336188747776", "url": "https://twitter.com/Sai_Poko/status/1098413336188747776", "username": "", "text": "S8หล่นไม่พังจริงแต่ ทำแบบเราซิโดนล้วงกระเป๋าหายเลย!", "date": "21-02-2019 09:45", "retweet": 0, "like": 0}, {"id": "1098412060075913217", "url": "https://twitter.com/Sai_Poko/status/1098412060075913217", "username": "", "text": "ชอบนะมันดูะเป็นนวัตกรรมใหม่ ดูล้ำๆ ดูมีลูกเล่น แต่ถามว่ามีประโยชน์ก็ต้องรอจับของจริง ถามอีกทีมีปัญญาซื้อไหม 555555555 #GalaxyFold", "date": "21-02-2019 09:40", "retweet": 0, "like": 0}, {"id": "1098260969086545921", "url": "https://twitter.com/Sai_Poko/status/1098260969086545921", "username": "", "text": "ขอดูรองเท้า 50% หน่อยค่ะ", "date": "20-02-2019 23:39", "retweet": 777, "like": 66}, {"id": "1098212059106267138", "url": "https://twitter.com/Sai_Poko/status/1098212059106267138", "username": "", "text": "ถ้าโดนเยอะอย่างนั้นจริงไม่ต้องยื่นฮอลยื่นประกันชีวิตให้", "date": "20-02-2019 20:25", "retweet": 5, "like": 8}, {"id": "1098129691007827969", "url": "https://twitter.com/Sai_Poko/status/1098129691007827969", "username": "", "text": "นึกคำด่าแม่ค้าไม่ออกเลยจริงๆ", "date": "20-02-2019 14:58", "retweet": 0, "like": 0}, {"id": "1098120995934691328", "url": "https://twitter.com/Sai_Poko/status/1098120995934691328", "username": "", "text": "คอมเม้นอื่นเราเข้าใจ แต่นกป่าคืออารายยยยยยยยย 55555", "date": "20-02-2019 14:23", "retweet": 0, "like": 2}, {"id": "1098021876893343750", "url": "https://twitter.com/Sai_Poko/status/1098021876893343750", "username": "", "text": "ไปไม่ถึงแบมๆ 5555555555555555555555555555555555555555555555555 https:// twitter.com/ipraeriiez/sta tus/1097888035276877824 …", "date": "20-02-2019 07:49", "retweet": 0, "like": 0}, {"id": "1098021360104697856", "url": "https://twitter.com/Sai_Poko/status/1098021360104697856", "username": "", "text": "ชอบประโยคนี้ เค้าถามถึงเมมเบอร์ แต่พี่จินเลือกจะเรียกว่าเด็กๆ ความออมม่านี้ https:// twitter.com/ipraeriiez/sta tus/1097882200719089665 …", "date": "20-02-2019 07:47", "retweet": 0, "like": 0}, {"id": "1098004685204549632", "url": "https://twitter.com/Sai_Poko/status/1098004685204549632", "username": "", "text": "ใครเกิดวันศุกร์ แล้วเมนพี่บีนี่แบบต้องใจแกร่งอะคือมึงต้องเห็นคนชิคโทนชมพูฟุ้งฟิ้งกิ่งก่องแก้วทุกวัน", "date": "20-02-2019 06:41", "retweet": 0, "like": 0}, {"id": "1098003250421280769", "url": "https://twitter.com/Sai_Poko/status/1098003250421280769", "username": "", "text": "เขียวแบมเหมือนกัน", "date": "20-02-2019 06:35", "retweet": 0, "like": 0}, {"id": "1097988861580529669", "url": "https://twitter.com/Sai_Poko/status/1097988861580529669", "username": "", "text": "พีคมาก https:// twitter.com/angarosfrauwet i/status/1097847409999106049 …", "date": "20-02-2019 05:38", "retweet": 0, "like": 0}, {"id": "1097825399294242817", "url": "https://twitter.com/Sai_Poko/status/1097825399294242817", "username": "", "text": "เป็นวงที่ตามห่างๆอย่างห่วงๆ กว่าจะได้รางวัลมาไม่ง่ายเลย ขอบคุณที่อดทนกับทุกสถานะการณ์ ดีใจจัง #CLC2ndWin", "date": "19-02-2019 18:49", "retweet": 0, "like": 3}, {"id": "1097786715576532993", "url": "https://twitter.com/Sai_Poko/status/1097786715576532993", "username": "", "text": "#เพื่อไทย ผลักดัน #ประชาธิปัตย์ เต็มที่ 555555555555555 pic.twitter.com/DcUwftqNUE", "date": "19-02-2019 16:15", "retweet": 0, "like": 0}, {"id": "1097776318496698368", "url": "https://twitter.com/Sai_Poko/status/1097776318496698368", "username": "", "text": "อยากเห็นปฏิกิริยาในวงว่าเมนเบอร์ว่าไง 5555", "date": "19-02-2019 15:34", "retweet": 0, "like": 0}, {"id": "1097737323276492800", "url": "https://twitter.com/Sai_Poko/status/1097737323276492800", "username": "", "text": "เกิดวันจันทร์ ตามหารูปน้องแบมที่ถ่ายกับต้้นไม้ใบหญ้าอะไรเขียวๆ สงเคราะห์เราหน่อย #BamBam #BamBamBlackFeather #GOT7 pic.twitter.com/fIp2YAe2OU", "date": "19-02-2019 12:59", "retweet": 0, "like": 1}, {"id": "1097689302853607424", "url": "https://twitter.com/Sai_Poko/status/1097689302853607424", "username": "", "text": "เราชอบนะดูละมุน มโนว่าพี่จินจูบตัวเอง", "date": "19-02-2019 09:48", "retweet": 0, "like": 0}, {"id": "1097661218213380096", "url": "https://twitter.com/Sai_Poko/status/1097661218213380096", "username": "", "text": "เห็นฉากจูบ ตอนแรกคิดว่าจะทำใจไม่ได้ แต่คือมันโอเค มันละมุนตุ้น เขินเหมือนเป็นคนโดนจูบเอง https:// twitter.com/fanatic_got7_/ status/1097552130112716806 …", "date": "19-02-2019 07:56", "retweet": 0, "like": 0}, {"id": "1097381809568903170", "url": "https://twitter.com/Sai_Poko/status/1097381809568903170", "username": "", "text": "เวลาส่งเมลให้ลูกค้า ทั้งๆที่พิมพ์ภาษาอังกฤษแต่ก็ลงท้ายด้วย Ka ตลอด ทั้งผิดไวยกรณ์ไม่มีความหมายในภาษาอังกฤษ ถามตัวเองว่าทำเพื่ออะไร เลยได้คำตอบว่าเพื่อความสบายใจของตัวเองนี้แระ จะได้ดูสุภาพ 5555555555 แบบนี้ก็ได้หรอ", "date": "18-02-2019 13:26", "retweet": 0, "like": 0}, {"id": "1097302811115704320", "url": "https://twitter.com/Sai_Poko/status/1097302811115704320", "username": "", "text": "เศร้าเวอร์ วันนี้ลากันเกือบหมดแผนก", "date": "18-02-2019 08:12", "retweet": 0, "like": 0}, {"id": "1097294465444671488", "url": "https://twitter.com/Sai_Poko/status/1097294465444671488", "username": "", "text": "ขนาดเราไม่ไปกินข้าวพยบที่เฝ้าเค้าเตอร์ยังดุบอกไปกินข้าวค่ะ (คือตอนนั้นไม่หิว ยังต้องไป7หาอะไรกิน)", "date": "18-02-2019 07:39", "retweet": 0, "like": 3}, {"id": "1097293622901301248", "url": "https://twitter.com/Sai_Poko/status/1097293622901301248", "username": "", "text": "เราชอบการจัดการคนไข้ของ รพ รัฐแถวบ้าน พอใกล้เที่ยงพยาบาลจะออกมาบอกคนไข้ว่าตัดคิวเที่ยงพักทานข้าว คนไข้ก็ต้องไปทานข้าวด้วย ให้มาอีกทีบ่ายไม่ต้องรอเพราะเรียกตามคิว แล้วหมอพยาบาลก็หายไปหมด ทิ้งเฝ้าเค้าเตอร์ 1 คน คนไข้ก็หายไปหมดไปกินข้าว", "date": "18-02-2019 07:36", "retweet": 6, "like": 4}]