[{"id": "1099175986774499329", "url": "https://twitter.com/SamudNoteZa/status/1099175986774499329", "username": "", "text": "จะว่าไปก็นานมากแล้วที่ไม่เห็นพี่ท๊อปขับรถยนต์ทั้งในMV แล้วในชีวิตจริง ขนาดไปงานเปิดตัวหนังที่พี่แสดงพี่ยังนั่งเป็นตุ๊กตาหน้ารถหล่อๆให้พี่นักแสดงหญิงขับเลย แต่คนที่ได้นั่งรถที่พี่ขับก็เห็นจะแค่น้องจีคนเดียวอ่ะ เขินโว้ย ใช่ค่ะเรามันคนขี้ชิป >____< pic.twitter.com/8azhpnw0Q4", "date": "23-02-2019 12:15", "retweet": 0, "like": 1}, {"id": "1098947104167215106", "url": "https://twitter.com/SamudNoteZa/status/1098947104167215106", "username": "", "text": "ใจบางไปหมดแล้ว ชอบด้วยคน", "date": "22-02-2019 21:06", "retweet": 0, "like": 0}, {"id": "1098946664411197440", "url": "https://twitter.com/SamudNoteZa/status/1098946664411197440", "username": "", "text": "คิดอะไรอยู่ไม่รู้...แต่ที่รู้คือเป็นเพื่อนสนิทคิดไม่ซื่อเราแน่ใจ 555555 บ้าจริง เขิน", "date": "22-02-2019 21:04", "retweet": 0, "like": 2}, {"id": "1098941188327989248", "url": "https://twitter.com/SamudNoteZa/status/1098941188327989248", "username": "", "text": "เจอคู่ชิปอาถรรนเหรอคะพี่ @fc_yuzhou เพราะเทอกรือเปล่า 5555", "date": "22-02-2019 20:42", "retweet": 0, "like": 0}, {"id": "1098940611078438912", "url": "https://twitter.com/SamudNoteZa/status/1098940611078438912", "username": "", "text": "ตอนแรก อ่านเป็น ดักฟัน นังคนใจบาป https:// twitter.com/Sammon_scene/s tatus/1098932666429202437 …", "date": "22-02-2019 20:40", "retweet": 0, "like": 0}, {"id": "1098832436622811137", "url": "https://twitter.com/SamudNoteZa/status/1098832436622811137", "username": "", "text": "เป็นการเสร็จโจรที่แซ่บมาก......นี้ก็ไม่รู้แล้วว่ามครหลงใคร ดุเด็ดเผ็จมันส์มาก มีความเอ็นดูน้อง 55555", "date": "22-02-2019 13:30", "retweet": 1, "like": 0}, {"id": "1098802551321812994", "url": "https://twitter.com/SamudNoteZa/status/1098802551321812994", "username": "", "text": "อยากจะเก่งอิ้งขึ้นมาเลย", "date": "22-02-2019 11:31", "retweet": 0, "like": 0}, {"id": "1098802380269748224", "url": "https://twitter.com/SamudNoteZa/status/1098802380269748224", "username": "", "text": "อยู่ๆก็คิดถึง #BigBang ขึ้นมา กลับไปดูMV ตั้งแต่สมัยเดบิว ยิ่งดูยิ่งคิดถึง เราจะรอวันดอกไม้บานอีกครั้งนะ ยังไงก็ยังคงรักและคิกถึงเสมอ pic.twitter.com/Wcy22aH52b", "date": "22-02-2019 11:31", "retweet": 11, "like": 9}, {"id": "1098779588656648193", "url": "https://twitter.com/SamudNoteZa/status/1098779588656648193", "username": "", "text": "ยิ่งฟัง ยิ่งเฮงซวย pic.twitter.com/rwWBYzuteP", "date": "22-02-2019 10:00", "retweet": 0, "like": 0}, {"id": "1098777505350135808", "url": "https://twitter.com/SamudNoteZa/status/1098777505350135808", "username": "", "text": "pic.twitter.com/B3Fhmp5wFB", "date": "22-02-2019 09:52", "retweet": 0, "like": 0}, {"id": "1098776543269011457", "url": "https://twitter.com/SamudNoteZa/status/1098776543269011457", "username": "", "text": "pic.twitter.com/HDnImmmRoG", "date": "22-02-2019 09:48", "retweet": 0, "like": 0}, {"id": "1098773883539222529", "url": "https://twitter.com/SamudNoteZa/status/1098773883539222529", "username": "", "text": "ยอมล้าวววววววว https:// twitter.com/prodpn/status/ 1098637933458800640 …", "date": "22-02-2019 09:38", "retweet": 0, "like": 0}, {"id": "1098773584074354690", "url": "https://twitter.com/SamudNoteZa/status/1098773584074354690", "username": "", "text": "เราจะพรีชีพเพื่อของกินเท่านั่น 555555", "date": "22-02-2019 09:36", "retweet": 0, "like": 0}, {"id": "1098768945299873792", "url": "https://twitter.com/SamudNoteZa/status/1098768945299873792", "username": "", "text": "ไม่!!!! ผูกขาดสัมปทาน(หัวใจ)ตลอดชีวิต", "date": "22-02-2019 09:18", "retweet": 0, "like": 0}, {"id": "1098579306874208256", "url": "https://twitter.com/SamudNoteZa/status/1098579306874208256", "username": "", "text": "เขินนน", "date": "21-02-2019 20:44", "retweet": 0, "like": 0}, {"id": "1098567686395580416", "url": "https://twitter.com/SamudNoteZa/status/1098567686395580416", "username": "", "text": "ไม่มีแรงฮึดในการออกกำลังจริงจังสักที", "date": "21-02-2019 19:58", "retweet": 0, "like": 0}, {"id": "1098567092742250496", "url": "https://twitter.com/SamudNoteZa/status/1098567092742250496", "username": "", "text": "ลูกสมุน กระสุนโลกันตร์ ผู้ขายวิญญาณให้กับ ตุ๊กตาหมี 5555555 https:// twitter.com/pongkool/statu s/1098467185326878720 …", "date": "21-02-2019 19:56", "retweet": 0, "like": 0}, {"id": "1098558510369988608", "url": "https://twitter.com/SamudNoteZa/status/1098558510369988608", "username": "", "text": "ตั้งแจ่วันนั่นจนวันนี้ โน้ตยังไม่ได้สักกิโลเมตรเลยค่ะ อายตัวเอง", "date": "21-02-2019 19:22", "retweet": 0, "like": 0}, {"id": "1098539740322619392", "url": "https://twitter.com/SamudNoteZa/status/1098539740322619392", "username": "", "text": "ร้องแล้ว", "date": "21-02-2019 18:07", "retweet": 0, "like": 0}, {"id": "1098485376409206784", "url": "https://twitter.com/SamudNoteZa/status/1098485376409206784", "username": "", "text": "ถ้าไม่รีบ นักเขียนจะมีรอบรีปริ้นนะคะ น่าจะช่วง พ.ค. นี้นะคะ", "date": "21-02-2019 14:31", "retweet": 0, "like": 0}, {"id": "1098482175614214144", "url": "https://twitter.com/SamudNoteZa/status/1098482175614214144", "username": "", "text": "ยกเว้นกลัวเมีย.....พี่หวงไม่ได้กล่าว แต่เรารู้สึกได้เอง pic.twitter.com/XyQhw0Wym6", "date": "21-02-2019 14:18", "retweet": 1, "like": 1}, {"id": "1098481252422770689", "url": "https://twitter.com/SamudNoteZa/status/1098481252422770689", "username": "", "text": "เห็นด้วยค่ะ วงการติ่งก็เช่นกัน ร้องไห้", "date": "21-02-2019 14:15", "retweet": 1, "like": 0}, {"id": "1098480651626459136", "url": "https://twitter.com/SamudNoteZa/status/1098480651626459136", "username": "", "text": "พูดออกมาได้ เฮงซวย https:// twitter.com/PprpBangkok/st atus/1097726677390520320 …", "date": "21-02-2019 14:12", "retweet": 0, "like": 0}, {"id": "1098460141739925504", "url": "https://twitter.com/SamudNoteZa/status/1098460141739925504", "username": "", "text": "จริง https:// twitter.com/gse1124/status /1097861902498095105 …", "date": "21-02-2019 12:51", "retweet": 0, "like": 0}, {"id": "1098459790789959680", "url": "https://twitter.com/SamudNoteZa/status/1098459790789959680", "username": "", "text": "คิดแล้วโคตรเศร้า อยากกลับไปสนิทเหมือนเดิม แต่มันทำไม่ได้ ทำยังไงมันก็ไม่เหมือนเดิม แต่จะคุยกันยังยากเลย https:// twitter.com/snnnnnnnnn_thx /status/1098242578619629568 …", "date": "21-02-2019 12:49", "retweet": 0, "like": 0}, {"id": "1098210751418957824", "url": "https://twitter.com/SamudNoteZa/status/1098210751418957824", "username": "", "text": "เป็นค่ะ แก้โดนเวลามีใครในบ้านไปเปลี่ยนบัตรประชาชนใหม่ จดนามสกุลที่คิดว่าควรใช้เหมือนกันให้ไปด้วย ตอนนี้เลยเหมือนกัน", "date": "20-02-2019 20:20", "retweet": 0, "like": 0}, {"id": "1098164008517918720", "url": "https://twitter.com/SamudNoteZa/status/1098164008517918720", "username": "", "text": "แงๆๆๆ ลงเล้าไหมคะ ยังไม่ได้อ่านเลยยยยยยยย ความดุดันนี้", "date": "20-02-2019 17:14", "retweet": 0, "like": 2}, {"id": "1098109763320041472", "url": "https://twitter.com/SamudNoteZa/status/1098109763320041472", "username": "", "text": "จริงค่ะ คือก็ต้องเข้าใจด้วยว่าทุกคนไม่ได้ชอบ หรือยอบรับอะไรๆได้เหมือนกัน บางเรื่องทั้งๆที่ชอบเนื้อหามาก ยังลังเลใจที่จะซื้อเลย แค่คิดว่าฉันจะหยิบไปอ่านข้างนอกห้องยังไง ก็บำบากใจที่จะซื้อแล้ว บางเรื่องเห็นปกแล้วอยากร้องไห้ มันไม่ใช่แบบนี้", "date": "20-02-2019 13:39", "retweet": 0, "like": 0}, {"id": "1098108515330097153", "url": "https://twitter.com/SamudNoteZa/status/1098108515330097153", "username": "", "text": "จริงค่ะ เดียวนี้บ้างเล่มก็รำบากใจที่จะซื้อ ไม่ได้กลัวใครว่าน่ะ แต่คือบางครั้งมันชัดเกินไปเกรงใจคนอื่นๆ เวลาจะหยิบมาอ่านนอกบ้าน เลยลังเลที่จะซื้อหลายเรื่องมากทั้งๆที่ชอบเนื้อเรื่อง ส่วนตัวเลยชอบที่ปกเป็นรูปอาร์ทๆ รูปวิวสวยๆ หรืออะไรที่เกี่ยวข้องกับเนื้องเรื่องมากกว่า จากใจสากววาย https:// twitter.com/PeaR_Edhel/sta tus/1097534912305885185 …", "date": "20-02-2019 13:34", "retweet": 0, "like": 0}, {"id": "1097886843872325633", "url": "https://twitter.com/SamudNoteZa/status/1097886843872325633", "username": "", "text": "จะด่าว่า \"เหี้ย\" ยังสงสารเหี้ยเลย เพราะพวกมันไม่เคยทำให้คนเดือนร้อน เท่ากับคนในประเทศเดียวกันเลย แม่งจะกดขี่คนในประเทศไปถึงไหนว่ะ ทุเรศชิปหาย https:// twitter.com/cherishy_amp/s tatus/1097710455890468864 …", "date": "19-02-2019 22:53", "retweet": 0, "like": 0}, {"id": "1097879335556415494", "url": "https://twitter.com/SamudNoteZa/status/1097879335556415494", "username": "", "text": "ใจเย็นนะ วาฬไม่กินหอย แต่กำลังหัดเล่นเพื่น แคร่กๆๆๆๆ", "date": "19-02-2019 22:23", "retweet": 0, "like": 0}, {"id": "1097856535974240262", "url": "https://twitter.com/SamudNoteZa/status/1097856535974240262", "username": "", "text": "ก็แค่ช่วงนี้ อะไรๆก็สีชมพู pic.twitter.com/E3TGXzpmeF", "date": "19-02-2019 20:52", "retweet": 0, "like": 0}, {"id": "1097843560563408897", "url": "https://twitter.com/SamudNoteZa/status/1097843560563408897", "username": "", "text": "555 เอาน่าทำไปเพลินๆๆสนุกเหมือนกัน", "date": "19-02-2019 20:01", "retweet": 0, "like": 1}, {"id": "1097842647287324672", "url": "https://twitter.com/SamudNoteZa/status/1097842647287324672", "username": "", "text": "เอาอีกๆๆ", "date": "19-02-2019 19:57", "retweet": 0, "like": 1}, {"id": "1097805664858980352", "url": "https://twitter.com/SamudNoteZa/status/1097805664858980352", "username": "", "text": "ไม่เป็นไรค่ะ เพราะเราจะไปที่เดียวกัน เราจะรอ pic.twitter.com/bhkmGephjx", "date": "19-02-2019 17:30", "retweet": 0, "like": 0}, {"id": "1097803585306320896", "url": "https://twitter.com/SamudNoteZa/status/1097803585306320896", "username": "", "text": "pic.twitter.com/CLGnDqeFKG", "date": "19-02-2019 17:22", "retweet": 0, "like": 0}, {"id": "1097700850670100480", "url": "https://twitter.com/SamudNoteZa/status/1097700850670100480", "username": "", "text": "เราเคยโหลดมาใช้ แต่เอกสารมันแบบแนวนอนอ่ะ ทั้งๆที่ถ่ายแนวตั้ง มีแอปไหนดีๆแนะนำไหม", "date": "19-02-2019 10:34", "retweet": 0, "like": 0}, {"id": "1097693576165654528", "url": "https://twitter.com/SamudNoteZa/status/1097693576165654528", "username": "", "text": "เราก็พึ่งรู้เหมือนกัน ทำไมซัมซุงเราไม่มีแบบนี้บ้าง นี้ใช้i7 เจ้ปูทำ จะได้ไม่ต้องถ่ายรูแแล่วทำในโน้ตบุ๊คแล้วทำให้เป็นpdf แบบโง่ตั้งนาน 555", "date": "19-02-2019 10:05", "retweet": 0, "like": 0}, {"id": "1097415939899838464", "url": "https://twitter.com/SamudNoteZa/status/1097415939899838464", "username": "", "text": "สุด!!! https:// twitter.com/Lidkt/status/1 097033119096397824 …", "date": "18-02-2019 15:42", "retweet": 0, "like": 0}, {"id": "1097415192856616960", "url": "https://twitter.com/SamudNoteZa/status/1097415192856616960", "username": "", "text": "พูดขนาดนี้ ส่งลิ้งมาเลยค่ะ", "date": "18-02-2019 15:39", "retweet": 0, "like": 0}, {"id": "1097413520101011457", "url": "https://twitter.com/SamudNoteZa/status/1097413520101011457", "username": "", "text": "น่าตามไปอ่านด้วยคน อ", "date": "18-02-2019 15:32", "retweet": 0, "like": 0}, {"id": "1097410677495422976", "url": "https://twitter.com/SamudNoteZa/status/1097410677495422976", "username": "", "text": "สอบถามหน่อยนะคะ กระเป๋าช้างแบบนี้ซื้แได้ที่ไหนค่ะ", "date": "18-02-2019 15:21", "retweet": 0, "like": 1}, {"id": "1097410291455864838", "url": "https://twitter.com/SamudNoteZa/status/1097410291455864838", "username": "", "text": "ไอ้เด็กแฉบบบบ https:// twitter.com/TANGngi/status /1097167089071054848 …", "date": "18-02-2019 15:19", "retweet": 1, "like": 4}, {"id": "1097377773759262720", "url": "https://twitter.com/SamudNoteZa/status/1097377773759262720", "username": "", "text": "มี i7 ก็ต้องใช้ให้เป็น จากใจคนใช้แต่SS https:// twitter.com/BrightMinho/st atus/1097142514895642624 …", "date": "18-02-2019 13:10", "retweet": 0, "like": 0}, {"id": "1097373831088373761", "url": "https://twitter.com/SamudNoteZa/status/1097373831088373761", "username": "", "text": "ขอบคุณคร๊าบบบบบบ", "date": "18-02-2019 12:54", "retweet": 0, "like": 0}, {"id": "1097373316380209153", "url": "https://twitter.com/SamudNoteZa/status/1097373316380209153", "username": "", "text": "จริงป่ะ พี่สาวใช่ i7 อยู่ มันแสกนเป็นPDF ได้เลยไหม อยู่ตรงไหนชี้ทางสว่างให้ที่", "date": "18-02-2019 12:52", "retweet": 0, "like": 0}, {"id": "1097354177213214721", "url": "https://twitter.com/SamudNoteZa/status/1097354177213214721", "username": "", "text": "นู๋ม่ายยู้!!!!!! มือนู๋ลั่นไปเอง https:// twitter.com/noreyore/statu s/1097167207455313920 …", "date": "18-02-2019 11:36", "retweet": 0, "like": 0}, {"id": "1097353752548265984", "url": "https://twitter.com/SamudNoteZa/status/1097353752548265984", "username": "", "text": "ร้องไห้แล้ว https:// twitter.com/chocofah/statu s/1097104381185388545 …", "date": "18-02-2019 11:34", "retweet": 0, "like": 0}, {"id": "1097351706021482496", "url": "https://twitter.com/SamudNoteZa/status/1097351706021482496", "username": "", "text": "5555 มือพี่ลั่นไปเอง", "date": "18-02-2019 11:26", "retweet": 0, "like": 0}, {"id": "1097349191255224321", "url": "https://twitter.com/SamudNoteZa/status/1097349191255224321", "username": "", "text": "เราคือเพื่อนกันค่ะ", "date": "18-02-2019 11:16", "retweet": 0, "like": 2}, {"id": "1097323453873455104", "url": "https://twitter.com/SamudNoteZa/status/1097323453873455104", "username": "", "text": "คุมแม่!!! สมัยยังมีเขียนเสืออยู่เหรอคะ ตะหนูเป็นคางทูม หรือตะหนูอ้วนคะคุมแม่ 5555", "date": "18-02-2019 09:34", "retweet": 0, "like": 0}]