[{"id": "1098982756372013056", "url": "https://twitter.com/satien_pptv/status/1098982756372013056", "username": "", "text": "นั่นสิ นี่ยังงงอยู่เลย 555 ขอโทษกันไปขอโทษกันมา", "date": "22-02-2019 23:28", "retweet": 0, "like": 0}, {"id": "1098982494559322112", "url": "https://twitter.com/satien_pptv/status/1098982494559322112", "username": "", "text": "โฆษกพรรคอนาคตใหม่ขอโทษประชาชน ข้อมูลประวัติธนาธรผิดพลาด ไม่ตั้งใจหลอกลวง ไม่เชื่อว่าคนจำธนาธรเพราะตำแหน่งปธ.สภาอุตสาหกรรม", "date": "22-02-2019 23:26", "retweet": 3, "like": 3}, {"id": "1098981696735571969", "url": "https://twitter.com/satien_pptv/status/1098981696735571969", "username": "", "text": "อ.เจษฎ์ โทณวณิก กล่าวขอโทษพรรคอนาคตใหม่ที่เคยออกมาบอกว่ากรณีเวปไซต์ลงประวัติธนาธรผิด อนาคตใหม่อาจถูกยุบพรรค ระบุจำข้อกฎหมายคลาดเคลื่อน", "date": "22-02-2019 23:23", "retweet": 44, "like": 11}]