[{"id": "1099313736215494657", "url": "https://twitter.com/Sattawat_/status/1099313736215494657", "username": "", "text": "5555 thank you kub", "date": "23-02-2019 21:23", "retweet": 0, "like": 1}, {"id": "1098573747404005376", "url": "https://twitter.com/Sattawat_/status/1098573747404005376", "username": "", "text": "ขอแสดงความยินดีกับ คุณสมสุข กัลย์จาฤก ศิลปินแห่งชาติ ๒๕๖๑ สาขาศิลปะการแสดง ประเภทภาพยนตร์และละคร (ละครวิทยุ-ละครโทรทัศน์) #ศิลปินแห่งชาติ #สาขาศิลปะการแสดง #ศิลปินแห่งชาติ2561 #กันตนา #Kantana pic.twitter.com/QZZNTUWV2o", "date": "21-02-2019 20:22", "retweet": 0, "like": 1}]