[{"id": "1099252573444354048", "url": "https://twitter.com/saturnly/status/1099252573444354048", "username": "", "text": "ความงามของประชาธิปไตย #futurista #ประชาธิปไตย #เลือกตั้ง2562 pic.twitter.com/EPjrXNHloO", "date": "23-02-2019 17:20", "retweet": 14, "like": 8}, {"id": "1099215677162831872", "url": "https://twitter.com/saturnly/status/1099215677162831872", "username": "", "text": "คนคุ้นหน้า ... ถ้าจะกาคงเพราะนึกถึงความสามารถของท่านชัชชาตินะฮะ #เพื่อไทย แต่หน้าของ #ธนาธร #ช่อพรรณิการ์ #ปิยบุตร #อนาคตใหม่ ก็ลอยมาประกบตลอด #futurista pic.twitter.com/BtBagBDQOA", "date": "23-02-2019 14:53", "retweet": 1, "like": 4}, {"id": "1099212832078409728", "url": "https://twitter.com/saturnly/status/1099212832078409728", "username": "", "text": "อำเภอเมืองนนทบุรี เขต 2 : สวนใหญ่ ตลาดขวัญ บางไผ่ บางศรีเมือง บางกร่าง บางรักน้อย ไทรม้า : เบอร์ 12 #futurista กันลืม pic.twitter.com/8n5ICqQoha", "date": "23-02-2019 14:42", "retweet": 10, "like": 6}, {"id": "1099207151472406529", "url": "https://twitter.com/saturnly/status/1099207151472406529", "username": "", "text": "ขอให้แพ้เลือกตั้ง และตบปากตัวเอง ... ค่ะ", "date": "23-02-2019 14:19", "retweet": 0, "like": 0}, {"id": "1099205890953998341", "url": "https://twitter.com/saturnly/status/1099205890953998341", "username": "", "text": "ส.ส.เพื่อไทย เขต 1 มหาสารคาม ขยันทำงานหน่อย เหมือนมาเป็นแบบไม่เต็มใจ? หรืออาจคิดว่านอนมา? ฝาก #พรรคเพื่อไทย ดูงาน #อนาคตใหม่ หน่อย หันหลังไปกินน้ำแป้บนึงหันหลับมามีนี่อีกละ #futurista", "date": "23-02-2019 14:14", "retweet": 4, "like": 3}, {"id": "1098596483425804288", "url": "https://twitter.com/saturnly/status/1098596483425804288", "username": "", "text": "กลับมาแล้วจ้า", "date": "21-02-2019 21:53", "retweet": 0, "like": 0}, {"id": "1098592167390515201", "url": "https://twitter.com/saturnly/status/1098592167390515201", "username": "", "text": "โบกแท่งไฟรัวๆ", "date": "21-02-2019 21:35", "retweet": 1, "like": 1}, {"id": "1097654549240659968", "url": "https://twitter.com/saturnly/status/1097654549240659968", "username": "", "text": "หนักกระเป๋าแย่เลย", "date": "19-02-2019 07:30", "retweet": 1, "like": 0}, {"id": "1097610519878332417", "url": "https://twitter.com/saturnly/status/1097610519878332417", "username": "", "text": "ฮัลลาซาน (Hallasan) ฟูๆ ~ #รีวิวเกาหลี อากาศแปรปรวนสุด #เจจู จ๊ะเอ๋ ~ pic.twitter.com/Ya75xvVDNu", "date": "19-02-2019 04:35", "retweet": 2, "like": 2}, {"id": "1097608927976386560", "url": "https://twitter.com/saturnly/status/1097608927976386560", "username": "", "text": "สวัสดีตอนเช้า... เราคืออควาแมน #รีวิวเกาหลี #เจจูฝนพรำๆ pic.twitter.com/jAxWvVd3s7", "date": "19-02-2019 04:28", "retweet": 1, "like": 0}, {"id": "1097298397722075137", "url": "https://twitter.com/saturnly/status/1097298397722075137", "username": "", "text": "ต้องเข้มแข็งแค่ไหน ต้องอดทนแค่ไหน ต้องพยายามแค่ไหน ... ถึงจะเป็นชางมินในวันนี้ ขอให้น้องประสบความสำเร็จในทุกสิ่งที่ทำนะจ๊ะ ~ 생일축하합니다. #HappyBirthdayChangmin", "date": "18-02-2019 07:54", "retweet": 1, "like": 1}]