[{"id": "1099284340523954178", "url": "https://twitter.com/Pol_Confuse/status/1099284340523954178", "username": "", "text": "#เลือกตั้ง62 นี่มันไม่ใช่แค่การสู้กันของพรรคการเมืองนะครับ แต่มันเป็นการสู้กันของอุดมการณ์ฝายเสรีนิยม กับ ฝายอำนาจนิยม+ข้าราชการ สังคมไทยโดนกดขี่มานานแล้ว จากผู้มีอำนาจ ได้เวลาปลดแอกแล้วครับ", "date": "23-02-2019 19:26", "retweet": 1, "like": 1}, {"id": "1099252410403311616", "url": "https://twitter.com/Pol_Confuse/status/1099252410403311616", "username": "", "text": "น่าเสียดายที่นายกไม่ยอมดีเบต เลยไม่ได้ฟธงวิสัยทัศน์ของท่านเลย ว่าท่านดีพอจะเป็นนายกต่อไปไหม หรือวิสัยทัศน์ท่านถูกกำหนดโดย นายพล ข้าราชการและกลุ่มทุน #เลือกตััง62", "date": "23-02-2019 17:19", "retweet": 0, "like": 1}, {"id": "1098911600000389121", "url": "https://twitter.com/Pol_Confuse/status/1098911600000389121", "username": "", "text": "เลือกตู่ ป้อมมาแน่ ถ้าเลือกป้อม โต๊ะมาแน่ อัสนี-วสันต์ #เลือกตั้ง62", "date": "22-02-2019 18:45", "retweet": 0, "like": 0}, {"id": "1098462990964162560", "url": "https://twitter.com/Pol_Confuse/status/1098462990964162560", "username": "", "text": "การเลือกพรรค ต้องดูนโยบาย ไม่ใช่จะจัดตั้งมวลชนมาคอยปล่อยข่าวเท็จ ข่าวลวง ทำลายความน่าเชื่อถือ นอกจากนโยบายจะสู้เขาไม่ได้ แล้ว ยังถ่อยอีกต่างหาก พรรคไหน ไปหากันเองแล้วกันนะครับ", "date": "21-02-2019 13:02", "retweet": 0, "like": 0}, {"id": "1098337403733913600", "url": "https://twitter.com/Pol_Confuse/status/1098337403733913600", "username": "", "text": "การเลิกการเกณฑ์ทหารนั้น พวกที่ฟังดูผิวๆ ก็จะออกมาด่า แต่จริงๆแล้ว เป็นเรื่องที่ดี ในการปรับเรื่องการพัฒนากำลังสำรองครับ หรือทุกคนต้องเป็นทหารไปเลย 1 ปี การปรับโครงสร้างของกองทัพใหม่ เพื่อให้มีประสิทธิภาพและความคล่องตัว #เลือกตั้ง62", "date": "21-02-2019 04:43", "retweet": 0, "like": 0}, {"id": "1098004526844399616", "url": "https://twitter.com/Pol_Confuse/status/1098004526844399616", "username": "", "text": "เรื่องการเกณฑ์ทหารนี่ มีหลายวิธีการที่ทำได้ เช่น ทุกคนต้องผ่านการฝึกกำลังสำรอง หรือ การเรียนวิชาทหารนะ ถึงเวลาก็มีการฝึกทบทวนได้ ไม่ก็ทุกคนต้องไปเป็นทหาร ก็ไม่ต้องเกณฑ์แระ #เลือกตั้ง62", "date": "20-02-2019 06:40", "retweet": 0, "like": 0}, {"id": "1097693189417295872", "url": "https://twitter.com/Pol_Confuse/status/1097693189417295872", "username": "", "text": "เพลงที่ นักการเมือง ทหาร กองเชียร์ และติ่ง ควรฟัง ไม่ใช่เพลงหนักแผ่นดิน แต่เป็นเพลง กราวกีฬา นะครับ #เลือกตั้ง62 #นักการเมือง #ทหาร #ติ่ง", "date": "19-02-2019 10:03", "retweet": 0, "like": 1}, {"id": "1097662843560685569", "url": "https://twitter.com/Pol_Confuse/status/1097662843560685569", "username": "", "text": "เรากำลังทำให้สถาบันทหารเป็นสถาบันที่ไร้ซึ่งการตรวจสอบและถ่วงดุลอำนาจ ไม่พอใจจะรัฐประหารอย่างเดียว", "date": "19-02-2019 08:03", "retweet": 8, "like": 20}, {"id": "1097662275370897408", "url": "https://twitter.com/Pol_Confuse/status/1097662275370897408", "username": "", "text": "Social bully in Buffalo land ซัดกันสนุกสนาน ประเทศไทยยังห่างไกลการเคารพความคิดเห็นของผู้อื่น และการใช้เหตุผลอีกไกลหลายปีแสง #เลือกตั้ง62", "date": "19-02-2019 08:00", "retweet": 1, "like": 1}, {"id": "1097371382353080320", "url": "https://twitter.com/Pol_Confuse/status/1097371382353080320", "username": "", "text": "ตัดงบกลาโหมลง 10% จิ๊บๆ ท่านก็ลองตัดค่าคอมมิชชั่นในกองทัพลง 10% มันก็เท่าเดิมนะ จริงๆตัดได้ถึง ร้อยละ 30 เพราะค่าคอมมิชชั่นตอนนี้ก็ร้อยละ 30 #เลือกตั้ง2562 #เพื่อไทย", "date": "18-02-2019 12:45", "retweet": 0, "like": 1}, {"id": "1097345089712513026", "url": "https://twitter.com/Pol_Confuse/status/1097345089712513026", "username": "", "text": "งบที่กลาโหมได้รับแต่ละปี ถ้าไม่ต้องจ่ายค่าคอมมิชชั่น ผมว่า สามารถซื้อหัวรบพิสัยกลาง โทมาฮอร์ค เครื่องบินขับไล่ที่ไม่ตกรุ่น เรือฟรีเกต รวมทั้งจัดตั้ง กองบินอากาศยานไร้คนขับ UAV ได้สบายๆ", "date": "18-02-2019 11:00", "retweet": 0, "like": 0}, {"id": "1097344160099487744", "url": "https://twitter.com/Pol_Confuse/status/1097344160099487744", "username": "", "text": "สิ่งหนึ่งที่ทำให้ประเทศไทย ไร้ซึ่งความสามัคคี นั่นก็คือ การที่ยังยึดติดอยู่กับ อคติ มายาคติ แห่งคำว่า ใครถูก ใครผิด แต่ลืมดูถึงแรงจูงใจ และ สาเหตุที่ทำไป", "date": "18-02-2019 10:56", "retweet": 0, "like": 0}, {"id": "1097303668313841665", "url": "https://twitter.com/Pol_Confuse/status/1097303668313841665", "username": "", "text": "คนไทยส่วนใหญ่นี่ยังไม่ขึ้นจากหลุมเลย ปีนี้ #เลือกตั้ง62 แต่พยายามโยงเผาบ้านเผาเมือง การชุมนุมโน้นนี่ ขับไล่รัฐบาล นี่เราเลือกคนที่นโยบายวิสัยทัศน์ หรือเลือกจากอดีต ถ้าต้องการคนสะอาด แนะนำ #ลุงตู่ ลอยตัวเหนือปัญหาทั้งปวงครับ", "date": "18-02-2019 08:15", "retweet": 0, "like": 0}]