[{"id": "1098919527121747969", "url": "https://twitter.com/seeminow/status/1098919527121747969", "username": "", "text": "เลิก follow แอคเคาน์ต ประเภทวิจารณ์ฝ่ายใดฝ่ายหนึ่งอย่างปิดหูไม่ลืมตา เชื่อมั้ย เราไม่รับเมสเสจเหล่านี้มันทำให้ชีวิตเบาขึ้นมาก เหลือพื้นที่ในชีวิตสำหรับเมสเสจดีๆอีกเยอะเลย", "date": "22-02-2019 19:16", "retweet": 0, "like": 0}, {"id": "1098214265016639488", "url": "https://twitter.com/seeminow/status/1098214265016639488", "username": "", "text": "#พ่อหลอกฟ้า ยิ่งอยู่ยิ่งไม่เคลียร์ เหมือนจะดีแต่ก็แปลกๆ ไม่สุดสักทาง เอาไว้ก่อนยังไม่ตัดออกจากลิสต์ที่จะเลือก", "date": "20-02-2019 20:34", "retweet": 1, "like": 0}]