[{"id": "1098237145960001536", "url": "https://twitter.com/siriratkul/status/1098237145960001536", "username": "", "text": "หน้าพี่นุ้ยได้บอกแทนอากาเซ่ไปหมดแล้ว 555 นั่งดูหน้าแบบนี้เลย #got7realthai #ทีมน้องแบม pic.twitter.com/EuUbfpyLIc", "date": "20-02-2019 22:05", "retweet": 5, "like": 6}, {"id": "1098236552159752193", "url": "https://twitter.com/siriratkul/status/1098236552159752193", "username": "", "text": "พิธีกรก็ดีเน้อ ตัวแทนอากาเซ่มาก 555 สนุก #got7realthai", "date": "20-02-2019 22:02", "retweet": 0, "like": 0}, {"id": "1098236186634596359", "url": "https://twitter.com/siriratkul/status/1098236186634596359", "username": "", "text": "สนุกมากหวีดตายไปเลย น้องแบมน่ารักมาก #got7realthai", "date": "20-02-2019 22:01", "retweet": 2, "like": 2}, {"id": "1098236042233049088", "url": "https://twitter.com/siriratkul/status/1098236042233049088", "username": "", "text": "เหมือนนั่งดู #got7realthai กับน้องแบมอีกรอบอะ", "date": "20-02-2019 22:00", "retweet": 2, "like": 0}, {"id": "1097432515793498113", "url": "https://twitter.com/siriratkul/status/1097432515793498113", "username": "", "text": "เป็นทหารเงินเดือนเท่าไหร่กีปีถึงจะได้ 4000ล้าน #หนักแผ่นดิน https:// twitter.com/DailynewsTwit/ status/1097427310398050305 …", "date": "18-02-2019 16:47", "retweet": 1, "like": 0}, {"id": "1097421167319633920", "url": "https://twitter.com/siriratkul/status/1097421167319633920", "username": "", "text": "#NICHKHUN #2PM 2PM NICHKHUN (닉쿤) \"Lucky Charm\" M/V https:// youtu.be/yNe39XGY9YU ข้อมูลจาก @YouTube", "date": "18-02-2019 16:02", "retweet": 1, "like": 2}, {"id": "1097372861696602112", "url": "https://twitter.com/siriratkul/status/1097372861696602112", "username": "", "text": "เอาอะไรมาเป็นตัววัดว่าทหารจะรักประเทศ มากกว่าคนอื่น #หนักแผ่นดิน", "date": "18-02-2019 12:50", "retweet": 2, "like": 4}, {"id": "1097371710720888832", "url": "https://twitter.com/siriratkul/status/1097371710720888832", "username": "", "text": "ตลก https:// twitter.com/tnnthailand/st atus/1097368984146432005 …", "date": "18-02-2019 12:46", "retweet": 0, "like": 0}]