[{"id": "1098143116861702145", "url": "https://twitter.com/socialclasswar/status/1098143116861702145", "username": "", "text": "ไม่ใช่ขี้ข้าจะได้มาเสิร์ฟให้ทุกอย่าง จนติดนิสัยแบบประชาชนที่เสพติดประชานิยมแข่งกันแจก เข้าเน็ตได้แปลว่าเข้าถึงข้อมูลที่พูดถึงได้เนอะ", "date": "20-02-2019 15:51", "retweet": 0, "like": 0}, {"id": "1098141914308591616", "url": "https://twitter.com/socialclasswar/status/1098141914308591616", "username": "", "text": "แปลกฮะทวด หลังอากาศดีเพียง 1 วัน สินค้าไม่ขาดแล้ว ของวางจำหน่ายเต็มเลย แต่ก่อนหน้าบอกของขาดยาว 2 เดือน #กักตุน #สินค้าควบคุม #PM25 #ฝุ่นพิษ", "date": "20-02-2019 15:46", "retweet": 0, "like": 0}, {"id": "1098139599665156096", "url": "https://twitter.com/socialclasswar/status/1098139599665156096", "username": "", "text": "มากล่าวหาว่าพูดเองได้ไง งง คนใน #พรรคอนาคตใหม่ เขาพูดว่าคนอีสาน แท็ก #ฟ้ารักพ่อ ก็เป็นเรื่อง sexual ทั้งนั้นไปขุดดู บางคนบอกอยากกินธนาธร ฯลฯ ออกมานอกกะลาก่อนจะว่าคนอื่น", "date": "20-02-2019 15:37", "retweet": 0, "like": 0}, {"id": "1098138246456926208", "url": "https://twitter.com/socialclasswar/status/1098138246456926208", "username": "", "text": "ไอลอว์ไม่เป็นกลาง ทำตัวเป็นศัตรูทางการเมืองฝ่ายตรงข้ามรับลูกชัดเจน", "date": "20-02-2019 15:32", "retweet": 1, "like": 0}, {"id": "1098136523793326080", "url": "https://twitter.com/socialclasswar/status/1098136523793326080", "username": "", "text": "คุกมีไว้ขังหมากับคนจน #เลือกตั้ง2562 #พรรคเพื่อไทย #ทษช", "date": "20-02-2019 15:25", "retweet": 0, "like": 0}, {"id": "1098134293686046721", "url": "https://twitter.com/socialclasswar/status/1098134293686046721", "username": "", "text": "จะลดอำนาจชนชั้นปกครอง แต่ตัวเองเฟกโปรไฟล์ขึ้นว่ามีตำแหน่งประธานชั้นสูง จ้ะพ่อชนชั้นสูงไพร่หมื่นล้าน #ฟ้ารักพ่อ #ฟ้ารักพ่อตอแหล #พรรคอนาคตใหม่ #เลือกตั้ง2562", "date": "20-02-2019 15:16", "retweet": 3, "like": 1}, {"id": "1098133349447548928", "url": "https://twitter.com/socialclasswar/status/1098133349447548928", "username": "", "text": "เงินกับงานมันไม่เท่ากันอยู่แล้ว เพื่อนที่ออกเงินเยอะก็ไม่ต้องทำงานไรมาก ถือว่าตกลงกันเข้าใจแล้ว จะมีแต่พวกข้างนอกที่ยุยงให้คนในกลุ่มแตกกันนี่แหละ #หนักแผ่นดิน #พูดถึงตอนเรียน #เลือกตั้ง2562", "date": "20-02-2019 15:12", "retweet": 1, "like": 1}, {"id": "1098132614878134272", "url": "https://twitter.com/socialclasswar/status/1098132614878134272", "username": "", "text": "ไม่ถือว่าหลอกหรอกค่ะ พ่อว่าอะไรฟ้าก็ว่าตาม #ฟ้ารักพ่อ #ฟ้ารักพ่อเพราะเงี่ยน #ฟ้ารักพ่อตอแหล #พรรคอนาคตใหม่ #เลือกตั้ง2562", "date": "20-02-2019 15:09", "retweet": 1, "like": 3}, {"id": "1098131621843165184", "url": "https://twitter.com/socialclasswar/status/1098131621843165184", "username": "", "text": "คนอีสานถูกสร้างให้เป็นคนตลก #ฟ้ารักพ่อเพราะเงี่ยน", "date": "20-02-2019 15:05", "retweet": 0, "like": 0}, {"id": "1098130803442077696", "url": "https://twitter.com/socialclasswar/status/1098130803442077696", "username": "", "text": "การ #ชู3นิ้ว ชุ่มเหงื่อลื่นๆ คนที่ต้องการใช้สุดน่าจะเป็น #โบ๋ยัดเย็ด #ทำไมเรายังไม่วาร์ป #คลิปหลุด #คลิปเซ็กซ์ #จับปากกาฆ่าเผด็จการ pic.twitter.com/nY9g65GKLU", "date": "20-02-2019 15:02", "retweet": 0, "like": 0}, {"id": "1098129140526370817", "url": "https://twitter.com/socialclasswar/status/1098129140526370817", "username": "", "text": "จะทำหนังโป๊เสรีแก้ผ้าเสรีที่สาธารณะมั้ยอะ #โรฮิงยา ขอหนังโป๊ตอนเราส่งเสบียงอาหารให้ครั้งนั้น #บ้านมีที่ว่างไหม #ญาติกันแต่ชาติปางก่อน #ฟ้ารักพ่อ #ฟ้าขอหนังโป๊ #ฟ้ารักพ่อเพราะเงี่ยน pic.twitter.com/42jhzaeu1m", "date": "20-02-2019 14:56", "retweet": 0, "like": 0}, {"id": "1098125354756009985", "url": "https://twitter.com/socialclasswar/status/1098125354756009985", "username": "", "text": "ทำไม่ได้ตราบใดที่ทหารยังอยู่ในวินัย", "date": "20-02-2019 14:41", "retweet": 0, "like": 0}, {"id": "1098124755796865024", "url": "https://twitter.com/socialclasswar/status/1098124755796865024", "username": "", "text": "ตั้งใจผิดมากกว่า ปล่อยมาได้ 5 เดือนโดยไม่มีใครเข้าไปอ่านเลยรึไง #เลือกตั้ง2562", "date": "20-02-2019 14:38", "retweet": 2, "like": 3}, {"id": "1098123197604519936", "url": "https://twitter.com/socialclasswar/status/1098123197604519936", "username": "", "text": "นี่เป็นเหตุผลว่าทำไม #พรรคพลังประชารัฐ ถึงมีประชาชนหนุนเป็นเจ้าของกิจการตำหนิแบบผู้ดี #ตลาดบน แต่ #พรรคเพื่อไทย ไปจัดสนามหลวงแล้วปราศรัยด่าแบบปากตลาด #ตลาดล่าง กลุ่มเป้าหมาย position ชัดเจนทั้ง 2 พรรค #เลือกตั้ง2562", "date": "20-02-2019 14:32", "retweet": 1, "like": 2}, {"id": "1098122083765088258", "url": "https://twitter.com/socialclasswar/status/1098122083765088258", "username": "", "text": "ถ้ากรีดป้ายได้กรีดไปแล้ว เผาป้ายได้เผาไปแล้ว อันหลังเป็ดบางบอนบอก #เลือกตั้ง2562 #พรรคเพื่อไทย #พรรคประชาธิปัตย์ #พรรคพลังประชารัฐ", "date": "20-02-2019 14:28", "retweet": 0, "like": 0}, {"id": "1098121218740244481", "url": "https://twitter.com/socialclasswar/status/1098121218740244481", "username": "", "text": "ประชาชนคนไทยทั้งประเทศได้ประโยชน์ #เสื้อแดง #หนักแผ่นดิน #เลือกตั้ง2562", "date": "20-02-2019 14:24", "retweet": 0, "like": 0}, {"id": "1098120098278076416", "url": "https://twitter.com/socialclasswar/status/1098120098278076416", "username": "", "text": "#ตอแหล กลับกลอก ตระบัดสัตย์ บอกหยุดหาเสียงรอศาล พลิกลิ้นกลับมาหาเสียงต่อไม่รอศาล #ทษช #ไทยรักษาชาติ #เลือกตั้ง2562", "date": "20-02-2019 14:20", "retweet": 1, "like": 0}, {"id": "1098119364954345473", "url": "https://twitter.com/socialclasswar/status/1098119364954345473", "username": "", "text": "นักการเมืองชั้นต่ำพล่ามแต่โคลนสกปรก สาดกันนี่มันการเมืองแบบใหม่ตรงไหน #ฟ้ารักพ่อ #หนักแผ่นดิน #เลือกตั้ง2562", "date": "20-02-2019 14:17", "retweet": 0, "like": 6}, {"id": "1098118748462931968", "url": "https://twitter.com/socialclasswar/status/1098118748462931968", "username": "", "text": "เก่งแต่ตัวเอง แต่เลี้ยงลูกไม่เป็นก็ไม่ไหว ถือว่าบกพร่องในหน้าที่มารดาที่ดี #ฟ้ารักพ่อตอแหล #เลือกตั้ง2562", "date": "20-02-2019 14:14", "retweet": 1, "like": 0}, {"id": "1098117468860473345", "url": "https://twitter.com/socialclasswar/status/1098117468860473345", "username": "", "text": "บางทีก็มองว่านักศึกษาปู่เฝ้าหมาลัยพวกนี้ต้องการป่วนไม่ให้มี #เลือกตั้ง62 เพราะจะรายได้หด", "date": "20-02-2019 14:09", "retweet": 2, "like": 3}, {"id": "1098116865019109376", "url": "https://twitter.com/socialclasswar/status/1098116865019109376", "username": "", "text": "ออกกฏยกเลิกหมอบกราบไหว้เทพเจ้าธนาธร #ฟ้ารักพ่อ", "date": "20-02-2019 14:07", "retweet": 0, "like": 0}, {"id": "1098114985090109440", "url": "https://twitter.com/socialclasswar/status/1098114985090109440", "username": "", "text": "เผด็จการสันดานไพร่หาแดกประชาธิปไตยยกให้ #พรรคเพื่อไทย #พรรคอนาคตใหม่ #ทษช #พรรคเพื่อชาติ", "date": "20-02-2019 13:59", "retweet": 0, "like": 0}, {"id": "1098114585985339392", "url": "https://twitter.com/socialclasswar/status/1098114585985339392", "username": "", "text": "คงมโนเป็นประธานอุต จนชนะเลือกตั้ง เรียกว่า #โกงตั้งแต่ยังไม่กา #ฟ้ารักพ่อ #ฟ้ารักพ่อเพราะเงี่ยน #เลือกตั้ง62", "date": "20-02-2019 13:58", "retweet": 1, "like": 1}, {"id": "1098114085638496261", "url": "https://twitter.com/socialclasswar/status/1098114085638496261", "username": "", "text": "กลัวป้าโดนไซร้แล้วจะทรุด #ฟ้ารักพ่อเพราะเงี่ยน", "date": "20-02-2019 13:56", "retweet": 0, "like": 2}, {"id": "1098113742015873024", "url": "https://twitter.com/socialclasswar/status/1098113742015873024", "username": "", "text": "ข่าวจริงสู้ข่าวปลอม... #ฟ้ารักพ่อ #ฟ้ารักพ่อเพราะนโยบายของพ่อ #เลือกตั้ง62 #พรรคอนาคตใหม่ pic.twitter.com/SW4vYanewl", "date": "20-02-2019 13:54", "retweet": 7, "like": 0}, {"id": "1098112963930542080", "url": "https://twitter.com/socialclasswar/status/1098112963930542080", "username": "", "text": "ขี้ข้าทักษิณ ติ่งอนาคตใหม่ #ฟ้ารักพ่อ ก็โง่มานานให้นักการเมืองอย่างธนาธรหลอกใช้", "date": "20-02-2019 13:51", "retweet": 0, "like": 1}, {"id": "1098112240308215810", "url": "https://twitter.com/socialclasswar/status/1098112240308215810", "username": "", "text": "ตกลงคุณปกป้องขี้ข้าทักษิณเหรอ เราจะได้อันฟอล", "date": "20-02-2019 13:48", "retweet": 0, "like": 0}, {"id": "1098111531160498177", "url": "https://twitter.com/socialclasswar/status/1098111531160498177", "username": "", "text": "มันลักลอบสูบบาดาลกันน่ะสิ", "date": "20-02-2019 13:46", "retweet": 0, "like": 0}, {"id": "1098110765289005056", "url": "https://twitter.com/socialclasswar/status/1098110765289005056", "username": "", "text": "ประเทศโลกที่ 1 อย่าง #เยอรมัน เก็บ #ภาษีวิทยุ ด้วยนะ รถใครมีวิทยุเก็บเพิ่มอีกชาว #กะลาแลนด์ กล้าทำบ้างปะคุณภาพชีวิตจะได้ดีขึ้น #เลือกตั้ง62 #ฟ้ารักพ่อเพราะเงี่ยน #ฟ้าไม่รักพ่อมึงจะตายไหม", "date": "20-02-2019 13:43", "retweet": 0, "like": 0}, {"id": "1098109807507034112", "url": "https://twitter.com/socialclasswar/status/1098109807507034112", "username": "", "text": "คำว่าขี้ข้ายังมีสิทธิมนุษยชนคุณค่าความเป็นคนอยู่หรอ #ขี้ข้าทักษิณ #เลือกตั้ง62", "date": "20-02-2019 13:39", "retweet": 0, "like": 0}, {"id": "1098109020483727361", "url": "https://twitter.com/socialclasswar/status/1098109020483727361", "username": "", "text": "ฟังท่านแล้วเย็นใจ รู้สึกสงบมากฮะ ตรงข้ามกับวิทยุที่ข้างบ้านเปิดเป็นเสียงพระที่ปลุกระดม มีแต่ขายของขายวัตถุ ไม่รู้ทำไมเขาชอบฟังเปิดดังยันเช้าแต่เรานอนไม่หลับ", "date": "20-02-2019 13:36", "retweet": 1, "like": 2}, {"id": "1098107687538110465", "url": "https://twitter.com/socialclasswar/status/1098107687538110465", "username": "", "text": "บางทีเรายึดตามที่พระราชทาน แต่คนในบ้านเอาแบบอ่านง่าย คงเหมือนกรณี #Suvarnabhumi กับ Suwannapoom #Srinagarindra กับ Srinakarin", "date": "20-02-2019 13:30", "retweet": 0, "like": 1}, {"id": "1098106258295480321", "url": "https://twitter.com/socialclasswar/status/1098106258295480321", "username": "", "text": "คุ้นๆ ว่าช่วงแรกที่เปิดตัวเสนอทำคราฟเบียร์ คือเบียร์ทำเองถูกกฏหมายด้วย อาจยกเลิกอุปถัมภ์ศาสนาพุทธเพราะเรื่องนี้ขัด #ศีล5 #ธรรมกาย #พรรคอนาคตใหม่ #ฟ้ารักพ่อ #เลือกตั้ง62", "date": "20-02-2019 13:25", "retweet": 0, "like": 1}, {"id": "1098105175753908224", "url": "https://twitter.com/socialclasswar/status/1098105175753908224", "username": "", "text": "#ตอแหลแลนด์ ครื้นเครงในกะลา #ฟ้ารักพ่อ #ฟ้ารักพ่อเพราะเงี่ยน", "date": "20-02-2019 13:20", "retweet": 0, "like": 3}]