[{"id": "1099368512907227136", "url": "https://twitter.com/Somkid52895053/status/1099368512907227136", "username": "", "text": "#เลือกตั้งปี62 คสช.สั่งดำเนินคดี-ปิดเว็บ jookthai เว็บข่าวปลอมปล่อยข่าวปลอมดิสเครดิต บิ๊กแดง-ทบ. สร้างความวุ่นวายช่วงใกล้ลต. http://www. topicza.com/news87903.html ?d=24022019&f=43194 …", "date": "24-02-2019 01:00", "retweet": 0, "like": 0}, {"id": "1099162082828726272", "url": "https://twitter.com/Somkid52895053/status/1099162082828726272", "username": "", "text": "#เลือกตั้งปี62 #ธนาธร ทษช.ปราศรัยใหญ่25ก.พ.ชัยนาท-ท้า”บิ๊กตู่”แข่งนโยบายเวทีพปชร. http://www. topicza.com/news87873.html ?d=23022019&f=43194 …", "date": "23-02-2019 11:20", "retweet": 0, "like": 1}, {"id": "1099141007524823040", "url": "https://twitter.com/Somkid52895053/status/1099141007524823040", "username": "", "text": "#เลือกตั้งปี62 พิจารณา! กกต.ดูอยู่ปม”บิ๊กตู่”ขาดคุณสมบัติ http://www. topicza.com/news87872.html ?d=23022019&f=43194 …", "date": "23-02-2019 09:56", "retweet": 0, "like": 1}, {"id": "1099117757734346755", "url": "https://twitter.com/Somkid52895053/status/1099117757734346755", "username": "", "text": "#เลือกตั้ง2562 #ไทยรัฐเลือกตั้ง62 เผย! ถอดสูตรคิดสมการจับขั้วรัฐบาลผสม http://www. topicza.com/news87875.html ?d=23022019&f=43194 …", "date": "23-02-2019 08:24", "retweet": 2, "like": 3}, {"id": "1099117376379834369", "url": "https://twitter.com/Somkid52895053/status/1099117376379834369", "username": "", "text": "#ไทยรัฐเลือกตั้ง62 #เลือกตั้ง2562 ทำได้หรือไม่! รัฐบาลปรองดอง? http://www. topicza.com/news87874.html ?d=23022019&f=43194 …", "date": "23-02-2019 08:22", "retweet": 0, "like": 2}, {"id": "1099116578547748864", "url": "https://twitter.com/Somkid52895053/status/1099116578547748864", "username": "", "text": "#ข่าวจริง หนูน้อยโดนหมารุมกัดอาการดีขึ้น แม่ไม่พอใจคู่กรณีขอจ่ายแสนเดียว http://www. topicza.com/news87860.html ?d=23022019&f=43194 …", "date": "23-02-2019 08:19", "retweet": 0, "like": 1}, {"id": "1099116333277442048", "url": "https://twitter.com/Somkid52895053/status/1099116333277442048", "username": "", "text": "#ข่าวจริง วอนคนใจดีโปรดอย่าปล่อย \"งูจงอาง\" ใกล้หมู่บ้าน ภาครัฐตื่นตัวสำรอง \"เซรุ่ม\" http://www. topicza.com/news87859.html ?d=23022019&f=43194 …", "date": "23-02-2019 08:18", "retweet": 0, "like": 1}, {"id": "1098842207803498496", "url": "https://twitter.com/Somkid52895053/status/1098842207803498496", "username": "", "text": "#สินค้าพร้อมส่ง ธารทิพย์ สเปย์ระงับกลิ่นเท้า **ไม่เห็นผลยินดีคืนเงิน http://www. 24ontop.com/prd-detail.php ?p=379&f=43194 …", "date": "22-02-2019 14:09", "retweet": 0, "like": 0}, {"id": "1098841998226644992", "url": "https://twitter.com/Somkid52895053/status/1098841998226644992", "username": "", "text": "#สินค้าพร้อมส่ง สเปรย์แก้ปวดเมื่อย ตรา ไทยเดอร์ http://www. 24ontop.com/prd-detail.php ?p=380&f=43194 …", "date": "22-02-2019 14:08", "retweet": 0, "like": 0}, {"id": "1098841262294151168", "url": "https://twitter.com/Somkid52895053/status/1098841262294151168", "username": "", "text": "#ไทยรัฐเลือกตั้ง62 เปิดศึก! ส.ส.อ่างทองศึกไฟท์ล้างตาทางการเมือง http://www. topicza.com/news87818.html ?d=22022019&f=43194 …", "date": "22-02-2019 14:05", "retweet": 0, "like": 1}, {"id": "1098841137547104256", "url": "https://twitter.com/Somkid52895053/status/1098841137547104256", "username": "", "text": "#ไทยรัฐเลือกตั้ง62 ขอหยุดบิดเบือน! คสช.ปัดกลั่นแกล้งเร่งรัดคดีพ.ร.บ.คอมฯ”ธนาธร” http://www. topicza.com/news87817.html ?d=22022019&f=43194 …", "date": "22-02-2019 14:05", "retweet": 0, "like": 1}, {"id": "1098841008693858304", "url": "https://twitter.com/Somkid52895053/status/1098841008693858304", "username": "", "text": "#ไทยรัฐเลือกตั้ง62 ยังต้องมี! นายกฯพบชาวกระบี่ขอลต.ต้องสงบย้ำจำเป็นมีทหาร http://www. topicza.com/news87816.html ?d=22022019&f=43194 …", "date": "22-02-2019 14:04", "retweet": 0, "like": 1}, {"id": "1098840860467154946", "url": "https://twitter.com/Somkid52895053/status/1098840860467154946", "username": "", "text": "#ไทยรัฐเลือกตั้ง62 #พลังประชารัฐ คลิป”ลุงตู่”กินข้าวกล่องบนรถ http://www. topicza.com/news87815.html ?d=22022019&f=43194 …", "date": "22-02-2019 14:04", "retweet": 0, "like": 0}, {"id": "1098615096710856705", "url": "https://twitter.com/Somkid52895053/status/1098615096710856705", "username": "", "text": "#ประชาธิปัตย์ ไม่สนใจ! ทษช.เดินหน้าหาเสียง ไม่วิจารณ์คดียุบพรรค http://www. topicza.com/news87764.html ?d=21022019&f=43194 …", "date": "21-02-2019 23:07", "retweet": 0, "like": 1}, {"id": "1097848585754824706", "url": "https://twitter.com/Somkid52895053/status/1097848585754824706", "username": "", "text": "#เลือกตั้งปี62 โต้กลับ! “สุดารัตน์”แนะผบ.ทบ.เป็นกลางยันตัดงบกห.ไม่กระทบ http://www. topicza.com/news87663.html ?d=19022019&f=43194 …", "date": "19-02-2019 20:21", "retweet": 1, "like": 2}, {"id": "1097524099675389952", "url": "https://twitter.com/Somkid52895053/status/1097524099675389952", "username": "", "text": "#อนาคตใหม่ #ประเทศกูมี #เลือกตั้ง62 #หนักแผ่นดิน #เสรีรวมไทย จริงจัง อาย หวัง! คนข่มขืนต้องประหาร! http://www. darachilli.com/article/detail /87654?f=43194 …", "date": "18-02-2019 22:51", "retweet": 0, "like": 3}, {"id": "1097504825808306177", "url": "https://twitter.com/Somkid52895053/status/1097504825808306177", "username": "", "text": "#ประเทศกูมี ไม่ได้แย่ไปซะหมด!! เพจดังแต่งเพลงแก้ “ประเทศกูมี” ชื่อ “ประเทศกูมีดี” http://www. socialhot24.com/news82125.html ?d=18022019&f=43194 …", "date": "18-02-2019 21:35", "retweet": 0, "like": 1}, {"id": "1097504033470742528", "url": "https://twitter.com/Somkid52895053/status/1097504033470742528", "username": "", "text": "#ประเทศกูมี ผบ.ตร.เสนอ ศิลปิน “ประเทศกูมี”ลองทำเพลงอนุรักษ์ของไทยบ้างสิ http://www. topicza.com/news82280.html ?d=18022019&f=43194 …", "date": "18-02-2019 21:32", "retweet": 0, "like": 1}, {"id": "1097503452366655488", "url": "https://twitter.com/Somkid52895053/status/1097503452366655488", "username": "", "text": "#ประเทศกูมี แชร์ว่อน! แห่ติดสติกเกอร์ #ประเทศกูมี ท้ายรถ ยอดวิวเพลงพุ่งทะลุ 30 ล้าน http://www. topicza.com/news82590.html ?d=18022019&f=43194 …", "date": "18-02-2019 21:29", "retweet": 0, "like": 1}, {"id": "1097502345896685568", "url": "https://twitter.com/Somkid52895053/status/1097502345896685568", "username": "", "text": "#ประเทศกูมี ตร.บุกพรรคไทยรักษาชาติ ตรวจสอบปมตั้งโต๊ะหมู่บูชาไม่เหมาะสม http://www. topicza.com/news87366.html ?d=18022019&f=43194 …", "date": "18-02-2019 21:25", "retweet": 0, "like": 1}, {"id": "1097502080653094912", "url": "https://twitter.com/Somkid52895053/status/1097502080653094912", "username": "", "text": "#ประเทศกูมี #เลือกตั้ง62 มือมืดพังยับ 20 ป้ายหาเสียง พรรคอนาคตใหม่ ในพื้นที่นครปฐม http://www. topicza.com/news87501.html ?d=18022019&f=43194 …", "date": "18-02-2019 21:24", "retweet": 1, "like": 2}, {"id": "1097501866345127936", "url": "https://twitter.com/Somkid52895053/status/1097501866345127936", "username": "", "text": "#ประเทศกูมี #เลือกตั้ง62 ฮือฮา ผู้สมัคร ส.ส.สาว พรรคอนาคตใหม่ วัย 50 สวยเป๊ะ ปังแรง http://www. topicza.com/news87634.html ?d=18022019&f=43194 …", "date": "18-02-2019 21:23", "retweet": 1, "like": 1}, {"id": "1097501226265001986", "url": "https://twitter.com/Somkid52895053/status/1097501226265001986", "username": "", "text": "#ประเทศกูมี เสพข่าวระวัง! นายกฯห่วงพรบ.ข้าวถูกบิดเบือนเตือนแชร์ระวังผิด http://www. topicza.com/news87612.html ?d=18022019&f=43194 …", "date": "18-02-2019 21:20", "retweet": 1, "like": 1}, {"id": "1097501076641599489", "url": "https://twitter.com/Somkid52895053/status/1097501076641599489", "username": "", "text": "#เลือกตั้ง62 #ประเทศกูมี โร่แจ้งความ! ป่วนยิงภาพ”ลุงตู่”กรีดป้ายพปชร.กาฬสินธุ์ http://www. topicza.com/news87611.html ?d=18022019&f=43194 …", "date": "18-02-2019 21:20", "retweet": 1, "like": 1}, {"id": "1097500776060993536", "url": "https://twitter.com/Somkid52895053/status/1097500776060993536", "username": "", "text": "#เลือกตั้ง62 #ประเทศกูมี ชัชชาติจี้กกต.สอบบิ๊กตู่ใช้อำนาจหาเสียงหรือไม่ http://www. topicza.com/news87613.html ?d=18022019&f=43194 …", "date": "18-02-2019 21:19", "retweet": 0, "like": 1}, {"id": "1097498823843180545", "url": "https://twitter.com/Somkid52895053/status/1097498823843180545", "username": "", "text": "#ประเทศกูมี อาจารย์เงิบ! เจอนศ.ปี1 ส่งคำตอบเนื้อเพลง ประเทศกูมี!! http://www. socialhot24.com/news84690.html ?d=18022019&f=43194 …", "date": "18-02-2019 21:11", "retweet": 1, "like": 2}]