[{"id": "1098804771882819585", "url": "https://twitter.com/Somsak5796/status/1098804771882819585", "username": "", "text": "แรงไปไหมครับอาจารย์... #SaveThanathorn #ฟ้ารักพ่อค่ะ #อนาคตไหม่ #เลือกตั้งปี2562 #ประยุทธ์ #บุพเพสันวาส pic.twitter.com/HnW11I35a0", "date": "22-02-2019 11:40", "retweet": 1, "like": 1}, {"id": "1098562583357878272", "url": "https://twitter.com/Somsak5796/status/1098562583357878272", "username": "", "text": "ชอบความเห็นที่ 1 จร้า... #savethanathon #อนาคตไหม่ #เลือกตั้งปี2562 #ฟ้ารักพ่อ #บุพเพสันนิวาส pic.twitter.com/9EQERXSNLx", "date": "21-02-2019 19:38", "retweet": 4, "like": 3}, {"id": "1098534259696922624", "url": "https://twitter.com/Somsak5796/status/1098534259696922624", "username": "", "text": "ชอบจัง.. #SaveThanathorn ... #อนาคตใหม่ #เลือกตั้ง2562 #Savethanathorn #ฟ้ารักพ่อนะคะ pic.twitter.com/uRNaWhtkif", "date": "21-02-2019 17:45", "retweet": 8, "like": 6}, {"id": "1098141005314846722", "url": "https://twitter.com/Somsak5796/status/1098141005314846722", "username": "", "text": "สตรองสุดๆๆ... #อนาคตใหม่ #ธนาธร #เลือกตั้ง2562 #ฟ้ารักพ่อ #หนักแผ่นดิน pic.twitter.com/lvhIzM7WQG", "date": "20-02-2019 15:43", "retweet": 7, "like": 14}, {"id": "1097740789273096192", "url": "https://twitter.com/Somsak5796/status/1097740789273096192", "username": "", "text": "ช่างกล้านะ.. #หนักเเผ่นดิน #เลือกตั้งปี2562 #เพื่อไทย #อนาคตใหม่ #ประยุทธ์ pic.twitter.com/XeaFRtTfaF", "date": "19-02-2019 13:12", "retweet": 2, "like": 2}, {"id": "1097428677820739584", "url": "https://twitter.com/Somsak5796/status/1097428677820739584", "username": "", "text": "เพลงดังประจำวัน...หนักแผ่นดิน (ต้นฉบับ) - ส.อ.อุบล คงสิน , ศิริจันทร์ อิศรางกูร ณ อยุธยา น... https:// youtu.be/j1keG6_NLI8 via @YouTube . #เลือกตั้ง2562 #หนักแผ่นดิน #เพื่อไทย #ประยุทธ์", "date": "18-02-2019 16:32", "retweet": 0, "like": 1}, {"id": "1097383906230263808", "url": "https://twitter.com/Somsak5796/status/1097383906230263808", "username": "", "text": "นายแน่มาก..ไปแหย่ทหาร555... #หนักแผ่นดิน #เพื่อไทย #เลือกตั้ง2562 #ประยุทธ์ pic.twitter.com/OwBKIkvKEP", "date": "18-02-2019 13:34", "retweet": 25, "like": 11}, {"id": "1097290576217534465", "url": "https://twitter.com/Somsak5796/status/1097290576217534465", "username": "", "text": "นายกฯคนใหม่..ว้าว. #อนาคตใหม่ #ธนาธร #ฟ้ารักพ่อ #ประยุทธ์ #เลือกตั้งประเทศไทย2562 pic.twitter.com/Th3f2WXFfW", "date": "18-02-2019 07:23", "retweet": 4, "like": 6}]