[{"id": "1099310326758105089", "url": "https://twitter.com/Songkhlatoday/status/1099310326758105089", "username": "", "text": "#หาดใหญ่ | ปลุกสีสันใจกลางเมือง! วิ่งกระตุ้นเศรษฐกิจ @Hatyai Run Together 2019 7 เมษายนนี้ #วิ่งกระตุ้นเศรษฐกิจ #สงขลา https://www. songkhlatoday.com/content/5124/", "date": "23-02-2019 21:09", "retweet": 0, "like": 1}, {"id": "1099302895776747520", "url": "https://twitter.com/Songkhlatoday/status/1099302895776747520", "username": "", "text": "#สงขลา | “ดร.ไพร” พร้อมสู้คดีซื้อทองปิดองค์พระประจำเมือง 27 ล้าน ยันไม่ทุจริต ระบุมหาดไทยชี้ขาดให้ทำได้ #ไพรพัฒโน #ปปช #คดีซื้อทองปิดองค์พระ #หาดใหญ่ https://www. songkhlatoday.com/content/5109/", "date": "23-02-2019 20:40", "retweet": 0, "like": 1}, {"id": "1099268058772922368", "url": "https://twitter.com/Songkhlatoday/status/1099268058772922368", "username": "", "text": "ชาวสงขลาพร้อมยัง! ปลุกสีสันเมืองหาดใหญ่ Hatyai RUN Together ออกมาวิ่งกันเถอะ! ครั้งหนึ่งในชีวิต..วิ่งผ่านย่านธุรกิจกลางเมือง 7 เมษายนนี้ ลานหน้าโรงแรม ลี การ์เดนส์ พลาซ่า #วิ่งกระตุ้นเศรษฐกิจ #หาดใหญ่ https://www. facebook.com/Songkhlatoday/ videos/2113153515417687/ …", "date": "23-02-2019 18:21", "retweet": 0, "like": 0}, {"id": "1099251884714483713", "url": "https://twitter.com/Songkhlatoday/status/1099251884714483713", "username": "", "text": "‘ไพร’ยันไม่ทุจริต! พร้อมสู้คดีบูรณะองค์พระ27ล้าน... https://www. facebook.com/story.php?stor y_fbid=792768447762488&id=366539250385412 …", "date": "23-02-2019 17:17", "retweet": 0, "like": 1}, {"id": "1099248284617588736", "url": "https://twitter.com/Songkhlatoday/status/1099248284617588736", "username": "", "text": "ฟังชัดๆ “ดร.ไพร พัฒโน” พร้อมสู้คดีตามข้อเท็จจริง ยันไม่ทุจริต ระบุมหาดไทยชี้ขาดให้ทำได้ ติดตามฉบับเต็มที่ หนังสือพิมพ์ภาคใต้โฟกัส ฉบับ 1078 วันที่ 28 กุมภาพันธ์ - 3 มีนาคม 62 คลิกเลย! https://www. songkhlatoday.com/content/5109/ #ไพรพัฒโน #ปปช ... https://www. facebook.com/Songkhlatoday/ videos/328424201119580/ …", "date": "23-02-2019 17:03", "retweet": 0, "like": 1}, {"id": "1099239367338422273", "url": "https://twitter.com/Songkhlatoday/status/1099239367338422273", "username": "", "text": "https://www. songkhlatoday.com/content/5109/ https://www. songkhlatoday.com/content/5109/", "date": "23-02-2019 16:27", "retweet": 0, "like": 0}, {"id": "1099202678553362432", "url": "https://twitter.com/Songkhlatoday/status/1099202678553362432", "username": "", "text": "รัฐบาลปฏิเสธโอนเงินเข้าบัญชี ธ.ออมสิน 3 พันบาท เพื่อผู้ถือบัตรสวัสดิการฯ ย้ำทุกคนยังได้รับสิทธิเช่นเดิม #สงขลา #หาดใหญ่ https://www. songkhlatoday.com/content/5110/", "date": "23-02-2019 14:01", "retweet": 0, "like": 0}, {"id": "1098940734961475584", "url": "https://twitter.com/Songkhlatoday/status/1098940734961475584", "username": "", "text": "#สงขลา | จากเหตุการณ์เจดีย์องค์ขาวองค์ดำ โดนทุบรื้อทำลายบริเวณฐานเจดีย์ เร่งกรมศิลปากรฯบูรณะ 25-26 กุมภาพันธ์นี้ ปลุกชาวสงขลาหวงแหนโบราณสถาน #เจดีย์องค์ขาวองค์ดำ #ยอดเขาแดง #สิงหนคร https://www. songkhlatoday.com/content/5099/", "date": "22-02-2019 20:41", "retweet": 1, "like": 1}, {"id": "1098828138732290049", "url": "https://twitter.com/Songkhlatoday/status/1098828138732290049", "username": "", "text": "เชฟรอนแจกน้ำดื่มแก่ประชาชนที่มาร่วมงงานประเพณีมาฆบูชา แห่ผ้าขึ้นธาตุ ณ วัดพระมหาธาตุวรมหาวิหาร จังหวัดนครศรีธรรมราช ปี 2562 #เชฟรอน #นครศรีธรรมราช #แห่ผ้าขึ้นธาตุ https://www. songkhlatoday.com/content/5084/", "date": "22-02-2019 13:13", "retweet": 0, "like": 0}, {"id": "1098815643791446016", "url": "https://twitter.com/Songkhlatoday/status/1098815643791446016", "username": "", "text": "โรงพยาบาลสงขลานครินทร์ - Songklanagarind Hospital แห่ร่วมนับพัน “ทำบุญโรงพยาบาลประจำปี” อุทิศส่วนกุศลให้แก่ผู้ป่วยที่เสียชีวิตในโรงพยาบาล #ทำบุญโรงพยาบาล #มอ #หาดใหญ่ https://www. songkhlatoday.com/content/5090/", "date": "22-02-2019 12:23", "retweet": 0, "like": 0}, {"id": "1098781884421529600", "url": "https://twitter.com/Songkhlatoday/status/1098781884421529600", "username": "", "text": "วันที่ 21 กุมภาพันธ์ 2562 วิทยาลัยชุมชนสงขลา จัดประชุมเพื่อเตรียมความพร้อมสำหรับการจัดโครงการจัดประสบการณ์เด็กปฐมวัยเดินตามรอยเท้าพ่ออยู่อย่างพอเพียง (ร่วมกับมหาวิทยาลัยราชภัฏยะลา) ประจำปีงบประมาณ 2562 ณ ห้องประชุมส้มแขก ชั้น 3... https://www. songkhlatoday.com/content/5074/", "date": "22-02-2019 10:09", "retweet": 0, "like": 0}, {"id": "1098529615570563072", "url": "https://twitter.com/Songkhlatoday/status/1098529615570563072", "username": "", "text": "https://www. facebook.com/story.php?stor y_fbid=506701119734722&id=156475588090612 …", "date": "21-02-2019 17:27", "retweet": 0, "like": 0}, {"id": "1098435885794680833", "url": "https://twitter.com/Songkhlatoday/status/1098435885794680833", "username": "", "text": "ขับเคลื่อนวาระสงขลา “เมืองกีฬา” https://www. songkhlatoday.com/content/5051/", "date": "21-02-2019 11:14", "retweet": 0, "like": 1}, {"id": "1098429969204764672", "url": "https://twitter.com/Songkhlatoday/status/1098429969204764672", "username": "", "text": "ห้ามพลาดดดดดลุ้นดื่มกาแฟฟรี 1 เดือนเต็ม ๆ . Indocafe หอมเข้มเต็มรสชาติกาแฟภูเขาไฟกันแบบ “ฟรีๆ 1 เดือนเต็มๆ” แค่ทำตามกติกาง่ายแสนง่าย 2 ข้อนี้ 1.กด Like Facebook Fanpage : Indocafe Thailand 2.Share... https://www. facebook.com/Songkhlatoday/ videos/243354659942331/ …", "date": "21-02-2019 10:51", "retweet": 0, "like": 0}, {"id": "1098415595471671302", "url": "https://twitter.com/Songkhlatoday/status/1098415595471671302", "username": "", "text": "ผอ. ททท. นราธิวาสพานักข่าวมาเลย์ชมหยกที่ตลาดฟุกเทียน https://www. facebook.com/Songkhlatoday/ videos/398021427428649/ …", "date": "21-02-2019 09:54", "retweet": 0, "like": 0}, {"id": "1098214146171011073", "url": "https://twitter.com/Songkhlatoday/status/1098214146171011073", "username": "", "text": "ภาพความคืบหน้าของการสร้าง “สนามบินเบตง” ที่ ตำบลธารน้ำทิพย์ อำเภอเบตง จังหวัดยะลา โดยคาดว่า การก่อสร้างจะแล้วเสร็จในปี 2562 และสามารถเปิดให้บริการได้ในปี 2563. . ทั้งนี้การสร้างสนามบินเบตง ดังกล่าว... https://www. facebook.com/15647558809061 2/posts/506297319775102/ …", "date": "20-02-2019 20:33", "retweet": 0, "like": 1}, {"id": "1098081383417856000", "url": "https://twitter.com/Songkhlatoday/status/1098081383417856000", "username": "", "text": "บรรยากาศยามเย็นกับ ตลาดริมคลอง ร.5 มาแล้วจ้า มาแล้ว สำหรับคนที่กำลังตามหาเสื้อผ้ามือสอง รองเท้ามือสอง กระเป๋ามือสอง และของกินอร่อยๆ ราคาถูกย่อมเยา ที่นี้ตลาดริมคลอง ร.5 มีให้ท่านได้เลือกฟินกันหลายร้านเลยจ้า... https://www. hatyai.online/blog/422/", "date": "20-02-2019 11:46", "retweet": 0, "like": 0}, {"id": "1097839062512222208", "url": "https://twitter.com/Songkhlatoday/status/1097839062512222208", "username": "", "text": "“อนุทิน” ลงพื้นที่ปัตตานี พบชาวบ้านย้ำพร้อมเดินหน้าแก้ปัญหาประมง! . 19 กุมภาพันธ์ นายอนุทิน ชาญวีรกูล หัวหน้าพรรคภูมิใจไทย, นายสรอรรถ กลิ่นประทุม ประธานคณะกรรมการที่ปรึกษาพรรค,แพทย์หญิงเพชรดาว โต๊ะมีนา... https://www. facebook.com/Songkhlatoday/ videos/2391801437773222/ …", "date": "19-02-2019 19:43", "retweet": 0, "like": 0}, {"id": "1097808207014027264", "url": "https://twitter.com/Songkhlatoday/status/1097808207014027264", "username": "", "text": "“อนุทิน” ลงพื้นที่ปัตตานี ชูนโยบาย คนพื้นที่ดูแล 3 จังหวัดใต้ ย้ำ Thailand first แก้ปัญหาประมง! #ภูมิใจไทย #สงขลา #ปัตตานี https://www. songkhlatoday.com/content/5028/", "date": "19-02-2019 17:40", "retweet": 0, "like": 0}, {"id": "1097775424665337856", "url": "https://twitter.com/Songkhlatoday/status/1097775424665337856", "username": "", "text": "สงขลา | ร.ร.กลับเพชรศึกษา จัดงานตลาดชุมชน มุ่งพัฒนานักเรียนดึงโมเดลไทยแลนด์4.0 #สงขลา #หาดใหญ่ #กลับเพชรศึกษา https://www. songkhlatoday.com/content/5021/", "date": "19-02-2019 15:30", "retweet": 0, "like": 0}, {"id": "1097712077777616896", "url": "https://twitter.com/Songkhlatoday/status/1097712077777616896", "username": "", "text": "คลิปบรรยากาศ “อนุทิน-ดร.นาที”พร้อมแกนนำ “ภูมิใจไทย” ช่วย “สจ.รักษ์”หาเสียงที่ตลาดกิมหยง . #สงขลา #ภูมิใจไทย #หาดใหญ่ https://www. facebook.com/Songkhlatoday/ videos/250349019230500/ …", "date": "19-02-2019 11:18", "retweet": 0, "like": 0}, {"id": "1097697006884130821", "url": "https://twitter.com/Songkhlatoday/status/1097697006884130821", "username": "", "text": "ดร.กมล รอดคล้าย แลกเปลี่ยนกับแกนนำเมืองเห่าสงขลา เพื่อขับเคลื้อนสงขลาสู่มรดกโลก https://www. facebook.com/Songkhlatoday/ videos/252628428995433/ …", "date": "19-02-2019 10:18", "retweet": 0, "like": 0}, {"id": "1097687519846486016", "url": "https://twitter.com/Songkhlatoday/status/1097687519846486016", "username": "", "text": "เลือกตั้ง62 | บิ๊กตู่ ระบุการป้องกันประเทศไม่ใช่หน้าที่ของทหารฝ่ายเดียว แต่เป็นหน้าที่ของทุกคน เผยงบประมาณกระทรวงกลาโหมมีความจำเป็น อัดนักการเมืองอย่าหาเสียงแบบสนุกปาก ต้องคำนึงถึงความเป็นจริง #สงขลา #นายกรัฐมนตรี #หาดใหญ่ #77kaoded #77ข่าวเด็ด https://www. 77kaoded.com/content/327123", "date": "19-02-2019 09:41", "retweet": 0, "like": 0}, {"id": "1097683734709653504", "url": "https://twitter.com/Songkhlatoday/status/1097683734709653504", "username": "", "text": "“อนุทิน-ดร.นาที”พร้อมแกนนำ “ภูมิใจไทย” ช่วย “สจ.รักษ์”หาเสียงที่หาดใหญ่ ย้ำนโยบายกระตุ้นเศรษฐกิจ #สงขลา #ภูมิใจไทย #หาดใหญ่ https://www. facebook.com/Songkhlatoday/ videos/401584837081712/ …", "date": "19-02-2019 09:26", "retweet": 0, "like": 0}, {"id": "1097683395792928768", "url": "https://twitter.com/Songkhlatoday/status/1097683395792928768", "username": "", "text": "สงขลา | หัวหน้าพรรคภูมิใจไทย ลุยลงพื้นที่ตลาดกิมหยง ชูนโยบายกระตุ้นเศรษฐกิจ แก้ปัญหาปากท้อง #สงขลา #หาดใหญ่ #ภูมิใจไทย https://www. songkhlatoday.com/content/5004/", "date": "19-02-2019 09:24", "retweet": 0, "like": 0}, {"id": "1097486511996465153", "url": "https://twitter.com/Songkhlatoday/status/1097486511996465153", "username": "", "text": "สงขลา | บิ๊กปชป.ลงพื้นที่สงขลา จุรินทร์ ลักษณวิศิษฏ์ รองหัวหน้าพรรคประชาธิปัตย์ พร้อมด้วย นายชำนิ ศักดิเศรษฐ์ ควงสรรเพชญ ว่าที่ผู้สมัครส.ส.เขต1สงขลา หาเสียงท่ามกลางปชช.นับพัน #สงขลส #หาดใหญ่ #ปชป #ประชาธิปัตย์ https://www. songkhlatoday.com/content/4997/", "date": "18-02-2019 20:22", "retweet": 0, "like": 0}, {"id": "1097484513112817666", "url": "https://twitter.com/Songkhlatoday/status/1097484513112817666", "username": "", "text": "เลือกตั้ง62 | “เสรีพิศุทธ์” ยื่น กกต. ยุบ พปชร. ย้ำ กกต. ต้องรีบดำเนินการให้เร็วแบบ ทษช. ซัด “ประวิทย์” เรื่องซื้ออาวุธ ระบุ ผบ.ทบ. เมื่อเที่ยบกับตนเองเป็น “เด็กเมื่อวานซืน” #สงขลา #หาดใหญ่ #เสรีพิศุทธ์ https://www. 77kaoded.com/content/326745", "date": "18-02-2019 20:14", "retweet": 0, "like": 0}, {"id": "1097449989788205058", "url": "https://twitter.com/Songkhlatoday/status/1097449989788205058", "username": "", "text": "สงขลา : โรงพยาบาลสงขลาร่วมกับศิษย์เก่าวรนารีเฉลิม รุ่น 51 จัดงาน \"เขาน้อยร้อยบทเพลง” เพื่อเปิดตัวแหล่งท่องเที่ยวแห่งใหม่บนเขาน้อย หารายได้สร้างห้องไอซียู และซื้ออุปกรณ์ทางการแพทย์ให้โรงพยาบาลสงขลา . #สงขลา #หาดใหญ่ #เขาน้อย #โรงพยาบาลสงขลา https://www. songkhlatoday.com/content/4975/", "date": "18-02-2019 17:57", "retweet": 0, "like": 0}, {"id": "1097410738392649728", "url": "https://twitter.com/Songkhlatoday/status/1097410738392649728", "username": "", "text": "หาดใหญ่- สงขลา เมื่อวานนี้ ( 17 ก.พ.62 ) พล.ท.พรศักดิ์ พูลสวัสดิ์ มทภ. 4 /ผอ.รมน.ภาค 4 เป็นประธานเปิดกิจกรรมการกุศล \"เดิน วิ่ง ArmyRun To ArmyGames 2018-2019 สนามที่ 4\" #หาดใหญ่ #วิ่ง https://www. songkhlatoday.com/content/4988/", "date": "18-02-2019 15:21", "retweet": 0, "like": 1}, {"id": "1097325151887093760", "url": "https://twitter.com/Songkhlatoday/status/1097325151887093760", "username": "", "text": "สงขลา l วันหยุดสุดสัปดาห์ ลิงและนกพิราบเขาตังกวนยังมีคนไทยใจบุญเดินทางพาครอบครัวมาซื้ออาหารให้นกและลิงกิน เพื่อเป็นการทำบุญแจกทานให้กับสัตว์ถือ ที่บริเวณช่องเขาตังกวน เขตเทศบาลนครสงขลา ซึ่งเป็นแหล่งท่องเที่ยวที่มีฝูงลิงและฝูงนกพิราบอยู่เป็นจำนวนมาก... https://www. songkhlatoday.com/content/4968/", "date": "18-02-2019 09:41", "retweet": 0, "like": 1}, {"id": "1097305332039147520", "url": "https://twitter.com/Songkhlatoday/status/1097305332039147520", "username": "", "text": "เก๋งเสียหลักพุ่งเข้าห้างเฟอร์นิเจอร์ย่านคลองหวะ เกิดไฟไหม้ตามมา เสียหายทั้งหลัง #สงขลา #หาดใหญ่ #คลองหวะ https://www. songkhlatoday.com/content/4961/", "date": "18-02-2019 08:22", "retweet": 1, "like": 1}]