[{"id": "1099359891393720320", "url": "https://twitter.com/Stone_nayouung/status/1099359891393720320", "username": "", "text": "เพี้ยนตั้งแต่ลงการเมือง", "date": "24-02-2019 00:26", "retweet": 0, "like": 0}, {"id": "1099356708671909888", "url": "https://twitter.com/Stone_nayouung/status/1099356708671909888", "username": "", "text": "เล่นตัวก่อน", "date": "24-02-2019 00:13", "retweet": 0, "like": 0}, {"id": "1099352147236286464", "url": "https://twitter.com/Stone_nayouung/status/1099352147236286464", "username": "", "text": "ถึง...เบ้นซ์และอี๊ด ด้วยรัก #TheLastEmpress pic.twitter.com/Biw2pTudvG", "date": "23-02-2019 23:55", "retweet": 87, "like": 19}, {"id": "1099345968682590209", "url": "https://twitter.com/Stone_nayouung/status/1099345968682590209", "username": "", "text": "จริง", "date": "23-02-2019 23:31", "retweet": 0, "like": 1}, {"id": "1099344143346589696", "url": "https://twitter.com/Stone_nayouung/status/1099344143346589696", "username": "", "text": "#ป๊อบปองกูล เป็นคนดี ดำเนินตามรอยพ่อ เป็นกำลังใจให้พี่ป๊อป", "date": "23-02-2019 23:24", "retweet": 398, "like": 29}, {"id": "1099339902380994560", "url": "https://twitter.com/Stone_nayouung/status/1099339902380994560", "username": "", "text": "มอลลี่?", "date": "23-02-2019 23:07", "retweet": 1, "like": 0}, {"id": "1099339174652436480", "url": "https://twitter.com/Stone_nayouung/status/1099339174652436480", "username": "", "text": "เรียกพล.เอกชวลิต ว่าขงเบ้งแห่งกองทัพไทย กูก็ไม่มีอะไร No wonder แล้วสำหรับกองทัพประเทศนี้", "date": "23-02-2019 23:04", "retweet": 107, "like": 11}, {"id": "1099337349660430339", "url": "https://twitter.com/Stone_nayouung/status/1099337349660430339", "username": "", "text": "เคยแดกหมาหรือเปล่า", "date": "23-02-2019 22:57", "retweet": 6, "like": 3}, {"id": "1099331715753865216", "url": "https://twitter.com/Stone_nayouung/status/1099331715753865216", "username": "", "text": "แส่บปิ๊ Sappy", "date": "23-02-2019 22:34", "retweet": 2, "like": 0}, {"id": "1099327082436354049", "url": "https://twitter.com/Stone_nayouung/status/1099327082436354049", "username": "", "text": "แรงมาก รอเผือกต่อ", "date": "23-02-2019 22:16", "retweet": 0, "like": 0}, {"id": "1099326527039139840", "url": "https://twitter.com/Stone_nayouung/status/1099326527039139840", "username": "", "text": "จริงแม่ มันดูโป๊ะอ่ะ", "date": "23-02-2019 22:14", "retweet": 12, "like": 2}, {"id": "1099326442159071232", "url": "https://twitter.com/Stone_nayouung/status/1099326442159071232", "username": "", "text": "แต่แบบ มันไม่ระคายหน่อยหรอ แบบถึงจะมี2เฟส แต่เพื่อนไม่ระคายหน่อยหรอวะ", "date": "23-02-2019 22:13", "retweet": 0, "like": 2}, {"id": "1099326146418683904", "url": "https://twitter.com/Stone_nayouung/status/1099326146418683904", "username": "", "text": "คือกูงงเพราะ #ป๊อบปองกูล ก็ไม่ได้นูกูไง ทำไมมันไม่มีคนจับโป๊ะได้เลยหรอ", "date": "23-02-2019 22:12", "retweet": 4036, "like": 323}, {"id": "1099325556217208835", "url": "https://twitter.com/Stone_nayouung/status/1099325556217208835", "username": "", "text": "พีคมาก อีดอก ทำไงไม่รู้ววะ ก็เห็นแทคกันในเฟส", "date": "23-02-2019 22:10", "retweet": 10, "like": 0}, {"id": "1099325151777189889", "url": "https://twitter.com/Stone_nayouung/status/1099325151777189889", "username": "", "text": "อีสานส่าเหมือนเณร", "date": "23-02-2019 22:08", "retweet": 4, "like": 0}, {"id": "1099324755247693825", "url": "https://twitter.com/Stone_nayouung/status/1099324755247693825", "username": "", "text": "คือยังไงวะ มีแฟน2คน คบซ้อนมาตลอดแล้วฝ่ายหญิงไม่รู้หรอ งง #ป๊อบปองกูล", "date": "23-02-2019 22:07", "retweet": 995, "like": 130}, {"id": "1099321307936608257", "url": "https://twitter.com/Stone_nayouung/status/1099321307936608257", "username": "", "text": "มาเล่าด้วย", "date": "23-02-2019 21:53", "retweet": 0, "like": 0}, {"id": "1099320814988455937", "url": "https://twitter.com/Stone_nayouung/status/1099320814988455937", "username": "", "text": "แซ่บว่ะ", "date": "23-02-2019 21:51", "retweet": 0, "like": 0}, {"id": "1099319997237587970", "url": "https://twitter.com/Stone_nayouung/status/1099319997237587970", "username": "", "text": "มีอะไรหรอแม่", "date": "23-02-2019 21:48", "retweet": 0, "like": 0}, {"id": "1099293698527944704", "url": "https://twitter.com/Stone_nayouung/status/1099293698527944704", "username": "", "text": "อ่านที่อีมอลลี่พิมรู้เรื่องหรอ", "date": "23-02-2019 20:03", "retweet": 8, "like": 0}, {"id": "1099291941659791362", "url": "https://twitter.com/Stone_nayouung/status/1099291941659791362", "username": "", "text": "อาหารมื้อเย็นค่ะ pic.twitter.com/xusiTOq0AK", "date": "23-02-2019 19:56", "retweet": 13, "like": 6}, {"id": "1099291759639547909", "url": "https://twitter.com/Stone_nayouung/status/1099291759639547909", "username": "", "text": "เหมือนเขาอัดๆให้มันอ้วนเพื่อเอาความนิยมอ่ะ", "date": "23-02-2019 19:55", "retweet": 0, "like": 0}, {"id": "1099290350395416576", "url": "https://twitter.com/Stone_nayouung/status/1099290350395416576", "username": "", "text": "กูไม่ได้ตามนานและ กลับมาเห็นคือแบบอีเหี้ย อ้วนมาก", "date": "23-02-2019 19:50", "retweet": 0, "like": 0}, {"id": "1099284296668311553", "url": "https://twitter.com/Stone_nayouung/status/1099284296668311553", "username": "", "text": "ไหนแหละ ซื้อที่ไหน ชั้นจะให้ราชเลขาไปซื้อ https:// twitter.com/hardcoremody/s tatus/1099153922634133504 …", "date": "23-02-2019 19:26", "retweet": 205, "like": 13}, {"id": "1099283164843786240", "url": "https://twitter.com/Stone_nayouung/status/1099283164843786240", "username": "", "text": "มุกไม่เข้า", "date": "23-02-2019 19:21", "retweet": 0, "like": 0}, {"id": "1099282128586473472", "url": "https://twitter.com/Stone_nayouung/status/1099282128586473472", "username": "", "text": "อยากลองกินจริงๆ จะได้รีวิวให้", "date": "23-02-2019 19:17", "retweet": 6, "like": 0}, {"id": "1099281656983171072", "url": "https://twitter.com/Stone_nayouung/status/1099281656983171072", "username": "", "text": "อยากลองชิมคุ้กกี้จา หาซื้อได้ที่ไหนเอ่ย https:// twitter.com/hardcoremody/s tatus/1099270384367497218 …", "date": "23-02-2019 19:15", "retweet": 129, "like": 9}, {"id": "1099276257718525953", "url": "https://twitter.com/Stone_nayouung/status/1099276257718525953", "username": "", "text": "มอลลี่จะกินอะไร ต้องรอหลวงพ่อฉันเสร็จก่อน", "date": "23-02-2019 18:54", "retweet": 7, "like": 0}, {"id": "1099271946473111559", "url": "https://twitter.com/Stone_nayouung/status/1099271946473111559", "username": "", "text": "โนวอนเด้อ", "date": "23-02-2019 18:37", "retweet": 0, "like": 0}, {"id": "1099271854932484096", "url": "https://twitter.com/Stone_nayouung/status/1099271854932484096", "username": "", "text": "ต้นแบบIOตัวอย่าง คือcaptionThailand เป็นIO ผสม อากาเส่", "date": "23-02-2019 18:36", "retweet": 4, "like": 1}, {"id": "1099271298016960512", "url": "https://twitter.com/Stone_nayouung/status/1099271298016960512", "username": "", "text": "รอดูอันนี้แมทหยุดโลกว่ะ อี่ไพบูลย์ พ่ออ๋อย เจ้หน่อย มาร์ค พ่ออีฟ้า และป๊าของกู จุกๆ วันพุธที่ 27 กพ เวลา 3ทุ่ม20 รอดูเลย #เลือกตั้ง2562 pic.twitter.com/qhiErqJqnS", "date": "23-02-2019 18:34", "retweet": 2759, "like": 240}, {"id": "1099268501653512192", "url": "https://twitter.com/Stone_nayouung/status/1099268501653512192", "username": "", "text": "เนื้อหากลวงมาก แต่งโดยเจเจตริน หรือ ดี้นิติพงเอ่ย https:// twitter.com/wassanananuam/ status/1099219245995503616 …", "date": "23-02-2019 18:23", "retweet": 293, "like": 13}, {"id": "1099250113132736512", "url": "https://twitter.com/Stone_nayouung/status/1099250113132736512", "username": "", "text": "เห็นนา-ยองไม่คะ ยืนถ่ายรูปใส่เสื้อ we want come back Pristin", "date": "23-02-2019 17:10", "retweet": 0, "like": 0}, {"id": "1099249932119072768", "url": "https://twitter.com/Stone_nayouung/status/1099249932119072768", "username": "", "text": "ลูกทุ่งไอดอลออนแอร์วันไหนวะ อยากดู เบื่อการเมืองและ", "date": "23-02-2019 17:09", "retweet": 8, "like": 0}, {"id": "1099249720189276160", "url": "https://twitter.com/Stone_nayouung/status/1099249720189276160", "username": "", "text": "โคเคน", "date": "23-02-2019 17:08", "retweet": 0, "like": 1}, {"id": "1099229334605156352", "url": "https://twitter.com/Stone_nayouung/status/1099229334605156352", "username": "", "text": "พ่ออ๋อยจะไปศาลไหมคะ นายองจะเอาป้ายไปเชียร์", "date": "23-02-2019 15:47", "retweet": 1, "like": 2}, {"id": "1099223124212502533", "url": "https://twitter.com/Stone_nayouung/status/1099223124212502533", "username": "", "text": "สาธุ เจริญพร", "date": "23-02-2019 15:23", "retweet": 0, "like": 3}, {"id": "1099222200664506368", "url": "https://twitter.com/Stone_nayouung/status/1099222200664506368", "username": "", "text": "อีดอก ไม่ทันเดี๋ยวไถหาแปป", "date": "23-02-2019 15:19", "retweet": 0, "like": 0}, {"id": "1099221864264560640", "url": "https://twitter.com/Stone_nayouung/status/1099221864264560640", "username": "", "text": "ขนมไรวะ", "date": "23-02-2019 15:18", "retweet": 0, "like": 0}, {"id": "1099221468078985216", "url": "https://twitter.com/Stone_nayouung/status/1099221468078985216", "username": "", "text": "ต้องการกี่บาทคะ!!!!!", "date": "23-02-2019 15:16", "retweet": 11, "like": 1}, {"id": "1099220796268937216", "url": "https://twitter.com/Stone_nayouung/status/1099220796268937216", "username": "", "text": "ทางบ้านเบสจะเกาะติดสถานการณ์วันขึ้นศาลค่ะ", "date": "23-02-2019 15:13", "retweet": 0, "like": 0}, {"id": "1099220255061110784", "url": "https://twitter.com/Stone_nayouung/status/1099220255061110784", "username": "", "text": "เข้าเรื่อง เอ๋ พ่ออ๋อยแอบเหยียดคนที่กา รับประชามติ จำนวน 16 ล้านคนว่าไม่รู้หรอคะ แรงมากนะ เขาอาจจะรู้อยู่แล้วก็ได้ค่ะ ลุงตู้บอก", "date": "23-02-2019 15:11", "retweet": 27, "like": 6}, {"id": "1099204594637258752", "url": "https://twitter.com/Stone_nayouung/status/1099204594637258752", "username": "", "text": "มึงงง พ่ออ๋อยตอบกูแล้วว่ะ พริสทินมีแววคัมแบค ชั้นได้กลิ่น", "date": "23-02-2019 14:09", "retweet": 66, "like": 9}, {"id": "1099204361157144576", "url": "https://twitter.com/Stone_nayouung/status/1099204361157144576", "username": "", "text": "ตอนลง นายองกาไม่รับนะคะ ห้ามว่า https:// twitter.com/chaturon/statu s/1099203739095773184 …", "date": "23-02-2019 14:08", "retweet": 11, "like": 2}, {"id": "1099204201723412481", "url": "https://twitter.com/Stone_nayouung/status/1099204201723412481", "username": "", "text": "กรี๊ดดด มึง มึงดู พ่ออ๋อยตอบกูแล้วค่ะ. เต้นท่า We are Prisitn We We are Prisitn pic.twitter.com/xAXRYj2xlw", "date": "23-02-2019 14:07", "retweet": 81, "like": 17}, {"id": "1099202876587401216", "url": "https://twitter.com/Stone_nayouung/status/1099202876587401216", "username": "", "text": "คือแบบควรเลิกเอารูปนี้หากินได้แล้ว", "date": "23-02-2019 14:02", "retweet": 1, "like": 2}, {"id": "1099202767959146496", "url": "https://twitter.com/Stone_nayouung/status/1099202767959146496", "username": "", "text": "ฉันก็รักของฉันเข้าใจบ้างไหม", "date": "23-02-2019 14:02", "retweet": 0, "like": 1}, {"id": "1099202592364580865", "url": "https://twitter.com/Stone_nayouung/status/1099202592364580865", "username": "", "text": "กทม.ที่ไหนคะ", "date": "23-02-2019 14:01", "retweet": 1, "like": 2}, {"id": "1099193111048216576", "url": "https://twitter.com/Stone_nayouung/status/1099193111048216576", "username": "", "text": "รู้แล้วพ่อ ไม่ต้องย้ำได้ไหมเอ่ย", "date": "23-02-2019 13:23", "retweet": 28, "like": 9}, {"id": "1099193008799371265", "url": "https://twitter.com/Stone_nayouung/status/1099193008799371265", "username": "", "text": "รูปProfile. รูปที่เพื่อนแทค pic.twitter.com/gLycsM1Hvo", "date": "23-02-2019 13:23", "retweet": 5636, "like": 373}, {"id": "1099182660675502086", "url": "https://twitter.com/Stone_nayouung/status/1099182660675502086", "username": "", "text": "ทำไมไม่กินถั่วงอกนะค่ะ https:// twitter.com/kpuvaphat/stat us/1098421788537548800 …", "date": "23-02-2019 12:42", "retweet": 24, "like": 4}, {"id": "1099180962900930560", "url": "https://twitter.com/Stone_nayouung/status/1099180962900930560", "username": "", "text": "นาตาเลีย เพลียแคมลงส.ส.เขตไหนวะ", "date": "23-02-2019 12:35", "retweet": 3, "like": 0}, {"id": "1099176842030866432", "url": "https://twitter.com/Stone_nayouung/status/1099176842030866432", "username": "", "text": "อี่ตู่ไม่เคยด่าลูกน้องนะมึง นางใจดีกับลูกน้องอยู่ ต้องให้เครดิต https:// twitter.com/wdlk6/status/1 098553389514817536 …", "date": "23-02-2019 12:19", "retweet": 62, "like": 7}, {"id": "1099176302496501761", "url": "https://twitter.com/Stone_nayouung/status/1099176302496501761", "username": "", "text": "เลิกตั้งหน้ากระดาษแบบจัดกลางเหอะ อยากได้ดีๆมาจ้างกูพิมพ์ pic.twitter.com/XJIKVjIhQs", "date": "23-02-2019 12:17", "retweet": 4052, "like": 135}, {"id": "1099175652584869888", "url": "https://twitter.com/Stone_nayouung/status/1099175652584869888", "username": "", "text": "จริง ทุกวันนี้แอบเอาของไปขายหน้ากระทรวง", "date": "23-02-2019 12:14", "retweet": 0, "like": 1}, {"id": "1099173137306927104", "url": "https://twitter.com/Stone_nayouung/status/1099173137306927104", "username": "", "text": "ปรึกษานอดากปู้สิ กางเกงในยังต้องซัก อาหารก็ต้องทำ แถมยัฃต้องให้เงินยืมอีก @m0m6c https:// twitter.com/superfarfromu/ status/1099141944087728128 …", "date": "23-02-2019 12:04", "retweet": 1, "like": 2}, {"id": "1099171753291444224", "url": "https://twitter.com/Stone_nayouung/status/1099171753291444224", "username": "", "text": "Happy birthday จ้า", "date": "23-02-2019 11:59", "retweet": 0, "like": 0}, {"id": "1099171666293186562", "url": "https://twitter.com/Stone_nayouung/status/1099171666293186562", "username": "", "text": "อยากดู story องหญิงใหญ่ตอนจบ เหมือนถูกตัดลืม", "date": "23-02-2019 11:58", "retweet": 1, "like": 1}, {"id": "1099165532740235264", "url": "https://twitter.com/Stone_nayouung/status/1099165532740235264", "username": "", "text": "มีเรื่องไร", "date": "23-02-2019 11:34", "retweet": 0, "like": 0}, {"id": "1099165238564335616", "url": "https://twitter.com/Stone_nayouung/status/1099165238564335616", "username": "", "text": "ทุ่งลาเวนเด้อ หรือทุ่งฝิ่น", "date": "23-02-2019 11:33", "retweet": 57, "like": 17}, {"id": "1099163535995629569", "url": "https://twitter.com/Stone_nayouung/status/1099163535995629569", "username": "", "text": "ต้องการคนไปด่าอีตู่ในสภาค่ะ", "date": "23-02-2019 11:26", "retweet": 0, "like": 3}, {"id": "1099162583997722625", "url": "https://twitter.com/Stone_nayouung/status/1099162583997722625", "username": "", "text": "ต่อให้ป้าบัวเดินไปเบิกความที่ศาล และไทยรักษาชาติรอดจากการยุบพรรค กูก็เลือกป๊าอยู่ดี", "date": "23-02-2019 11:22", "retweet": 9, "like": 1}, {"id": "1099158088580444162", "url": "https://twitter.com/Stone_nayouung/status/1099158088580444162", "username": "", "text": "จริง", "date": "23-02-2019 11:04", "retweet": 0, "like": 0}, {"id": "1099152527340142592", "url": "https://twitter.com/Stone_nayouung/status/1099152527340142592", "username": "", "text": "นี่มึงเป็นอากาเส่หรอ!!!! https:// twitter.com/thailandcaptia n/status/1098943212008308738 …", "date": "23-02-2019 10:42", "retweet": 206, "like": 7}, {"id": "1098999231057035264", "url": "https://twitter.com/Stone_nayouung/status/1098999231057035264", "username": "", "text": "อีนาย-อง มันใช้คำนำหน้าเด็กชาย เด็กหญิง อยู่หรือยังก่อน", "date": "23-02-2019 00:33", "retweet": 0, "like": 0}, {"id": "1098998675521454080", "url": "https://twitter.com/Stone_nayouung/status/1098998675521454080", "username": "", "text": "จริงๆสลับไปเล่นแอคประยุทธ์ จันโอชา", "date": "23-02-2019 00:31", "retweet": 0, "like": 0}, {"id": "1098998582714150912", "url": "https://twitter.com/Stone_nayouung/status/1098998582714150912", "username": "", "text": "ถ้าเจอคนที่พร้อม เดทปีสองปีก็แต่งเลย", "date": "23-02-2019 00:30", "retweet": 0, "like": 0}, {"id": "1098998127502053376", "url": "https://twitter.com/Stone_nayouung/status/1098998127502053376", "username": "", "text": "ทำกราฟฟิคอยุ่มั้ง", "date": "23-02-2019 00:29", "retweet": 0, "like": 0}, {"id": "1098997811310342149", "url": "https://twitter.com/Stone_nayouung/status/1098997811310342149", "username": "", "text": "ถ้าเขาคิดจะมีมึงในอนาคตต่อไป กูก็คิดว่าดีนะ แต่ถ้าไม่มียังไม่เป็นชิ้นเป็นอันก็หาใหม่", "date": "23-02-2019 00:27", "retweet": 0, "like": 0}, {"id": "1098997122433572864", "url": "https://twitter.com/Stone_nayouung/status/1098997122433572864", "username": "", "text": "มีผัวหรือภาระ", "date": "23-02-2019 00:25", "retweet": 0, "like": 0}, {"id": "1098996650540847104", "url": "https://twitter.com/Stone_nayouung/status/1098996650540847104", "username": "", "text": "รักมันทำให้อิ่มไหม", "date": "23-02-2019 00:23", "retweet": 0, "like": 0}, {"id": "1098995934501818368", "url": "https://twitter.com/Stone_nayouung/status/1098995934501818368", "username": "", "text": "เลี้ยงตัวเองเหนื่อยแล้ว ยังต้องเลี้ยงผัวอีกหรอ", "date": "23-02-2019 00:20", "retweet": 0, "like": 0}, {"id": "1098995072144629760", "url": "https://twitter.com/Stone_nayouung/status/1098995072144629760", "username": "", "text": "อัยยัยยัยย่ะ", "date": "23-02-2019 00:16", "retweet": 2, "like": 0}, {"id": "1098995004448468992", "url": "https://twitter.com/Stone_nayouung/status/1098995004448468992", "username": "", "text": "แม่ผัวยอมรับแล้วหรอ", "date": "23-02-2019 00:16", "retweet": 0, "like": 0}, {"id": "1098990461476171777", "url": "https://twitter.com/Stone_nayouung/status/1098990461476171777", "username": "", "text": "รอเขาทำก่อนแม่", "date": "22-02-2019 23:58", "retweet": 0, "like": 0}, {"id": "1098990162598449153", "url": "https://twitter.com/Stone_nayouung/status/1098990162598449153", "username": "", "text": "อุ๊งอิ๊ง ชิณวัตร https:// twitter.com/chuuchu69/stat us/1098989772163276800 …", "date": "22-02-2019 23:57", "retweet": 9, "like": 2}, {"id": "1098989988971048960", "url": "https://twitter.com/Stone_nayouung/status/1098989988971048960", "username": "", "text": "เออเลิศ กุจะลองเล่นอีก", "date": "22-02-2019 23:56", "retweet": 0, "like": 0}, {"id": "1098989794166693888", "url": "https://twitter.com/Stone_nayouung/status/1098989794166693888", "username": "", "text": "ได้กี่คะแนน", "date": "22-02-2019 23:55", "retweet": 0, "like": 0}, {"id": "1098989627187224577", "url": "https://twitter.com/Stone_nayouung/status/1098989627187224577", "username": "", "text": "แค่นอดากอ้าปากคนก็กลัวแล้ว", "date": "22-02-2019 23:55", "retweet": 0, "like": 0}, {"id": "1098988487406022656", "url": "https://twitter.com/Stone_nayouung/status/1098988487406022656", "username": "", "text": "ปีนี้ค่ายกูส่งนอดากปู้เข้าประกวด #ProduceHeb48 #ProduceHebSS2", "date": "22-02-2019 23:50", "retweet": 16, "like": 2}, {"id": "1098988054453186561", "url": "https://twitter.com/Stone_nayouung/status/1098988054453186561", "username": "", "text": "????? ตอนปิยบุตรเกิด ปรีดียังไม่ตาย https:// twitter.com/thailandcaptia n/status/1098953852647133185 …", "date": "22-02-2019 23:49", "retweet": 8634, "like": 534}, {"id": "1098987800026697728", "url": "https://twitter.com/Stone_nayouung/status/1098987800026697728", "username": "", "text": "พระคุณเจ้าไม่ฉันมัคนารีผล", "date": "22-02-2019 23:48", "retweet": 0, "like": 1}, {"id": "1098974189401165824", "url": "https://twitter.com/Stone_nayouung/status/1098974189401165824", "username": "", "text": "ชั้นอยู่ตรงไหนในรูป", "date": "22-02-2019 22:53", "retweet": 0, "like": 0}, {"id": "1098969757351534597", "url": "https://twitter.com/Stone_nayouung/status/1098969757351534597", "username": "", "text": "กล้ามากนะคะ ที่ด่านอดากปู้", "date": "22-02-2019 22:36", "retweet": 0, "like": 1}, {"id": "1098964656155029505", "url": "https://twitter.com/Stone_nayouung/status/1098964656155029505", "username": "", "text": "คมแฝก?", "date": "22-02-2019 22:16", "retweet": 0, "like": 0}, {"id": "1098964499271303168", "url": "https://twitter.com/Stone_nayouung/status/1098964499271303168", "username": "", "text": "สถานะยังไม่ชัดเจนค่ะ รอหลังเลือกตั้ง", "date": "22-02-2019 22:15", "retweet": 40, "like": 0}, {"id": "1098963457615921152", "url": "https://twitter.com/Stone_nayouung/status/1098963457615921152", "username": "", "text": "กรรมการกลางศูนย์สอบ", "date": "22-02-2019 22:11", "retweet": 0, "like": 0}, {"id": "1098963359179755520", "url": "https://twitter.com/Stone_nayouung/status/1098963359179755520", "username": "", "text": "ไปให้สุด แล้วหยุดที่โดนยุบพรรค https:// twitter.com/kpuvaphat/stat us/1098824441591521280 …", "date": "22-02-2019 22:10", "retweet": 2276, "like": 103}, {"id": "1098912848527253504", "url": "https://twitter.com/Stone_nayouung/status/1098912848527253504", "username": "", "text": "ปลอดประสพเหมือนมานั่งไขว่ห้างเล่นๆ เหมือนตึงโบ #ไทยรัฐเลือกตั้ง62", "date": "22-02-2019 18:50", "retweet": 79, "like": 22}, {"id": "1098910176529137664", "url": "https://twitter.com/Stone_nayouung/status/1098910176529137664", "username": "", "text": "สูงกว่าอีถั่ว อยากเฉดหัวตั้งแต่มีผัวและ", "date": "22-02-2019 18:39", "retweet": 0, "like": 0}, {"id": "1098879064150966272", "url": "https://twitter.com/Stone_nayouung/status/1098879064150966272", "username": "", "text": "จบ จปรมา", "date": "22-02-2019 16:35", "retweet": 1, "like": 1}, {"id": "1098877454129582080", "url": "https://twitter.com/Stone_nayouung/status/1098877454129582080", "username": "", "text": "อีแม่เหี้ย #Thelastempress", "date": "22-02-2019 16:29", "retweet": 9, "like": 0}, {"id": "1098873169006346240", "url": "https://twitter.com/Stone_nayouung/status/1098873169006346240", "username": "", "text": "แอบเล่นยากไปนิด เพราะตอนแรกงง ว่าต้องเลื่อนยังไง pic.twitter.com/NKUZ76GgO4", "date": "22-02-2019 16:12", "retweet": 62, "like": 11}, {"id": "1098872919227125763", "url": "https://twitter.com/Stone_nayouung/status/1098872919227125763", "username": "", "text": "มีเกมมาเล่นอีกแล้วแม่ เดี๋ยวนี้เกมการเมืองเยอะมาก อันเป็นแบบเกมเรียงลำดับเหตุการณ์ และเปิดการ์ด โดยการ์ดและมีเนื้อหา พ.ศ.เหตุการณ์สำคัญ โดยเปิดการ์ดและเลื่อนตำดังเหตุการณ์ว่าเกิดอันไหน ก่อนหลัง แล้วกดวางการ์ด ระวังอย่าสไลด์ผิด ตอบผิดได้3 ครั้ง https:// elect.in.th/game-timeline/", "date": "22-02-2019 16:11", "retweet": 998, "like": 380}, {"id": "1098869832265547778", "url": "https://twitter.com/Stone_nayouung/status/1098869832265547778", "username": "", "text": "แรงมาก", "date": "22-02-2019 15:59", "retweet": 0, "like": 0}, {"id": "1098869148455583744", "url": "https://twitter.com/Stone_nayouung/status/1098869148455583744", "username": "", "text": "อีอรุณฉายยังไม่ตายอีกหรอ", "date": "22-02-2019 15:56", "retweet": 2, "like": 0}, {"id": "1098856747521925120", "url": "https://twitter.com/Stone_nayouung/status/1098856747521925120", "username": "", "text": "มัชรูมไม่ได้เป็นหมา แต่เป็นเห็ด", "date": "22-02-2019 15:07", "retweet": 0, "like": 0}, {"id": "1098845004926087168", "url": "https://twitter.com/Stone_nayouung/status/1098845004926087168", "username": "", "text": "พระเจ้าข้า", "date": "22-02-2019 14:20", "retweet": 0, "like": 0}, {"id": "1098843041836593152", "url": "https://twitter.com/Stone_nayouung/status/1098843041836593152", "username": "", "text": "ไม่เรียนค่ะ เกิดมาก็เป็นภาษาพูดที่บ้านแล้ว https:// twitter.com/gracezysmilezy /status/1098563761542115333 …", "date": "22-02-2019 14:12", "retweet": 274, "like": 7}, {"id": "1098842903881736193", "url": "https://twitter.com/Stone_nayouung/status/1098842903881736193", "username": "", "text": "กูก็เสียภาษีให้รัฐทุกเดือน ทุกปี จนหีขวิด ยังจะเอาอะไรจากกูวะ มึงจะอยู่กันดีๆไม่ได้ใช่ไหม อีรัฐบาล อีทหารบ้าการเมือง", "date": "22-02-2019 14:12", "retweet": 487, "like": 44}, {"id": "1098820507053436928", "url": "https://twitter.com/Stone_nayouung/status/1098820507053436928", "username": "", "text": "ก็จริงมึง เด็กหลายคนซื้อชัดนัเรัยนใหม่ รองเท้าใหม่ทุกปี บางคนแมร่งยังต้องคอยมือ2 ที่เขาไม่ใช้แล้ว", "date": "22-02-2019 12:43", "retweet": 130, "like": 13}, {"id": "1098819396200361984", "url": "https://twitter.com/Stone_nayouung/status/1098819396200361984", "username": "", "text": "https://www. khaosod.co.th/politics/news_ 2237660 … . มีใครเคยเรียนกับแกไหม555555 ใส่ชุดแฟนซีไปเรียน", "date": "22-02-2019 12:38", "retweet": 57, "like": 3}, {"id": "1098818872965132288", "url": "https://twitter.com/Stone_nayouung/status/1098818872965132288", "username": "", "text": "นางงามเขตพื้นที่การศึกษามากไหมเอ่ย", "date": "22-02-2019 12:36", "retweet": 190, "like": 20}, {"id": "1098811282675789824", "url": "https://twitter.com/Stone_nayouung/status/1098811282675789824", "username": "", "text": "ไอ้แดงพ่อไม่รัก", "date": "22-02-2019 12:06", "retweet": 5, "like": 1}, {"id": "1098810933990776832", "url": "https://twitter.com/Stone_nayouung/status/1098810933990776832", "username": "", "text": "ต่อหลังจากไม่อยากแช่งอีตู่ตาย เพราะจะได้อีป้อมเป็นนายกรักษาการณ์ ถ้าอีป้อมตายอีก คงถวายคืนพระราชอำนาจแน่นอน", "date": "22-02-2019 12:05", "retweet": 1305, "like": 116}, {"id": "1098795779290873856", "url": "https://twitter.com/Stone_nayouung/status/1098795779290873856", "username": "", "text": "ไข่ต้มทิ้งไปหาแจกจาน", "date": "22-02-2019 11:05", "retweet": 0, "like": 0}, {"id": "1098791108295897089", "url": "https://twitter.com/Stone_nayouung/status/1098791108295897089", "username": "", "text": "ดูผัวนอดากสิ https:// twitter.com/keal_prince/st atus/1098426097417347072 …", "date": "22-02-2019 10:46", "retweet": 2, "like": 2}, {"id": "1098790830834237440", "url": "https://twitter.com/Stone_nayouung/status/1098790830834237440", "username": "", "text": "ใครทำพ่อเสรีกูจะบุลลี่มึงจุกๆ 1แมท", "date": "22-02-2019 10:45", "retweet": 49, "like": 6}, {"id": "1098781480602370048", "url": "https://twitter.com/Stone_nayouung/status/1098781480602370048", "username": "", "text": "เหมือนที่อีหรินเย็ดมอลลี่", "date": "22-02-2019 10:08", "retweet": 0, "like": 0}, {"id": "1098776945515421696", "url": "https://twitter.com/Stone_nayouung/status/1098776945515421696", "username": "", "text": "solo เพื่อ ออโรร่า https:// twitter.com/theseoulstory/ status/1098771757429809152 …", "date": "22-02-2019 09:50", "retweet": 89, "like": 4}, {"id": "1098627880362229762", "url": "https://twitter.com/Stone_nayouung/status/1098627880362229762", "username": "", "text": "คุณเยาะเย้ยฉัน!!! https:// twitter.com/sommung3/statu s/1098626795253854208 …", "date": "21-02-2019 23:57", "retweet": 3, "like": 0}, {"id": "1098627762657517568", "url": "https://twitter.com/Stone_nayouung/status/1098627762657517568", "username": "", "text": "เห็นรูปโปรไฟล์แล้วพิมพ์555 ทำไมเจ็บ", "date": "21-02-2019 23:57", "retweet": 1, "like": 1}, {"id": "1098625528439820288", "url": "https://twitter.com/Stone_nayouung/status/1098625528439820288", "username": "", "text": "The best present for all Pristin member is Come back new album", "date": "21-02-2019 23:48", "retweet": 97, "like": 203}, {"id": "1098625202345267200", "url": "https://twitter.com/Stone_nayouung/status/1098625202345267200", "username": "", "text": "พริสตินอฟช คือจะแอคทีพแค่วันเกิดmember หรอวะ อีส้นตีน อีเพลดิส", "date": "21-02-2019 23:47", "retweet": 686, "like": 46}, {"id": "1098609509784645632", "url": "https://twitter.com/Stone_nayouung/status/1098609509784645632", "username": "", "text": "เมาไวน์", "date": "21-02-2019 22:44", "retweet": 0, "like": 2}, {"id": "1098570526216208384", "url": "https://twitter.com/Stone_nayouung/status/1098570526216208384", "username": "", "text": "5555555555555", "date": "21-02-2019 20:09", "retweet": 0, "like": 1}, {"id": "1098569338250907649", "url": "https://twitter.com/Stone_nayouung/status/1098569338250907649", "username": "", "text": "อีตู่ Gu ask real อันนี้คืองานสำคัญที่นายกรัฐมนตรีประเทศไทยที่ต้องให้ความสำคัญ ณ ตอนนี้หรอ", "date": "21-02-2019 20:05", "retweet": 646, "like": 69}, {"id": "1098523000901488640", "url": "https://twitter.com/Stone_nayouung/status/1098523000901488640", "username": "", "text": "ไม่อยากแช่งให้อีตู่ตาย เพราะรักษาการณ์นายกที่จะมาแทนน่าจะเป็นอีป้อม", "date": "21-02-2019 17:01", "retweet": 23737, "like": 1860}, {"id": "1098517536360919041", "url": "https://twitter.com/Stone_nayouung/status/1098517536360919041", "username": "", "text": "วงแตก #Room39", "date": "21-02-2019 16:39", "retweet": 288, "like": 26}, {"id": "1098473911853797376", "url": "https://twitter.com/Stone_nayouung/status/1098473911853797376", "username": "", "text": "กูว่ามันยืดเรื่องเกิน", "date": "21-02-2019 13:46", "retweet": 0, "like": 0}, {"id": "1098467801382019072", "url": "https://twitter.com/Stone_nayouung/status/1098467801382019072", "username": "", "text": "อันนี้ตอนที่แล้ว", "date": "21-02-2019 13:21", "retweet": 0, "like": 0}, {"id": "1098464291605209088", "url": "https://twitter.com/Stone_nayouung/status/1098464291605209088", "username": "", "text": "โอซันนี่ สาขาปารีส #TheLastEmpress pic.twitter.com/8p2r3F7TjN", "date": "21-02-2019 13:07", "retweet": 466, "like": 42}, {"id": "1098416529505320960", "url": "https://twitter.com/Stone_nayouung/status/1098416529505320960", "username": "", "text": "โดนจิกหีแน่ มีตั้งกี่ลำ", "date": "21-02-2019 09:58", "retweet": 1, "like": 0}, {"id": "1098416424488321024", "url": "https://twitter.com/Stone_nayouung/status/1098416424488321024", "username": "", "text": "จริง", "date": "21-02-2019 09:57", "retweet": 0, "like": 0}, {"id": "1098416159148302336", "url": "https://twitter.com/Stone_nayouung/status/1098416159148302336", "username": "", "text": "วิ่งกันไหวหรอวะ https:// twitter.com/Prachaya_Ice/s tatus/1098397116253200384 …", "date": "21-02-2019 09:56", "retweet": 313, "like": 6}, {"id": "1098415494502072321", "url": "https://twitter.com/Stone_nayouung/status/1098415494502072321", "username": "", "text": "ชื่อที่แฟนไทยเรียก : ผัวดงโห https:// twitter.com/rizzippeza/sta tus/1098240214458200065 …", "date": "21-02-2019 09:53", "retweet": 99, "like": 2}, {"id": "1098415446292746240", "url": "https://twitter.com/Stone_nayouung/status/1098415446292746240", "username": "", "text": "เกือบไปแล้วไหมมึง วันหลังก็สั่งกองทัพเช็คให้ดี เครื่องบินกองทัพอากาศก็ทำให้มันเป็นProfessional pic.twitter.com/XtbuI6Fhhq", "date": "21-02-2019 09:53", "retweet": 5144, "like": 265}, {"id": "1098265979186868224", "url": "https://twitter.com/Stone_nayouung/status/1098265979186868224", "username": "", "text": "อยากช่วยอุดหนุนเกษตรกร", "date": "20-02-2019 23:59", "retweet": 0, "like": 0}, {"id": "1098265473102143488", "url": "https://twitter.com/Stone_nayouung/status/1098265473102143488", "username": "", "text": "ไม่ชอบกินสัปปะรดกวน", "date": "20-02-2019 23:57", "retweet": 0, "like": 0}, {"id": "1098265181728067584", "url": "https://twitter.com/Stone_nayouung/status/1098265181728067584", "username": "", "text": "ไหนรางวัล", "date": "20-02-2019 23:56", "retweet": 0, "like": 0}, {"id": "1098264759529463810", "url": "https://twitter.com/Stone_nayouung/status/1098264759529463810", "username": "", "text": "รางวัลเป็นอะไรก่อน", "date": "20-02-2019 23:54", "retweet": 0, "like": 0}, {"id": "1098261978429018112", "url": "https://twitter.com/Stone_nayouung/status/1098261978429018112", "username": "", "text": "ประยุทธ์ จันทร์โอชา หน้าหนอกหี อีสัสนรกส่งมาเกิด อีหน้าหนอกแตด อัยยัยยัยย่ะ https:// twitter.com/m0m6c/status/1 098236539539095553 …", "date": "20-02-2019 23:43", "retweet": 289, "like": 22}, {"id": "1098257535260413953", "url": "https://twitter.com/Stone_nayouung/status/1098257535260413953", "username": "", "text": "แจกไข่ๆๆๆๆ จกไข่ๆๆ https:// twitter.com/khaitomnomtoom /status/1098253453053222912 …", "date": "20-02-2019 23:26", "retweet": 1, "like": 1}, {"id": "1098254741497307139", "url": "https://twitter.com/Stone_nayouung/status/1098254741497307139", "username": "", "text": "ไม่เคยเปนโอบิชด้วย", "date": "20-02-2019 23:15", "retweet": 7, "like": 1}, {"id": "1098254162414850048", "url": "https://twitter.com/Stone_nayouung/status/1098254162414850048", "username": "", "text": "ยำปลาจิ้งจั้ง คนจังหวัดไหนคะ", "date": "20-02-2019 23:12", "retweet": 0, "like": 0}, {"id": "1098254021008093185", "url": "https://twitter.com/Stone_nayouung/status/1098254021008093185", "username": "", "text": "แจกไข่ๆๆๆ https:// twitter.com/khaitomnomtoom /status/1098253633269854208 …", "date": "20-02-2019 23:12", "retweet": 0, "like": 0}, {"id": "1098253843270270976", "url": "https://twitter.com/Stone_nayouung/status/1098253843270270976", "username": "", "text": "อีไข่ต้มหรืออีสาคู วันนึงเปนลัฟวี่ วันนึงเปนวั้น", "date": "20-02-2019 23:11", "retweet": 165, "like": 10}, {"id": "1098205998345416704", "url": "https://twitter.com/Stone_nayouung/status/1098205998345416704", "username": "", "text": "อดฉอดเลยกู", "date": "20-02-2019 20:01", "retweet": 0, "like": 0}, {"id": "1098205314321571842", "url": "https://twitter.com/Stone_nayouung/status/1098205314321571842", "username": "", "text": "โดนบล๊อด", "date": "20-02-2019 19:58", "retweet": 0, "like": 0}, {"id": "1098203288866938880", "url": "https://twitter.com/Stone_nayouung/status/1098203288866938880", "username": "", "text": "อีเหี้ย ไม่คิดว่าจะมีวันนี้ 5555555555555555555 pic.twitter.com/cvgUlCmPHh", "date": "20-02-2019 19:50", "retweet": 27743, "like": 2333}, {"id": "1098201749918081025", "url": "https://twitter.com/Stone_nayouung/status/1098201749918081025", "username": "", "text": "พอเหอะ อานน", "date": "20-02-2019 19:44", "retweet": 0, "like": 0}, {"id": "1098177479749947397", "url": "https://twitter.com/Stone_nayouung/status/1098177479749947397", "username": "", "text": "อ้วก", "date": "20-02-2019 18:08", "retweet": 0, "like": 0}, {"id": "1098176833135161344", "url": "https://twitter.com/Stone_nayouung/status/1098176833135161344", "username": "", "text": "ใคร", "date": "20-02-2019 18:05", "retweet": 0, "like": 1}, {"id": "1098175515486126082", "url": "https://twitter.com/Stone_nayouung/status/1098175515486126082", "username": "", "text": "ผู้สมัครไหมมึง", "date": "20-02-2019 18:00", "retweet": 0, "like": 2}, {"id": "1098175432036208641", "url": "https://twitter.com/Stone_nayouung/status/1098175432036208641", "username": "", "text": "กูผูกคอที่ต้นมะขามสนามหลวง", "date": "20-02-2019 18:00", "retweet": 0, "like": 0}, {"id": "1098174547570741248", "url": "https://twitter.com/Stone_nayouung/status/1098174547570741248", "username": "", "text": "นาย องคือใคร", "date": "20-02-2019 17:56", "retweet": 0, "like": 0}, {"id": "1098173680520056833", "url": "https://twitter.com/Stone_nayouung/status/1098173680520056833", "username": "", "text": "คู่ชิปตอนนี้ แจกไข่ -แจกจานxไข่ต้ม เคียวนอ -พี่เคียวไอซิส x นอดากปู้", "date": "20-02-2019 17:53", "retweet": 93, "like": 9}, {"id": "1098159732966051840", "url": "https://twitter.com/Stone_nayouung/status/1098159732966051840", "username": "", "text": "นอดากมาดูพี่เขาเร็ว @m0m6c", "date": "20-02-2019 16:57", "retweet": 0, "like": 0}, {"id": "1098159497925644289", "url": "https://twitter.com/Stone_nayouung/status/1098159497925644289", "username": "", "text": "112 ไม่มี ระวังพรบ คอมเด้อพี่ https:// twitter.com/keal_prince/st atus/1095299983136288771 …", "date": "20-02-2019 16:56", "retweet": 28, "like": 0}, {"id": "1098158176715694086", "url": "https://twitter.com/Stone_nayouung/status/1098158176715694086", "username": "", "text": "อยากรู้ว่าป้าบัวจะไปงานแต่งอุ๊งอิ้งหรือเปล่า", "date": "20-02-2019 16:51", "retweet": 1, "like": 0}, {"id": "1098136827913883648", "url": "https://twitter.com/Stone_nayouung/status/1098136827913883648", "username": "", "text": "ไม่เป็น แต่หมอบอกกลัวติดเชื้อไวรัส ของสกปรกจากซอกเล็บ", "date": "20-02-2019 15:26", "retweet": 0, "like": 0}, {"id": "1098135177719513088", "url": "https://twitter.com/Stone_nayouung/status/1098135177719513088", "username": "", "text": "แจกไข่ๆๆไ https:// twitter.com/doktongchangye d/status/1098131866484264960 …", "date": "20-02-2019 15:20", "retweet": 1, "like": 0}, {"id": "1098112068765417472", "url": "https://twitter.com/Stone_nayouung/status/1098112068765417472", "username": "", "text": "กุว่าอันนี้อีออรโง่เอง แทคผิด", "date": "20-02-2019 13:48", "retweet": 0, "like": 0}, {"id": "1098111258522398720", "url": "https://twitter.com/Stone_nayouung/status/1098111258522398720", "username": "", "text": "มันประท้วงในไอจี แล้วแทคอีบอส น้องบูเซป แบบเหมือนไวรัส", "date": "20-02-2019 13:45", "retweet": 4, "like": 1}, {"id": "1098110686708678656", "url": "https://twitter.com/Stone_nayouung/status/1098110686708678656", "username": "", "text": "ออโรร่าคิดว่าทำแบบนี้แล้วบอสจะตามใจหรอวะ ทำตัวเหมือนพวก กปปส.ขวางเลือกตั้งเลย อีหน้าหี", "date": "20-02-2019 13:42", "retweet": 321, "like": 19}, {"id": "1098088254711070721", "url": "https://twitter.com/Stone_nayouung/status/1098088254711070721", "username": "", "text": "ดีนะกูเห็บด้อม", "date": "20-02-2019 12:13", "retweet": 0, "like": 0}, {"id": "1098085934984089600", "url": "https://twitter.com/Stone_nayouung/status/1098085934984089600", "username": "", "text": "#ออโรร่านกราบตีนน้องบู เพราะความโง่ของหล่อนที่ไปรบกวนน้องบู มึงกราบบัดเดี๋ยวนี้!!!!!! นี่คือโซตัส!!!!", "date": "20-02-2019 12:04", "retweet": 403, "like": 24}, {"id": "1098084544249421824", "url": "https://twitter.com/Stone_nayouung/status/1098084544249421824", "username": "", "text": "กุบวกในวงเล็บก่อน แล้วเอาตัวหารมาคูน", "date": "20-02-2019 11:58", "retweet": 2, "like": 0}, {"id": "1098084095974764544", "url": "https://twitter.com/Stone_nayouung/status/1098084095974764544", "username": "", "text": "กุได้9", "date": "20-02-2019 11:57", "retweet": 0, "like": 1}, {"id": "1098083318682181633", "url": "https://twitter.com/Stone_nayouung/status/1098083318682181633", "username": "", "text": "pledis boos อีดอก 55555", "date": "20-02-2019 11:53", "retweet": 189, "like": 19}, {"id": "1098082900384174080", "url": "https://twitter.com/Stone_nayouung/status/1098082900384174080", "username": "", "text": "อีออโรร่านต้องแยกให้ออกก่อน ระหว่างPledis boss กับPledis boo เดี๋ยวมึงเจอกะรัต!!!!!", "date": "20-02-2019 11:52", "retweet": 2018, "like": 162}, {"id": "1098081081637535744", "url": "https://twitter.com/Stone_nayouung/status/1098081081637535744", "username": "", "text": "อยากเดินเข้าไปด่าอีบอสว่ะ แต่กลัวมันฟังไม่ออก", "date": "20-02-2019 11:45", "retweet": 8, "like": 1}, {"id": "1098079533121429504", "url": "https://twitter.com/Stone_nayouung/status/1098079533121429504", "username": "", "text": "ดูในไหนแม่", "date": "20-02-2019 11:38", "retweet": 0, "like": 0}, {"id": "1098076728709136385", "url": "https://twitter.com/Stone_nayouung/status/1098076728709136385", "username": "", "text": "ทหารควรอยู่ตรงไหนในการเมืองไทย ก็อยู่ตามค่าย ตามกระทรวงกลาโหมทำงานตัวเองไป จบๆแล้วก็รับเงินเกษียณไง งงอะไรอีนายพล", "date": "20-02-2019 11:27", "retweet": 247, "like": 13}, {"id": "1098076156027273216", "url": "https://twitter.com/Stone_nayouung/status/1098076156027273216", "username": "", "text": "จ้างแม่บ้านทำความสะอาดบ้านยังเสียเงิน แม่บ้านยังได้เงินไปใช้ จ้างทหารเกณฑ์คือไม่ได้เงิน แถมยังพูดสะกดจิตทุกวันว่ากูเอามึงมาทำงานนี้ถือว่าสบายสุดแล้ว", "date": "20-02-2019 11:25", "retweet": 472, "like": 30}, {"id": "1098075541498777600", "url": "https://twitter.com/Stone_nayouung/status/1098075541498777600", "username": "", "text": "กางเกงในเปื้อนเม็นของเมียนาย", "date": "20-02-2019 11:23", "retweet": 0, "like": 0}, {"id": "1098074593649057792", "url": "https://twitter.com/Stone_nayouung/status/1098074593649057792", "username": "", "text": "อีพวกทหารนายพลออกมาเห่าเรื่องลดทหารเกณฑ์ไม่ใช่ว่ารักชาติ อยากปกป้องแผ่นดินไทยนะ แค่เสียดายแรงงานทำงานบ้านฟรี", "date": "20-02-2019 11:19", "retweet": 1150, "like": 96}, {"id": "1098069762439954432", "url": "https://twitter.com/Stone_nayouung/status/1098069762439954432", "username": "", "text": "ปูมาตอนแรก อีผอ.เหมือนจะดี จะยุติธรรม อีเวน", "date": "20-02-2019 11:00", "retweet": 1, "like": 0}, {"id": "1098061586143404032", "url": "https://twitter.com/Stone_nayouung/status/1098061586143404032", "username": "", "text": "แอคจริงผัวของไข่ต้มหรือเปล่า? pic.twitter.com/6GqjXzyP8l", "date": "20-02-2019 10:27", "retweet": 9, "like": 4}, {"id": "1098061408414052352", "url": "https://twitter.com/Stone_nayouung/status/1098061408414052352", "username": "", "text": "มึง กุเปิดPristin Vให้น้องป.4ดู ก่อนเปิดกุพูดแค่ว่า เพลงล่าสุดสิ่งเเรกที่มันพูดคือ ไม่คัมแบคมาเป็นปีแล้ว กุขำมากอิเหรี้ย ดีใจที่น้องมองออก55555", "date": "20-02-2019 10:26", "retweet": 1240, "like": 96}, {"id": "1098061010185871362", "url": "https://twitter.com/Stone_nayouung/status/1098061010185871362", "username": "", "text": "ต้องไปทดสอบsleep test ด้วย", "date": "20-02-2019 10:25", "retweet": 0, "like": 0}, {"id": "1098060434668568578", "url": "https://twitter.com/Stone_nayouung/status/1098060434668568578", "username": "", "text": "แรง", "date": "20-02-2019 10:23", "retweet": 1, "like": 1}, {"id": "1098053510074003456", "url": "https://twitter.com/Stone_nayouung/status/1098053510074003456", "username": "", "text": "ใครถาม?", "date": "20-02-2019 09:55", "retweet": 75, "like": 8}, {"id": "1097892486494572544", "url": "https://twitter.com/Stone_nayouung/status/1097892486494572544", "username": "", "text": "วอลเปเป้อมงคลตามวันเกิด และเข้าธีมมาฆบูชา pic.twitter.com/ewZ46xthmB", "date": "19-02-2019 23:15", "retweet": 1785, "like": 113}, {"id": "1097890937928245248", "url": "https://twitter.com/Stone_nayouung/status/1097890937928245248", "username": "", "text": "เปรต? https:// twitter.com/chuuchu69/stat us/1097889393644195841 …", "date": "19-02-2019 23:09", "retweet": 27, "like": 0}, {"id": "1097870288203599873", "url": "https://twitter.com/Stone_nayouung/status/1097870288203599873", "username": "", "text": "วงอีแววVAV เหมือนกว่าอีก https:// twitter.com/jiji_winkieboy /status/1097867319613636608 …", "date": "19-02-2019 21:47", "retweet": 2, "like": 1}, {"id": "1097870185610981376", "url": "https://twitter.com/Stone_nayouung/status/1097870185610981376", "username": "", "text": "โอโซเลมิโอ", "date": "19-02-2019 21:47", "retweet": 1, "like": 0}, {"id": "1097866266935681024", "url": "https://twitter.com/Stone_nayouung/status/1097866266935681024", "username": "", "text": "อี่ชู่ว5555 https:// twitter.com/boxxghhfd/stat us/1097499442490400768 …", "date": "19-02-2019 21:31", "retweet": 49, "like": 1}, {"id": "1097865781264543744", "url": "https://twitter.com/Stone_nayouung/status/1097865781264543744", "username": "", "text": "คัมรอบนี้มันต้องได้1st win บ้างแหละ #SF9_0220_COMEBACK", "date": "19-02-2019 21:29", "retweet": 99, "like": 6}, {"id": "1097863359020568578", "url": "https://twitter.com/Stone_nayouung/status/1097863359020568578", "username": "", "text": "พาทักษิณกลับบ้าน https:// twitter.com/oak_ptt/status /1097494295441924099 …", "date": "19-02-2019 21:19", "retweet": 51, "like": 4}, {"id": "1097853310038503425", "url": "https://twitter.com/Stone_nayouung/status/1097853310038503425", "username": "", "text": "25", "date": "19-02-2019 20:40", "retweet": 53, "like": 11}, {"id": "1097844394864996353", "url": "https://twitter.com/Stone_nayouung/status/1097844394864996353", "username": "", "text": "555555", "date": "19-02-2019 20:04", "retweet": 0, "like": 0}, {"id": "1097842421910519808", "url": "https://twitter.com/Stone_nayouung/status/1097842421910519808", "username": "", "text": "เมื่อไรน้องพริสจะคัมวะ", "date": "19-02-2019 19:56", "retweet": 183, "like": 17}, {"id": "1097788252692439043", "url": "https://twitter.com/Stone_nayouung/status/1097788252692439043", "username": "", "text": "สาทุ", "date": "19-02-2019 16:21", "retweet": 0, "like": 0}, {"id": "1097771835981090816", "url": "https://twitter.com/Stone_nayouung/status/1097771835981090816", "username": "", "text": "ด่าประยุด", "date": "19-02-2019 15:16", "retweet": 8, "like": 1}, {"id": "1097760671096131584", "url": "https://twitter.com/Stone_nayouung/status/1097760671096131584", "username": "", "text": "ชั้น pic.twitter.com/88EHTmO7tj", "date": "19-02-2019 14:31", "retweet": 14, "like": 0}, {"id": "1097755209973944320", "url": "https://twitter.com/Stone_nayouung/status/1097755209973944320", "username": "", "text": "ไปเล่นกันดู ได้กี่คะแนนได้เป็นใครก็มาแชร์กันบ้าง https:// twitter.com/stone_nayouung /status/1097734737353818112 …", "date": "19-02-2019 14:10", "retweet": 8, "like": 0}, {"id": "1097746779884347397", "url": "https://twitter.com/Stone_nayouung/status/1097746779884347397", "username": "", "text": "ไว้ตีหัว", "date": "19-02-2019 13:36", "retweet": 0, "like": 0}, {"id": "1097746367110238208", "url": "https://twitter.com/Stone_nayouung/status/1097746367110238208", "username": "", "text": "เลิฟบิโดๆๆๆ โด้ๆ สวีทโด่โ่ด้ๆ", "date": "19-02-2019 13:35", "retweet": 0, "like": 0}, {"id": "1097745455906082816", "url": "https://twitter.com/Stone_nayouung/status/1097745455906082816", "username": "", "text": "สั่งโรงงานราชบุรีทำเหอะ", "date": "19-02-2019 13:31", "retweet": 0, "like": 0}, {"id": "1097742580047958016", "url": "https://twitter.com/Stone_nayouung/status/1097742580047958016", "username": "", "text": "เลือกตั้งปีนี้ต้องเล่นใหญ่ โปรโมทให้คนไปใช้สิทธิ์กันเยอะๆเข้าไว้ เพราะหลุดจากนี้ไปก็ไม่แน่ใจว่า4ปีถัดไปจะได้เลือกหรือเปล่า เหมือนน้องพริสถ้าได้คัมแบคก็ต้องเล่นใหญ่เหมือนกัน", "date": "19-02-2019 13:20", "retweet": 1038, "like": 70}, {"id": "1097739043578638336", "url": "https://twitter.com/Stone_nayouung/status/1097739043578638336", "username": "", "text": "ไม่เคยกินขาไก่เลย ไม่คิดว่ามีเนือ", "date": "19-02-2019 13:05", "retweet": 0, "like": 0}, {"id": "1097738563431452672", "url": "https://twitter.com/Stone_nayouung/status/1097738563431452672", "username": "", "text": "ไม่เคยรู้เลยว่ามีเมนูนี้", "date": "19-02-2019 13:04", "retweet": 0, "like": 0}, {"id": "1097736597636694016", "url": "https://twitter.com/Stone_nayouung/status/1097736597636694016", "username": "", "text": "เอาไปเหอะ", "date": "19-02-2019 12:56", "retweet": 0, "like": 0}, {"id": "1097735488406880256", "url": "https://twitter.com/Stone_nayouung/status/1097735488406880256", "username": "", "text": "ไหนใครแซ่บทจำชื่อชั้นไว้ ตู่", "date": "19-02-2019 12:51", "retweet": 0, "like": 0}, {"id": "1097734737353818112", "url": "https://twitter.com/Stone_nayouung/status/1097734737353818112", "username": "", "text": "#พื้นที่โฆษณาที่เขาไม่ได้จ้าง ใกล้วันเลือกตั้ง ลองมาตอบควิซกันดีกว่าจ้า เข้าเว็บนี้ http:// elect.in.th/election-101 ตอบคำถาม10 ข้อ เป็นความรู้ทั่วไปกับการเลือกตั้ง พบนับคะแบบจบระบบจะประมวลว่าเราได้กี่คะแนน และจะได้แดซังตำแหน่งไหนไป ชั้นลองเล่นแล้วได้10 pic.twitter.com/jyEph3vNYa", "date": "19-02-2019 12:48", "retweet": 218, "like": 35}, {"id": "1097713235891957761", "url": "https://twitter.com/Stone_nayouung/status/1097713235891957761", "username": "", "text": "อย่าลืมไปกดJoin Event สำคัญนี้ด้วยนะคะ ไปแสดงความจงรักภักดีกันเยอะๆ นา-ยอง บ้านเบสร.10 Thailand pic.twitter.com/u6u3MdmHNg", "date": "19-02-2019 11:23", "retweet": 108, "like": 11}, {"id": "1097707278575128581", "url": "https://twitter.com/Stone_nayouung/status/1097707278575128581", "username": "", "text": "เกิดไม่ทัน แต่ฟังเขาเล่ามาอีกที เขาบอกว่าโกง มีเรื่องบุฟเฟ่คาบิเนต แต่สมัยก่อนคนไทยยังงงๆ กับเรื่องประชาธิปไตย เพราะเพิ่งผ่านรัฐบาลเปรมมา แล้วทหารทำรัฐประหาร", "date": "19-02-2019 10:59", "retweet": 2, "like": 2}, {"id": "1097704887377260545", "url": "https://twitter.com/Stone_nayouung/status/1097704887377260545", "username": "", "text": "ถ้าไม่โดนรปห เขาทำโคราชให้เจริญกว่านี้อีก https:// twitter.com/hcoutiiiiiii/s tatus/1097476331489525760 …", "date": "19-02-2019 10:50", "retweet": 186, "like": 17}, {"id": "1097547501744222210", "url": "https://twitter.com/Stone_nayouung/status/1097547501744222210", "username": "", "text": "งง", "date": "19-02-2019 00:24", "retweet": 2, "like": 2}, {"id": "1097544551974064128", "url": "https://twitter.com/Stone_nayouung/status/1097544551974064128", "username": "", "text": "หรอ https:// twitter.com/aksorncanteen/ status/1097441203459522561 …", "date": "19-02-2019 00:13", "retweet": 14, "like": 0}, {"id": "1097538926477078528", "url": "https://twitter.com/Stone_nayouung/status/1097538926477078528", "username": "", "text": "ไซม่อนเส", "date": "18-02-2019 23:50", "retweet": 0, "like": 2}, {"id": "1097534785033891840", "url": "https://twitter.com/Stone_nayouung/status/1097534785033891840", "username": "", "text": "where is ชะนีเมษา", "date": "18-02-2019 23:34", "retweet": 0, "like": 0}, {"id": "1097534374390554624", "url": "https://twitter.com/Stone_nayouung/status/1097534374390554624", "username": "", "text": "Stan Kara ไปstan Loona กันหมด", "date": "18-02-2019 23:32", "retweet": 1, "like": 0}, {"id": "1097533872730890241", "url": "https://twitter.com/Stone_nayouung/status/1097533872730890241", "username": "", "text": "ต่อให้ก่อนเพราะคัมแบค", "date": "18-02-2019 23:30", "retweet": 0, "like": 1}, {"id": "1097529365867376641", "url": "https://twitter.com/Stone_nayouung/status/1097529365867376641", "username": "", "text": "ชอนบู เนมอดแดโร Get it เนกา วอนฮานึน แดโร Get it ,Pristin V pic.twitter.com/g7ipbbe4iX", "date": "18-02-2019 23:12", "retweet": 782, "like": 60}, {"id": "1097522497988132864", "url": "https://twitter.com/Stone_nayouung/status/1097522497988132864", "username": "", "text": "วันนี้3 คนนั่งข้างพิธีกร ภูมิใจไทย ประชาชาติ และชาติไทยพัฒนา คือนูกูไร้สีนสุด", "date": "18-02-2019 22:45", "retweet": 49, "like": 9}, {"id": "1097517063143284736", "url": "https://twitter.com/Stone_nayouung/status/1097517063143284736", "username": "", "text": "เปิด Hi High กกต.ปัดตก เพราะ กกต เปนอากาเซ่", "date": "18-02-2019 22:23", "retweet": 3, "like": 1}, {"id": "1097516845127557120", "url": "https://twitter.com/Stone_nayouung/status/1097516845127557120", "username": "", "text": "Hi high บิ๊กแบง", "date": "18-02-2019 22:23", "retweet": 0, "like": 0}, {"id": "1097515885932101634", "url": "https://twitter.com/Stone_nayouung/status/1097515885932101634", "username": "", "text": "มึงสิ", "date": "18-02-2019 22:19", "retweet": 0, "like": 0}, {"id": "1097515701340753920", "url": "https://twitter.com/Stone_nayouung/status/1097515701340753920", "username": "", "text": "หลบไปอีกาเท้ย", "date": "18-02-2019 22:18", "retweet": 0, "like": 0}, {"id": "1097515655962648576", "url": "https://twitter.com/Stone_nayouung/status/1097515655962648576", "username": "", "text": "รอดู https:// twitter.com/kpuvaphat/stat us/1097514773657210881 …", "date": "18-02-2019 22:18", "retweet": 2, "like": 0}, {"id": "1097515596516741120", "url": "https://twitter.com/Stone_nayouung/status/1097515596516741120", "username": "", "text": "อี่ไพบูลย์ยังฝันถึงการเข้าไปเลือกอี่ตู่เป็นนายกอีกหรอ อย่างมึงจะได้กี่เสียงจากการเลือกตั้งครั้งนี้", "date": "18-02-2019 22:18", "retweet": 447, "like": 29}, {"id": "1097513886549327872", "url": "https://twitter.com/Stone_nayouung/status/1097513886549327872", "username": "", "text": "หลังเลือกตั้งอยากดูป๊าเต้นget it ป๊าช่วยได้ไหม", "date": "18-02-2019 22:11", "retweet": 6, "like": 3}, {"id": "1097511023517491201", "url": "https://twitter.com/Stone_nayouung/status/1097511023517491201", "username": "", "text": "ป๊ารีบกลับบ้านมาสตรีม Get it https:// twitter.com/KPuvaphat/stat us/1097509664437096449 …", "date": "18-02-2019 21:59", "retweet": 43, "like": 3}, {"id": "1097510843963457537", "url": "https://twitter.com/Stone_nayouung/status/1097510843963457537", "username": "", "text": "ป๊าคนดี", "date": "18-02-2019 21:59", "retweet": 0, "like": 0}, {"id": "1097509415786229762", "url": "https://twitter.com/Stone_nayouung/status/1097509415786229762", "username": "", "text": "อ้าว ป๊ากูกลับแล้วหรอ ???? หรือป๊าปวดขี้ ท้องเสีย?", "date": "18-02-2019 21:53", "retweet": 17, "like": 5}, {"id": "1097508732013965313", "url": "https://twitter.com/Stone_nayouung/status/1097508732013965313", "username": "", "text": "รักป๊า มาเพื่อทุบๆ #เสรีรวมไทย #ป๊าขอโอกาส pic.twitter.com/onLD5GYuQX", "date": "18-02-2019 21:50", "retweet": 371, "like": 51}, {"id": "1097507992541454337", "url": "https://twitter.com/Stone_nayouung/status/1097507992541454337", "username": "", "text": "ตัวแทนพรรคภูมิใจไทยไร้สีนมาก ขอสีนหน่อย", "date": "18-02-2019 21:47", "retweet": 14, "like": 1}, {"id": "1097502136718389248", "url": "https://twitter.com/Stone_nayouung/status/1097502136718389248", "username": "", "text": "แฟนด้อมอีชู่ว บุญชูหรอคะ #ลาลาแลนด์เลิฟ ควรชื่อ กะลาแลนด์เลิฟมากกว่า", "date": "18-02-2019 21:24", "retweet": 0, "like": 0}, {"id": "1097500654606548993", "url": "https://twitter.com/Stone_nayouung/status/1097500654606548993", "username": "", "text": "คิดถึงสมัครว่ะ ถ้ายังอยู่ก็ช่วยกันฉอดอีตู่ ในหัวจำได้ว่าเป็นนายกบ้านๆ ทำอาหาร ชิคๆ", "date": "18-02-2019 21:18", "retweet": 212, "like": 26}, {"id": "1097498545412726784", "url": "https://twitter.com/Stone_nayouung/status/1097498545412726784", "username": "", "text": "วงเทวัญคัมแบคทั้งทีได้คนแบบนี้มาหรอ พล.เอกอาทิตย์ฟื้นจากโลงมาได้คงสั่งซ่อม https:// twitter.com/thestandardth/ status/1097488449928658944 …", "date": "18-02-2019 21:10", "retweet": 45, "like": 2}, {"id": "1097496874838220800", "url": "https://twitter.com/Stone_nayouung/status/1097496874838220800", "username": "", "text": "งบเทิดทูนนี่จัดอยู่ในกระทรวงไหนคะ ?", "date": "18-02-2019 21:03", "retweet": 143, "like": 7}, {"id": "1097495759727976449", "url": "https://twitter.com/Stone_nayouung/status/1097495759727976449", "username": "", "text": "แหม สมัยพี่มาร์คบอกมีปัญหาชายแดน กระทบกับกัมพูชา ก็คือมาจากปากรัฐมนตรีต่างประเทศที่ไปจิกหีด่าเขาก่อนหรือเปล่า", "date": "18-02-2019 20:59", "retweet": 201, "like": 26}, {"id": "1097495012693008386", "url": "https://twitter.com/Stone_nayouung/status/1097495012693008386", "username": "", "text": "จริงๆที่เฉลิมจิกหีด่าอภิสิทธิ์เรื่องตั้งรัฐบาลตอนนั้นก็ไม่ถูกนะ เพราะก็มาจากโหวตรัฐสภา. คนเสื้อแดงคิดว่าสมชายมาเป็นนายกได้ยังไง อภิสิทธิ์ก็แบบนั้น", "date": "18-02-2019 20:56", "retweet": 49, "like": 6}, {"id": "1097491697859096576", "url": "https://twitter.com/Stone_nayouung/status/1097491697859096576", "username": "", "text": "โหอีไพบูลย์ กูยอมใจมึง", "date": "18-02-2019 20:43", "retweet": 164, "like": 17}, {"id": "1097491019300368385", "url": "https://twitter.com/Stone_nayouung/status/1097491019300368385", "username": "", "text": "เมืองไทยไม่อยู่ ไปอย่าต่างประเทศ", "date": "18-02-2019 20:40", "retweet": 0, "like": 2}, {"id": "1097490777003810817", "url": "https://twitter.com/Stone_nayouung/status/1097490777003810817", "username": "", "text": "อภิรักษ์มันอ่ะเด็กๆ. จะมาทะลึ่งอะไร วันนี้เป็นผบ.ทบ. จะมาโอหังอะไร มองเหยียดแบบละครแล้ว!!! ป๊ากู!!!!! #เสรีรวมไทย #ป๊าขอโอกาส", "date": "18-02-2019 20:39", "retweet": 346, "like": 41}, {"id": "1097489833398722560", "url": "https://twitter.com/Stone_nayouung/status/1097489833398722560", "username": "", "text": "ธนาธรบอกว่ามีคนไม่กี่ตระกูล ไม่อยากเห็นประเทศไทยดีขึ้น รู้เลยนะคะ ตระกูลนี้", "date": "18-02-2019 20:35", "retweet": 7125, "like": 694}, {"id": "1097488644242206726", "url": "https://twitter.com/Stone_nayouung/status/1097488644242206726", "username": "", "text": "เห็นวัฒนา เมืองสุขแล้วอยากพนมมือไหว้ หน้าคล้าย ...", "date": "18-02-2019 20:30", "retweet": 0, "like": 5}, {"id": "1097487083235471363", "url": "https://twitter.com/Stone_nayouung/status/1097487083235471363", "username": "", "text": "งง ไหนอ่ะดีเบตป๊ากู งง ไหนอีไบ้ทีวี pic.twitter.com/RAhM20W5ZB", "date": "18-02-2019 20:24", "retweet": 155, "like": 18}, {"id": "1097486806067621890", "url": "https://twitter.com/Stone_nayouung/status/1097486806067621890", "username": "", "text": "กูเปิดถูกไบร้ทีวีหรือเปล่า เปิดเจอเพลงหนักแผ่นดิน", "date": "18-02-2019 20:23", "retweet": 30, "like": 5}, {"id": "1097481611216470016", "url": "https://twitter.com/Stone_nayouung/status/1097481611216470016", "username": "", "text": "1250 โหวตมโมคคัลลานะ หรือสารีบุตรเปนลูกรักพระพุทธเจ้า", "date": "18-02-2019 20:03", "retweet": 122, "like": 2}, {"id": "1097477732248604672", "url": "https://twitter.com/Stone_nayouung/status/1097477732248604672", "username": "", "text": "ชาละวันกุมพี จรเข้แสนดีอยู่ในถ้ำธารา มีเมียหนึ่งคน นวลน้องหน้ามลคืนนี้ไม่มา", "date": "18-02-2019 19:47", "retweet": 12, "like": 1}, {"id": "1097477041589342209", "url": "https://twitter.com/Stone_nayouung/status/1097477041589342209", "username": "", "text": "เลิกคิดว่าการเกณฑ์ทหารคือการตอบแทนบุญคุณแผ่นดินเหอะ อีหน้าสัส กูเสียภาษีทุกวันจนหีขวิดเรียกว่าหน้าที่พลเมือง", "date": "18-02-2019 19:44", "retweet": 9000, "like": 756}, {"id": "1097465372062580736", "url": "https://twitter.com/Stone_nayouung/status/1097465372062580736", "username": "", "text": "จริงค่ะ ที่เป็นอยู่ทุกวันนี้ระบบตรวจสอบทำงานได้รวดเร็ว และเป็นธรรมมาก เช่นนาฬิกาลุงป้อม และพรรคไทยรักษาชาติ เนี่ยตัวอย่างที่ดี มีให้เห็น https:// twitter.com/ka_mung/status /1097385016521240585 …", "date": "18-02-2019 18:58", "retweet": 551, "like": 39}, {"id": "1097464467066052608", "url": "https://twitter.com/Stone_nayouung/status/1097464467066052608", "username": "", "text": "หลังพ่ออ๋อยจบรายการจอมขวัญ เดี๋ยวดูรายการนี้ต่อเลยค่ะ ป๊าเสรีดีเบต บวกด้วยลุงไพบูลย์จ้า แซ่บๆ ไบร้ททีวี ตอน 2 ทุ่มวันนี้ #เสรีรวมไทย #ป๊าขอโอกาส pic.twitter.com/qb5EyJWSue", "date": "18-02-2019 18:54", "retweet": 274, "like": 37}, {"id": "1097463588497678336", "url": "https://twitter.com/Stone_nayouung/status/1097463588497678336", "username": "", "text": "ช่วยหน่อยนะคะ ในด้อมมีอยู่2.5คน https:// twitter.com/s22YT4pqGcE7lW u/status/1097462897192497157 …", "date": "18-02-2019 18:51", "retweet": 2, "like": 0}, {"id": "1097452517070233600", "url": "https://twitter.com/Stone_nayouung/status/1097452517070233600", "username": "", "text": "แม่ธรณีไม่กล้าสูบ กลัวผมขาด", "date": "18-02-2019 18:07", "retweet": 5, "like": 4}, {"id": "1097451403797094400", "url": "https://twitter.com/Stone_nayouung/status/1097451403797094400", "username": "", "text": "บิ๊กแดงเขาว่าใครหนักแผ่นดินนะ? pic.twitter.com/gR6LedwYzE", "date": "18-02-2019 18:02", "retweet": 149, "like": 12}, {"id": "1097442791884378114", "url": "https://twitter.com/Stone_nayouung/status/1097442791884378114", "username": "", "text": "ดีแล้ว", "date": "18-02-2019 17:28", "retweet": 0, "like": 0}, {"id": "1097442751690432512", "url": "https://twitter.com/Stone_nayouung/status/1097442751690432512", "username": "", "text": "เมื่อพ่ออ๋อยตอบนายองค่ะ", "date": "18-02-2019 17:28", "retweet": 0, "like": 0}, {"id": "1097440042178363393", "url": "https://twitter.com/Stone_nayouung/status/1097440042178363393", "username": "", "text": "พรรครวมพลังประชาชาติไทย พรรคสุเทพ เอนก เหล่าธรรมทัศน์ ยังเป็นแนวเก่าคล้ายๆ คิดว่ามีเรปมาจากเพลงชาติฝรั่งเศส และมาร์ชก มธก. https://www. youtube.com/watch?v=Pp4mZd 1iiOs …", "date": "18-02-2019 17:17", "retweet": 14, "like": 1}, {"id": "1097440040777437184", "url": "https://twitter.com/Stone_nayouung/status/1097440040777437184", "username": "", "text": "พรรคประชาชาติ เห็นชื่อเพลงว่ามาร์ชประชาชาติ คิดว่ามาแนวปลุกใจกองทัพบก ไม่จ้า เป็นเพลงป๊อปใสๆ ปกติ เนื้อหาแบบให้เด็กอนุบาลเต้นได้ สดใส สามัคคี #พรรคประชาชาติ https://www. youtube.com/watch?v=AGL-JY 5oCgM …", "date": "18-02-2019 17:17", "retweet": 16, "like": 3}, {"id": "1097440039393320961", "url": "https://twitter.com/Stone_nayouung/status/1097440039393320961", "username": "", "text": "พรรคภูมิใจไทย แหม่ม เพลงเยอะมาก และVocal ดีมาก เหมือนทำมา1เพลง ต่อ1นโยบาย มีทั้งเพลงช้าเศร้าๆ และแรปแบบกินเหล้ากึ่มๆ #ภูมิใจไทย https://www. youtube.com/watch?v=U0BZra hxMEE … https://www. youtube.com/watch?v=QTcIwe wrzcA …", "date": "18-02-2019 17:17", "retweet": 12, "like": 1}, {"id": "1097440037875138560", "url": "https://twitter.com/Stone_nayouung/status/1097440037875138560", "username": "", "text": "พรรคพลังประชารัฐ อันนี้ไม่เห็น MV นะ แต่เพลงมาแนวคาราบาว เธียรี่ ปลุกใจแบบใหม่ เป็นเพลงที่อย่าว่าบาป คำร้อง ทำนองสมูทสุด เหมือนได้โปรดิ้วเซอร์ดีๆมาแต่ง แต่เนื้อหาไม่มีอะไร นอกจากพรรคพลังประชารัฐ พรรคของประชาชน และการขายนโยบายแค่หัวข้อลงดีเทลน้อย #ลุงตู่ https://www. youtube.com/watch?v=HhkWvW eAW-g …", "date": "18-02-2019 17:17", "retweet": 13, "like": 1}, {"id": "1097440036142776320", "url": "https://twitter.com/Stone_nayouung/status/1097440036142776320", "username": "", "text": "พรรคอนาคตใหม่ พ่อของฟ้ามาแนวเพลงบนเวทีม๊อปช่วงผ่อนคลาย เป็นแนวอินดี้เพื่อชีวิต หงาคาราวานมาก ฟังสบายดี ไม่เครียด บอกอุดมการณ์พรรคผ่านเพลง #พรรคอนาคตใหม่ #ฟ้ารักพ่อ https://www. youtube.com/watch?v=ORmRlG BvlWM …", "date": "18-02-2019 17:17", "retweet": 30, "like": 5}, {"id": "1097440034687377409", "url": "https://twitter.com/Stone_nayouung/status/1097440034687377409", "username": "", "text": "พรรคเสรีรวมไทย พรรคป๊ากู คิดว่ามาแนวโบราณ ไม่โบเด้อ ร๊อคไทยๆ แบบกลิ่นอายเพื่อชีวิตแบบเสรีพิศุทธิ์ บอกเนื้อหานโยบายครบ เต้นได้ พรรคเสรีรวมไทยจะพาไทยให้พัฒนา กรี๊ดๆๆๆ เลือกคนกล้า เลือกคนดี เสรีรวมไทย เย่ๆๆ #เสรีรวมไทย #ป๊าขอโอกาส https://www. youtube.com/watch?v=G7WnH0 m7M6Q …", "date": "18-02-2019 17:17", "retweet": 79, "like": 17}, {"id": "1097440033177358337", "url": "https://twitter.com/Stone_nayouung/status/1097440033177358337", "username": "", "text": "พรรคประชาธิปัตย์ ชั้นชอบนะ แบบแหวกแนวความโบราณ ยัดเนื้อหานโยบายมาใส่แรป จังหวะเต้นได้ #ประชาธิปัตย์ https://www. youtube.com/watch?v=In2Re1 dKPwI …", "date": "18-02-2019 17:17", "retweet": 19, "like": 2}, {"id": "1097440031805865984", "url": "https://twitter.com/Stone_nayouung/status/1097440031805865984", "username": "", "text": "พรรคไทยรักษาชาติ มาแนวป๊อปใสๆ มีแร๊ฟด้วย แบบวัยรุ่นกามิกาเซ่ ฟลุ๊คThe star เป็น main vocal เพลงฟังง่าย และเป็น MV ที่น่ารักที่สุดแบบคนในพรรคมาฟีดกัน พรรคอื่นจะมาแนวประมวลภาพงานในพรรค #ไทยรักษาชาติ https://www. youtube.com/watch?v=shpq2_ fUbCY …", "date": "18-02-2019 17:17", "retweet": 24, "like": 1}, {"id": "1097440030455345152", "url": "https://twitter.com/Stone_nayouung/status/1097440030455345152", "username": "", "text": "พรรคเพื่อไทย หัวใจเพื่อเธอ มาแนวเปิดตัวนักมวย จังหวะลุกทุ่งร๊อคๆ #เพื่อไทย https://www. youtube.com/watch?v=W9YYwR j2PEc&feature=share …", "date": "18-02-2019 17:17", "retweet": 20, "like": 6}, {"id": "1097440029117374465", "url": "https://twitter.com/Stone_nayouung/status/1097440029117374465", "username": "", "text": "แนะนำเพลงหาเสียงพรรคการเมือง ชอบพรรคไหนก็สตรีมเพลงนั้น รู้สึกว่าแต่ละพรรคทำงานด้านนี้ดีมาก ทั้งเนื้อหา ซาวดนตรี MV ในปีนี้พรรคการเมืองก้าวไกลสลัดภาพรถเพลงหาเสียงซาวเพลงปลุกใจ มาเน้นเพลงที่ฟังง่ายเจาะตลาดคนฟัง เพลงไล่ดูทวิตล่างๆ ใครมีก็มาฝากไว้ได้", "date": "18-02-2019 17:17", "retweet": 126, "like": 19}, {"id": "1097431765340237826", "url": "https://twitter.com/Stone_nayouung/status/1097431765340237826", "username": "", "text": "ตัวอย่าง นอดากปู้ พาโบ เนเน่", "date": "18-02-2019 16:44", "retweet": 13, "like": 3}, {"id": "1097431213390802944", "url": "https://twitter.com/Stone_nayouung/status/1097431213390802944", "username": "", "text": "คนอย่างอีบิ๊กแดงอ่ะหรอ ถ้าเมียน้อยพ่อไม่เจียดมรดกให้ เมียไม่เปนกรรมการที่ปรึกษาบริษัท ป่านนี้ก็เคาะกะลาอยู่", "date": "18-02-2019 16:42", "retweet": 543, "like": 35}, {"id": "1097430452674035712", "url": "https://twitter.com/Stone_nayouung/status/1097430452674035712", "username": "", "text": "หลังหนูอี๊ด จะเป็นน้องพริสไหม ให้กันได้ไหมเพลดิส", "date": "18-02-2019 16:39", "retweet": 63, "like": 1}, {"id": "1097427611137978369", "url": "https://twitter.com/Stone_nayouung/status/1097427611137978369", "username": "", "text": "กุจะอ้วก", "date": "18-02-2019 16:28", "retweet": 0, "like": 0}, {"id": "1097427559875112960", "url": "https://twitter.com/Stone_nayouung/status/1097427559875112960", "username": "", "text": "ข้าราชการที่รวยจริง มีรถมีบ้าน คือข้าราชการที่กู้เงินสหกรณ์", "date": "18-02-2019 16:28", "retweet": 4542, "like": 404}, {"id": "1097426895010820099", "url": "https://twitter.com/Stone_nayouung/status/1097426895010820099", "username": "", "text": "อยากรุ้ก็เดมมาเม้าได้", "date": "18-02-2019 16:25", "retweet": 0, "like": 0}, {"id": "1097426093869387781", "url": "https://twitter.com/Stone_nayouung/status/1097426093869387781", "username": "", "text": "ไม่ได้โหน โดนบังคับใส่", "date": "18-02-2019 16:22", "retweet": 0, "like": 0}, {"id": "1097414110386343936", "url": "https://twitter.com/Stone_nayouung/status/1097414110386343936", "username": "", "text": "ทำไมตอบแต่อากาเส่คะ", "date": "18-02-2019 15:34", "retweet": 0, "like": 0}, {"id": "1097411295647690752", "url": "https://twitter.com/Stone_nayouung/status/1097411295647690752", "username": "", "text": "มีพลอตละครไทยให้เลือก สะลิด -รปห เปนนายก มีเมียน้อย เมียน้อยจิกหี บิ๊กจ๊อด - รปห. มี2 เมียเด็ดๆ ฉลาดๆ สับสมองกับกองมรดก พินัยกรรมลวงไม่ลวง บิ๊กตู่ - รปห อำนาจราชชะโว้ง นายกและเพื่อนๆหมูผีจะฝ่าฟันขั้วอำนาจนี้ไปได้อย่างไร", "date": "18-02-2019 15:23", "retweet": 248, "like": 19}, {"id": "1097408857783975937", "url": "https://twitter.com/Stone_nayouung/status/1097408857783975937", "username": "", "text": "55555555", "date": "18-02-2019 15:13", "retweet": 0, "like": 0}, {"id": "1097407534426509312", "url": "https://twitter.com/Stone_nayouung/status/1097407534426509312", "username": "", "text": "เมียน้อยรุมจิกหี ฟ้องแย่งมรดกกันด้วย แซ่บไหม ผู้จัดควรทำเปนละครนะคะ พี่หน่อง พี่จ๋า พี่ไก่ คุณศัลยาน่าจะเขียนบทได้แซ่บๆ https:// twitter.com/drballban/stat us/1097390962152624129 …", "date": "18-02-2019 15:08", "retweet": 145, "like": 4}, {"id": "1097404303013113856", "url": "https://twitter.com/Stone_nayouung/status/1097404303013113856", "username": "", "text": "พล.อ.อภิรัxx ย้อนถามกลับกับผู้สื่อข่าวว่า \"เวลานี้ เพลงอะไรที่กำลังฮิต\" ผู้สื่อข่าวตอบ \"Get it -Pristin V\"", "date": "18-02-2019 14:55", "retweet": 706, "like": 47}, {"id": "1097402570987827202", "url": "https://twitter.com/Stone_nayouung/status/1097402570987827202", "username": "", "text": "อยากได้คนช่วยปั่นวิว", "date": "18-02-2019 14:48", "retweet": 1, "like": 0}, {"id": "1097400455238377473", "url": "https://twitter.com/Stone_nayouung/status/1097400455238377473", "username": "", "text": "อยากฟังหนักแผ่นดินแบบจุกๆ ให้โอกาสเสรีพิสุทธิ์เข้าสภาสิคะ #เสรีรวมไทย #ป๊าขอโอกาส #หนักแผ่นดิน", "date": "18-02-2019 14:40", "retweet": 173, "like": 19}, {"id": "1097399783600222208", "url": "https://twitter.com/Stone_nayouung/status/1097399783600222208", "username": "", "text": "เพลงหนักแผ่นดินเวอชั่นใหม่ ลองฟังกันดู #หนักแผ่นดิน https:// youtu.be/-z3iyydFevQ", "date": "18-02-2019 14:37", "retweet": 87, "like": 3}, {"id": "1097399374362030080", "url": "https://twitter.com/Stone_nayouung/status/1097399374362030080", "username": "", "text": "เชื่อว่าไม่หนักแผ่นดิน เพราะน้ำหนักน้อยกว่าบิ๊กป้อม #หนักแผ่นดิน", "date": "18-02-2019 14:36", "retweet": 248, "like": 35}, {"id": "1097399149576634368", "url": "https://twitter.com/Stone_nayouung/status/1097399149576634368", "username": "", "text": "วงไม่คัมแบค มองวงอื่นเขาบินว่อน #ระวังเริ่มต้นทางนก #นกZone", "date": "18-02-2019 14:35", "retweet": 17, "like": 0}, {"id": "1097398424566095872", "url": "https://twitter.com/Stone_nayouung/status/1097398424566095872", "username": "", "text": "มาๆ มึงมารอดูพ่ออ๋อย แซ่บไม่แซ่บ https:// twitter.com/chaturon/statu s/1097396902960582656 …", "date": "18-02-2019 14:32", "retweet": 45, "like": 0}, {"id": "1097398350180012032", "url": "https://twitter.com/Stone_nayouung/status/1097398350180012032", "username": "", "text": "รอดูเลยค่ะพ่อ ขอจุกๆ", "date": "18-02-2019 14:32", "retweet": 7, "like": 44}, {"id": "1097383434480046080", "url": "https://twitter.com/Stone_nayouung/status/1097383434480046080", "username": "", "text": "มึงรอดู เดี่ยวพีคอีก", "date": "18-02-2019 13:32", "retweet": 0, "like": 0}, {"id": "1097382701768667136", "url": "https://twitter.com/Stone_nayouung/status/1097382701768667136", "username": "", "text": "อี10อ่ะ ตัวแรง", "date": "18-02-2019 13:29", "retweet": 0, "like": 0}, {"id": "1097382454468304897", "url": "https://twitter.com/Stone_nayouung/status/1097382454468304897", "username": "", "text": "อีบิ๊กแดงจะด่าใครคือมองดูพ่อตัวเองด้วย", "date": "18-02-2019 13:29", "retweet": 327, "like": 14}, {"id": "1097382314873544704", "url": "https://twitter.com/Stone_nayouung/status/1097382314873544704", "username": "", "text": "เปนพากินสัน รักษาตัวอยุ่", "date": "18-02-2019 13:28", "retweet": 1, "like": 0}, {"id": "1097382177807818753", "url": "https://twitter.com/Stone_nayouung/status/1097382177807818753", "username": "", "text": "บิ๊กแดงคือเหี้ยกว่าอีตู่อีกนะ ไม่ใช่ไปดูพ่อมันสิ", "date": "18-02-2019 13:27", "retweet": 219, "like": 6}, {"id": "1097382054499561472", "url": "https://twitter.com/Stone_nayouung/status/1097382054499561472", "username": "", "text": "ว่าที่นายกคนต่อไปจากการรปห 555 https:// twitter.com/Flearthip/stat us/1097377413997092869 …", "date": "18-02-2019 13:27", "retweet": 231, "like": 5}, {"id": "1097361831755014144", "url": "https://twitter.com/Stone_nayouung/status/1097361831755014144", "username": "", "text": "ทำรูปร.10 ได้ไหม เพราะเป็นบ้านเบส #10isComingXiKON", "date": "18-02-2019 12:07", "retweet": 23, "like": 0}, {"id": "1097353974192078848", "url": "https://twitter.com/Stone_nayouung/status/1097353974192078848", "username": "", "text": "ชุนดูฮวาน เผด็จการเกาหลีใต้ตอนนี้คือไม่มีหน้าตาในสังคม คนไม่ยอมรับ แต่ผิดกับนายพลที่ทำรัฐประหารในประเทศนี้ ทำรัฐประหารเสร็จ นั่งนายก จุดจบ Career path ที่องคมนตรีมีคนกราบไหว้", "date": "18-02-2019 11:35", "retweet": 451, "like": 40}, {"id": "1097339019141107713", "url": "https://twitter.com/Stone_nayouung/status/1097339019141107713", "username": "", "text": "ใครที่อยู่ปัจจุบันกับที่อยู่ทะเบียนบ้านไกลกัน ก็อย่าลืมลงทะเบียนขอเลือกตั้งล่วงหน้านะ หมดเขต 19 กุมภาพันธ์ 2019 นี้!!!!! มาใช้สิทธิ์กันให้จุกๆเลย กูอยากรู้นักคูหาลี้ลับจะให้ใครมง", "date": "18-02-2019 10:36", "retweet": 1714, "like": 96}, {"id": "1097337900025372673", "url": "https://twitter.com/Stone_nayouung/status/1097337900025372673", "username": "", "text": "คิดว่ายังมีวงอยู่ แต่ไม่มีค่าย", "date": "18-02-2019 10:31", "retweet": 0, "like": 2}, {"id": "1097337743619764224", "url": "https://twitter.com/Stone_nayouung/status/1097337743619764224", "username": "", "text": "กูเป็นหญิงหน่อยคือสวนกลับแล้ว ไม่ฟังค่ะหนักแผ่นดิน ตอนนี้ฟังTo be No.1", "date": "18-02-2019 10:31", "retweet": 2806, "like": 227}]