[{"id": "1099294574789292032", "url": "https://twitter.com/suchainews/status/1099294574789292032", "username": "", "text": "ตรวจสอบผู้สมัคร ส.ส. เป็น หรือ เคยเป็น กรรมการบริษัทไหนบ้าง? บริษัทนั้นมีผลประกอบการอย่างไร น่าเชื่อถือไหม? กดเพื่อตรวจสอบเลยครับ https:// creden.co/election/ https:// creden.co/election/", "date": "23-02-2019 20:07", "retweet": 2, "like": 1}, {"id": "1099264812549206021", "url": "https://twitter.com/suchainews/status/1099264812549206021", "username": "", "text": "ขอเเสดงความยินดีกับ เฉลิมพล มาลาคำ ได้รับตำเเหน่งผู้ใหญ่บ้านยอดเยี่ยม แหนบทองคำ ครับ https://www. facebook.com/UbonConnect/po sts/2292021557504384 …", "date": "23-02-2019 18:08", "retweet": 0, "like": 0}, {"id": "1099174607095877632", "url": "https://twitter.com/suchainews/status/1099174607095877632", "username": "", "text": "เที่ยวกับหลาน @Ubon Zoo สวนสัตว์อุบลราชธานี https://www. instagram.com/suchainews/p/B uNkmhCgshepAgMyv3sUXkEFTtiv0Ogq-Cxk5Q0/?utm_source=ig_twitter_share&igshid=fhhhe5coo7kl …", "date": "23-02-2019 12:10", "retweet": 0, "like": 0}, {"id": "1099115089364320256", "url": "https://twitter.com/suchainews/status/1099115089364320256", "username": "", "text": "ทางมีอยู่แล้ว ขึ้นอยู่กับเราเลือก ดี ชั่ว ถูก ผิด เหมาะกับตัวเอง เหมาะกับกาลเวลา เหมาะกับสถานที่ เราเลือกเอง 23-02-62", "date": "23-02-2019 08:13", "retweet": 0, "like": 0}, {"id": "1098947302088048640", "url": "https://twitter.com/suchainews/status/1098947302088048640", "username": "", "text": "มือดีพังป้ายผู้สมัคร ส.ส.อุบลฯ เขต 9 พรรคอนาคตใหม่บุณฑริก : KCL #อุบล http://www. komchadluek.net/news/local/363 502 … http://www. komchadluek.net/news/local/363 502 …", "date": "22-02-2019 21:07", "retweet": 1, "like": 0}, {"id": "1098853466301116416", "url": "https://twitter.com/suchainews/status/1098853466301116416", "username": "", "text": "เวทีสุดท้ายโครงการนำร่องทีวีชุมชนอุบลราชธานี 2 ปี ผ่านเรื่องราว ผ่านงาน ผ่านคน ได้เรียนรู้ตนเอง ผู้คน ชุมชน มากมายเหลือเกิน", "date": "22-02-2019 14:54", "retweet": 0, "like": 0}, {"id": "1098851747630645248", "url": "https://twitter.com/suchainews/status/1098851747630645248", "username": "", "text": "โยคะบรรเทาความกังวล 2 โยคะ ใคร ๆ ก็ฝึกได้ กับครูพี่ตั๊ก สกุลรัตน์ จารุสันติกุล ผู้ผ่านการอบรมกับ ทีวีชุมชนอุบลราชธานี https://www. facebook.com/UbonConnect/vi deos/288473768486064/ …", "date": "22-02-2019 14:47", "retweet": 0, "like": 0}, {"id": "1098603748941799425", "url": "https://twitter.com/suchainews/status/1098603748941799425", "username": "", "text": "ถ่ายทอดประสบการณ์ทีวีชุมชนอุบลราชธานี https://www. facebook.com/UbonConnect/vi deos/407266229821439/ …", "date": "21-02-2019 22:21", "retweet": 0, "like": 0}, {"id": "1098451212758732800", "url": "https://twitter.com/suchainews/status/1098451212758732800", "username": "", "text": "https://www. facebook.com/story.php?stor y_fbid=10210529022620063&id=1780575492 …", "date": "21-02-2019 12:15", "retweet": 0, "like": 0}, {"id": "1098450629897392131", "url": "https://twitter.com/suchainews/status/1098450629897392131", "username": "", "text": "สด! เวทีถ่ายทอดความรู้ 2 ปีทีวีชุมชนอุบลราชธานี จากอาคารเรียนรวม 5 มหาวิทยาลัยอุบลราชธานี https://www. facebook.com/UbonConnect/vi deos/2205041459824248/ …", "date": "21-02-2019 12:13", "retweet": 1, "like": 0}, {"id": "1098207422030569473", "url": "https://twitter.com/suchainews/status/1098207422030569473", "username": "", "text": "ไดโนเสาร์บุกเมืองอุบลฯ แล้วจร้า ไดโนเสาร์บุกเมืองอุบล ในพาร์คจะมีแสดงหุ่นจำลองไดโนเสาร์กว่า20ตัว ขยับได้ร้องได้ และเดินได้ด้วยน่ะ ณ ลานหน้าห้างสรรพสินค้าบิ๊กซีซุปเปอร์เซ็นเตอร์ อุบลราชธานี วันที่ 21-27... https://www. facebook.com/UbonConnect/po sts/2285958438110696 …", "date": "20-02-2019 20:07", "retweet": 0, "like": 0}, {"id": "1098177224698585089", "url": "https://twitter.com/suchainews/status/1098177224698585089", "username": "", "text": "โอ๊ค ตักบาตรวันมาฆบูชา ลุยต่ออุบลฯ หาเสียงช่วย “เพื่อไทย” https://www. thairath.co.th/content/1499456 https://www. thairath.co.th/content/1499456", "date": "20-02-2019 18:07", "retweet": 0, "like": 0}, {"id": "1098172152929411073", "url": "https://twitter.com/suchainews/status/1098172152929411073", "username": "", "text": "ใจหาย ไปอีกราย.., ‘โพสต์ทูเดย์’ ปิดตัว ปิดฉาก 17 ปี สื่อธุรกิจ ‘เอ็มทูเอฟ’ ไปด้วย คลิกอ่านข่าว>>> https://www. matichon.co.th/news-monitor/n ews_1372028 … http://www. matichon.co.th/news-monitor/n ews_1372028 …", "date": "20-02-2019 17:46", "retweet": 0, "like": 1}, {"id": "1098162130690273280", "url": "https://twitter.com/suchainews/status/1098162130690273280", "username": "", "text": "\"สุพล\"มั่นใจชื่อยังขายได้ ไม่หวั่นพท.ยกทัพปราศรัยใหญ่จ.อุบลฯ : PPTV #อุบล https://www. pptvhd36.com/news/%E0%B8%9B %E0%B8%A3%E0%B8%B0%E0%B9%80%E0%B8%94%E0%B9%87%E0%B8%99%E0%B8%A3%E0%B9%89%E0%B8%AD%E0%B8%99/98605 …", "date": "20-02-2019 17:07", "retweet": 0, "like": 0}, {"id": "1097843921554755584", "url": "https://twitter.com/suchainews/status/1097843921554755584", "username": "", "text": "My week on Twitter : 1 Mention, 5 Likes, 6 Retweets, 3.1K Retweet Reach, 1 Reply. See yours with https:// sumall.com/performancetwe et?utm_source=twitter&utm_medium=publishing&utm_campaign=performance_tweet&utm_content=text_and_media&utm_term=e3cb38ab10b23078bc09ddac … pic.twitter.com/9myG1jSvEL", "date": "19-02-2019 20:02", "retweet": 0, "like": 0}, {"id": "1097631656603615233", "url": "https://twitter.com/suchainews/status/1097631656603615233", "username": "", "text": "พระสงฆ์ 1,250 รูป มาประชุมพร้อมกันโดยมิได้นัดหมาย ผมคิดว่าเป็นการนัดหมายโดยมิได้นัดหมาย เพราะทำเป็นประจำมาหลายภพชาติแล้ว มิมีสิ่งใดบังเอิญ สิ่งนี้เกิดขึ้นเพราะมีเหตุ ปัจจัย นัดหมายในภพก่อน มิได้นัดหมายในภพนี้ https://www. facebook.com/suchaiprofile/ posts/10210518004984629 …", "date": "19-02-2019 05:59", "retweet": 0, "like": 0}, {"id": "1097626125163945984", "url": "https://twitter.com/suchainews/status/1097626125163945984", "username": "", "text": "มาฆบูชา ทำความดี ละเว้นความชั่ว ทำจิตใจให้บริสุทธิ์ https://www. facebook.com/UbonConnect/po sts/2284951848211355 …", "date": "19-02-2019 05:37", "retweet": 0, "like": 0}, {"id": "1097409638436425728", "url": "https://twitter.com/suchainews/status/1097409638436425728", "username": "", "text": "เซ็กส์ รอบคอบตอบ OK โดย วิทยา บุญฉวี ผู้ประสานงานประชาคมงดเหล้าอุบลราชธานี ผู้เข้าร่วมอบรม ทีวีชุมชนอุบลราชธานี https://www. facebook.com/UbonConnect/vi deos/2249458912047050/ …", "date": "18-02-2019 15:17", "retweet": 0, "like": 0}, {"id": "1097376743495688192", "url": "https://twitter.com/suchainews/status/1097376743495688192", "username": "", "text": "“หญิงหน่อย-ชัชชาติ” โปรยยาหอมที่อุบลฯ ขึ้นราคาสินค้าเกษตร30% : springnews #อุบล https://www. springnews.co.th/politics/445084 https://www. springnews.co.th/politics/445084", "date": "18-02-2019 13:06", "retweet": 1, "like": 0}, {"id": "1097295184004407296", "url": "https://twitter.com/suchainews/status/1097295184004407296", "username": "", "text": "พร้อมทำงาน @สื่อสร้างสุข https://www. instagram.com/suchainews/p/B uAN7_1gTHIMTcydvzdgqItekqEGmGgWPwrnS00/?utm_source=ig_twitter_share&igshid=uc5enh7nocq8 …", "date": "18-02-2019 07:42", "retweet": 0, "like": 0}]