[{"id": "1099341543004037120", "url": "https://twitter.com/Sulovebossss/status/1099341543004037120", "username": "", "text": "นักลงทุนไทย-เทศ ดาหน้าลงทุนจังหวัดโซนอันดามันรับนักท่องเที่ยวทะลัก “โรงแรม รีสอร์ต อสังหาฯ” พรึ่บยกแผง “5 ดาว” เพียบ มุ่งเจาะกลุ่มลูกค้าลักเซอรี่ “ยุโรป-อเมริกา” เผยกลุ่มทุนใหญ่โยกจากภูเก็ตขยายไป “กระบี่-พังงา-ระนอง” https:// twitter.com/prachachat/sta tus/1099150065178791937 …", "date": "23-02-2019 23:13", "retweet": 15, "like": 11}, {"id": "1099340139183001600", "url": "https://twitter.com/Sulovebossss/status/1099340139183001600", "username": "", "text": "ที่บ้านมีอยู่คันนึง", "date": "23-02-2019 23:08", "retweet": 0, "like": 1}, {"id": "1099331882481840130", "url": "https://twitter.com/Sulovebossss/status/1099331882481840130", "username": "", "text": "ฟังเพลงกัน https:// youtu.be/SkZXDboDqhk", "date": "23-02-2019 22:35", "retweet": 2, "like": 1}, {"id": "1099327433721884673", "url": "https://twitter.com/Sulovebossss/status/1099327433721884673", "username": "", "text": "เราเข้าใจคะ ส่วนความเห็นเรา เรามองคล้ายๆในคอมเม้นท์นั่นเหละคะ ชุดความคิดในปัจจุบันมันเปลี่ยนไปมากๆแล้ว", "date": "23-02-2019 22:17", "retweet": 0, "like": 0}, {"id": "1099322913784614913", "url": "https://twitter.com/Sulovebossss/status/1099322913784614913", "username": "", "text": "ส่วนตัวมองว่าภาครัฐและเอกชน มองเห็นจุดนี้เหมือนกันนะคะ และเห็นความพยายามแก้จุดดังกล่าวอยู่นะ ex. สำคัญๆก็น่าจะเป็นเรื่องทัวร์ศูนย์เหรียญนี่เหละ", "date": "23-02-2019 21:59", "retweet": 1, "like": 2}, {"id": "1099321167196766208", "url": "https://twitter.com/Sulovebossss/status/1099321167196766208", "username": "", "text": "\"นายปิยบุตรได้ประเมินสติปัญญาวิจารณญาณของคนอีสานและคนไทยอื่น ๆ โดยรวม ผิดพลาดไปมาก โดยการพยายามหลอกล่อด้วยนิทานตื้นเขินที่ตนปั้นขึ้นมา แทนที่จะเกิดการคล้อยตาม ได้เกิดการตีกลับอย่างถล่มทลาย\" ม.ล.รุ่งคุณ กิติยากร https://www. thaipost.net/main/detail/29 785 …", "date": "23-02-2019 21:52", "retweet": 69, "like": 58}, {"id": "1099319836734156800", "url": "https://twitter.com/Sulovebossss/status/1099319836734156800", "username": "", "text": "ลองไปอ่านเม้นท์ในเฟสแกดูเองคะ https://www. facebook.com/22599693342869 37/posts/2336652853285251/ …", "date": "23-02-2019 21:47", "retweet": 0, "like": 0}, {"id": "1099317002106167296", "url": "https://twitter.com/Sulovebossss/status/1099317002106167296", "username": "", "text": "ไปอ่านกันต่อเอาเองเนอะ https://www. facebook.com/22599693342869 37/posts/2336652853285251/ …", "date": "23-02-2019 21:36", "retweet": 4, "like": 2}, {"id": "1099315659031293954", "url": "https://twitter.com/Sulovebossss/status/1099315659031293954", "username": "", "text": "โซเชียลย้อนเจ็บ เพื่อไทยท้า บิ๊กตู๋ ดีเบต แต่ตอนเลือกตั้ง54 กลับไม่กล้าส่งยิ่งลักษณ์มาดีเบต https:// today.line.me/TH/article/ke9 Z3k?utm_source=ttshare … pic.twitter.com/9xUGRFq4OV", "date": "23-02-2019 21:30", "retweet": 8, "like": 8}, {"id": "1099314632546648064", "url": "https://twitter.com/Sulovebossss/status/1099314632546648064", "username": "", "text": "จะโยนระเบิดใส่คู่ต่อสู้ แต่ไปๆมาๆระเบิดแม่งเสือกทะลึ่งระเบิดใส่คนโยนส่ะงั้น https:// twitter.com/FirefoxChorme/ status/1099300900550565888 …", "date": "23-02-2019 21:26", "retweet": 26, "like": 24}, {"id": "1099313658193010688", "url": "https://twitter.com/Sulovebossss/status/1099313658193010688", "username": "", "text": "ดำเนินตดีแม่งไป https://www. thairath.co.th/content/1502815", "date": "23-02-2019 21:22", "retweet": 0, "like": 2}, {"id": "1099307371233390592", "url": "https://twitter.com/Sulovebossss/status/1099307371233390592", "username": "", "text": "พรรคเพื่อไทย ขนทัพใหญ่หาเสียงอุดรธานี สุดารัตน์ลั่นหากได้เป็นแกนนำจัดตั้งรัฐบาลจะแจกบัตรคนรวย https://www. posttoday.com/politic/news/5 81307 … pic.twitter.com/v11JBd0sC1", "date": "23-02-2019 20:57", "retweet": 4, "like": 5}, {"id": "1099292489851138048", "url": "https://twitter.com/Sulovebossss/status/1099292489851138048", "username": "", "text": "อันนี้ดี https:// twitter.com/Itsara_Th/stat us/1099133204617822208 …", "date": "23-02-2019 19:58", "retweet": 0, "like": 0}, {"id": "1099283174050299906", "url": "https://twitter.com/Sulovebossss/status/1099283174050299906", "username": "", "text": "อันนี้ชองปี 2555 ไทยอยู่อันดับ 3 ในอาเซียน pic.twitter.com/NTB4lyG5RJ", "date": "23-02-2019 19:21", "retweet": 4, "like": 4}, {"id": "1099274253432549377", "url": "https://twitter.com/Sulovebossss/status/1099274253432549377", "username": "", "text": "ลบเพื่อแก้ไขหน่อยนะ ขอโทษคนที่รีไปแล่วด้วยนะ", "date": "23-02-2019 18:46", "retweet": 0, "like": 0}, {"id": "1099273995520622593", "url": "https://twitter.com/Sulovebossss/status/1099273995520622593", "username": "", "text": "ความคืบหน้างานก่อสร้างสถานีกลางบางซื่อ คืบหน้าไปแล้ว 77% เตรียมเปิดให้บริการปี 63 https:// hilight.kapook.com/view/184325 pic.twitter.com/BxBuew2Oy9", "date": "23-02-2019 18:45", "retweet": 5, "like": 5}, {"id": "1099252467026386945", "url": "https://twitter.com/Sulovebossss/status/1099252467026386945", "username": "", "text": "เดายากอ่ะรอบนี้ ออกได้ทุกหน้า", "date": "23-02-2019 17:19", "retweet": 0, "like": 0}, {"id": "1099250705917829121", "url": "https://twitter.com/Sulovebossss/status/1099250705917829121", "username": "", "text": "ไม่ต้องถึง 280 หรอก ถ้าฝั่งขั๋วเพื่อไทย สามารถจับมือกันได้เสียงเกิน 250 เสียง ยังไงขั๋วตรงข้ามมันก็ไม่มีทางจัดตั้งรัฐบาลได้ เพราะรัฐบาลเสียงข้างน้อยที่มี สส.หนุนไม่ถึง 250 เสียง มันไม่สามารถบริหารราชการแผ่นดินได้ ปัญหาคือ มีปัญญารวบรวมเสียงให้ถึง +250 เสียงหรือป่าว https:// twitter.com/Stop_Dadjarit/ status/1099249186082443264 …", "date": "23-02-2019 17:12", "retweet": 3, "like": 4}, {"id": "1099248878023372800", "url": "https://twitter.com/Sulovebossss/status/1099248878023372800", "username": "", "text": "สุนัข ป๋าสุข กรี๊ดตายห่า https:// twitter.com/PostToday/stat us/1099247494783938560 …", "date": "23-02-2019 17:05", "retweet": 0, "like": 0}, {"id": "1099247108140326912", "url": "https://twitter.com/Sulovebossss/status/1099247108140326912", "username": "", "text": "เราพูดตรงไหนผืด ชี้มาเลยคะ หนี้สาธารณะต่อจีดีพี - เงินทุนสำรองฯ - เกินดุลการค้า หรือการเติบโตของจีดีพี pic.twitter.com/cwN4V4Vxhl", "date": "23-02-2019 16:58", "retweet": 0, "like": 0}, {"id": "1099222868477411328", "url": "https://twitter.com/Sulovebossss/status/1099222868477411328", "username": "", "text": "มีอันดับช่วงปี 2556 ไหมลุง จะได้นำมาเปรียบเทียบกันให้เห็นชัดๆว่ามันแย่ลงอย่างที่คนบางกลุ่มเขาพูดจริงไหม https:// twitter.com/AsiaTitawat/st atus/1098845112203759616 …", "date": "23-02-2019 15:22", "retweet": 0, "like": 0}, {"id": "1099006840333975552", "url": "https://twitter.com/Sulovebossss/status/1099006840333975552", "username": "", "text": "เกาหลีเหนือ ดูเหมือนมีความมุ่งมั่นที่พยายามจะเปิดประเทศนะ ถ้าเขาทำสำเร็จ กลุ่มประเทศ CLMV ที่ใช้จุดขายด้านค่าแรงราคาถูก กระทบแน่ เพราะค่าแรงในเกาหลีเหนือน่าจะถูกกว่าในกลุ่ม CLMV และใกล้กับจีนและเกาหลีใต้ด้วย เวียดนามนี่ฐานการผลิตการเกาหลีใต้เลยนะ", "date": "23-02-2019 01:03", "retweet": 13, "like": 13}, {"id": "1099004823351906304", "url": "https://twitter.com/Sulovebossss/status/1099004823351906304", "username": "", "text": "วิกฤติไร เงินทุนสำรองก็มีเพียบ ส่งออกก็เกินดุล หนี้สาธารณะต่อจีดีพีก็ไม่ได้สูง จีดีพีก็โตระดับโอเค จะมีปัญหาถ้าค่าเงินแข็งมากไปก็ในส่วนภาคส่งออก (ภาคนำเข้าได้ประโยชน์) เอาแบบเหรียญละ 50บาท แบบยุคจิ๋วไหม เศรษฐกิจจะได้ดี https:// twitter.com/saiyasasmith/s tatus/1099004114057510913 …", "date": "23-02-2019 00:55", "retweet": 69, "like": 35}, {"id": "1099003277931307008", "url": "https://twitter.com/Sulovebossss/status/1099003277931307008", "username": "", "text": "มันเป็นไปไม่ได้หรอก ที่พรรคที่ไม่ได้ สส.ในระบบเขตแม้แต่คนเดียว จะได้ สส.เป็นอับดับ1 TOP 3 ยังเป็นไปไม่ได้เลย", "date": "23-02-2019 00:49", "retweet": 1, "like": 1}, {"id": "1099002087759736832", "url": "https://twitter.com/Sulovebossss/status/1099002087759736832", "username": "", "text": "ประเมินกำลังของตัวเองให้ออกด้วย จะไฝว้กับทุกสิ่งอย่าง แต่สร้างศัตรูด้วยสารพัดวาทะ ถามจริงๆคุณคิดจริงๆหรือว่าจะไปถึงเป้าหมายได้ดอกไม้เพียบ บางทีอาจได้สหบาทาแทนดอกไม้ก็ได้นะ ถ้ายังชนทุกสิ่งอย่างอยู่แบบนี้", "date": "23-02-2019 00:44", "retweet": 15, "like": 19}, {"id": "1098970483800780800", "url": "https://twitter.com/Sulovebossss/status/1098970483800780800", "username": "", "text": "วิโรจน์ เปาอินทร์ อ่ะ ตอนนี้เลย", "date": "22-02-2019 22:39", "retweet": 0, "like": 1}, {"id": "1098969595078164480", "url": "https://twitter.com/Sulovebossss/status/1098969595078164480", "username": "", "text": "เกิดไม่ทันอ่ะ 5555", "date": "22-02-2019 22:35", "retweet": 2, "like": 0}, {"id": "1098962781561282560", "url": "https://twitter.com/Sulovebossss/status/1098962781561282560", "username": "", "text": "\"ท่านพ่อนี่ก็พูดถึง BOI ซะไม่มีชิ้นดี อย่างกับริษัทตัวเองไม่เคยได้รับการอุดหนุน\" 《 ถ้าตามข้อมูล บริษัทในเครือเขาก็ใช้สิทธิ BOI เพียบนะ https://www. boi.go.th/index.php?page =search_promoted&primary_select=C_NAME&primary_sort=asc&secondary_select=OFF_PRO&secondary_sort=asc&language_search=Thai&province= … ระยอง&keyword=&language=th&currentpage=13 pic.twitter.com/UgS0m8CpW4", "date": "22-02-2019 22:08", "retweet": 45, "like": 7}, {"id": "1098960083520638981", "url": "https://twitter.com/Sulovebossss/status/1098960083520638981", "username": "", "text": "หืมมมมม https:// twitter.com/chalanlala/sta tus/1098959655408005120 …", "date": "22-02-2019 21:57", "retweet": 1, "like": 4}, {"id": "1098958947858300928", "url": "https://twitter.com/Sulovebossss/status/1098958947858300928", "username": "", "text": "นี่โดนถล่มหนักเลย กลัวแล้ววว", "date": "22-02-2019 21:53", "retweet": 0, "like": 0}, {"id": "1098957721573810176", "url": "https://twitter.com/Sulovebossss/status/1098957721573810176", "username": "", "text": "อู้วววว เด่วติ่งพ่อส้มเขาก็มาด่าพ่อล่อแม่เอาหรอกพี่", "date": "22-02-2019 21:48", "retweet": 0, "like": 0}, {"id": "1098956982680117248", "url": "https://twitter.com/Sulovebossss/status/1098956982680117248", "username": "", "text": "ประเด็น นโยบาย กับ การเก็บภาษีเพิ่ม ในการดีเบตของมติชนออนไลน์ ของ 4พรรค #อนาคตใหม่ #ประชาธิปัตย์ #เพื่อไทย #พลังประชารัฐ ที่คุณ @TheSmilingHut สรุปไว้พอสังเขปน่าสนใจ ลองพิจราณากันเอง pic.twitter.com/upVVp3SsSh", "date": "22-02-2019 21:45", "retweet": 6, "like": 3}, {"id": "1098954926162472960", "url": "https://twitter.com/Sulovebossss/status/1098954926162472960", "username": "", "text": "มันมีความผิดปกติอยู่แล้ว แต่มันยังไม่มีหลักฐานชัดๆไงว่าเขาทำแบบนั้นหรือไม่ แต่ระวังเหอะเล่นเกมส์นี้ระวังหอกจะย้อนคืนสนองตัวเอง", "date": "22-02-2019 21:37", "retweet": 0, "like": 0}, {"id": "1098947278809657344", "url": "https://twitter.com/Sulovebossss/status/1098947278809657344", "username": "", "text": "พรรคไรว่ะ \" เป็นเกาะกลาง แต่ไม่เอาเผด็จการ\" https:// twitter.com/Thairath_News/ status/1098946271790821376 …", "date": "22-02-2019 21:07", "retweet": 0, "like": 2}, {"id": "1098946682371207168", "url": "https://twitter.com/Sulovebossss/status/1098946682371207168", "username": "", "text": "พรรคไรว่ะ! https:// twitter.com/Thairath_News/ status/1098946271790821376 …", "date": "22-02-2019 21:04", "retweet": 5, "like": 1}, {"id": "1098945159390101505", "url": "https://twitter.com/Sulovebossss/status/1098945159390101505", "username": "", "text": "pic.twitter.com/vIVmgrtY3E", "date": "22-02-2019 20:58", "retweet": 0, "like": 1}, {"id": "1098941967751233536", "url": "https://twitter.com/Sulovebossss/status/1098941967751233536", "username": "", "text": "\"ภาพจำยังชัดเจน เหมือนเดิมทุกอย่าง ภาพเธอยังชัดเจน เหมือนเดิมไม่ต่าง แต่ภาพของฉันในใจเธอ ที่มีภาพเขาเข้ามาแทนคงแสนเลือนลาง ภาพจำของเรามันคงต่างกัน\" pic.twitter.com/bOIBzHo7wS", "date": "22-02-2019 20:45", "retweet": 23, "like": 10}, {"id": "1098941268850204672", "url": "https://twitter.com/Sulovebossss/status/1098941268850204672", "username": "", "text": "เป็นความผิดพลาดโดยสุจริตใจ", "date": "22-02-2019 20:43", "retweet": 0, "like": 0}, {"id": "1098940499778359296", "url": "https://twitter.com/Sulovebossss/status/1098940499778359296", "username": "", "text": "พรรคไหนเสนอจะยกเลิก RMF https:// twitter.com/conandroid/sta tus/1098840369108635649 …", "date": "22-02-2019 20:40", "retweet": 2, "like": 2}, {"id": "1098939808078954496", "url": "https://twitter.com/Sulovebossss/status/1098939808078954496", "username": "", "text": "ก็จบแบบที่แอบคิดไว้ใจตามสัญชาติญาณนั้นเหละ https:// twitter.com/YingNuiC9/stat us/1098939156602863618 …", "date": "22-02-2019 20:37", "retweet": 0, "like": 1}, {"id": "1098938477813452806", "url": "https://twitter.com/Sulovebossss/status/1098938477813452806", "username": "", "text": "ยกเลิก BOI แบบที่พ่อฟ้า บอกอ่ะหราาาา https:// twitter.com/mungship/statu s/1098934453932417024 …", "date": "22-02-2019 20:32", "retweet": 2, "like": 1}, {"id": "1098932040068546560", "url": "https://twitter.com/Sulovebossss/status/1098932040068546560", "username": "", "text": "ส่วนตัวเราเข้าใจได้นะ เพราะในขณะนั้นแทรนด์โลก ณ.ขณะนั้น มันเป็นแนวๆนั้น", "date": "22-02-2019 20:06", "retweet": 1, "like": 0}, {"id": "1098930837561561088", "url": "https://twitter.com/Sulovebossss/status/1098930837561561088", "username": "", "text": "พื้นฐานการปฎิวัติ ๒๔๗๕ มันมิได้เกิดมาจากประชาชนไง มันเกิดจากพลเรือนกลุ่มนึงที่ \"ดึงทหารมาร่วมวงอำนาจ\" แล้วก็กัดกันเอง ชิงอำนาจกันเอง ก็พวกคุณเองไม่ใช่หรอ ที่ไปลากทหารมาอยู่ในการเมืองและวงอำนาจ พอปัจจุบันคุณจะถีบเขาออกไปจากวงอำนาจ มันคงไม่ง่ายหรอกมั้ง", "date": "22-02-2019 20:01", "retweet": 77, "like": 55}, {"id": "1098927947270877185", "url": "https://twitter.com/Sulovebossss/status/1098927947270877185", "username": "", "text": "ปฏิวัติให้โง่หรอ https://www. posttoday.com/columnist/5809 99 … pic.twitter.com/7ZjKTpn8YL", "date": "22-02-2019 19:50", "retweet": 0, "like": 0}, {"id": "1098926623171084288", "url": "https://twitter.com/Sulovebossss/status/1098926623171084288", "username": "", "text": "มาเลเซีย ได้ออกเอกสารขอข้อมูล (RFI: Request For Information) ขั้นต้นต่อบริษัท Korea Aerospace Industries (KAI) สาธารณรัฐเกาหลี ในการสนับสนุนความเป็นไปได้ในการจัดหาเครื่องบินขับไล่/โจมตีเบา FA-50 Golden Eagle https:// aagth1.blogspot.com/2019/01/fa-50. html?spref=tw&m=1 … pic.twitter.com/WMJEdiStaE", "date": "22-02-2019 19:44", "retweet": 2, "like": 1}, {"id": "1098923827407384576", "url": "https://twitter.com/Sulovebossss/status/1098923827407384576", "username": "", "text": "ฝันสลายไรหรอคะ คนอื่นคิดยังไง เราไม่ทราบนะคะในประเด็นนี้ เรามองว่ามันเป็นความผิดพลาดของฝั่งตัวเขาเองนั่นเหละจะมาดราม่าทำนองฉันถูกรังแกบลาๆไร เราว่ามันตลกดีและเราไม่เชื่อว่าด้วยประเด็นนี้จะทำให้เขาต้องถูกยุบพรรค ซึ่งเราก็ไม่เคยพูดและไม่เห็นด้วยหากจะยุบพรรคเขาในประเด็นนี้ https:// twitter.com/spadeup404/sta tus/1098919066570350593 …", "date": "22-02-2019 19:33", "retweet": 2, "like": 3}, {"id": "1098920137535631361", "url": "https://twitter.com/Sulovebossss/status/1098920137535631361", "username": "", "text": "เกิดการผิดพลาด เข้าใจได้นะ แต่หากมี จนท.ของ สอท. ท้วงติงแล้วแต่ยังไม่แก้ไข จนมาเกิดประเด็นปัญหาแล้วมาดราม่าทำนอง ฉันถูกรังแก ฉันถูกกลั่นแกล้ง เราว่าแม่งไม่ใช่ว่ะ pic.twitter.com/HQZJZLfuDi", "date": "22-02-2019 19:19", "retweet": 21, "like": 10}, {"id": "1098919059532394496", "url": "https://twitter.com/Sulovebossss/status/1098919059532394496", "username": "", "text": "หัวหน้าพรรคคุณอ่ะ อดีตรัฐมนตรีช่วยมหาดไทย ในยุครัฐบาลสุจินดา นายเสนาะ ที่เป็นขาใหญ่ผู้อวุโสในพรรค นั่นก็อดีต รมต.ในรัฐบาล สุจินดา https:// twitter.com/Thairath_News/ status/1098913940094955520 …", "date": "22-02-2019 19:14", "retweet": 31, "like": 23}, {"id": "1098918155660001280", "url": "https://twitter.com/Sulovebossss/status/1098918155660001280", "username": "", "text": "ฝ่ายไหนรวบรวมเสียงได้ +250 ก็จบ พรรคไหนใน +250 เสียง มีคะแนนเสียงมากสุดก็ย่อมต้องการเป็นนายกฯ ตัวแปรสำคัญในมุมมองเรา เรามองไปที่พรรคภูมิใจไทย", "date": "22-02-2019 19:11", "retweet": 0, "like": 0}, {"id": "1098912292471595013", "url": "https://twitter.com/Sulovebossss/status/1098912292471595013", "username": "", "text": "นายกฤษฎา บุญราช รมว.เกษตรและสหกรณ์ เปิดเผยภายหลังการประชุมสภาไตรภาคียางพารา (ITRC) สมัยพิเศษ ซึ่งประกอบด้วย 3 ประเทศสมาชิก คือ ไทย อินโดนีเซีย และมาเลเซีย ว่า ที่ประชุมได้แต่งตั้งคณะทำงานร่วมจาก 3 ประเทศ เพื่อหาข้อสรุปร่วมกันในการหามาตรการรักษาเสถียรภาพราคายางพารา https:// twitter.com/prachachat/sta tus/1098891524203401217 …", "date": "22-02-2019 18:48", "retweet": 1, "like": 2}, {"id": "1098903077204111361", "url": "https://twitter.com/Sulovebossss/status/1098903077204111361", "username": "", "text": "เราใช้คำว่า \"ทุกตัว\" ก็เพราะเขาพูดว่า \"ทุกตัว\" ในการดีเบตเมื่อวานนี้อ่ะคะ https:// twitter.com/wannut2/status /1098880196441067522 …", "date": "22-02-2019 18:11", "retweet": 0, "like": 0}, {"id": "1098887137745752064", "url": "https://twitter.com/Sulovebossss/status/1098887137745752064", "username": "", "text": "แกล้งลืมไปบ้างก็ได้", "date": "22-02-2019 17:08", "retweet": 0, "like": 2}, {"id": "1098789015614967808", "url": "https://twitter.com/Sulovebossss/status/1098789015614967808", "username": "", "text": "ขอบคุณไรคะ", "date": "22-02-2019 10:38", "retweet": 0, "like": 0}, {"id": "1098785998706597888", "url": "https://twitter.com/Sulovebossss/status/1098785998706597888", "username": "", "text": "เนอะ", "date": "22-02-2019 10:26", "retweet": 0, "like": 1}, {"id": "1098785895350644736", "url": "https://twitter.com/Sulovebossss/status/1098785895350644736", "username": "", "text": "ม่ายยยรู้วววคะ", "date": "22-02-2019 10:25", "retweet": 0, "like": 0}, {"id": "1098782030161166336", "url": "https://twitter.com/Sulovebossss/status/1098782030161166336", "username": "", "text": "ธุรกิจสิ่งพิมพ์ มีปัญหามาเป็นสิบปีแล้วคะ https:// twitter.com/Guantoom/statu s/1098781463615426560 …", "date": "22-02-2019 10:10", "retweet": 0, "like": 1}, {"id": "1098781555793620993", "url": "https://twitter.com/Sulovebossss/status/1098781555793620993", "username": "", "text": "ปัญหามันคือ \"ทุกตัว\" ไง ลำพังแค่การไปทำให้สินค้า \"บางตัว\" เป็นสินค้าเกษตรการเมืองมันก็แย่แล้ว (มันมีผลกระทบตามมาในหลายมิติ) หากไปทำให้สินค้าเกษตร \"ทุกตัว\" กลายเป็นสินค้าเกษตรการเมืองแล้ว ฉิบหายแน่", "date": "22-02-2019 10:08", "retweet": 2, "like": 1}, {"id": "1098779758752493569", "url": "https://twitter.com/Sulovebossss/status/1098779758752493569", "username": "", "text": "รอคุณเรืองไกร กับ คุณศรีสุวรรณ ไปร้องยุบพรรคคุณธนาธร อยู่นะจ๊ะ https:// twitter.com/Thairath_News/ status/1098779421970903042 …", "date": "22-02-2019 10:01", "retweet": 4, "like": 2}, {"id": "1098779490946170880", "url": "https://twitter.com/Sulovebossss/status/1098779490946170880", "username": "", "text": "เอาที่สบายใจเนอะ จบ!", "date": "22-02-2019 10:00", "retweet": 0, "like": 0}, {"id": "1098778248832401408", "url": "https://twitter.com/Sulovebossss/status/1098778248832401408", "username": "", "text": "นี่อุตส่าห์ไม่แตะประเด็นนี้ตรงๆแล้วนะ 5555", "date": "22-02-2019 09:55", "retweet": 0, "like": 0}, {"id": "1098777978757046272", "url": "https://twitter.com/Sulovebossss/status/1098777978757046272", "username": "", "text": "อืมมมมม เป็นการตีความที่แย่มากๆ ไม่มีตรงไหนที่บอกว่า ไม่ยอมรับนะ และพูดชัดๆเลยว่า ยอมรับ ไม่ว่าผลจะออกมายังไงก็ตาม https:// twitter.com/envi_avatar/st atus/1098777133197844481 …", "date": "22-02-2019 09:54", "retweet": 0, "like": 0}, {"id": "1098777522618040320", "url": "https://twitter.com/Sulovebossss/status/1098777522618040320", "username": "", "text": "มันตลกกว่านั้นอีก เพราะเพื่อไทย ในขณะนั้นไม่ส่งแคนดิเดตนายกฯ ของพรรคตัวเอง แต่สนับสนุน พลตำรวจเอก ประชา พรรคเพื่อแผ่นดิน แข่งกับ นายอภิสิทธิ์ ในการโหวตนายกฯ ในสภา https:// twitter.com/mukmook/status /1098770282934718464 …", "date": "22-02-2019 09:52", "retweet": 30, "like": 16}, {"id": "1098775094590025730", "url": "https://twitter.com/Sulovebossss/status/1098775094590025730", "username": "", "text": "ภาพรวมโอเคคะ แต่การมาพลาดตรง การนำราคาน้ำดีเซลขายปลีกในประเทศ มาเป็นปัจจัยในราคายาง คุยทับ ดร.กอบศักดิ์ ซึ่งแกพูดประเด็นช่วง3-4ปีนี้ราคาน้ำดิบในตลาดโลกมันมีความสัมพันธ์กันราคายาง", "date": "22-02-2019 09:42", "retweet": 3, "like": 2}, {"id": "1098774474193756165", "url": "https://twitter.com/Sulovebossss/status/1098774474193756165", "username": "", "text": "ทุกพรรคมีข้อดี-ข้อเสีย จุดแข็ง-จุดอ่อน หมดเหละคะ ใครอยากจะเลือกใครก็ตามนั้นเลย ส่วนตัวเคารพการตัดสินใจ แต่รู้สึกไม่โอเคนิดนึงในการปั่นกระแส ที่เกิดขึ้นช่วงนี้ มันจะกลายเป็นการผลักคน GEN นึงไปเป็นศัตรู และให้ความสำคัญกับคนอีก GEN เป็นพิเศษ ซึ่งไม่ดีแน่ๆในระยะยาว", "date": "22-02-2019 09:40", "retweet": 8, "like": 6}, {"id": "1098773289952960513", "url": "https://twitter.com/Sulovebossss/status/1098773289952960513", "username": "", "text": "เด่วจะ fav ไว้ สำหรับคำถาม \"ถ้าพรรคที่เชียร์แพ้ มาตั้งรัฐบาลแข่งจะต่อต้านมั้ย\" - ระบบรัฐสภา มันก็แข่งกันในการรวบรวมเสียงข้างมากนะ ถ้าพรรคอันดับ๑ ไม่สามารถรวบรวมเสียงข้างมากได้เอง พรรคอันดับ ๒ เขารวบรวมได้ เกมส์มันก็จบ มันก็แค่นั้นเอง", "date": "22-02-2019 09:35", "retweet": 6, "like": 6}, {"id": "1098772135613423616", "url": "https://twitter.com/Sulovebossss/status/1098772135613423616", "username": "", "text": "ผิดพลาดก็คือผิดพลาดคะ จะด้วยเหตุผลอะไรก็ว่ากันไป การมาตะเบงทั้งๆในเพจระบุ \"ประธานสภาอุตสหกรรมแห่งประเทศไทย\" แล้วมาบอกว่า ก็เขามีตำแหน่ง ปธ.สภาอุตสหกรนมครนายก อันนี้ไม่น่ารัก pic.twitter.com/IO7KbfUsyL", "date": "22-02-2019 09:31", "retweet": 163, "like": 36}, {"id": "1098770676003917824", "url": "https://twitter.com/Sulovebossss/status/1098770676003917824", "username": "", "text": "มันทำนองช่วงตรงนั้นมันมีความพร้อมแล้วก็ทำไปก่อนเลย ในช่วงที่๑ แล้วช่วงที่ ๒-๓-๔-...๙ ก็ตามมาตามลำดับ มันไม่ใช่แค่จะสร้างแค่ 3.5 km", "date": "22-02-2019 09:25", "retweet": 0, "like": 0}, {"id": "1098770152575778816", "url": "https://twitter.com/Sulovebossss/status/1098770152575778816", "username": "", "text": "งั้นขออนุญาติ ถามเลยตามคำถามคุณคนนั้น ในฐานะควายแดง คุณยอมรับผลได้ไหมคะ ถ้าแพ้ https:// mobile.twitter.com/envi_avatar/st atus/1098769466664542209 …", "date": "22-02-2019 09:23", "retweet": 0, "like": 1}, {"id": "1098769676920750080", "url": "https://twitter.com/Sulovebossss/status/1098769676920750080", "username": "", "text": "ดูจากรายการดีเบตเมื่อคืน อ่านว่า ปชป คงมีเป้าเป็นถึงแกนนำจัดตั้งรัฐบาลจริงๆเหละ ทำนองถ้าเขาได้คะแนนเสียงมากกว่า พลังประชารัฐ ทางพลังประชารัฐ ก็ต้องยอมให้ ปชป นั่งเก้าอี้นายกฯ ไรทำนองนี้ (โมเดลพรรคอันดับ2 อันดับ 3 จับมือกันมีความเป็นไปได้สูงทีเดียว)", "date": "22-02-2019 09:21", "retweet": 18, "like": 24}, {"id": "1098768724532678656", "url": "https://twitter.com/Sulovebossss/status/1098768724532678656", "username": "", "text": "หลังเลือกตั้งหรือหลังการโหวตนายกฯในสภา ยังไม่เคยไอ้พวกสลิ่มมันออกประท้วงไม่ยอมรับผลนะ ถึงแม้เขาจะแพ้ก็เหอะ ที่วุ่นๆกันมันประเด็นการบริหารเชิงประเด็นที่เกิดจากการบริหารงานหลังบริหารไปแล้วพักนึงไม่ใช่รึ https:// twitter.com/envi_avatar/st atus/1098768023190614016 …", "date": "22-02-2019 09:17", "retweet": 19, "like": 16}, {"id": "1098755619635453952", "url": "https://twitter.com/Sulovebossss/status/1098755619635453952", "username": "", "text": "ข้อดีเขาก็มีเหละ ถ้าไม่อคติมากจนเกินไปมันมองเห็นไม่ยากหรอก และเช่นเดียวกันข้อเสียเขาก็มี", "date": "22-02-2019 08:25", "retweet": 2, "like": 7}, {"id": "1098754938161643520", "url": "https://twitter.com/Sulovebossss/status/1098754938161643520", "username": "", "text": "ที่ขึ้นสบายเลย นี่ก็รถไฟฟ้าผ่านหน้าบ้าน ขายเลย เอามาซื้อบ้านใหม่ 5555", "date": "22-02-2019 08:22", "retweet": 0, "like": 0}, {"id": "1098753526400860160", "url": "https://twitter.com/Sulovebossss/status/1098753526400860160", "username": "", "text": "อันนี้ดี \"บริษัทลงทุนเพิ่ม 2,800 ล้านบาท ก่อสร้างโรงงานผลิตสุขภัณฑ์โตโต้ แห่งที่ 2 ที่อำเภอหนองแค จังหวัดสระบุรี เพื่อขยายกำลังการผลิตป้อนตลาดในประเทศ ภูมิภาคเอเชีย และสหรัฐอเมริกา ยกระดับไทยให้เป็นจุดยุทธศาสตร์ในการกระจายสินค้าและมีผลทำให้ไทยเป็นฐานผลิตใหญ่ที่สุดในอาเซียน\"", "date": "22-02-2019 08:17", "retweet": 8, "like": 4}, {"id": "1098751506566635520", "url": "https://twitter.com/Sulovebossss/status/1098751506566635520", "username": "", "text": "พาชมข้อมูล อุโมงค์รถไฟฟ้าลอดใต้แม่น้ำเจ้าพระยาแห่งแรกของไทย https:// pantip.com/topic/34745772 pic.twitter.com/rOalAaqGfD", "date": "22-02-2019 08:09", "retweet": 3, "like": 3}, {"id": "1098748294488977410", "url": "https://twitter.com/Sulovebossss/status/1098748294488977410", "username": "", "text": "http:// news.ch3thailand.com/economy/88524? fbclid=IwAR0eqGjKw-sJmWGF2YOE0NghztN8Txiks-TABSFPLclmkuLqbUeiKsualOw …", "date": "22-02-2019 07:56", "retweet": 6, "like": 2}, {"id": "1098645399848476672", "url": "https://twitter.com/Sulovebossss/status/1098645399848476672", "username": "", "text": "ลองนั่งนิ่งๆแล้วตรองดูนะ ช่วง 4-5 เดือนที่ผ่านมานี้ คุณสร้างวาทะ ปั้นชุดความคิด ประดิษฐ์วาทกรรมให้คนเกลียดกลัวกันหรือป่าว https:// twitter.com/kcltv/status/1 098644547582738433 …", "date": "22-02-2019 01:07", "retweet": 33, "like": 20}, {"id": "1098644883676385281", "url": "https://twitter.com/Sulovebossss/status/1098644883676385281", "username": "", "text": "เอาน่า มีไว้ให้เราแซะเล่นขำๆ", "date": "22-02-2019 01:05", "retweet": 0, "like": 2}, {"id": "1098644277402320896", "url": "https://twitter.com/Sulovebossss/status/1098644277402320896", "username": "", "text": "มันก็ขู่กันไปมาแบบนี้เหละมาเป็นสิบปีล่ะ แต่ปัจจัยนึงที่ยังไม่ไขว้กันตรงๆ ก็เพราะต่างฝ่ายต่างมีกองกำลังที่แข็งเกร่งเหละ ถ้าอ่อนแอๆก็เสร็จ", "date": "22-02-2019 01:03", "retweet": 0, "like": 3}, {"id": "1098615851538833408", "url": "https://twitter.com/Sulovebossss/status/1098615851538833408", "username": "", "text": "อันนี้ดี https:// twitter.com/NationTV22/sta tus/1094844741147975680 …", "date": "21-02-2019 23:10", "retweet": 2, "like": 2}, {"id": "1098614194746740736", "url": "https://twitter.com/Sulovebossss/status/1098614194746740736", "username": "", "text": "ว่างหรอ มาช่วยแพคของส่ง ปณ พรุ่งนี้เช้าหน่อยดิ แพคไม่ทัน", "date": "21-02-2019 23:03", "retweet": 1, "like": 0}, {"id": "1098613473510998021", "url": "https://twitter.com/Sulovebossss/status/1098613473510998021", "username": "", "text": "บริษัท ฮีโน่ ประเทศไทย ได้ลงทุนศูนย์การผลิตและพัฒนาผลิตภัณฑ์ฮีโน่แห่งแรกของภูมิภาคอาเซียน มีเงินลงทุน 3,560 ล้านบาท มีขนาดพื้นที่ 250 ไร่ ตั้งอยู่ในนิคมอุตสาหกรรมเอเซีย (สุวรรณภูมิ) อ.บางบ่อ จ.สมุทรปราการ เริ่มก่อสร้างเดือน ก.ค. 2562 จะเปิดดำเนินการได้ในปี 2564 #posttoday", "date": "21-02-2019 23:00", "retweet": 28, "like": 12}, {"id": "1098613062787948544", "url": "https://twitter.com/Sulovebossss/status/1098613062787948544", "username": "", "text": "อันนี้ดี \"โตโยต้า แจ้งว่าในปี 2562 มีการลงทุนในประเทศไทย 1 หมื่นล้านบาท และในปีหน้าจะลงทุนอีก 1 หมื่นล้านบาท และยืนยันไทยเป็นประเทศสำคัญในภูมิภาคนี้ ขณะที่ช่วง 2-3 ปีนี้ จะเน้นผลิตรถยนต์ที่เน้นการดูแลสิ่งแวดล้อม\" https://www. posttoday.com/economy/580979", "date": "21-02-2019 22:59", "retweet": 17, "like": 5}, {"id": "1098611508739620864", "url": "https://twitter.com/Sulovebossss/status/1098611508739620864", "username": "", "text": "\"พูดมาตลอดว่า การเกิดการรัฐประหารทุกฝ่ายต้องร่วมกันรับผิดชอบ ต้องยอมรับว่ากลไกการเมืองล้มเหลว และเปิดช่องให้การรัฐประหารเข้ามาได้ วันนี้เราต้องก้าวพ้นจากตรงนั้น\" อภิสิทธิ์ เวชชาชีวะ https:// twitter.com/PostToday/stat us/1098521510036140032 …", "date": "21-02-2019 22:52", "retweet": 45, "like": 28}, {"id": "1098608850771632128", "url": "https://twitter.com/Sulovebossss/status/1098608850771632128", "username": "", "text": "เรื่องการริเริ่ม สร้างโปรเจคไรก็ว่าไป ทุกขั๋วอำนาจมีความพยายามดันหมดเหละ แต่ส่วนตัว ถ้าจะให้เครดิสใคร เราให้เครดิสคนผลักดันที่ทำเรื่องจากบนกระดาษไปสู่เนื้องานที่รูปธรรมมากกว่านะ (การบริหารโครงการไม่ง่ายเลยนะกว่ามันจะสำเร็จ)", "date": "21-02-2019 22:42", "retweet": 1, "like": 1}, {"id": "1098605738090475520", "url": "https://twitter.com/Sulovebossss/status/1098605738090475520", "username": "", "text": "อันนี้ดี https:// twitter.com/PhillipThailan d/status/1098396244668338177 …", "date": "21-02-2019 22:29", "retweet": 1, "like": 0}, {"id": "1098605163454099462", "url": "https://twitter.com/Sulovebossss/status/1098605163454099462", "username": "", "text": "ล้าหลัง สมัยนี้เขาไม่รบกันแล้ว https:// twitter.com/DailynewsTwit/ status/1098605010802409472 …", "date": "21-02-2019 22:27", "retweet": 2, "like": 6}, {"id": "1098599313121464323", "url": "https://twitter.com/Sulovebossss/status/1098599313121464323", "username": "", "text": "มันก็มีประเด็นจริงๆเหละ ก็เข้าใจได้นะที่จะมีดราม่า", "date": "21-02-2019 22:04", "retweet": 0, "like": 3}, {"id": "1098596791447097344", "url": "https://twitter.com/Sulovebossss/status/1098596791447097344", "username": "", "text": "\"เลือกตั้ง นิวเซอร์แลนด์ ปีที่แล้ว พรรคอันดับ2 ก็รวบรวมเสียงได้และเป็นแกนนำจัดตั้งรัฐบาล\" อภิสิทธิ์", "date": "21-02-2019 21:54", "retweet": 39, "like": 24}, {"id": "1098596054474375170", "url": "https://twitter.com/Sulovebossss/status/1098596054474375170", "username": "", "text": "ดร.กอบศักดิ์ พยายามสื่อว่า สว. 250 ที่สื่อชอบพูดกันทำนองว่าจะช่วยให้ พลังประชารัฐ จัดตั้งรัฐบาลได้ แต่ในความเป็นจริง การมี สส.ไม่ถึง 250 เสียงในสภา มันจัดตั้งรัฐบาลไม่ได้ มันเจ๊งตั้งแต่วันแรกแล้ว ถ้าเป็นรัฐบาลเสียงข้างน้อย (ไม่ถึง 250 เสียง)", "date": "21-02-2019 21:51", "retweet": 29, "like": 17}, {"id": "1098594186595577856", "url": "https://twitter.com/Sulovebossss/status/1098594186595577856", "username": "", "text": "โซเชียล ทวงสปิริต 'เรืองไกร-ศรีสุวรรณ' สวมบทนักร้องฟัน ท่านประธานส้ม ส.อ.ท.เก๊ https://www. thaipost.net/main/detail/29 655 … pic.twitter.com/2Wl0SFkVSS", "date": "21-02-2019 21:43", "retweet": 0, "like": 2}, {"id": "1098593558360195072", "url": "https://twitter.com/Sulovebossss/status/1098593558360195072", "username": "", "text": "ทำให้เราศรัทธาสิ แล้วเราจะปกป้องมันเอง", "date": "21-02-2019 21:41", "retweet": 2, "like": 4}, {"id": "1098593225433075714", "url": "https://twitter.com/Sulovebossss/status/1098593225433075714", "username": "", "text": "ใช่คะ เราก็มองแบบนั้น", "date": "21-02-2019 21:40", "retweet": 1, "like": 0}, {"id": "1098593048051834880", "url": "https://twitter.com/Sulovebossss/status/1098593048051834880", "username": "", "text": "นั่นเหละปัญหา", "date": "21-02-2019 21:39", "retweet": 0, "like": 1}, {"id": "1098592337704484874", "url": "https://twitter.com/Sulovebossss/status/1098592337704484874", "username": "", "text": "พาชมข้อมูล อุโมงค์รถไฟฟ้าลอดใต้แม่น้ำเจ้าพระยาแห่งแรกของไทย https:// pantip.com/topic/34745772 pic.twitter.com/CRaT7J5JPh", "date": "21-02-2019 21:36", "retweet": 53, "like": 33}, {"id": "1098589683561291777", "url": "https://twitter.com/Sulovebossss/status/1098589683561291777", "username": "", "text": "หืมมมม pic.twitter.com/Cgtt8gmLIh", "date": "21-02-2019 21:26", "retweet": 0, "like": 0}, {"id": "1098588816653336576", "url": "https://twitter.com/Sulovebossss/status/1098588816653336576", "username": "", "text": "มันต้องค่อยๆรวบรวมเอาเองอ่ะคะ ฐานข้อมูลที่เรา รวบรวมจากข่าวๆต่างๆที่ผ่านมา ตัวเลขมันก็ออกมาประมาณนั้นอ่ะ เวปของสภาพัฒน์ฯ - ธปท ก็พอมีนะ แต่ต้องย่อยข้อมูลเอาเอง", "date": "21-02-2019 21:22", "retweet": 2, "like": 3}, {"id": "1098586476336472064", "url": "https://twitter.com/Sulovebossss/status/1098586476336472064", "username": "", "text": "ข้อมูลมันผิดตรงไหนหรือคะ", "date": "21-02-2019 21:13", "retweet": 0, "like": 0}, {"id": "1098585106120245251", "url": "https://twitter.com/Sulovebossss/status/1098585106120245251", "username": "", "text": "pic.twitter.com/P6m1W35FQt", "date": "21-02-2019 21:07", "retweet": 0, "like": 1}, {"id": "1098584916965548032", "url": "https://twitter.com/Sulovebossss/status/1098584916965548032", "username": "", "text": "คุณอภิสิทธิ แกแกล้งตึมึน เอาราคาน้ำมันดีเซลในประเทศ เป็นตัวเปรียบเทียบ (มันมีการอุ้ม การแทรกแซงกลไกตลาดที่สลับซับซ้อน) กับราคายาง มันไม่ใช่พี่ มันต้องราคาน้ำมันในตลาดโลก", "date": "21-02-2019 21:07", "retweet": 45, "like": 26}, {"id": "1098582364215603201", "url": "https://twitter.com/Sulovebossss/status/1098582364215603201", "username": "", "text": "คุณแน่ใจหรือว่า พวกคุณไม่ใช้ความเกลียดชังในการทำการเมือง", "date": "21-02-2019 20:57", "retweet": 10, "like": 9}, {"id": "1098580551043244032", "url": "https://twitter.com/Sulovebossss/status/1098580551043244032", "username": "", "text": "มันไม่มีทางทำได้หรอก ที่จะทำให้สินค้าเกษตรทุกตัว มีราคาสูงขึ้น 30% ภายใน 6 เดือน ตามที่ คุณหญิง สุดารัตน์ หาเสียง", "date": "21-02-2019 20:49", "retweet": 78, "like": 66}, {"id": "1098579795699322881", "url": "https://twitter.com/Sulovebossss/status/1098579795699322881", "username": "", "text": "ลองมานั่งนับกันขำๆ https:// twitter.com/ThaksinsLife/s tatus/1098579180759875584 …", "date": "21-02-2019 20:46", "retweet": 0, "like": 0}, {"id": "1098579361416921088", "url": "https://twitter.com/Sulovebossss/status/1098579361416921088", "username": "", "text": "เวลาเห็นพรรคเพื่อไทย พูดถึงเรื่องเศรษฐกิจแล้วก็คงต้องย้อนดูสถิติทางดัชนี แล้วคิด วิเคราะห์ แยกแยะ กันเอาเองเนอะ pic.twitter.com/uaRwbCaxaQ", "date": "21-02-2019 20:45", "retweet": 141, "like": 64}, {"id": "1098569474444128258", "url": "https://twitter.com/Sulovebossss/status/1098569474444128258", "username": "", "text": "pic.twitter.com/E5gSlWwIUg", "date": "21-02-2019 20:05", "retweet": 1, "like": 0}, {"id": "1098569221729017856", "url": "https://twitter.com/Sulovebossss/status/1098569221729017856", "username": "", "text": "นี่โดนมาเยอะ ไม่ได้สนใจไรมันหรอก แค่รำคาญ", "date": "21-02-2019 20:04", "retweet": 0, "like": 2}, {"id": "1098568974562877440", "url": "https://twitter.com/Sulovebossss/status/1098568974562877440", "username": "", "text": "เอาจริงๆแต่ก่อนนี้เราหัวร้อนแบบนี้ป่าวว่ะ เดี๋ยวนั่งคิดดูแปปนึง 555 คงมีบ้างเหละมั้ง", "date": "21-02-2019 20:03", "retweet": 0, "like": 3}, {"id": "1098568686212771841", "url": "https://twitter.com/Sulovebossss/status/1098568686212771841", "username": "", "text": "แกต้องมีเหตุผลของแกเหละ ส่วนเราจะชอบหรือไม่ชอบเหตุผลของแก ก็อีกเรื่องนึง ก็ว่ากันไป เข้าใจได้", "date": "21-02-2019 20:02", "retweet": 0, "like": 0}, {"id": "1098567109359988737", "url": "https://twitter.com/Sulovebossss/status/1098567109359988737", "username": "", "text": "เราชอบแกนะ ไม่คิดว่าแกจะลงมาเล่นการเมืองถึงขั้นนี้ด้วยซ้ำ ประวัติแกเด่นทีเดียว", "date": "21-02-2019 19:56", "retweet": 0, "like": 0}, {"id": "1098566816123633665", "url": "https://twitter.com/Sulovebossss/status/1098566816123633665", "username": "", "text": "ทักษิณ ๑-๒ แกมีทีมงานที่ดีมากๆนะ เราก็เคยเลือกแก ในช่วง ทักษิณ ๒ ส่วนท่านอดีต ปธ.สภาอุตสหกรรม โนคอมเม้นท์นะ เบื่อติ่งแม่ง สะกิดนิด สะกิดหน่อย แมนชั่นมาให้ควย ด่าพ่อล่อแม่เพียบ https:// twitter.com/Kea_New/status /1098007517555118081 …", "date": "21-02-2019 19:55", "retweet": 8, "like": 13}, {"id": "1098566153687842817", "url": "https://twitter.com/Sulovebossss/status/1098566153687842817", "username": "", "text": "เราไม่มีปัญหากับการรีดไขมันนะ เข้าใจได้ แต่เราติดใจตรงประเด็น หนี้สาธารณะต่อจีดีพี", "date": "21-02-2019 19:52", "retweet": 1, "like": 0}, {"id": "1098564350560808961", "url": "https://twitter.com/Sulovebossss/status/1098564350560808961", "username": "", "text": "น่าดูเหะ! https:// twitter.com/TNAMCOT/status /1098563325393219584 …", "date": "21-02-2019 19:45", "retweet": 4, "like": 2}, {"id": "1098563715421560833", "url": "https://twitter.com/Sulovebossss/status/1098563715421560833", "username": "", "text": "pic.twitter.com/PGTZkYG6Ms", "date": "21-02-2019 19:42", "retweet": 0, "like": 0}, {"id": "1098555267057250305", "url": "https://twitter.com/Sulovebossss/status/1098555267057250305", "username": "", "text": "เด๋วหลังเลือกตั้ง ก็คงกลับไปธงเหลือง อีกเหละ เห็นหลายพรรคยิกๆอยากจะแก้เรื่องนี้ (ให้เละแบบเก่ามั้ง) https:// twitter.com/auuee/status/1 098490647277780992 …", "date": "21-02-2019 19:09", "retweet": 21, "like": 11}, {"id": "1098552321003315200", "url": "https://twitter.com/Sulovebossss/status/1098552321003315200", "username": "", "text": "ประเด็นหนี้สาธารณะต่อจีดีพี ข้อมูลจากสำนักงานบริหารหนี้สาธารณะ ณ เดือน พ.ย. 2561 ประเทศไทยมีหนี้สาธารณะ 6.81 ล้านล้านบาท คิดเป็น 41.82% ต่อจีดีพี ปล.หนี้สาธารณะก่อนรัฐประหาร ณ.31 มี.ค.57 ก็ยุคที่คุณชัชชาติ เป็นรัฐมนตรีนั้นเหละ มีจำนวน 5,550,390 ล้านบาท คิดเป็น 46.07 ของจีดีพี pic.twitter.com/hQp0mOQQPl", "date": "21-02-2019 18:57", "retweet": 58, "like": 18}, {"id": "1098549878135779330", "url": "https://twitter.com/Sulovebossss/status/1098549878135779330", "username": "", "text": "ชัชชาติ ประกาศลดงบกองทัพเป็นเรื่องจำเป็นเหมือนรีดไขมันหน่วยราชการอื่นๆ ระบุ \"หนี้สาธารณะต่อ GDP สูงขึ้นเรื่อยๆ\" 《 อืมมมมม หนี้สาธารณะต่อ GDP สูงขึ้นจริงๆหรอ ณ.ตอนนี้ มันต่ำกว่ารัฐบาลที่เคยเป็นรัฐมนตรีด้วยซ้ำไปนะ pic.twitter.com/o8TsBLFrZV", "date": "21-02-2019 18:47", "retweet": 27, "like": 10}, {"id": "1098545132868034560", "url": "https://twitter.com/Sulovebossss/status/1098545132868034560", "username": "", "text": "ได้สิ", "date": "21-02-2019 18:29", "retweet": 0, "like": 0}, {"id": "1098541734454161409", "url": "https://twitter.com/Sulovebossss/status/1098541734454161409", "username": "", "text": "ศาลเลื่อนสืบพยานในคดี นปช. ก่อการร้าย ตามคำร้องขอฝ่ายจำเลย เนื่องจากจำเลยหลายคนลงสมัครเลือกตั้ง สส. และอยู่ระหว่างการหาเสียง https://www. springnews.co.th/crime/447554 pic.twitter.com/SgEQkUAhKZ", "date": "21-02-2019 18:15", "retweet": 2, "like": 1}, {"id": "1098454293374365696", "url": "https://twitter.com/Sulovebossss/status/1098454293374365696", "username": "", "text": "พื้นฐานเศรษฐกิจและเสถียรภาพการเงินไทยปัจจุบันแข็งแกร่งขึ้นมาก เกินดุลบัญชีเดินสะพัดปรับสูงขึ้นอย่างต่อเนื่อง โดยในปี 2017 มียอดเกินดุลบัญชีเดินสะพัดอยู่ที่กว่า 5 หมื่นล้านดอลลาร์สหรัฐ คิดเป็น 11% ของจีดีพี ส่วนเงินสำรองระหว่างประเทศก็เพิ่มขึ้นถึง 2 เท่า ในช่วงกว่า 10 ปีที่ผ่านมา", "date": "21-02-2019 12:28", "retweet": 77, "like": 54}, {"id": "1098427090368487424", "url": "https://twitter.com/Sulovebossss/status/1098427090368487424", "username": "", "text": "แหมมมม.....", "date": "21-02-2019 10:40", "retweet": 0, "like": 0}, {"id": "1098400059094228993", "url": "https://twitter.com/Sulovebossss/status/1098400059094228993", "username": "", "text": "#และกระแส มันทะแม่งๆยังไงไม่รู้บอกไม่ถูก", "date": "21-02-2019 08:52", "retweet": 0, "like": 0}, {"id": "1098394141858263040", "url": "https://twitter.com/Sulovebossss/status/1098394141858263040", "username": "", "text": "อันนี้ดี https:// twitter.com/bnasae/status/ 1098393761518739456 …", "date": "21-02-2019 08:29", "retweet": 30, "like": 24}, {"id": "1098225863496089600", "url": "https://twitter.com/Sulovebossss/status/1098225863496089600", "username": "", "text": "โครงการรถไฟทางคู่ ช่วงชุมทางถนนจิระ - ขอนแก่น มีระยะทางก่อสร้างรวมทั้งหมด 187 กิโลเมตร เริ่มต้นก่อสร้างตั้งแต่เมื่อวันที่ 19 กพ.59 ถ้าโครงการนี้ก่อสร้างเสร็จ จะช่วยลดระยะเวลาการเดินทางจากชุมทางถนนจิระ-ขอนแก่น จาก 3 ชั่วโมง เหลือเพียง 1 ชั่วโมง 20 นาที http://www. nationtv.tv/main/content/3 78691729/?qz= … pic.twitter.com/fqGh1fUyYU", "date": "20-02-2019 21:20", "retweet": 14, "like": 12}, {"id": "1098220564739547136", "url": "https://twitter.com/Sulovebossss/status/1098220564739547136", "username": "", "text": "ก๊อปมาเหละ แต่จำไม่ได้ล่ะก๊อปใครมา ถ้าเป็นของพี่ก็ขออภัยด้วยนะคะ", "date": "20-02-2019 20:59", "retweet": 1, "like": 1}, {"id": "1098220166704377862", "url": "https://twitter.com/Sulovebossss/status/1098220166704377862", "username": "", "text": "เอาน่าอ่านขำๆอย่าไปคิดไรมาก ปวดหัว", "date": "20-02-2019 20:57", "retweet": 0, "like": 0}, {"id": "1098217156552998912", "url": "https://twitter.com/Sulovebossss/status/1098217156552998912", "username": "", "text": "ปวิน แกซัด ปิยะบุตร ส้มส้ม เข้าให้แล้ว pic.twitter.com/gzBtmyDdfZ", "date": "20-02-2019 20:45", "retweet": 99, "like": 59}, {"id": "1098212187624038400", "url": "https://twitter.com/Sulovebossss/status/1098212187624038400", "username": "", "text": "โซเชียลวิจาณณ์ยับ! \"เลขาฯ อนาคตใหม่\" ใช้คำแรงพาดพิงคนอีสาน http://www. nationtv.tv/main/content/3 78691714/ … /3… pic.twitter.com/epZL0i9tyc", "date": "20-02-2019 20:26", "retweet": 18, "like": 7}, {"id": "1098201829534359553", "url": "https://twitter.com/Sulovebossss/status/1098201829534359553", "username": "", "text": "\"กรณีที่พูดถึงเรื่องเศรษฐกิจพอเพียง ที่มีการตัดต่อข้อความบางส่วนไปเผยแพร่นั้น ถือเป็นการเมืองแบบเก่า ที่มุ่งแต่จะทำลายกันด้วยคำลวง คำที่ทำให้ประชาชนเกลียดชังกัน\" ธนาธร อนาคตใหม่ pic.twitter.com/2rwYfEqfu6", "date": "20-02-2019 19:44", "retweet": 42, "like": 19}, {"id": "1098200318402150400", "url": "https://twitter.com/Sulovebossss/status/1098200318402150400", "username": "", "text": "เขาไม่จับไปขังให้โง่หรอก", "date": "20-02-2019 19:38", "retweet": 1, "like": 2}, {"id": "1098199608465842176", "url": "https://twitter.com/Sulovebossss/status/1098199608465842176", "username": "", "text": "เราว่ามันตลกๆว่ะ", "date": "20-02-2019 19:36", "retweet": 0, "like": 0}, {"id": "1098193281840644096", "url": "https://twitter.com/Sulovebossss/status/1098193281840644096", "username": "", "text": "หนีรอดไหม", "date": "20-02-2019 19:10", "retweet": 0, "like": 0}, {"id": "1098132068611940353", "url": "https://twitter.com/Sulovebossss/status/1098132068611940353", "username": "", "text": "นักกิจกรรมพรึบ! หน้ากองทัพบก https://www. matichonweekly.com/hot-news/artic le_172064 … pic.twitter.com/VXMDCRvqsm", "date": "20-02-2019 15:07", "retweet": 3, "like": 4}, {"id": "1098085667920216065", "url": "https://twitter.com/Sulovebossss/status/1098085667920216065", "username": "", "text": "ประมาณนั้น ส่วนตัวมองว่า การสัดส่วน % การเพิ่มขึ้น % ในการจัดสรรงบฯ มันล้อๆกันมาในสัดส่วน % ที่ไม่เพิ่มขึ้น ลดลงอย่างมีนัยยะสำคัญ มันก็ไม่เห็นจะน่ามีไรดราม่านะ", "date": "20-02-2019 12:03", "retweet": 4, "like": 1}, {"id": "1098083513083940864", "url": "https://twitter.com/Sulovebossss/status/1098083513083940864", "username": "", "text": "ราคาเป็นไงพี่ปีนี้ https:// twitter.com/BooK_Ku/status /1098082757979209728 …", "date": "20-02-2019 11:54", "retweet": 0, "like": 1}, {"id": "1098081982737608704", "url": "https://twitter.com/Sulovebossss/status/1098081982737608704", "username": "", "text": "กรณ์ ชี้ แม้งบทหารเพิ่มขึ้นจริง แต่หากวัดตามสัดส่วน GDP ถือว่าไม่ได้ผิดปกติ https://www. matichon.co.th/politics/news_ 1371391 … pic.twitter.com/umstEYE72S", "date": "20-02-2019 11:48", "retweet": 38, "like": 20}, {"id": "1098071431009554433", "url": "https://twitter.com/Sulovebossss/status/1098071431009554433", "username": "", "text": "ปณ. มีการปรับปรุงและพัฒนาไปดีขึ้นกว่าเมื่อก่อนมากๆนะ", "date": "20-02-2019 11:06", "retweet": 0, "like": 1}, {"id": "1097896772892909568", "url": "https://twitter.com/Sulovebossss/status/1097896772892909568", "username": "", "text": "หัวหน้าพรรคเพื่อไทย คนปัจจุบันนั่นไงเคยเป็น รัฐมนตรีช่วยว่าการกระทรวงมหาดไทย ช่วง รัฐบาลสุจินดาและพฤษภาทมิฬ", "date": "19-02-2019 23:32", "retweet": 54, "like": 38}, {"id": "1097895299014672385", "url": "https://twitter.com/Sulovebossss/status/1097895299014672385", "username": "", "text": "เหรียญรามาฯ เข็มกล้ากลางสมร ที่ ประยุทธ์ และ เสรีพิสุทธ์ ได้ก็มาจากการรบยันเวียดนามที่มารุกรานมิใช่รึ", "date": "19-02-2019 23:26", "retweet": 5, "like": 2}, {"id": "1097889596359110656", "url": "https://twitter.com/Sulovebossss/status/1097889596359110656", "username": "", "text": "รู้สึกว่าในประเด็นนี้ ที่ ปิยะบุตร แห่งส้มส้ม สื่อสารไปจะมีคนบางคนที่โดนพาดพิงไม่ปลื้มนะ pic.twitter.com/9m8YtLRLyX", "date": "19-02-2019 23:04", "retweet": 24, "like": 12}, {"id": "1097888897013436417", "url": "https://twitter.com/Sulovebossss/status/1097888897013436417", "username": "", "text": "คำว่า \"ศักย์ของกำลังทหาร\" คือไรอ่ะคะ", "date": "19-02-2019 23:01", "retweet": 1, "like": 3}, {"id": "1097886397447327745", "url": "https://twitter.com/Sulovebossss/status/1097886397447327745", "username": "", "text": "5555", "date": "19-02-2019 22:51", "retweet": 0, "like": 0}, {"id": "1097884686422925312", "url": "https://twitter.com/Sulovebossss/status/1097884686422925312", "username": "", "text": "pic.twitter.com/06P22jRvLc", "date": "19-02-2019 22:44", "retweet": 0, "like": 1}, {"id": "1097883905770741761", "url": "https://twitter.com/Sulovebossss/status/1097883905770741761", "username": "", "text": "เราก็อ่านแบบนั้น", "date": "19-02-2019 22:41", "retweet": 0, "like": 1}, {"id": "1097882952887820290", "url": "https://twitter.com/Sulovebossss/status/1097882952887820290", "username": "", "text": "เหยียบขี้ไก่ฟ่อยังอ่ะมึงอ่ะ", "date": "19-02-2019 22:37", "retweet": 1, "like": 1}, {"id": "1097882363617366017", "url": "https://twitter.com/Sulovebossss/status/1097882363617366017", "username": "", "text": "สมมุติมันเกิดปัญหาที่ว่านั่นจริง มันก็มีขั้นตอนของมันกว่าจะถึงจุดแตกหักที่จดกดปุ่มป่ะว่ะ ซึ่งขั้นตอนระหว่างทางนั้นเหละมันสำคัญสำหรับประเทศที่ถูกลากเข้าไปในความขัดแย้ง", "date": "19-02-2019 22:35", "retweet": 3, "like": 0}, {"id": "1097880489514348544", "url": "https://twitter.com/Sulovebossss/status/1097880489514348544", "username": "", "text": "เดี๋ยวเขาก็ได้เรียนรู้เองเหละ", "date": "19-02-2019 22:28", "retweet": 0, "like": 1}, {"id": "1097879553807011840", "url": "https://twitter.com/Sulovebossss/status/1097879553807011840", "username": "", "text": "มึงจะกดปุ่มไร มึงมีปัญญาสร้าง-ครอบครองนิวเคลียร์หรอ", "date": "19-02-2019 22:24", "retweet": 27, "like": 25}, {"id": "1097875851335454725", "url": "https://twitter.com/Sulovebossss/status/1097875851335454725", "username": "", "text": "ไม่ช้าก็ไว จีนเขาคงต้องหาสนามพีอาร์ขายอาวุธเขาเหละ แบบที่เมกาและตะวันตกเคยทำ และส่วนตัวเชื่อว่า สนามพีอาร์ขายอาวุธที่ว่านั้นคงอยู่ไม่ใกล้ ไม่ไกลแถวบ้านเรานี่เหละ", "date": "19-02-2019 22:09", "retweet": 0, "like": 2}, {"id": "1097872509414780929", "url": "https://twitter.com/Sulovebossss/status/1097872509414780929", "username": "", "text": "หนี้ครัวเรือน pic.twitter.com/VgkIj2ifaH", "date": "19-02-2019 21:56", "retweet": 10, "like": 4}, {"id": "1097868792816840705", "url": "https://twitter.com/Sulovebossss/status/1097868792816840705", "username": "", "text": "ส่วนตัวเรามองว่า แถวบ้านเรานี่เหละเป็น 1ในภูมิภาคที่มีความเสี่ยงสูงเลย ยังไม่รวมประเด็น สงครามตัวแทนซึ่งอาจจะเกิดข้างๆบ้านหรือในบ้านเราก็ได้ (มันมีปัจจัยเสี่ยงอยู่นะ)", "date": "19-02-2019 21:41", "retweet": 7, "like": 8}, {"id": "1097860868589547520", "url": "https://twitter.com/Sulovebossss/status/1097860868589547520", "username": "", "text": "เรียนคุณหญิง @sudaratofficial รบกวนไปตบกระบาล รตอ.เฉลิม หน่อยคะ พูดจาแบบนี้มันไม่สร้างสรรค์ “นี่ถ้าเผาป้าย ปชป.เเล้วไม่ผิด ผมจะเผาเเม่งให้หมดเลย” ร.ต.อ.ดร.เฉลิม อยู่บำรุง ผู้สมัคร ส.ส.แบบบัญชีรายชื่อพรรคเพื่อไทย 15 ก.พ. 62 pic.twitter.com/Oy1bWEtCNl", "date": "19-02-2019 21:10", "retweet": 63, "like": 23}, {"id": "1097856197376409605", "url": "https://twitter.com/Sulovebossss/status/1097856197376409605", "username": "", "text": "pic.twitter.com/kfXkF7mydr", "date": "19-02-2019 20:51", "retweet": 1, "like": 1}, {"id": "1097854322207936512", "url": "https://twitter.com/Sulovebossss/status/1097854322207936512", "username": "", "text": "เปิดตัวเลข งบฯกลาโหม ย้อนหลัง16 ปี ประจานนักการเมืองปลิ้นปล้อนหาเสียง https://www. thaipost.net/main/detail/29 457?fbclid=IwAR0gDfgPn8y4asFo2PbIf5gWXNA5G5pqu8m9ZzdRL7mJpR734RS4WlfQxEk … pic.twitter.com/HIcGWQEb3x", "date": "19-02-2019 20:44", "retweet": 1, "like": 1}, {"id": "1097727896494342151", "url": "https://twitter.com/Sulovebossss/status/1097727896494342151", "username": "", "text": "ข้อมูลจากสำนักงานบริหารหนี้สาธารณะ ณ เดือน พ.ย. 2561 ประเทศไทยมีหนี้สาธารณะ 6.81 ล้านล้านบาท คิดเป็น 41.82% ต่อจีดีพี ปล. หนี้สาธารณะก่อนรัฐประหาร ณ.31 มี.ค.57 มีจำนวน 5,550,390 ล้านบาท คิดเป็น 46.07 ของจีดีพี", "date": "19-02-2019 12:21", "retweet": 51, "like": 43}, {"id": "1097720020832944128", "url": "https://twitter.com/Sulovebossss/status/1097720020832944128", "username": "", "text": "ปัจจัยต่างๆถ้าไม่มีโปรโมชั่น ( BOI) เราไม่ได้โดดเด่นเลยนะ - ค่าแรงเราก็ไม่ได้ต่ำ - ความต่อเนื่องทางนโยบายก็มีปัญหา - ปัญหาสังคมผู้สูงอายุ - สเถียรภาพทางการเมืองเราก็มีปัญหา ซึ่งปัญหาที่กล่าวมานั้นมีมานานแล้วด้วยซ้ำไป", "date": "19-02-2019 11:50", "retweet": 5, "like": 2}, {"id": "1097718960173117441", "url": "https://twitter.com/Sulovebossss/status/1097718960173117441", "username": "", "text": "ในมุมมองเรา เรามองว่า BOI มันเปรียบเสมือนโปรโมชั่น ที่คู่แข่งเราเขาก็มีโปรโมชั่นของเขา เป็นแรงจูงใจดึงดูดนักลงทุนนะ แม้แต่บริษัทเครือไทยซัมมิทก็ใช้สิทธิตรงนี้ pic.twitter.com/eBzOcIuuDu", "date": "19-02-2019 11:46", "retweet": 5, "like": 2}, {"id": "1097668690244362242", "url": "https://twitter.com/Sulovebossss/status/1097668690244362242", "username": "", "text": "ณ.ปัจจุบัน งบบัตรทอง + งบกระทรวงสาธารณสุข สูงกว่างบกลาโหมนะ https:// twitter.com/Stop_Dadjarit/ status/1097667767291994112 …", "date": "19-02-2019 08:26", "retweet": 20, "like": 17}, {"id": "1097666035191209984", "url": "https://twitter.com/Sulovebossss/status/1097666035191209984", "username": "", "text": "เวียดนาม ได้รับมอบเรือดำน้ำ ชั้น Kilo ลำสุดท้ายครบ 6 ลำ http:// aagth1.blogspot.com/2017/01/5-5-ki lo-6.html?m=1 … pic.twitter.com/QgsNMtNqxE", "date": "19-02-2019 08:15", "retweet": 2, "like": 1}, {"id": "1097662937961918464", "url": "https://twitter.com/Sulovebossss/status/1097662937961918464", "username": "", "text": "ในปี 2561 ญี่ปุ่นลงทุนในไทยมากถึง 334 โครงการ หรือ 32% ของนักลงทุนต่างประเทศในไทย ซึ่งส่วนใหญ่ลงทุนในอุตสาหกรรมชิ้นส่วนยานยนต์ เคมีภัณฑ์ เครื่องใช้ไฟฟ้า เป็นต้น และส่วนมากเข้ามาลงทุนในพื้นที่อีอีซี คิดเป็นเงินลงทุนกว่าแสนล้านบาท หรือประมาณ 46% ของเงินลงทุนในอีอีซี #posttoday", "date": "19-02-2019 08:03", "retweet": 19, "like": 11}, {"id": "1097541409219866624", "url": "https://twitter.com/Sulovebossss/status/1097541409219866624", "username": "", "text": "ข้อมูลนี้ที่เนชั่นนำมานำเสนอ ถูกต้องไหมอ่ะ pic.twitter.com/42FcBFt0cl", "date": "19-02-2019 00:00", "retweet": 36, "like": 10}, {"id": "1097540911959953408", "url": "https://twitter.com/Sulovebossss/status/1097540911959953408", "username": "", "text": "กองทัพเรือสิงคโปร์ ทำพิธีปล่อยเรือดำน้ำลำล่าสุดลงน้ำ https://www. facebook.com/thaiarmedforce /posts/10157218594054612 … pic.twitter.com/u2lPqiD00K", "date": "18-02-2019 23:58", "retweet": 1, "like": 4}, {"id": "1097536800740978688", "url": "https://twitter.com/Sulovebossss/status/1097536800740978688", "username": "", "text": "อันนี้ดี https:// twitter.com/pakapong_repor t/status/1097536573459943424 …", "date": "18-02-2019 23:42", "retweet": 1, "like": 4}, {"id": "1097536159712866305", "url": "https://twitter.com/Sulovebossss/status/1097536159712866305", "username": "", "text": "สะกิดแม่งนิดเดียว เข้ามาตะแง้วๆกันพรึ่บบบ รำคาญ", "date": "18-02-2019 23:39", "retweet": 0, "like": 1}, {"id": "1097534367260274690", "url": "https://twitter.com/Sulovebossss/status/1097534367260274690", "username": "", "text": "เอาตรงๆนะ แกพร่ำเอามันส์อ่ะ เอาจริงๆแกไม่มีน้ำยาหรอก แกคุมกองปราบยุค รสช รัฐประหาร แกยังไม่มีปัญญาทำไรเลย ตอนนี้แกก็แค่อดีตตำรวจ เกษียณแล้ว", "date": "18-02-2019 23:32", "retweet": 9, "like": 13}, {"id": "1097533789629145089", "url": "https://twitter.com/Sulovebossss/status/1097533789629145089", "username": "", "text": "ไม่ต้องถามหรอก ให้เขาเรียนรู้ คิดเอาเอง เด่วเขาก็เข้าใจเองเนอะ", "date": "18-02-2019 23:30", "retweet": 1, "like": 0}, {"id": "1097517840914046982", "url": "https://twitter.com/Sulovebossss/status/1097517840914046982", "username": "", "text": "มีเพียบคะ", "date": "18-02-2019 22:26", "retweet": 0, "like": 1}, {"id": "1097517674039394305", "url": "https://twitter.com/Sulovebossss/status/1097517674039394305", "username": "", "text": "บริษัทในเครือเขาใช้สิทธิ BOI เพียบเลยย http:// boi.go.th/index.php?page … pic.twitter.com/hDKLr401ro", "date": "18-02-2019 22:26", "retweet": 6, "like": 3}, {"id": "1097513157839355904", "url": "https://twitter.com/Sulovebossss/status/1097513157839355904", "username": "", "text": "เหยียบๆเบรค ถอนคันเร่งกันบ้าง ต่างฝ่ายต่างกดคันเร่งกันเต็มตีน ระวังเหอะ จะชนกันฉิบหายวายป่วง บาดเจ็บล้มตายกันเกลื่อนถนน", "date": "18-02-2019 22:08", "retweet": 4, "like": 9}, {"id": "1097512679080550401", "url": "https://twitter.com/Sulovebossss/status/1097512679080550401", "username": "", "text": "\"ผมรุ่นก่อนไอ้อภิรัชต์ เนี่ย12รุ่น จะมาทะลึ่งอะไร ก็มันเด็กเมื่อวานซืน\" พล.ต.อ เสรีพิสุทธิ์ 《 เป็นอีกครั้งที่เสรีหยิบประเด็นรุ่น ประเด็นความอวุโส มาเล่นงานคนที่แกจะด่า", "date": "18-02-2019 22:06", "retweet": 140, "like": 56}, {"id": "1097500773418598407", "url": "https://twitter.com/Sulovebossss/status/1097500773418598407", "username": "", "text": "การเมืองถึงทางตันหมดหวังเลือกตั้ง \"วางไข่รัฐบาลเฉพาะกิจ\" https://www. thairath.co.th/content/1498173", "date": "18-02-2019 21:19", "retweet": 1, "like": 0}, {"id": "1097497231853113344", "url": "https://twitter.com/Sulovebossss/status/1097497231853113344", "username": "", "text": "5555", "date": "18-02-2019 21:05", "retweet": 0, "like": 0}, {"id": "1097495925981818880", "url": "https://twitter.com/Sulovebossss/status/1097495925981818880", "username": "", "text": "ไม่ต้องเลื่อนหรอก เลือกๆแม่งไปเหอะ อะไรจะเกิดก็ให้มันเกิด", "date": "18-02-2019 20:59", "retweet": 1, "like": 1}, {"id": "1097495085673963520", "url": "https://twitter.com/Sulovebossss/status/1097495085673963520", "username": "", "text": "\"ฝ่ายประชาธิปไตยไม่เคยทบทวนตัวเอง ฝ่ายล้าหลังคือประชาธิปไตย ต่างคนต่างทำ มีดาวละดวง ไปคนละทิศละทาง ฝ่ายเผด็จการมีการปรับกระบวนท่าและกระบวนทัศน์อยู่ตลอดเวลา คิดเป็นระบบ จังหวะจะเดินแต่ละก้าวเขาคิดทุกขั้นตอน\" จตุพร พรหมพันธุ์ https://www. thairath.co.th/content/1498173", "date": "18-02-2019 20:56", "retweet": 6, "like": 2}, {"id": "1097491357008982016", "url": "https://twitter.com/Sulovebossss/status/1097491357008982016", "username": "", "text": "ซื้อบ้านหลังละเกือบ 10 ล้าน แล้วเจอแบบนี้ก็ไม่ไหวนะ https:// twitter.com/mungship/statu s/1097490965307088896 …", "date": "18-02-2019 20:41", "retweet": 1, "like": 0}, {"id": "1097482357961981952", "url": "https://twitter.com/Sulovebossss/status/1097482357961981952", "username": "", "text": "ถ้าเกิดขึ้นรอบนี้หนักเลย", "date": "18-02-2019 20:05", "retweet": 0, "like": 0}, {"id": "1097480858544484352", "url": "https://twitter.com/Sulovebossss/status/1097480858544484352", "username": "", "text": "สัญญาณที่แต่ละฝั่งส่งออกมามันไม่ดีมากๆเลยนะ มีแววตะลุมบอนกันอีกแน่ ไม่ช้าก็เร็ว", "date": "18-02-2019 20:00", "retweet": 12, "like": 15}, {"id": "1097465690443968512", "url": "https://twitter.com/Sulovebossss/status/1097465690443968512", "username": "", "text": "เราว่าทฤษฎีนี้มีความเป็นไปได้สูงนะ แต่ไม่ใช่ในมุมงบด้านการทหารที่จะลงไป 3 จชต.นะ แต่ในมุมมองเรา มันเป็นพวกงบพัฒนาต่างๆอ่ะ มันเหมือนเขารู้สึกถูกละเลย พอเกิดปัญหาแรงๆแล้วงบสร้างโน้นนี่นั่น (ล่าสุดก็สนามบินเบตง) งบพัฒนาโน้นนี่นั่นก็เริ่มลงไปพัฒนาในเขต 3 จชต. https:// twitter.com/2018_gu/status /1097337608131117056 …", "date": "18-02-2019 18:59", "retweet": 5, "like": 0}, {"id": "1097464214342365184", "url": "https://twitter.com/Sulovebossss/status/1097464214342365184", "username": "", "text": "มันก็ผลัดกันโยนไปมาเหละ เอาเป็นว่า รอรับผลที่จะตามมา ซึ่งแนวโน้มไม่น่าจะดีนัก ซึ่งก็ยากจะคาดเดาว่าจะจบยังไงกันได้เลย ถ้าเกมส์เป็นแบบนี้ต่อไป และไม่น่าจะเป็นผลดีกับใครเลย", "date": "18-02-2019 18:53", "retweet": 1, "like": 0}, {"id": "1097463007402110977", "url": "https://twitter.com/Sulovebossss/status/1097463007402110977", "username": "", "text": "พอกัน โหมไฟกันเข้าไป แน่ล่ะมันดูสะใจดีใช่ไหมล่ะ แต่เราไม่แน่ใจนะว่า ผลที่จะตามมาเราจะรับกันได้ไหม (ดูแนวโน้มและสัญญาณต่างๆคงนองเลือดอีกครั้งแน่ๆ) ซึ่งแน่ล่ะ มันก็คือผลจากการที่ค่อยโยนฟืนเข้าในกองไฟเองนั่นเหละ", "date": "18-02-2019 18:49", "retweet": 12, "like": 14}, {"id": "1097461647482925056", "url": "https://twitter.com/Sulovebossss/status/1097461647482925056", "username": "", "text": "กบฎ ใช้สำหรับผู้ที่ก่อการโค่นล้มขั๋วอำนาจเก่าที่ครองอำนาจไม่สำเร็จนะ ถ้าหากกระทำการสำเร็จเขาก็เป็นรัฏฐาธิปัตย์ (ซึ่งเขาก็ออกนิรโทษกรรมให้ตนเองและพวก) มันมีความต่างกันระหว่างผู้แพ้กับผู้ชนะในเกมส์นั้น เกมส์ๆนั้น มันเลยจุดที่เสรี กำลังจะเล่นไปไกลแล้วววว https:// mobile.twitter.com/ARMdhiravath/s tatus/1097369445880614912 …", "date": "18-02-2019 18:43", "retweet": 55, "like": 6}, {"id": "1097458485032235008", "url": "https://twitter.com/Sulovebossss/status/1097458485032235008", "username": "", "text": "สัญญาณไม่ดีเอามากๆเลยนะ", "date": "18-02-2019 18:31", "retweet": 0, "like": 0}, {"id": "1097456047055298560", "url": "https://twitter.com/Sulovebossss/status/1097456047055298560", "username": "", "text": "ปัจจุบันเป็นยังไงก็เรื่องนึง ก็ว่ากันไป แต่ต้องยอมรับว่าๆ ยุคทักษิณ ๑-๒ แกรวมดาวคนเก่งๆไว้ในพรรคแกทีเดียวนะ ซึ่งต่างจากคุณปูและยุคนี้มากทีเดียว ส่วนอนาคตใหม่ ไม่ขอเอ่ยถึงนะ เบื่อติ่ง https:// twitter.com/greentea_pt/st atus/1097120837092573184 …", "date": "18-02-2019 18:21", "retweet": 9, "like": 4}, {"id": "1097434151412584449", "url": "https://twitter.com/Sulovebossss/status/1097434151412584449", "username": "", "text": "สภาพัฒน์ ได้เปิดเผยว่า ตัวเลขการเจริญเติบโตของเศรษฐกิจไทยในปี 2561 ที่ผ่านมา เติบโตถึง 4.1%", "date": "18-02-2019 16:54", "retweet": 9, "like": 6}, {"id": "1097433398853783553", "url": "https://twitter.com/Sulovebossss/status/1097433398853783553", "username": "", "text": "นี่ก็ด้วย", "date": "18-02-2019 16:51", "retweet": 1, "like": 0}, {"id": "1097351205171281920", "url": "https://twitter.com/Sulovebossss/status/1097351205171281920", "username": "", "text": "เชื่อป่ะว่าไอ้พวกรุ่นเก่าไดโนเสาร์ ตอนนี้ เคยเลือกคุณทักษิณ มาแล้วไม่ใช่น้อยเลย https:// twitter.com/Guantoom/statu s/1097011676556144640 …", "date": "18-02-2019 11:24", "retweet": 22, "like": 10}, {"id": "1097350618304245760", "url": "https://twitter.com/Sulovebossss/status/1097350618304245760", "username": "", "text": "รอบนี้ TKS ก็ได้งานนี้", "date": "18-02-2019 11:22", "retweet": 0, "like": 0}]