[{"id": "1099404884829327361", "url": "https://twitter.com/summer____me/status/1099404884829327361", "username": "", "text": "เป็นความสัมพันธ์ที่โคตรคิดถึงกัน แต่..", "date": "24-02-2019 03:25", "retweet": 0, "like": 0}, {"id": "1099363237986938880", "url": "https://twitter.com/summer____me/status/1099363237986938880", "username": "", "text": "อีเหี้ย you are not my type piss off", "date": "24-02-2019 00:39", "retweet": 0, "like": 0}, {"id": "1099362957471899648", "url": "https://twitter.com/summer____me/status/1099362957471899648", "username": "", "text": "คนตอแหลต้องโดนตบ", "date": "24-02-2019 00:38", "retweet": 0, "like": 0}, {"id": "1099362440595132418", "url": "https://twitter.com/summer____me/status/1099362440595132418", "username": "", "text": "เพลงบางเพลงที่เราเกลียด บางทีก็มีมึงเป็นพระเอกอยู่ในนั้นนะ เกลียดแบบเกลียดดด", "date": "24-02-2019 00:36", "retweet": 0, "like": 0}, {"id": "1099362136868835329", "url": "https://twitter.com/summer____me/status/1099362136868835329", "username": "", "text": "คันตีนมากกก อยากเอาตีนลูบหน้าคนอย่างมึงจริงๆ อย่าให้รู้นะ เราขาดกัน", "date": "24-02-2019 00:35", "retweet": 0, "like": 0}, {"id": "1099352455807029248", "url": "https://twitter.com/summer____me/status/1099352455807029248", "username": "", "text": "ขนลุกแล้ววว", "date": "23-02-2019 23:57", "retweet": 0, "like": 0}, {"id": "1099352239708098560", "url": "https://twitter.com/summer____me/status/1099352239708098560", "username": "", "text": "คันตีนมากตอนนี้", "date": "23-02-2019 23:56", "retweet": 0, "like": 0}, {"id": "1099341457574379521", "url": "https://twitter.com/summer____me/status/1099341457574379521", "username": "", "text": "วันนี้คือเหงามาก ว่าไปก็เป็นเอามากนะกุเนี่ย อีห่า", "date": "23-02-2019 23:13", "retweet": 0, "like": 0}, {"id": "1099341192095911936", "url": "https://twitter.com/summer____me/status/1099341192095911936", "username": "", "text": "พี่บอยก็มั่นหน้าระดับนึงนะ ให้กล้อง close up ขนาดนั้น https:// youtu.be/HSEuslpmWsw", "date": "23-02-2019 23:12", "retweet": 0, "like": 0}, {"id": "1099317099770466304", "url": "https://twitter.com/summer____me/status/1099317099770466304", "username": "", "text": "พ่อในบริบทฟ้ารักพ่อ ไม่ใช่พ่อมะคะ คือผัวถูกมะ", "date": "23-02-2019 21:36", "retweet": 0, "like": 0}, {"id": "1099316702804815874", "url": "https://twitter.com/summer____me/status/1099316702804815874", "username": "", "text": "คิดถึงแบบทำอะไรไม่ได้เลย", "date": "23-02-2019 21:35", "retweet": 0, "like": 0}, {"id": "1099306072106364928", "url": "https://twitter.com/summer____me/status/1099306072106364928", "username": "", "text": "เหงา", "date": "23-02-2019 20:52", "retweet": 0, "like": 0}, {"id": "1099214440761704448", "url": "https://twitter.com/summer____me/status/1099214440761704448", "username": "", "text": "ปวดท้อง", "date": "23-02-2019 14:48", "retweet": 0, "like": 0}, {"id": "1099205196582838272", "url": "https://twitter.com/summer____me/status/1099205196582838272", "username": "", "text": "พอสักทีเถอะ", "date": "23-02-2019 14:11", "retweet": 0, "like": 0}, {"id": "1099148423251423232", "url": "https://twitter.com/summer____me/status/1099148423251423232", "username": "", "text": "ไปดู the favorite ดีมั้ย", "date": "23-02-2019 10:26", "retweet": 0, "like": 0}, {"id": "1099144947003867136", "url": "https://twitter.com/summer____me/status/1099144947003867136", "username": "", "text": "ควรหยุดแล้ว ไปต่อแบบนี้ไม่ได้", "date": "23-02-2019 10:12", "retweet": 0, "like": 0}, {"id": "1098952777294725126", "url": "https://twitter.com/summer____me/status/1098952777294725126", "username": "", "text": "อ่านแล้วจะอ้วก", "date": "22-02-2019 21:28", "retweet": 0, "like": 0}, {"id": "1098908331899416582", "url": "https://twitter.com/summer____me/status/1098908331899416582", "username": "", "text": "ไม่ใช่ว่ามีสมองหรือไม่ แต่มึงไม่มีสิทธิเลือกให้ อีโง่นี่ https:// twitter.com/JarupongT/stat us/1098847137574543360 …", "date": "22-02-2019 18:32", "retweet": 0, "like": 0}, {"id": "1098781737251815425", "url": "https://twitter.com/summer____me/status/1098781737251815425", "username": "", "text": "+10", "date": "22-02-2019 10:09", "retweet": 0, "like": 0}, {"id": "1098781431117930497", "url": "https://twitter.com/summer____me/status/1098781431117930497", "username": "", "text": "ป้าแถวบ้านพูดว่า นโยบายเฮงซวย เอากัญชาสารเสพติดชนิดที่ 5 มาใช้ ป้านั้นแหละเฮงซวย", "date": "22-02-2019 10:08", "retweet": 0, "like": 0}, {"id": "1098781151664033792", "url": "https://twitter.com/summer____me/status/1098781151664033792", "username": "", "text": "เค้าใช้คำว่า we อ่ะพี่ตาาาา #พรรคประชาธิปัตย์ #พรรคพลังประชารัฐ #พรรคอนาคตใหม่ #พรรคเพื่อไทย #เลือกตั้ง2562 #ฟ้ารักพ่อ pic.twitter.com/qMQrhD9bit", "date": "22-02-2019 10:06", "retweet": 1, "like": 1}, {"id": "1098629124946456576", "url": "https://twitter.com/summer____me/status/1098629124946456576", "username": "", "text": "ดูดิ๊พูดจริงหรือป่าว", "date": "22-02-2019 00:02", "retweet": 0, "like": 0}, {"id": "1098628899418722305", "url": "https://twitter.com/summer____me/status/1098628899418722305", "username": "", "text": "คนร้ายๆ เต็มไปหมด เด๋วขอร้ายใส่แปบนึง", "date": "22-02-2019 00:01", "retweet": 0, "like": 0}, {"id": "1098627975094751233", "url": "https://twitter.com/summer____me/status/1098627975094751233", "username": "", "text": "ไงละ", "date": "21-02-2019 23:58", "retweet": 0, "like": 0}, {"id": "1098621463945302016", "url": "https://twitter.com/summer____me/status/1098621463945302016", "username": "", "text": "โถ่อีห่ารากก", "date": "21-02-2019 23:32", "retweet": 0, "like": 0}, {"id": "1098305435050758144", "url": "https://twitter.com/summer____me/status/1098305435050758144", "username": "", "text": "อะไรอ่ะ", "date": "21-02-2019 02:36", "retweet": 0, "like": 0}, {"id": "1098187279045058560", "url": "https://twitter.com/summer____me/status/1098187279045058560", "username": "", "text": "you are so cute^^ what a cute you are #$@%^_^,*", "date": "20-02-2019 18:47", "retweet": 0, "like": 0}, {"id": "1098118662668472320", "url": "https://twitter.com/summer____me/status/1098118662668472320", "username": "", "text": "รำคาญอ่ะอีควาย มึงเป็นบ้าหรอหรือไง", "date": "20-02-2019 14:14", "retweet": 0, "like": 0}, {"id": "1098034283309031424", "url": "https://twitter.com/summer____me/status/1098034283309031424", "username": "", "text": "เนี่ย", "date": "20-02-2019 08:39", "retweet": 0, "like": 0}, {"id": "1097716379375960064", "url": "https://twitter.com/summer____me/status/1097716379375960064", "username": "", "text": "ทีเราอ่ะ", "date": "19-02-2019 11:35", "retweet": 0, "like": 0}, {"id": "1097712110899884032", "url": "https://twitter.com/summer____me/status/1097712110899884032", "username": "", "text": "pic.twitter.com/CX1Eu8Odn3", "date": "19-02-2019 11:18", "retweet": 0, "like": 0}, {"id": "1097708874570727424", "url": "https://twitter.com/summer____me/status/1097708874570727424", "username": "", "text": "วันนี้เหงามาก ไปดูหนังคนเดียวแก้เหงาดีมั้ย", "date": "19-02-2019 11:06", "retweet": 0, "like": 0}, {"id": "1097707613377126400", "url": "https://twitter.com/summer____me/status/1097707613377126400", "username": "", "text": "เหนื่อยอ่ะ ตื่นมาก็ยังไม่หายเหนื่อย", "date": "19-02-2019 11:01", "retweet": 0, "like": 0}, {"id": "1097707525636378624", "url": "https://twitter.com/summer____me/status/1097707525636378624", "username": "", "text": "อยากกินเค้กวันเกิด", "date": "19-02-2019 11:00", "retweet": 0, "like": 0}, {"id": "1097707028699463681", "url": "https://twitter.com/summer____me/status/1097707028699463681", "username": "", "text": "หยุดแค่นี้ก่อน", "date": "19-02-2019 10:58", "retweet": 0, "like": 0}, {"id": "1097705758601277441", "url": "https://twitter.com/summer____me/status/1097705758601277441", "username": "", "text": "คิดถึง", "date": "19-02-2019 10:53", "retweet": 0, "like": 0}, {"id": "1097705561594855425", "url": "https://twitter.com/summer____me/status/1097705561594855425", "username": "", "text": "วันนี้เป็นวันเพ็ญเดือน3", "date": "19-02-2019 10:52", "retweet": 0, "like": 0}, {"id": "1097679157528485888", "url": "https://twitter.com/summer____me/status/1097679157528485888", "username": "", "text": "i think therefor i am นี้ถูกแย้งโดย i am what i attack to แล้ว เราอ่านเจอมา ขออนุญาตแบ่งปัน", "date": "19-02-2019 09:07", "retweet": 0, "like": 0}, {"id": "1097565868458799108", "url": "https://twitter.com/summer____me/status/1097565868458799108", "username": "", "text": "อยากเดินไปไหนสักที่นึง ทำอารมณ์อ่ะ มันไม่รู้จะบอกใคร", "date": "19-02-2019 01:37", "retweet": 0, "like": 0}, {"id": "1097564070843113472", "url": "https://twitter.com/summer____me/status/1097564070843113472", "username": "", "text": "เสียใจมากที่สุดแล้ว", "date": "19-02-2019 01:30", "retweet": 0, "like": 0}, {"id": "1097563970800480256", "url": "https://twitter.com/summer____me/status/1097563970800480256", "username": "", "text": "ไล่มันไปตั้งแต่คืนนี้เลยดีป่ะ ให้พ้นๆ ไป คืนมาเช้า พน จะได้เป็นวันใหม่", "date": "19-02-2019 01:30", "retweet": 0, "like": 0}, {"id": "1097563817611915265", "url": "https://twitter.com/summer____me/status/1097563817611915265", "username": "", "text": "พรุ่งนี้อยากหนีออกไปจากมัน", "date": "19-02-2019 01:29", "retweet": 0, "like": 0}, {"id": "1097563698447536129", "url": "https://twitter.com/summer____me/status/1097563698447536129", "username": "", "text": "เสียใจจนร้องไม่ออก", "date": "19-02-2019 01:29", "retweet": 0, "like": 0}, {"id": "1097563616771899392", "url": "https://twitter.com/summer____me/status/1097563616771899392", "username": "", "text": "มันก็เหี้ยแบบนี้นี่เอง", "date": "19-02-2019 01:28", "retweet": 0, "like": 0}, {"id": "1097555427665932289", "url": "https://twitter.com/summer____me/status/1097555427665932289", "username": "", "text": "ฝันดีนะ", "date": "19-02-2019 00:56", "retweet": 0, "like": 0}, {"id": "1097551154186076161", "url": "https://twitter.com/summer____me/status/1097551154186076161", "username": "", "text": "อดทนไว้ก่อน", "date": "19-02-2019 00:39", "retweet": 0, "like": 0}, {"id": "1097546253460680704", "url": "https://twitter.com/summer____me/status/1097546253460680704", "username": "", "text": "เหนื่อยอ่ะ", "date": "19-02-2019 00:19", "retweet": 0, "like": 0}, {"id": "1097544425289310208", "url": "https://twitter.com/summer____me/status/1097544425289310208", "username": "", "text": "T T", "date": "19-02-2019 00:12", "retweet": 0, "like": 0}, {"id": "1097543734302928905", "url": "https://twitter.com/summer____me/status/1097543734302928905", "username": "", "text": "เหนื่อยตั้งแต่หัวจรดเท้า", "date": "19-02-2019 00:09", "retweet": 0, "like": 0}, {"id": "1097543636332376068", "url": "https://twitter.com/summer____me/status/1097543636332376068", "username": "", "text": "ใครอยากฟังบ้าง", "date": "19-02-2019 00:09", "retweet": 0, "like": 0}, {"id": "1097543422557093888", "url": "https://twitter.com/summer____me/status/1097543422557093888", "username": "", "text": "อึดอัดใจ", "date": "19-02-2019 00:08", "retweet": 0, "like": 0}, {"id": "1097543255976140801", "url": "https://twitter.com/summer____me/status/1097543255976140801", "username": "", "text": "เหนื่อยจนนอนไม่ลงอ่ะ", "date": "19-02-2019 00:07", "retweet": 0, "like": 0}, {"id": "1097533882973351941", "url": "https://twitter.com/summer____me/status/1097533882973351941", "username": "", "text": "แต่ละตัว https://www. facebook.com/PPRPThailand/v ideos/400500093852195/ …", "date": "18-02-2019 23:30", "retweet": 0, "like": 0}, {"id": "1097531522477809665", "url": "https://twitter.com/summer____me/status/1097531522477809665", "username": "", "text": "อยากตะโกนดังๆ อ่ะ", "date": "18-02-2019 23:21", "retweet": 0, "like": 0}, {"id": "1097529002682535936", "url": "https://twitter.com/summer____me/status/1097529002682535936", "username": "", "text": "จะร้องอ่ะ", "date": "18-02-2019 23:11", "retweet": 0, "like": 0}, {"id": "1097526851562438657", "url": "https://twitter.com/summer____me/status/1097526851562438657", "username": "", "text": "วันนี้เหนื่อยมาก อยากบอกใครสักคน", "date": "18-02-2019 23:02", "retweet": 0, "like": 0}, {"id": "1097524386028969985", "url": "https://twitter.com/summer____me/status/1097524386028969985", "username": "", "text": "เหงาอ่ะ", "date": "18-02-2019 22:52", "retweet": 0, "like": 0}, {"id": "1097521903076499457", "url": "https://twitter.com/summer____me/status/1097521903076499457", "username": "", "text": "เหนื่อย", "date": "18-02-2019 22:43", "retweet": 0, "like": 0}, {"id": "1097506948470104066", "url": "https://twitter.com/summer____me/status/1097506948470104066", "username": "", "text": "https:// youtu.be/e2HlCwfXLEY", "date": "18-02-2019 21:43", "retweet": 0, "like": 0}, {"id": "1097506338135916544", "url": "https://twitter.com/summer____me/status/1097506338135916544", "username": "", "text": "เปิดใจให้ฉันหน่อยคนดี", "date": "18-02-2019 21:41", "retweet": 0, "like": 0}, {"id": "1097505960862539777", "url": "https://twitter.com/summer____me/status/1097505960862539777", "username": "", "text": "https:// youtu.be/DX5pwYoxaqU", "date": "18-02-2019 21:39", "retweet": 0, "like": 0}, {"id": "1097480087287431168", "url": "https://twitter.com/summer____me/status/1097480087287431168", "username": "", "text": "เหนื่อยอ่ะ นั่งพักมาระยะนึงแล้วก็ไม่หาย", "date": "18-02-2019 19:56", "retweet": 0, "like": 0}, {"id": "1097478382122545152", "url": "https://twitter.com/summer____me/status/1097478382122545152", "username": "", "text": "ไม่อยากตอบเยอะมาก", "date": "18-02-2019 19:50", "retweet": 0, "like": 0}, {"id": "1097477504460251136", "url": "https://twitter.com/summer____me/status/1097477504460251136", "username": "", "text": "เหนื่อยมากวันนี้", "date": "18-02-2019 19:46", "retweet": 0, "like": 0}, {"id": "1097356587017035781", "url": "https://twitter.com/summer____me/status/1097356587017035781", "username": "", "text": "เหลือเลาคนเดียวแล้วที่บ่นคิดถึง", "date": "18-02-2019 11:46", "retweet": 0, "like": 0}, {"id": "1097356339976654848", "url": "https://twitter.com/summer____me/status/1097356339976654848", "username": "", "text": "คิดถึงอย่างไง ก็ยังคิดถึงเธออยู่อย่างนั้น", "date": "18-02-2019 11:45", "retweet": 0, "like": 0}, {"id": "1097319865247887360", "url": "https://twitter.com/summer____me/status/1097319865247887360", "username": "", "text": "ความรักขนาดไหน ถึงกลั่นออกมาเป็นบทเพลงได้", "date": "18-02-2019 09:20", "retweet": 0, "like": 0}]