[{"id": "1097866601842364416", "url": "https://twitter.com/Sununtawadee/status/1097866601842364416", "username": "", "text": "ด่วน ต้องการโฆษกภาษาลาว สำเนียงเวียงจันทร์ พักอาศัยในกรุงเทพ. เพื่ออัดเสียงโฆษณา ใช้เวลาในสตูดิโอ ประมาณ 2-3 ชั่วโมง งาน Job by job", "date": "19-02-2019 21:32", "retweet": 25, "like": 13}]