[{"id": "1099152400785432576", "url": "https://twitter.com/supreeda_t/status/1099152400785432576", "username": "", "text": "ครับ https:// twitter.com/thaipost/statu s/1099139085065580549 …", "date": "23-02-2019 10:42", "retweet": 0, "like": 0}, {"id": "1099148143092948992", "url": "https://twitter.com/supreeda_t/status/1099148143092948992", "username": "", "text": "Bigc Lotus ก็รับครับ ซื้อน้ำเปล่า10บาทรูดที โดนเหล่นิดๆ 5555", "date": "23-02-2019 10:25", "retweet": 0, "like": 1}, {"id": "1099142403267555331", "url": "https://twitter.com/supreeda_t/status/1099142403267555331", "username": "", "text": "เรียกร้องให้ประยุทธ์ไปดีเบตในรายการ... ถามหน่อย ถ้าเป็นประยุทธ์จะไปกันหรอ ไปให้โดนเชือดหรอ เผลอๆ ตบะแตกกลางรายการอีก ก็เหมือนตอนยิ่งลักษณ์อะ แกไม่ไปดีเบต เพราะอะไรละ เข้าสภายังไม่ค่อยเข้า สัมภาษณ์ตอนจีทูจี บางคนมันสู้ตรงนี้ไม่ได้ไง ก็ไม่ไปปะ ง่ายๆ", "date": "23-02-2019 10:02", "retweet": 0, "like": 0}, {"id": "1099135141316747264", "url": "https://twitter.com/supreeda_t/status/1099135141316747264", "username": "", "text": "ตอนนี้สวยกว่าเดิมครับ เมื่อวานเพิ่งผ่านมา เริ่มตกแต่งละครับ", "date": "23-02-2019 09:33", "retweet": 1, "like": 3}, {"id": "1098982972496039942", "url": "https://twitter.com/supreeda_t/status/1098982972496039942", "username": "", "text": "รฟฟ ใต้ดินวัดมังกรจะเปิดแล้ว ได้ข่าวข้างในสวยมาก แต่..... ฟุตบาทรอบสถานี เละเทะมาก ทั้งแผงลอย แตกหัก แคบ เหม็น ล่าสุดพวกพี่ๆแผงลอย เริ่มยึดรอบสถานีละครับ ฝาก @BMA1555 ดูแลด้วย ให้สมกับเป็นแหล่งท่องเที่ยวและ Old town ครับ", "date": "22-02-2019 23:28", "retweet": 0, "like": 0}, {"id": "1098975957329690624", "url": "https://twitter.com/supreeda_t/status/1098975957329690624", "username": "", "text": "สร้างวาทกรรมอีกแล้วนะครับ", "date": "22-02-2019 23:01", "retweet": 2, "like": 0}, {"id": "1098974885479469056", "url": "https://twitter.com/supreeda_t/status/1098974885479469056", "username": "", "text": "เอางี้ คิดแบบง่ายๆเลย นะถ้าทำจริงๆ ยุบพรรคได้้เลย100% ไม่ต้องรอน้องๆคนรุ่นใหม่มาแจ้งความหรอก พวกพี่ๆ นักการเมืองเขางับก่อนแล้วครับ นี่เขาไม่สนใจเรื่องนี้ แสดงว่ามันไม่มีมูลไง คนรุ่นใหม่เน้อ https:// twitter.com/P_WJ/status/10 98899982726311936 …", "date": "22-02-2019 22:56", "retweet": 11, "like": 4}, {"id": "1098918584024150017", "url": "https://twitter.com/supreeda_t/status/1098918584024150017", "username": "", "text": "ถ้าเจอ ดีเลย์ เตรียมใจไว้เลยครับ รูทออกจากสุวรรณภูมิ กับ ออกจากนาริตะ ชอบดีเลย์ เพราะเครื่องบินต่อคิวกันเยอะ ผมเคยเจอแบบเนี่ยแหละ แต่เขาหารอบให้ใหม่เลยนะ ใกล้ๆกัน", "date": "22-02-2019 19:13", "retweet": 0, "like": 0}, {"id": "1098889513529556993", "url": "https://twitter.com/supreeda_t/status/1098889513529556993", "username": "", "text": "ตอนแรกนึกว่า เรื่องยกเลิก RMF คือข่าวลวง ที่ไหนได้ พูดจริงกับปากเลยนิหว่า", "date": "22-02-2019 17:17", "retweet": 0, "like": 1}, {"id": "1098791427453022208", "url": "https://twitter.com/supreeda_t/status/1098791427453022208", "username": "", "text": "Same case แม่น้องการ์ตูนเลย -*-", "date": "22-02-2019 10:47", "retweet": 0, "like": 0}, {"id": "1098791138801012736", "url": "https://twitter.com/supreeda_t/status/1098791138801012736", "username": "", "text": "เห็นบทลงโทษทางอาญาละท้อ สงสารเจ้าของร้านชิบหาย เบาหวิวเชียว มันควรแก้โทษพวกคนดื่มละขับรถได้ละ จัดหนักไปเลย ยิ่งไม่สามารถชดใช้ความเสียหายได้ ก็ควรจัดหนักทางอาญาเข้าไปอีก จะบ้าตาย ปล.พ่อของไอขี้เมา ไม่ยอมรับสายด้วย แสบนิหว่า", "date": "22-02-2019 10:46", "retweet": 0, "like": 0}, {"id": "1098790715713150976", "url": "https://twitter.com/supreeda_t/status/1098790715713150976", "username": "", "text": "บังสุดช้ำ หนุ่มเมาทำเดือดร้อน100ชีวิต 80ล้านส่อสูญ-โทรหาตัดสาย หวังคนยื่นมือช่วย(คลิป) https://www. khaosod.co.th/special-storie s/news_2237621 … ข้อมูลจาก @ข่าวสด ไม่มี ไม่หนี ไม่จ่าย(จ่ายไม่ไหว) ของจริง", "date": "22-02-2019 10:44", "retweet": 0, "like": 0}, {"id": "1098788610512379904", "url": "https://twitter.com/supreeda_t/status/1098788610512379904", "username": "", "text": "ลงตำแหน่งผิด จากปธ.อุตสหากรรม ระดับจังหวัด เป็น ระดับประเทศ ในเวปตัวเอง... ลองคิดว่า เป็นประยุทธ์ดิ สมมติยศจริงแค่ พลทหาร แต่ลงผิดในเวปเป็น พลเอก ในเวปตัวเอง... ก็นั้นแหละ คำตอบอยู่ในตัวแล้ว", "date": "22-02-2019 10:36", "retweet": 2, "like": 1}, {"id": "1098770638800486400", "url": "https://twitter.com/supreeda_t/status/1098770638800486400", "username": "", "text": "ผมก็คิดแบบนี้แหละครับ ทำช่วงแรกสั้นๆก่อน เก็บองค์ความรู้เท่าที่จะทำได้ มันไม่ได้ทำแค่3.5กม ซะหน่อย พอไปเทียบกับคุณกรณ์ที่อธิบายงบกลาโหม อันนั้นก็แฟร์จริงๆ ตรงๆ ตามตัวเลขเลย", "date": "22-02-2019 09:25", "retweet": 0, "like": 0}, {"id": "1098765726968537089", "url": "https://twitter.com/supreeda_t/status/1098765726968537089", "username": "", "text": "ถ้ามีรถไฟฟ้าสีม่วงส่วนใต้นะ ผ่าเส้นน้ำเงินลงมา นี่แจ่มเลย แต่ตอนนี้น่าจะเป็นเส้นที่ โดนสีอื่นแซงไปหมดละ ยังไม่อนุมัติเลย pic.twitter.com/SyySQM6Hco", "date": "22-02-2019 09:05", "retweet": 1, "like": 1}, {"id": "1098623654852579328", "url": "https://twitter.com/supreeda_t/status/1098623654852579328", "username": "", "text": "ด่าคนรุ่นเก่าล้าหลัง... แต่เชื่อว่า เผด็จการสามารถซ่อนhashtag twitter ที่ให้กำลังใจของฝ่ายตรงข้ามได้ ก้อมาดิค้าบบบบบบบบ #เลือกตั้ง62", "date": "21-02-2019 23:41", "retweet": 0, "like": 0}, {"id": "1098621748323315713", "url": "https://twitter.com/supreeda_t/status/1098621748323315713", "username": "", "text": "งะ 55555 ทนอีกนิด", "date": "21-02-2019 23:33", "retweet": 0, "like": 0}, {"id": "1098611568223444992", "url": "https://twitter.com/supreeda_t/status/1098611568223444992", "username": "", "text": "รฟฟ ส่วนต่อขยายสีน้ำเงิน จะเปิดเมษานี่ละว้อย จริงปะเนี่ย หลังบ้านเลย สบายละ", "date": "21-02-2019 22:53", "retweet": 0, "like": 0}, {"id": "1098609995334279168", "url": "https://twitter.com/supreeda_t/status/1098609995334279168", "username": "", "text": "คือก็เข้าใจแกนะ ว่าโอเคร แกก็มีโปรเจคอะไรแบบนี้มาก่อน แต่มาวน3.5กม. ซึ่งมันคือขั้นแรกของการทำ ครส. (ไหนจะโนฮาว ที่เราต้องเรียนรู้อีก) งงเลย เอางี้เลยหรอ", "date": "21-02-2019 22:46", "retweet": 0, "like": 1}, {"id": "1098607934924382208", "url": "https://twitter.com/supreeda_t/status/1098607934924382208", "username": "", "text": "ผมงงกับคุณอภิสิทธิ์ ยิ่งตอนหลังจากที่คุยกันเรื่องเฟคนิวส์ มีตอนนึงแกพูดว่า เนี่ย รฟฟ ครส. แกก็เริ่มดำเนินการนะ ลากจากจีนตอนใต้ มาถึงใต้บ้านเรา คุยกับจีนแล้ว ดูยุคนี้สิ ได้แค่ 3.5กม. (โดนตัดจบพอดี) นี่งงมากครับ เห้ยแกจะมาวนอะไรแบบนี้จริงๆหรอ ขนาดเพิ่งบ่นเรื่องเฟคนิวส์กันไปหยกๆ", "date": "21-02-2019 22:38", "retweet": 3, "like": 1}, {"id": "1098550817496297472", "url": "https://twitter.com/supreeda_t/status/1098550817496297472", "username": "", "text": "เผลอไปฟังคลิปคุณกรณ์ เหมือนโดนตกเลยครับ ดูออร่าความตั้งใจเยอะมาก เอาใจช่วยครับ", "date": "21-02-2019 18:51", "retweet": 0, "like": 1}, {"id": "1098529205564764165", "url": "https://twitter.com/supreeda_t/status/1098529205564764165", "username": "", "text": "Totally Agree https:// twitter.com/auuee/status/1 098506123269656576 …", "date": "21-02-2019 17:25", "retweet": 0, "like": 0}, {"id": "1098518486626664448", "url": "https://twitter.com/supreeda_t/status/1098518486626664448", "username": "", "text": "\"ผมไม่เข้าใจ ว่าทางฝั่งทหารไม่อธิบายด้วยข้อเท็จจริงที่เกิดขึ้น\" กรณีงบกลาโหม ไม่ใช่แค่คุณกรณ์ ผมก็ไม่เข้าใจครับ คลิปนี้ควรค่าแก่การฟังมากๆ https:// twitter.com/KornDemocrat/s tatus/1098514838588813313 …", "date": "21-02-2019 16:43", "retweet": 0, "like": 0}, {"id": "1098482659506810880", "url": "https://twitter.com/supreeda_t/status/1098482659506810880", "username": "", "text": "นั่งเทสรอบแรกแกไปทำงานครับ เลยรู้ว่ารถมาช้ามาก เลยไปเลท หลังจากนั้นมีคนร้องเรียนสาย8 แกเลยไปเทสจริงๆ มีขู่ด้วย ว่าจะยกเลิกสัมปทานถ้ามีปัญหาอีก สุดท้าย ทุกอย่างเหมือนเดิมครับ ปีนิดๆ ที่อยู่ มันควรเคลียร์อะไรได้บ้างครับ", "date": "21-02-2019 14:20", "retweet": 1, "like": 1}, {"id": "1098461943772278785", "url": "https://twitter.com/supreeda_t/status/1098461943772278785", "username": "", "text": "อันนี้ไม่จริง ถ้าเราแยก แม้ไม่ได้ใส่ตรงถัง พอขึ้นรถขยะ มันง่ายต่อการทำงานของเขา ยิ่งพี่ๆพวกความจำดีครับ บ้านนี้แยกประจำ มาถึงเขาแยกกลุ่มได้เร็วมาก https:// twitter.com/wirojlak/statu s/1098368736795357184 …", "date": "21-02-2019 12:58", "retweet": 1, "like": 0}, {"id": "1098447165788057600", "url": "https://twitter.com/supreeda_t/status/1098447165788057600", "username": "", "text": "โคตรเบื่อลูกค้าที่คุยการเมืองในร้าน คุยเสียงดัง คุยแบบมั่นใจ สักพักทะเลาะกัน โว้ย ไปนอกร้านเลยไอชิบหาย", "date": "21-02-2019 11:59", "retweet": 0, "like": 0}, {"id": "1098403715415867394", "url": "https://twitter.com/supreeda_t/status/1098403715415867394", "username": "", "text": "เออ ผมลืมรถเมล์สนามบินไปเลยแฮะ ตอนนั้นจำได้ว่า แกเทสนั่งรถเมล์ไปทำงาน ผลคือไปเลท แล้วเลยลองไปนั่งสาย8 แล้วก็เงียบไปเลย ตอนนั้นตื่นตาตื่นใจมากครับ รมต. นั่งรถเมล์", "date": "21-02-2019 09:07", "retweet": 1, "like": 0}, {"id": "1098385867876446208", "url": "https://twitter.com/supreeda_t/status/1098385867876446208", "username": "", "text": "เนี่ยๆ ครับ ผมก็สงสัยแบบนี้ ถ้ามันง่ายกว่าแบบที่แกโว ตอนแกมีอำนาจทำไมไม่ทำ มัวแต่ทำไรอยู่ จะมาอ้างว่ามัวแต่ทำร่าง2ล้านล้าน ก็ไม่ใช่อีกอะทำพร้อมกันได้ หรือ จะบอกว่าโดนปฏิวัติก่อน ยิ่งแล้วใหญ่เลยครับ เรื่องรถเมล์คงมีแค่ ไปนั่งรถเมล์ กับ จัดการสาย8(ที่ไม่ได้ผล) ครับ", "date": "21-02-2019 07:56", "retweet": 4, "like": 3}, {"id": "1098252720559943680", "url": "https://twitter.com/supreeda_t/status/1098252720559943680", "username": "", "text": "มัสแตงฟ้าเละเลย โดนเปิดวาร์ป กู๊ดบาย", "date": "20-02-2019 23:07", "retweet": 0, "like": 0}, {"id": "1098240494700658688", "url": "https://twitter.com/supreeda_t/status/1098240494700658688", "username": "", "text": "วงการไปไหนมาไหนคนเดียว นี่ไม่ใช่ไรนะ เพื่อนหายหมดละจ้า", "date": "20-02-2019 22:18", "retweet": 0, "like": 0}, {"id": "1098240212096888839", "url": "https://twitter.com/supreeda_t/status/1098240212096888839", "username": "", "text": "นี่ไปคนไม่จอดช่องจอดคนพิการเลย สักครั้งก็ไม่เคย แม้กระทั่งช่องจอดเลดี้ ก็ไม่ บางทีขับผ่าน มองหลัง เจอคนปกติเนี่ยจอดช่องคนพิการ ก็เฉยๆ คือจะบอกว่า ยามโบกให้จอดช่องคนพิการเอง มันก็ไม่เมคเซ้นอะ เขาวาดรูปที่พื้นขนาดนั้น สวนยามไปดิ มันอยู่ที่จิตสำนึกล้วนๆ", "date": "20-02-2019 22:17", "retweet": 0, "like": 0}, {"id": "1098237963039719426", "url": "https://twitter.com/supreeda_t/status/1098237963039719426", "username": "", "text": "จริง ขับมอไซตามทุกซอยเลยนะครับ แบบมาบ้านนี้จริงป่าว 55555", "date": "20-02-2019 22:08", "retweet": 0, "like": 1}, {"id": "1098235281407324161", "url": "https://twitter.com/supreeda_t/status/1098235281407324161", "username": "", "text": "ปกติเวลาเข้าลานจอด ชอบเปิดกระจก เผื่อกวาดสายตาหาช่องจอด ก็จะได้ยินวอที่ยามเขาคุยกัน ครั้งนึงที่สนามบินเนี่ยแหละ ยามวอบอก\"มีพอร์ช เข้ามา โบกเข้าเลย\" จำแม่นเลย พอยามเห็นว่ามีคนแอบฟังวอ ก็ยิ้มเขิลๆ แล้วเบาเสียง", "date": "20-02-2019 21:57", "retweet": 0, "like": 0}, {"id": "1098234766720040960", "url": "https://twitter.com/supreeda_t/status/1098234766720040960", "username": "", "text": "พารากอน ก็มี ตรงเนี่ยเคยเห็นรถมันจอด แต่วันเนี่ยมันมีกรวยกั้น เลยลองถามจอดได้ปะครับ เขาไม่ให้ พอดี๊ คันหลังรถเบ้นซ์ไง ยามโบกให้จอดเลยจ้า", "date": "20-02-2019 21:55", "retweet": 0, "like": 0}, {"id": "1098234497345085441", "url": "https://twitter.com/supreeda_t/status/1098234497345085441", "username": "", "text": "เรื่องรปภ ลากรถพ่วงข้าง แล้วให้รถหรูจอดอะ.... เป็นแทบทุกที่อะ ที่รถจอดเยอะ บางที่หนักหน่อย ยามปิดบางโซนเลยนะ ต้องถามเอง ยามถึงจะเปิด ที่รู้เพราะเคยถามที่สนามบิน ถามเพราะหาช่องจอดไม่มีจริงๆ พอถามยาม เอ๊ะ เปิดรั้วให้เข้าเฉย แถมจอดเสร็จก็ไม่ยอมเดินไปไหน เลยถามพี่รออะไรครับ", "date": "20-02-2019 21:54", "retweet": 1, "like": 3}, {"id": "1098209663324045312", "url": "https://twitter.com/supreeda_t/status/1098209663324045312", "username": "", "text": "จะ #Savethanathorn ก็ทำกันไป แต่หวังว่าคงไม่มีใคร ปั่นhashtag boycott ประเทศตัวเองกันอีกนาจาาาาาา", "date": "20-02-2019 20:16", "retweet": 0, "like": 1}, {"id": "1098178621229809664", "url": "https://twitter.com/supreeda_t/status/1098178621229809664", "username": "", "text": "สงสารคุณวินทร์ครับ เพราะในโพสต์ของแก แค่บอกที่มาของคำว่า Land of smile แต่โดนแฟนคลับของพรรคนั้นถล่มคอมเม้นเลย แต่แกบอก ดี จะได้ขายหนังสือได้ 55555", "date": "20-02-2019 18:12", "retweet": 1, "like": 1}, {"id": "1098172127117594624", "url": "https://twitter.com/supreeda_t/status/1098172127117594624", "username": "", "text": "เมาแล้วขับเป็นคนดี ก็มาดิค้าบ pic.twitter.com/PaIGGTUdxP", "date": "20-02-2019 17:46", "retweet": 1, "like": 0}, {"id": "1098151835305570304", "url": "https://twitter.com/supreeda_t/status/1098151835305570304", "username": "", "text": "พี่ตูน Body Fat 3% WTF", "date": "20-02-2019 16:26", "retweet": 0, "like": 0}, {"id": "1098144006343553024", "url": "https://twitter.com/supreeda_t/status/1098144006343553024", "username": "", "text": "มัสแตงสีฟ้า ดังแน่เมิง เข็นรถคนพิการออกจากช่องจอด(รถพ่วงข้าง) แล้วจอดแทน รถรุ่นนี้ สีนี้ พื้นที่นี้(น่าจะพัทยา) หาไม่ยาก", "date": "20-02-2019 15:55", "retweet": 1, "like": 0}, {"id": "1098114380305055744", "url": "https://twitter.com/supreeda_t/status/1098114380305055744", "username": "", "text": "ิฟังพรรคอนาคตใหม่ก็ก็หลายรอบละ ทำไมรู้สึกพยายามยัดเยียดวาทกรรมชนชั้นจัง ทั้งชนชั้นกลาง-รากหญ้า ล่าสุดก็คนรุ่นเก่า-คนรุ่นใหม่ อันล่าสุดนี่โบ้ยไปถึงเรื่องคนอีสาน-รัฐส่วนกลาง ฟังละโคตรdeep ทั้งที่บางอย่างไม่เกี่ยวกับสถานะอะไรเลย", "date": "20-02-2019 13:57", "retweet": 1, "like": 1}, {"id": "1098068685011312640", "url": "https://twitter.com/supreeda_t/status/1098068685011312640", "username": "", "text": "ดูของพี่สู่ขวัญ แล้วสบายใจมากครับ มีแต่คำเพราะๆ ฟังแล้วสบายหูมากกกก", "date": "20-02-2019 10:55", "retweet": 0, "like": 0}, {"id": "1098068450298097664", "url": "https://twitter.com/supreeda_t/status/1098068450298097664", "username": "", "text": "รถกระบะขายผลไม้ จอดรถตรงป้ายรถเมล์ เพราะเป็นจุดคนผ่านเยอะที่สุด ขายดีมาก จนตำรวจมาออกใบสั่ง ก็ยอมให้ล็อคล้อเลย จนดึกค่อยไปจ่ายค่าปรับ ผลคือรถติดมันทั้งวัน รถเมล์เข้ารับคนลำบาก ต้องขึ้นกลางถนน แต่... คนซื้อก็แห่ซื้อเพราะถูก คนขายก็กำไร ตำรวจก็บังคับใช้กฏหมายแล้ว", "date": "20-02-2019 10:54", "retweet": 2, "like": 0}, {"id": "1098044904570159107", "url": "https://twitter.com/supreeda_t/status/1098044904570159107", "username": "", "text": "พรรคนี้สายเผา", "date": "20-02-2019 09:21", "retweet": 0, "like": 1}, {"id": "1098037983360409600", "url": "https://twitter.com/supreeda_t/status/1098037983360409600", "username": "", "text": "ไม่จริงครับ ดูจากตอนใกล้ๆ ก็เรื่องฮาคีม ถึงขั้นบอยคอตประเทศตัวเองกันเลยทีเดียว คนรุ่นใหม่ทั้งนั้น", "date": "20-02-2019 08:53", "retweet": 0, "like": 2}, {"id": "1098033779099095041", "url": "https://twitter.com/supreeda_t/status/1098033779099095041", "username": "", "text": "เหมือนกันเลย เกลียดเพราะแฟนคลับเลย 55555", "date": "20-02-2019 08:37", "retweet": 0, "like": 0}, {"id": "1097890999559282689", "url": "https://twitter.com/supreeda_t/status/1097890999559282689", "username": "", "text": "น้องเขาคงคิดว่า อยากมีนิวเคลียร์ หาเอาตามLazadaได้มั้งครับ ถามเมกายัง ยอมให้มีมั้ย", "date": "19-02-2019 23:09", "retweet": 6, "like": 1}, {"id": "1097890075080253440", "url": "https://twitter.com/supreeda_t/status/1097890075080253440", "username": "", "text": "อันนี้ตลก คิดว่าสงครามมันมีมิติเดียวจริงๆหรอ ไม่นั้นเขาจะมีเหล่าทหารทำไมเยอะแยะๆ ปุ่มอะไรเนี่ย มันแค่1ในอาวุธเฟ้ย แล้วคิดว่าอยากมีมันจะไปมีได้เลยเหมือนซื้อในLazadaหรอ https:// twitter.com/drballban/stat us/1097876652791451648 …", "date": "19-02-2019 23:06", "retweet": 1, "like": 0}, {"id": "1097859270089953281", "url": "https://twitter.com/supreeda_t/status/1097859270089953281", "username": "", "text": "รอบนี้ปชป.มาแบบดีมาก พร้อม น่าสนใจ เสียอย่างเดียว ผู้สมัครเขตผมหน้าเดิมคนเดิมที่เคยขอให้มาซ่อมทางเท้าบอกงบหมด ให้รอปีหน้า(อย่างน้อยช่วยประสานกทม.ให้หน่อยก็ยังดี)", "date": "19-02-2019 21:03", "retweet": 14, "like": 4}, {"id": "1097858859190734848", "url": "https://twitter.com/supreeda_t/status/1097858859190734848", "username": "", "text": "นี่เห็นแซะ ข้าราชรวย=แปลก ไม่กล้าขวางเลยจ้า แฟนคลับดุกันมาก คือบรรพบุรุษเขาอาจจะรวยอยู่แล้วป่าว หรือไง ตีตรา ข้าราชการ=จน", "date": "19-02-2019 21:02", "retweet": 0, "like": 0}, {"id": "1097846458185707520", "url": "https://twitter.com/supreeda_t/status/1097846458185707520", "username": "", "text": "อายุ29 เพื่อนสนิท 2 คน(ชาย1หญิง1) ลดเร็วไปปปปปปป https:// twitter.com/ganblade/statu s/1097746771512459265 …", "date": "19-02-2019 20:12", "retweet": 0, "like": 0}, {"id": "1097841396629757952", "url": "https://twitter.com/supreeda_t/status/1097841396629757952", "username": "", "text": "เคยอ่านกระทู้พันทิป... แซะหมอภาคย์ว่า ฝึกรบพิเศษเยอะ เปลืองทรัพยากร ฝึกไปทำไม ไม่ได้รบกับใคร ตอนถ้ำหลวงปุ๊ป พร้อมออกปฏิบัติภารกิจเลยไง จะมารอฝึกก่อน หรือ กดซื้อจากShopee ตอนนั้นหรอ", "date": "19-02-2019 19:52", "retweet": 1, "like": 1}, {"id": "1097840784835923968", "url": "https://twitter.com/supreeda_t/status/1097840784835923968", "username": "", "text": "สมมตินะ เราตัดงบกลาโหมไป โอเครไม่ซื้ออาวุธใหม่เลยนะ ของเก่าทนๆไป ทั้งภาคพื้น อากาศ น้ำ วันดีคืนดี เจอเพื่อนบ้านโบ้มเข้าให้ สักดอกเดียว เราจะเอาอะไรไปสู้เขาหรอ หรือกดสั่งซื้อจากShopee ได้เลยอะไรงี้หรอ", "date": "19-02-2019 19:50", "retweet": 0, "like": 0}, {"id": "1097801599496249345", "url": "https://twitter.com/supreeda_t/status/1097801599496249345", "username": "", "text": "55555 ปชต.แบบห้ามกาพรรค พปชร. ครับ", "date": "19-02-2019 17:14", "retweet": 0, "like": 0}, {"id": "1097800043384299521", "url": "https://twitter.com/supreeda_t/status/1097800043384299521", "username": "", "text": "แล้วนี่เขาจะทุบสนามกีฬาทิ้งไปเลยหรอ เทพหัสดิน สนามวอร์ม อะไรแบบนี้ https:// twitter.com/SpringNews_TV/ status/1097798580830519296 …", "date": "19-02-2019 17:08", "retweet": 0, "like": 0}, {"id": "1097754035342389248", "url": "https://twitter.com/supreeda_t/status/1097754035342389248", "username": "", "text": "เลือกพปชร. = เลือกเผด็จการ โหวตโน = เลือกเผด็จการ ตอนนี้กระแส เลือกปชป. = เลือกเผด็จการ เริ่มมาละ คือต้องกา เพื่อไทย อนาคตใหม่ ว่างั้น คำว่าเกลียดศิลปินเพราะแฟนคลับมีอยู่จริง", "date": "19-02-2019 14:05", "retweet": 1, "like": 0}, {"id": "1097600723527716864", "url": "https://twitter.com/supreeda_t/status/1097600723527716864", "username": "", "text": "เยาวราชครับ ทำใจเลย", "date": "19-02-2019 03:56", "retweet": 0, "like": 0}, {"id": "1097520057473626112", "url": "https://twitter.com/supreeda_t/status/1097520057473626112", "username": "", "text": "บ้านหรูทำหอยนางรม ออกข่าวช่อง อมรินทร์ ละ ไวเกิ๊น", "date": "18-02-2019 22:35", "retweet": 0, "like": 0}, {"id": "1097495251298578434", "url": "https://twitter.com/supreeda_t/status/1097495251298578434", "username": "", "text": "สุดในรุ่น แจ้งเขตก่อนเลย ถ้าเขตignore แจ้งตำรวจ ให้บังคับใช้กม. พรบ.สาธารณสุข ถ้ายังไม่ไหวอีก แจ้งช่อง7 กับ อัมรินทร์(สองช่องนี้ชอบมาก ข่าวชาวบ้าน) https:// twitter.com/mungship/statu s/1097490965307088896 …", "date": "18-02-2019 20:57", "retweet": 0, "like": 0}, {"id": "1097485494340861952", "url": "https://twitter.com/supreeda_t/status/1097485494340861952", "username": "", "text": "ผลจากการสอบถาม อนาคตใหม่ตอบเร็วสุด แต่คำตอบยังงงๆนิดๆ พลังประชารัฐ บอกเด๋วมาค่ำๆมาตอบ เพราะติดเดินลงพื้นที่ ปชป เพิ่งตอบ แต่ตอบบแบบ เอิ่ม ขนาดเจ้าของพท.เดิมนะเนี่ย https:// twitter.com/supreeda_t/sta tus/1097367552378826752 …", "date": "18-02-2019 20:18", "retweet": 1, "like": 0}, {"id": "1097414135522811909", "url": "https://twitter.com/supreeda_t/status/1097414135522811909", "username": "", "text": "ของผมค่าที่จอดเดือนละ3000ครับ ปีนึง36000 จุกกันไป", "date": "18-02-2019 15:34", "retweet": 0, "like": 1}, {"id": "1097412542488489984", "url": "https://twitter.com/supreeda_t/status/1097412542488489984", "username": "", "text": "แงงงง คนบอยคอตประเทศตัวเองทำไงดี ‘มหาดไทยจิงโจ้’ โทษระบบ ‘อินเตอร์โพล’ ออสซี่ล้าสมัยทำ ‘ฮาคีม’ โดนจับ https://www. matichon.co.th/foreign/news_1 368452 … ข้อมูลจาก @มติชนออนไลน์", "date": "18-02-2019 15:28", "retweet": 1, "like": 0}, {"id": "1097376155986845697", "url": "https://twitter.com/supreeda_t/status/1097376155986845697", "username": "", "text": "ตุ๊กๆ เรียกราคาจาก ใต้ดินหัวลำโพง ไปเยาวราช \"80\" บาท รถสามล้อตรงหัวลำโพง นี่คือมิจฉาชีพของจริง สามารถเหมารวมได้เลย เรียกมาทั้งชีวิต ชาร์จโอเว่อทุกคัน https:// twitter.com/hamzterzkub/st atus/1097374599052836864 …", "date": "18-02-2019 13:03", "retweet": 1, "like": 0}, {"id": "1097367552378826752", "url": "https://twitter.com/supreeda_t/status/1097367552378826752", "username": "", "text": "หลังจากทดสอบส่ง ข้อความไปหาผู้สมัครของพรรค ในเขตตัวเอง เพื่อสอบถามนโยบายที่จะลงมาทำในพท รวมถึงปัญหาที่เจอตอนลงพื้นที่ มี3พรรค ที่ส่งไป อนาคตใหม่ พลังประชารัฐ ประชาธิปัตย์ ส่งไปตอน10.50 ตอนนี้12.30 มีแต่อนาคตใหม่ที่ตอบมา อีกสองพรรคยังไม่ได้ READ รอต่อไป", "date": "18-02-2019 12:29", "retweet": 0, "like": 0}, {"id": "1097357531792306176", "url": "https://twitter.com/supreeda_t/status/1097357531792306176", "username": "", "text": "จำได้ว่าสมัยเรียนวิชาสังคม อ่านเรื่องซาร์รัสเซียละหดหู่มาก ล้างตระกูลเลย", "date": "18-02-2019 11:49", "retweet": 2, "like": 3}, {"id": "1097350513052418048", "url": "https://twitter.com/supreeda_t/status/1097350513052418048", "username": "", "text": "เพิ่งทราบว่า คิงไกเซอร์ ก็เป็นเครือญาติกัน ถึงว่า โครงหน้ามาหน้าแบบคล้ายกันมากเลยครับ", "date": "18-02-2019 11:22", "retweet": 2, "like": 0}, {"id": "1097350038307524608", "url": "https://twitter.com/supreeda_t/status/1097350038307524608", "username": "", "text": "สนับสนุนแผงลอย เพราะแผงลอยโดนไล่จากถนนหลัก มาอยู่ในซอยเล็ก ทางผ่านบ้านตัวเอง เลยเข้าออกลำบาก + หาของกินยาก(แต่มาอยู่หน้าซอยตัวเอง ต้องง่ายกว่าเดิมดิ งงไรปะวะ) ตรรกะโคตรเห็นแก่ตัว", "date": "18-02-2019 11:20", "retweet": 0, "like": 0}, {"id": "1097329325290835969", "url": "https://twitter.com/supreeda_t/status/1097329325290835969", "username": "", "text": "ค้นพบอีกพรรคนึงแล้ว ที่เอาทางเท้าไปประเคนให้แม่ค้าแผงลอย", "date": "18-02-2019 09:57", "retweet": 0, "like": 0}, {"id": "1097325373052747777", "url": "https://twitter.com/supreeda_t/status/1097325373052747777", "username": "", "text": "อันนี้เห็นแย้งเลยนะครับ บุญทรง นี่เคสนึง หนักสุดตอน นิรโทษกรรม ทิ้งทั้งแผ่นดิน", "date": "18-02-2019 09:42", "retweet": 0, "like": 2}, {"id": "1097324824253218816", "url": "https://twitter.com/supreeda_t/status/1097324824253218816", "username": "", "text": "รูปขวาล่างสุดนี่ สุดเลยครับ มีเด็กด้วย ไม่ใส่หมวกด้วย แถมปาดหน้ารถไฟอีก เห้อ", "date": "18-02-2019 09:40", "retweet": 0, "like": 0}]