[{"id": "1099190799336562688", "url": "https://twitter.com/SuthamPhurahong/status/1099190799336562688", "username": "", "text": "คิดแบบนี้เหมือนกัน คือดูพี่มาร์คมาหลายเวที แกตอบกั๊กๆ ออกตัวแรงมากว่าไม่รวมเพื่อไทยชัวร์ แต่ถามว่าจะรวมพปชร.มั้ย ตอบได้อ้อมๆแอ้มๆ เผลอๆ ปชปอาจจะได้คะแนนมากกว่า พปชร แต่ก็ต้องหลีกให้ลุงตู่นั่งเก้าอี้นายก เพราะมีเสียง สว.หนุน", "date": "23-02-2019 13:14", "retweet": 3, "like": 0}, {"id": "1099133468221440000", "url": "https://twitter.com/SuthamPhurahong/status/1099133468221440000", "username": "", "text": "นี่ก็อีกหนึ่งด็อกเตอร์จากมหาวิทยาลัยระดับโลก ผู้เห็นผิดเป็นชอบ เห็นกงจักรเป็นดอกบัว เห็นวัวเป็นควาย เห็นความตายเป็นเรื่องล้อเล่น #เสียดายวุฒิMIT", "date": "23-02-2019 09:26", "retweet": 0, "like": 7}, {"id": "1099122766446452737", "url": "https://twitter.com/SuthamPhurahong/status/1099122766446452737", "username": "", "text": "ตั้งใจเลือกพรรคที่ชื่อเลย ขึ้นต้นด้วยคำว่าอนาคตถือว่าดี ถ้าชื่อขึ้นต้นแบบว่า รวมโน่น พลังนั่น เพื่อคนนั้น ผมไม่เอา ผมเชื่อดวง #ดวงเมืองปีนี้เป็นสีส้ม", "date": "23-02-2019 08:44", "retweet": 4, "like": 2}, {"id": "1098971769568845825", "url": "https://twitter.com/SuthamPhurahong/status/1098971769568845825", "username": "", "text": "เฉียบ! https:// twitter.com/Leeporter1967/ status/1098962247425044481 …", "date": "22-02-2019 22:44", "retweet": 0, "like": 0}, {"id": "1098961950006898688", "url": "https://twitter.com/SuthamPhurahong/status/1098961950006898688", "username": "", "text": "หมอเหรียญรู้มั้ยว่า ร.1 กับพระเจ้าตากมีเชื้อจีนทั้งคู่ แล้วตอนจบเป็นไง #สลิ่มมักเสร่อ pic.twitter.com/ExPcJeB6Fi", "date": "22-02-2019 22:05", "retweet": 0, "like": 0}, {"id": "1098957720047108096", "url": "https://twitter.com/SuthamPhurahong/status/1098957720047108096", "username": "", "text": "หลังคาเอาไว้ขี้ครับ", "date": "22-02-2019 21:48", "retweet": 0, "like": 0}, {"id": "1098954592711172096", "url": "https://twitter.com/SuthamPhurahong/status/1098954592711172096", "username": "", "text": "เรียนรด.เพราะไม่อยากวิ่งเต้นตอนจับใบดำใบแดง เรียนรด. เล่นกับเพื่อนก๊อกๆแก๊กๆ เข้าค่ายปีละหน ก็สนุกดี ดีกว่าไปเป็นคนใช้เค้าตอนโตเนาะ", "date": "22-02-2019 21:36", "retweet": 1, "like": 1}, {"id": "1098951165180403712", "url": "https://twitter.com/SuthamPhurahong/status/1098951165180403712", "username": "", "text": "รุ่นพี่มหาลัย เรียนเก่ง จบโทเมกา กลับมาเป็นสลิ่ม ทุกโพสต์ของพี่เค้าถ้าไม่อ้างอิง tnews ก็ แนวหน้า คือเป็นงงมาก ตอนนี้ก็เล่น #พ่อของฟ้า หนักหน่วง แต่กูไม่อันเฟรนด์เพราะต้องการเก็บไว้เป็นแหล่งเรียนรู้ #รู้เขารู้เรา #รบร้อยครั้งชนะ250สว", "date": "22-02-2019 21:22", "retweet": 0, "like": 0}, {"id": "1098947295792394246", "url": "https://twitter.com/SuthamPhurahong/status/1098947295792394246", "username": "", "text": "ไอ้สัด วงวารแม่งว่ะ เย็นวันศุกร์แทนที่จะได้อยู่กับครอบครัว ต้องมาทำงานหลบๆซ่อนๆ", "date": "22-02-2019 21:07", "retweet": 0, "like": 0}, {"id": "1098942334295666688", "url": "https://twitter.com/SuthamPhurahong/status/1098942334295666688", "username": "", "text": "กินเสร็จ ก็ขึ้นไปขี้บนหลังคาต่อ #ตามสันดาน", "date": "22-02-2019 20:47", "retweet": 0, "like": 0}, {"id": "1098941974390833158", "url": "https://twitter.com/SuthamPhurahong/status/1098941974390833158", "username": "", "text": "ฟอร์มสูสีมากกับ #จักร5ใบ https:// twitter.com/envi_avatar/st atus/1098938957855748098 …", "date": "22-02-2019 20:45", "retweet": 1, "like": 0}, {"id": "1098941735374282752", "url": "https://twitter.com/SuthamPhurahong/status/1098941735374282752", "username": "", "text": "จังหวะนี้ กรูไม่รู้จะด่าใครก่อนดี #จักร5ใบ หรือ #เจษฎ์ยุบพรรค ไม่รู้เรียนอะไรกันมายังไง เพ้อเจ้อกันเหลือเกินพี่จ๋า #ประเทศกูมี #เสรีรวมไทย", "date": "22-02-2019 20:45", "retweet": 0, "like": 0}, {"id": "1098939048779870209", "url": "https://twitter.com/SuthamPhurahong/status/1098939048779870209", "username": "", "text": "“ก็แล้วมันผิดตรงไหน” ฤาษีไพบูลย์ หนึ่งในปัญจวัคคีย์ ไม่ได้กล่าว", "date": "22-02-2019 20:34", "retweet": 670, "like": 86}, {"id": "1098928005274001408", "url": "https://twitter.com/SuthamPhurahong/status/1098928005274001408", "username": "", "text": "ประเทศกูมี #เสรีพิศุทธ์ ป๊าสดมาก #ไทยรัฐดีเบต", "date": "22-02-2019 19:50", "retweet": 5, "like": 0}, {"id": "1098927743574495232", "url": "https://twitter.com/SuthamPhurahong/status/1098927743574495232", "username": "", "text": "อันนี้ฮาจริง https:// twitter.com/b1_wipa/status /1098872960725573632 …", "date": "22-02-2019 19:49", "retweet": 0, "like": 0}, {"id": "1098234980730265601", "url": "https://twitter.com/SuthamPhurahong/status/1098234980730265601", "username": "", "text": "หรือข้อสอง ถ้าไม่อยากเห็นหน้าลุงแล้ว เบื่อแม่งสุดขีด ก็เลือก #เพื่อไทย #อนาคตใหม่ #เสรีรวมไทย หรือถ้าแถวบ้านมี #พรรคสามัญชน ก็เลือกเลย แค่นั้นจริงๆ ท้ายสุด ถ้าฝั่งประชาธิปไตยชนะ แล้วทหารแม่งยังปฏิวัติอีก ก็จะได้พูดได้เต็มปากว่า เราทำเต็มที่แล้ว จะได้เลิกหวังกับประเทศนี้", "date": "20-02-2019 21:56", "retweet": 0, "like": 0}, {"id": "1098234329551953920", "url": "https://twitter.com/SuthamPhurahong/status/1098234329551953920", "username": "", "text": "วินาทีนี้ เอาจริงๆนโยบายพรรคไหนก็ไม่มีความสำคัญแล้ว (จริงๆแล้วไม่ควรเป็นแบบนี้) สำหรับทุกคนที่จะออกไปใช้สิทธิ์เลือกตั้ง คุณมีสองตัวเลือกคือ ข้อแรก หากพอใจลุงตู่ อยากให้เค้านั่งต่อเลือกเค้า ก็เลือกพลังประชารัฐเลย อย่าเสียเวลาเลือก #ประชาธิปัตย์ เพราะผลลัพธ์แม่งเหมือนกัน (มีต่อ)", "date": "20-02-2019 21:54", "retweet": 0, "like": 0}, {"id": "1098058284055969792", "url": "https://twitter.com/SuthamPhurahong/status/1098058284055969792", "username": "", "text": "เจ้าของหมู่บ้านเค้าเห็นด้วย ลูกบ้านอย่างเราซื้อบ้าน จ่ายค่าส่วนกลาง แล้วอยู่ๆไปเหอะ #ไม่พอใจก็ย้ายซอยสิ https:// twitter.com/nknkks/status/ 1097452362061438976 …", "date": "20-02-2019 10:14", "retweet": 0, "like": 0}, {"id": "1098057550749036544", "url": "https://twitter.com/SuthamPhurahong/status/1098057550749036544", "username": "", "text": "ชี้รุ้งกินน้ำยังไม่ได้เลย ประเทศนี้ แม่งกลัวนิ้วกุดก้น https:// twitter.com/ima_baerbiegir l/status/1097525196955643904 …", "date": "20-02-2019 10:11", "retweet": 0, "like": 0}, {"id": "1097509137104101376", "url": "https://twitter.com/SuthamPhurahong/status/1097509137104101376", "username": "", "text": "#ดีเบทช่องไบรท์ทีวี พังตรงไมค์ไม่ดัง กับ ตรงที่มีเครื่องรางของขลังเป็นสปอนเซอร์นะ แถมยังมีทีวีไดเร็คอีก #อนาคตใหม่ ทำดี อภิสิทธิ์ก็เลียบูท ส่วนไพบูลย์เป็นผู้เป็นคนขึ้นเยอะ #ฟ้ารักช่อครับ", "date": "18-02-2019 21:52", "retweet": 2, "like": 3}, {"id": "1097505370359001093", "url": "https://twitter.com/SuthamPhurahong/status/1097505370359001093", "username": "", "text": "“เด็กเมื่อวานซืน ทะลึ่งละ” อุ๊ยๆๆๆๆๆ #หงส์มีมาเน่แต่เสรีพิศุทธ์มาแน่", "date": "18-02-2019 21:37", "retweet": 0, "like": 0}, {"id": "1097502106825584641", "url": "https://twitter.com/SuthamPhurahong/status/1097502106825584641", "username": "", "text": "#ความฝันอันสูงสุด วันนี้เพลงนี้จะมามั้ย", "date": "18-02-2019 21:24", "retweet": 0, "like": 1}, {"id": "1097501148523618304", "url": "https://twitter.com/SuthamPhurahong/status/1097501148523618304", "username": "", "text": "pic.twitter.com/hWww2U1684", "date": "18-02-2019 21:20", "retweet": 1, "like": 0}, {"id": "1097499726872629248", "url": "https://twitter.com/SuthamPhurahong/status/1097499726872629248", "username": "", "text": "ป้าแนะนำ ความฝันอันสูงสุด จบเลย Next please !!", "date": "18-02-2019 21:15", "retweet": 0, "like": 0}, {"id": "1097499432172437504", "url": "https://twitter.com/SuthamPhurahong/status/1097499432172437504", "username": "", "text": "พ่อปากสั่น เจอกลยุทธ์ของอภิสิทธิ์ ดีที่ตีตื้นกลับมาได้ทันท่วงที เออแม่งเริ่มมันละ", "date": "18-02-2019 21:13", "retweet": 0, "like": 0}, {"id": "1097491963035545600", "url": "https://twitter.com/SuthamPhurahong/status/1097491963035545600", "username": "", "text": "เอาจริงๆ กูแม่รอฟังไพบูลย์พูดเฉยเลย #หนักแผ่นดิน สรุปวันนี้แม่งจางไปเยอะ #ดีเบทช่อง20", "date": "18-02-2019 20:44", "retweet": 0, "like": 0}, {"id": "1097489818290860033", "url": "https://twitter.com/SuthamPhurahong/status/1097489818290860033", "username": "", "text": "#ฟ้ารักพ่อ แต่ #ผมรักช่อ #หนักแผ่นดิน https:// twitter.com/paxifizta/stat us/1097429866973081600 …", "date": "18-02-2019 20:35", "retweet": 1, "like": 2}, {"id": "1097467610210304000", "url": "https://twitter.com/SuthamPhurahong/status/1097467610210304000", "username": "", "text": "เชดดดดด https:// twitter.com/thaifarmer_son /status/1097403365045166080 …", "date": "18-02-2019 19:07", "retweet": 0, "like": 0}, {"id": "1097398360753942528", "url": "https://twitter.com/SuthamPhurahong/status/1097398360753942528", "username": "", "text": "ปรี๊ดดด pic.twitter.com/YoRxMeUXO8", "date": "18-02-2019 14:32", "retweet": 0, "like": 0}, {"id": "1097396559120031744", "url": "https://twitter.com/SuthamPhurahong/status/1097396559120031744", "username": "", "text": "บางทีอาจจะเป็นลุงเสรีนี่ล่ะ ที่จะเอาพวกทหาร #หนักแผ่นดิน อยู่หมัด ตอกกลับแต่ละทีหน้าสั่นเลย ฟ้าเชียร์พ่อ แต่จะขอเก็บลุงไว้ด้วยได้มั้ย #เสรีรวมไทย #อาจจะเป็นคนนี้ที่เราคอยตามหา https:// twitter.com/drballban/stat us/1097394484088778752 …", "date": "18-02-2019 14:25", "retweet": 1, "like": 1}, {"id": "1097393227269693440", "url": "https://twitter.com/SuthamPhurahong/status/1097393227269693440", "username": "", "text": "รายได้แปรตามแรงกระทำต่อผิวโลก ยิ่งน้ำหนักมาก #หนักแผ่นดิน มาก รายได้ก็ยิ่งเยอะ 555", "date": "18-02-2019 14:11", "retweet": 67, "like": 31}, {"id": "1097349414249652225", "url": "https://twitter.com/SuthamPhurahong/status/1097349414249652225", "username": "", "text": "พากย์เสียงภาษาไทยโดย #เก่ายามวิกาล pic.twitter.com/8QTeHfuvaN", "date": "18-02-2019 11:17", "retweet": 0, "like": 1}, {"id": "1097344930282844163", "url": "https://twitter.com/SuthamPhurahong/status/1097344930282844163", "username": "", "text": "แอบเลือกกันก็ว่าแย่แล้ว จะหาประวัติพวกเทวดาเทพสร้างเหล่านี้เจอที่ไหน https:// twitter.com/TonsTweetings/ status/1097063554807607296 …", "date": "18-02-2019 10:59", "retweet": 0, "like": 0}, {"id": "1097343589674172417", "url": "https://twitter.com/SuthamPhurahong/status/1097343589674172417", "username": "", "text": "แหมๆๆๆ ทหารไทย เดี๋ยวปั๊ดเลือก #เสรีรวมไทย มาบ้องหูลูกตาจ๊อด ซะดีมั้งเนี่ย #หนักแผ่นดิน pic.twitter.com/UJ0XR65VJV", "date": "18-02-2019 10:54", "retweet": 12647, "like": 1800}, {"id": "1097337648115462146", "url": "https://twitter.com/SuthamPhurahong/status/1097337648115462146", "username": "", "text": "https:// youtu.be/to7Bd6J4_40", "date": "18-02-2019 10:30", "retweet": 0, "like": 0}, {"id": "1097311573561925633", "url": "https://twitter.com/SuthamPhurahong/status/1097311573561925633", "username": "", "text": "จริงๆ แต่ละคนที่ออกมาพูดนี่ ขุดไปเรื่อยๆ จะเจอของดีทั้งนั้น อย่างตั้มนี่ ผมรู้จักคำว่าโคเคนเป็นครั้งแรกก็ตอนเค้าโดนจับนี่ล่ะ จำได้ว่าอยู่ประถม มีข่าวนักร้องโดนจับ #อนาคตหมด", "date": "18-02-2019 08:47", "retweet": 1, "like": 4}]