[{"id": "1099327933901037568", "url": "https://twitter.com/ta_owwa_n/status/1099327933901037568", "username": "", "text": "8/10 สำหรับนางฟ้าตกสวรรค์ แนะนำคนที่ชอบเสพเอฟเฟคsci fiอนิเมชั่นนิดๆ เนื้อเรื่องก็แนวอนาคตไซบอท ไม่ต้องพูดถึงเอฟเฟคcgงานอลังกาลอยู่แล้ว แต่แนะนำไม่ควรดูพากษ์ไทย!! ส่วนตัวคิดว่าพากษ์ไทยได้ไม่ค่อยอินเท่าไหร่ อาจจะได้มุขตลกบ้าง แต่สื่ออารมณ์ไม่ถึงไปนิส #AlitaBattleAngel #รีวิวหนัง pic.twitter.com/vVdEecf80T", "date": "23-02-2019 22:19", "retweet": 1, "like": 1}, {"id": "1098972025236803584", "url": "https://twitter.com/ta_owwa_n/status/1098972025236803584", "username": "", "text": "บางครั้งเวลารู้สึกเหนื่อยก็อยากไปดูพระอาทิตย์ตกบนยอดเขาสูงๆดูเสร็จแล้วก็อยากโดดลงมาตายซะไอสัสจะได้จบๆไป", "date": "22-02-2019 22:45", "retweet": 1, "like": 0}, {"id": "1098970158448574464", "url": "https://twitter.com/ta_owwa_n/status/1098970158448574464", "username": "", "text": "ชื่อแท่งไฟ : ธนาบง,อนาคตบง 55555", "date": "22-02-2019 22:37", "retweet": 0, "like": 0}, {"id": "1098150394096582657", "url": "https://twitter.com/ta_owwa_n/status/1098150394096582657", "username": "", "text": "การได้0คะแนนไม่ได้แปลว่าโง่ จัมมม!!! pic.twitter.com/0eF97wx939", "date": "20-02-2019 16:20", "retweet": 0, "like": 0}, {"id": "1098088657628553217", "url": "https://twitter.com/ta_owwa_n/status/1098088657628553217", "username": "", "text": "@1_plus_1_2 never mind", "date": "20-02-2019 12:15", "retweet": 0, "like": 0}, {"id": "1097829379604766720", "url": "https://twitter.com/ta_owwa_n/status/1097829379604766720", "username": "", "text": "อยากเล่นแท็กนี้อ่ะ #การเมืองไทยสนุกจังโว้ย 5555555 #การเมืองไทย #อนาคตใหม่ #พลังประชารัฐ #ประชาธิปัตย์ #ภูมิใจไทย #ชาติไทยพัฒนา", "date": "19-02-2019 19:04", "retweet": 0, "like": 3}, {"id": "1097384908169699328", "url": "https://twitter.com/ta_owwa_n/status/1097384908169699328", "username": "", "text": "กลั้นขำในห้องสอบ555555 จีซู๊!!! #blakpink #JisooBLACKPINK pic.twitter.com/EXvY2pePsC", "date": "18-02-2019 13:38", "retweet": 0, "like": 3}]