[{"id": "1099299367939260416", "url": "https://twitter.com/tamone580/status/1099299367939260416", "username": "", "text": "ทำเป็นเล่นไปทวิตนี้อาจมีคนแคปไปลงในไลน์กลุ่มคนแก่ที่ชอบเรื่องแน ๆ นี้ก็ได้555555 https:// twitter.com/ThailandCaptia n/status/1098953852647133185 …", "date": "23-02-2019 20:26", "retweet": 0, "like": 0}, {"id": "1099296171133067264", "url": "https://twitter.com/tamone580/status/1099296171133067264", "username": "", "text": "นี่ผมก็ว่าน้องอ้วนนะขวบกว่า ๆ กินเก่งมากแต่พออิ่มแล้วมันก็สะบัดตูดหนีไปเที่ยวสัตว์ไม่ตะกละกินจนอ้วนทุกตัวหรอก pic.twitter.com/WN5pzrNZc6", "date": "23-02-2019 20:13", "retweet": 0, "like": 0}, {"id": "1099110898088632320", "url": "https://twitter.com/tamone580/status/1099110898088632320", "username": "", "text": "เขาจะใส่ถุงให้เหรอครับ", "date": "23-02-2019 07:57", "retweet": 0, "like": 0}, {"id": "1099110054651846656", "url": "https://twitter.com/tamone580/status/1099110054651846656", "username": "", "text": "บันเทิงมาก https:// twitter.com/MaewMaoo/statu s/1098463254437711874 …", "date": "23-02-2019 07:53", "retweet": 0, "like": 0}, {"id": "1098952757002743808", "url": "https://twitter.com/tamone580/status/1098952757002743808", "username": "", "text": "กรวยสก๊อตแลนด์ไม่ใช่ของวิเศษเหมือนกรวยแจ้งฯ555 https:// twitter.com/soyoso/status/ 1098841315935178754 …", "date": "22-02-2019 21:28", "retweet": 0, "like": 0}, {"id": "1098935209200742400", "url": "https://twitter.com/tamone580/status/1098935209200742400", "username": "", "text": "A Few Good Men https:// twitter.com/AongarjK/statu s/1098410275215106048 …", "date": "22-02-2019 20:19", "retweet": 0, "like": 0}, {"id": "1098932361683656704", "url": "https://twitter.com/tamone580/status/1098932361683656704", "username": "", "text": "ร็อบบี้ คีน?", "date": "22-02-2019 20:07", "retweet": 0, "like": 0}, {"id": "1098904171074351104", "url": "https://twitter.com/tamone580/status/1098904171074351104", "username": "", "text": "นี่เป็นถึงอดีต คณบดีนิติศาสตร์ ม.สยาม นะอยากลงโทษพวกเขาจนตัวสั่นเลยล่ะสิ https:// twitter.com/Pannika_FWP/st atus/1098880120348016640 …", "date": "22-02-2019 18:15", "retweet": 0, "like": 0}, {"id": "1098790883955097602", "url": "https://twitter.com/tamone580/status/1098790883955097602", "username": "", "text": "หลัก ๆ มันไม่เยอะขนาดนั้นหรอกครับ มี ปาล์ม ยาง มัน ข้าวโพด ข้าว สินค้าเกษตรหลักเหล่านี้ต้องอุดหนุนแล้วก็ช่วยเหลือครับแต่ก็อีกแหละทุกฝ่ายก็ต้องช่วยตัวเองด้วย", "date": "22-02-2019 10:45", "retweet": 1, "like": 1}, {"id": "1098785095165435904", "url": "https://twitter.com/tamone580/status/1098785095165435904", "username": "", "text": "วันนี้จะรอดูเวทีตีแบดของ #ไทยรัฐทีวี32 ดูหลายเวทีละมันก็ดีมากนะแต่ชอบของเขามากกว่า #ไทยรัฐดีเบต", "date": "22-02-2019 10:22", "retweet": 0, "like": 0}, {"id": "1098782843465953280", "url": "https://twitter.com/tamone580/status/1098782843465953280", "username": "", "text": "starwar https:// twitter.com/KillerPress/st atus/1098727853208653824 …", "date": "22-02-2019 10:13", "retweet": 0, "like": 0}, {"id": "1098780565858205696", "url": "https://twitter.com/tamone580/status/1098780565858205696", "username": "", "text": "ใช่..แต่อาจจะเป็นการซื้อแพงไปขายถูก ขาดทุน แต่ว่าน่าจะเป็นระยะสั้น ๆ ถ้าได้อยู่ยาว ๆก็น่าจะดีขึ้นเมื่อทุกอย่างเข้าที่เข้าทาง ประชานิยม ทำให้เขาอยู่เป็นผีหลอกหลอนหลาย ๆ คนจนทุกวันนี้แหละทุกอย่างต้องมีเวลาของมัน คสช.ก็เช่นกันใช้เวลาก็มานานแล้วแต่ไม่ค่อยเห็นอะไรเป็นชิ้นเป็นอัน", "date": "22-02-2019 10:04", "retweet": 1, "like": 0}, {"id": "1098760331378155520", "url": "https://twitter.com/tamone580/status/1098760331378155520", "username": "", "text": "อิเหี้ย....กูเห็นหลายคนอ้างว่ารัฐธรรมนูญ60คนรับเยอะจะแก้ใขอะไรก็เกรงใจประชาชนบ้าง รธน.ปี50 คนรับน้อยกว่าปี60หรือไงพวกมึงถึงเออออห่อหมกไปกับการที่ประยุทธกับพวกฉีกทิ้งแล้วเขียนใหม่...เพราะอะไรวะ กูไม่เคยเห็นใครตอบกูได้สักที #เลือกตั้ง62 #คสช #รปห", "date": "22-02-2019 08:44", "retweet": 0, "like": 3}, {"id": "1098619057689907200", "url": "https://twitter.com/tamone580/status/1098619057689907200", "username": "", "text": "ส่วนมากที่ทำแบบนี้คือพวกที่นั่งกระดิกตีนอยู่บ้านจริง ๆ นั่นแหละ. ใช้เวลาเลือกคัดสรรจากสื่อฝั่งของตัวเองข้างเดียว...มองรอบด้านมากกว่านี้สักหน่อยก็ดี", "date": "21-02-2019 23:22", "retweet": 0, "like": 1}, {"id": "1098563085126627328", "url": "https://twitter.com/tamone580/status/1098563085126627328", "username": "", "text": "ให้ซื้อ ฮ.ลำเลียงติดกันชิปสัก2ฝูงคงพอได้ครับ", "date": "21-02-2019 19:40", "retweet": 0, "like": 1}, {"id": "1098525721352261632", "url": "https://twitter.com/tamone580/status/1098525721352261632", "username": "", "text": "สัญญาณ #AIS แถว ๆ อ.โพนทอง จ.ร้อยเอ็ดเป็นไรน้อถึงได้หายไปเฉยเลย", "date": "21-02-2019 17:11", "retweet": 0, "like": 0}, {"id": "1098374669168594944", "url": "https://twitter.com/tamone580/status/1098374669168594944", "username": "", "text": "ขอบคุณมากครับ ดีงามจริง ๆ", "date": "21-02-2019 07:11", "retweet": 0, "like": 2}, {"id": "1098207188441395201", "url": "https://twitter.com/tamone580/status/1098207188441395201", "username": "", "text": "บอกตรงเลยว่าทหารเกณฑ์ในเวลาสถานการณ์ปกติแบบนี้มันก็คล้าย ๆ เจ้าหน้าที่ทั่ว ๆ ไปของ กทม.นั่นแหละ ตัดต้นไม้ กวาดถนน เก็บขยะ งานรูตีนทั่วไปของทหารก็คล้าย ๆ จะเป็นแบบนั้นแหละเพียงแต่ทหารที่เกณฑ์เข้ามามีหน้าที่หลักคือ เข้าเวร ซึ่งเยอะมาก", "date": "20-02-2019 20:06", "retweet": 0, "like": 0}, {"id": "1098164355164590084", "url": "https://twitter.com/tamone580/status/1098164355164590084", "username": "", "text": "#สลิ่ม ยังมืดบอดเช่นเดิม https:// twitter.com/darkchocokiss8 6/status/1098102727186440192 …", "date": "20-02-2019 17:15", "retweet": 0, "like": 0}, {"id": "1098164015652454401", "url": "https://twitter.com/tamone580/status/1098164015652454401", "username": "", "text": "คำว่า \"แก่เพราะกินข้าว เฒ่าเพราะอยู่นาน\"ไม่ใช่พูดเล่นกัน ๆ. นะจริงมาก ๆตอนเขาบอกว่าจะลดงบกลาโหมสูงสุดถึง5หมื่นล้าน", "date": "20-02-2019 17:14", "retweet": 0, "like": 0}, {"id": "1098162621939777536", "url": "https://twitter.com/tamone580/status/1098162621939777536", "username": "", "text": "อะไรวะยังไม่ทันไร\"วิชามาร\"จากพรรคเทพทำงานแล้วหรือคือถ้าทั้ง3คนหมดสิทธิเพราะขาดคุณสมบัติจากการต้องติดคุกจากหมายศาลคืออาจจะหยุดได้3แต่หลังจากนั้นล่ะอย่าลืมนะคนไทยขี้สงสารไปหาเสียงที่ใหนเขาก็จะพูดเรื่องนี้เทียบกับคดีของ พปชรและของ พธม. แล้วคิดดูเอาเถอะ", "date": "20-02-2019 17:09", "retweet": 0, "like": 1}, {"id": "1098084620761878528", "url": "https://twitter.com/tamone580/status/1098084620761878528", "username": "", "text": "ถ้าแค่ปลูกข้าวกินก็ไม่ต้องเดือดร้อนกับเรื่อง พรบ.ข้าว หรอกนี่คือเรื่องจริงแค่รัฐบาลให้คุณค่าข้าวของชาวนาเท่ากันกับข้าวของกรมการข้าวก็พอแล้ว...ให้คุณค่ากับวิถีชีวิตของชาวบ้านเท่ากับรัฐบาลที่ที่ชาวบ้านเขาชื่นชมก็พอไม่งั้นมึงอย่าได้หวังคะแนนจากพวกเขา", "date": "20-02-2019 11:59", "retweet": 0, "like": 0}, {"id": "1098082966285082624", "url": "https://twitter.com/tamone580/status/1098082966285082624", "username": "", "text": "คือว่าอยากเห็นป้ายผู้สมัคร สส.เขต4 กาฬสินธุ์ บ้าง #พรรคอนาคตใหม่", "date": "20-02-2019 11:52", "retweet": 0, "like": 0}, {"id": "1098081820443168768", "url": "https://twitter.com/tamone580/status/1098081820443168768", "username": "", "text": "อยากนึกสงสารอะแต่ว่าทำไม่ลงเพราะคิดว่าเขาจะดีขึ้นหลังจากคุณช่อกับคุณจอมขวัญให้ประสบการณ์ไปเยอะเลยและเสียมารยาทมากในการพยายามที่จะพูดแทรกตลอด", "date": "20-02-2019 11:48", "retweet": 0, "like": 0}, {"id": "1098081009763930112", "url": "https://twitter.com/tamone580/status/1098081009763930112", "username": "", "text": "เกลียดพิธีกรนะ อือฮึ อือฮึ แล้วก็โยง อืฮึอีกแล้วก็โยง แล้วมันก็โดนตบกลางสี่แยกทุกทีแต่ก็ยังกระเสือกกระสนจะสู้เขาอยู่นั่นแหละ5555555", "date": "20-02-2019 11:44", "retweet": 1, "like": 4}, {"id": "1098080366651269121", "url": "https://twitter.com/tamone580/status/1098080366651269121", "username": "", "text": "ยอดเยี่ยม ขอบคุณมากครับ", "date": "20-02-2019 11:42", "retweet": 1, "like": 1}, {"id": "1098080138313388034", "url": "https://twitter.com/tamone580/status/1098080138313388034", "username": "", "text": "เดี๋ยว ๆ ชาวนานี่แม่ง...จริง ๆ เลยว่ะมันทำแบบนี้เลยเหรอกูจะโกรธก็ทำไม่ลงแม่งขำชิบหายเลย แหม..มึงไม่ทำป้ายไฟเลยล่ะโว้ย ปล.กุว่าป้ายนี้มันก็เก็บมาจากผู้ประท้วงหลายครั้งที่ผ่านมานั่นล่ะมั๊ง https:// twitter.com/konthaiuk/stat us/1098014995240177664 …", "date": "20-02-2019 11:41", "retweet": 0, "like": 0}, {"id": "1098079081688514560", "url": "https://twitter.com/tamone580/status/1098079081688514560", "username": "", "text": "รบกวนน้ำสะอาดให้แม่น้องด้วยนะครับแม่เขาจะได้ไม่ต้องออกไปไกล ขอบคุณครับ", "date": "20-02-2019 11:37", "retweet": 0, "like": 1}, {"id": "1098073985760149505", "url": "https://twitter.com/tamone580/status/1098073985760149505", "username": "", "text": "5555 https:// twitter.com/FahsupportTJfw p/status/1098067438988447744 …", "date": "20-02-2019 11:16", "retweet": 0, "like": 0}, {"id": "1098073269352026112", "url": "https://twitter.com/tamone580/status/1098073269352026112", "username": "", "text": "อันนี้ไอ้คนจ่ายค่าตัดชุดเอง นั่นเองแม่งเป็นทหารเกณฑ์ที่กวนตีนมากคนนึงตอนรับราขการผมก็ไปแถว ๆ ชายแดนกัมพูชากับพม่านะ(ติดตามไปหิ้วเชี่ยนหมากนาย)หลานชายผมก็ไปราชการ 3จว.ชายแดนใต้นะไม่เห็นต้องมาเถียงชาวบ้านเลยมีแต่ด่านาย(ในใจ)อย่างเดียว ตอนนี้ลาออกมานานละเกือบ20ปีแล้ว", "date": "20-02-2019 11:14", "retweet": 4, "like": 5}, {"id": "1098071746077290497", "url": "https://twitter.com/tamone580/status/1098071746077290497", "username": "", "text": "การลดจำนวนนายพลคือ การลิดรอน เขาแล้วครับทำให้เขามีปด้อย", "date": "20-02-2019 11:08", "retweet": 1, "like": 0}, {"id": "1098071492854595584", "url": "https://twitter.com/tamone580/status/1098071492854595584", "username": "", "text": "อ่านเมนชั่นเกือบร้อยแต่สุดท้ายไม่ว่าอย่างไรเท่ากับว่าคุณได้เลือกปลาหยุดแล้ว ขอแสดงความยินดีด้วย5555555 https:// twitter.com/scomma/status/ 1097827164844523521 …", "date": "20-02-2019 11:06", "retweet": 0, "like": 0}, {"id": "1097806130359590913", "url": "https://twitter.com/tamone580/status/1097806130359590913", "username": "", "text": "จะว่าไงดี..มันก็ถูกนะเพราะว่า #ดูด เอาคนที่เคยด่าเขาว่าเป็นคนใน #ระบอบทักษิณ ไปชุบตัวอื้อเลยไม่ได้กำจัดซักนิด...ตอนนั้น มึงก็ไปเลือกตั้งดิ รณรงค์ให้เขาเห็นความชั่วร้ายที่ของทักษิณสิ....แต่นี่อะไร? https:// twitter.com/vnomenon/statu s/1097543955544039424 …", "date": "19-02-2019 17:32", "retweet": 0, "like": 0}, {"id": "1097804687711989760", "url": "https://twitter.com/tamone580/status/1097804687711989760", "username": "", "text": "ครั้งล่าสุดคุณก็รู้นะว่ามันไม่จริง...ครรลองของคนที่รักความถูกต้องอย่างคุณไม่น่าพูดแบบนี้มันไม่ใช่เรืองความเลว #นักการเมือง หรือ #ประชาชน . ไม่ยอมรับหรอกมันอยู่ที่อำนาจไม่ได้อยู่กับฝั่งตนจึงต้องยึดมาเป็นของตน. เพื่ออะไรนั้นก็คงเห็นอยู่...", "date": "19-02-2019 17:26", "retweet": 1, "like": 3}, {"id": "1097801629355499520", "url": "https://twitter.com/tamone580/status/1097801629355499520", "username": "", "text": "ถูกครับเพราะผู้น้อยไม่ได้ตังค์ทอนด้วยพวกเขาก็ใช้เหมือนเดิมไป..จริง..ๆ แล้วงบกลาโหมไม่ต้องลดอะไรแค่อีกปีหน้าไม่ซื้ออาวุธเพิ่มปี64ก็จะลดเองแต่ที่มันเพิ่มมาตลอดคือตั้งแต่50ทหารแม่งซื้อเพิ่ทุกปีคิดดู10กว่าปีมาแล้วมันจะไม่เพิ่มได้ไง", "date": "19-02-2019 17:14", "retweet": 1, "like": 1}, {"id": "1097659511030992896", "url": "https://twitter.com/tamone580/status/1097659511030992896", "username": "", "text": "คนที่กล่าวหาเขาไม่ยอมอ่านแน่ ๆ https:// twitter.com/sukhontt/statu s/1096070699163168774 …", "date": "19-02-2019 07:49", "retweet": 0, "like": 0}, {"id": "1097516512707891201", "url": "https://twitter.com/tamone580/status/1097516512707891201", "username": "", "text": "โธ่..เอนก..ช่างน่างสานชิหอยเลยแม่งดิ้นเป็นใส้เดือนโดนขื้เถ้าเลย...หวังดีเหี้ยไรวะถ้าการประนามคือการหวังดีก็อยากหวังดีกับเอนกเหมือนกัน", "date": "18-02-2019 22:21", "retweet": 0, "like": 0}, {"id": "1097490871040204802", "url": "https://twitter.com/tamone580/status/1097490871040204802", "username": "", "text": "ไม่รู้สิ..อาจจะบอกว่าช่างหัวประชาชนเถอะ...ก็เป็นได้ https:// twitter.com/iSpace_thailan d/status/1097382454992617473 …", "date": "18-02-2019 20:39", "retweet": 0, "like": 0}, {"id": "1097490136323899395", "url": "https://twitter.com/tamone580/status/1097490136323899395", "username": "", "text": "ความที่อยากเอาใจนาย...ทหารไทยเอ้ยยยยย", "date": "18-02-2019 20:36", "retweet": 0, "like": 5}, {"id": "1097484606717054978", "url": "https://twitter.com/tamone580/status/1097484606717054978", "username": "", "text": "เอาที่สบายใจเลย เกาหลีใต้เงี้ย สิงคโปร์เงี้ย..ไม่นับเกาหลีเหนือด้วยล่ะได้ข่าวว่าที่นั่นมีแต่คนอยากเป็นทหารนะ https:// twitter.com/taameeee/statu s/1097444975082582017 …", "date": "18-02-2019 20:14", "retweet": 0, "like": 0}, {"id": "1097443344907681798", "url": "https://twitter.com/tamone580/status/1097443344907681798", "username": "", "text": "55555ย้อนแย้งของจริง https:// twitter.com/bluesherbet_/s tatus/1096689952509718529 …", "date": "18-02-2019 17:30", "retweet": 0, "like": 0}, {"id": "1097442287666159617", "url": "https://twitter.com/tamone580/status/1097442287666159617", "username": "", "text": "อีเหี้ยทหารยังตอบไม่ได้เลยว่าเรือดำน้ำมีความจำเป็นอะไร #เพื่อนบ้านมี . แม่งเหมือนเด็กที่เอาแต่ใจและขี้อิจฉาเด็กข้างบ้านที่เขาซื้อของเล่นใหม่", "date": "18-02-2019 17:26", "retweet": 1, "like": 1}, {"id": "1097441368094330880", "url": "https://twitter.com/tamone580/status/1097441368094330880", "username": "", "text": "ก็นี่ไงเขาถึงจะแก้ รธน.นี่แหละเขาจะให้เป็นโดยสมัครใจไม่ฝช่บังคับให้เป็นเช่นทุกวันนี้ https:// twitter.com/VoiceOnlineTH/ status/1097409284420206597 …", "date": "18-02-2019 17:23", "retweet": 0, "like": 0}, {"id": "1097440648351764480", "url": "https://twitter.com/tamone580/status/1097440648351764480", "username": "", "text": "ใครยุยงปลุกปั่นบ้าง ใครให้คนทำร้ายผู้อื่นบ้าง ใครที่ทำร้ายคนเพียงแค่ขยับกรวยเพื่อขับรถเข้าบ้านส่วนการเผาบ้านเผาเมืองนั้นศาลยกฟ้องนะครับเพราะไม่มีหลักฐานแต่มี่ยิงคนตายในวัดปทุมนั่นมีหลักฐานแต่ก็...นั่นแหละ", "date": "18-02-2019 17:20", "retweet": 0, "like": 1}, {"id": "1097439545031704576", "url": "https://twitter.com/tamone580/status/1097439545031704576", "username": "", "text": "คนที่ไม่เห็นด้วยกับพวกคุณคือคนหนักแผ่นดินหรือ? คือเหล่าคนที่ไม่เห็นด้วยกับ พธม. กปปส.และคสช.คนพวกนี้หนักแผ่นดินหรือ?ผมพูดได้ไม๊ว่า คุณกำลังใช้เนื้อเพลงนี้ยุยง ปลุกปั่นให้พวกคุณทำลายคนเห็นต่างกับคุณ", "date": "18-02-2019 17:15", "retweet": 0, "like": 3}, {"id": "1097437951678545920", "url": "https://twitter.com/tamone580/status/1097437951678545920", "username": "", "text": "จริง ๆ แล้วผมก็ดูบ่อยนะเห็นเขาถามทุกคนแบบนี้เลยคือต้องการคำตอบที่ตรงกับคำถามไม่ใช่ถามกลับให้เป็นคำตอบแบบคนฉลาดอย่างผู้บังคับการโรงเรียนฯท่านตอบและใช่คุณจอมขวัญอาจไม่เป็นกลางแต่เขามีความเป็นธรรมนะผมว่า ขออภัยที่มาตอบช้าครับ", "date": "18-02-2019 17:09", "retweet": 0, "like": 0}, {"id": "1097436504970805248", "url": "https://twitter.com/tamone580/status/1097436504970805248", "username": "", "text": "แล้วพบกันครับผมจะรอท่าน", "date": "18-02-2019 17:03", "retweet": 0, "like": 4}]