[{"id": "1099376706907865088", "url": "https://twitter.com/TangKwavy/status/1099376706907865088", "username": "", "text": "ระเบิดไปทีนึง. ช่วยได้บ้าง แต่ยังไม่หาย.", "date": "24-02-2019 01:33", "retweet": 0, "like": 0}, {"id": "1099351635111829504", "url": "https://twitter.com/TangKwavy/status/1099351635111829504", "username": "", "text": "ความรู้สึกตอนนี้คือ รู้สึกผิดกับตัวเอง รู้สึกแย่กับการที่ผิดคำพูดของตัวเอง รู้สึกว่าตอนนี้มันดาวน์มาก ไม่อยากทำอะไร พอจะเริ่มทำมันก็มีเสียงบอกว่า ทำไม่ได้ ทำไม่เป็น คิดไม่ออก เบื่อ เบื่อตัวเองที่เป็นแบบนี้อ่ะ", "date": "23-02-2019 23:53", "retweet": 0, "like": 0}, {"id": "1099344023276314624", "url": "https://twitter.com/TangKwavy/status/1099344023276314624", "username": "", "text": "แก เราเริ่มเครียดแล้วว่ะ แงง. เราไม่เคยรู้สึกว่าตัวเองขาดความรับผิดชอบขนาดนี้อ่ะ ไม่เคยเป็นคนแบบนี้เลยอ่ะ", "date": "23-02-2019 23:23", "retweet": 0, "like": 0}, {"id": "1099339916645871618", "url": "https://twitter.com/TangKwavy/status/1099339916645871618", "username": "", "text": "แท็กนี้คืออึ้งมาก #ป๊อบปองกูล", "date": "23-02-2019 23:07", "retweet": 0, "like": 0}, {"id": "1099318880554573826", "url": "https://twitter.com/TangKwavy/status/1099318880554573826", "username": "", "text": "เห้อ. ทำตัวเองอ่ะ.", "date": "23-02-2019 21:43", "retweet": 0, "like": 0}, {"id": "1099199684973715456", "url": "https://twitter.com/TangKwavy/status/1099199684973715456", "username": "", "text": "ไม่สมควร", "date": "23-02-2019 13:50", "retweet": 0, "like": 0}, {"id": "1098391272450969600", "url": "https://twitter.com/TangKwavy/status/1098391272450969600", "username": "", "text": "อิลุงนี่ทำอะไรให้ประเทศวะ นอกจากมายึดอำนาจและปกปิดความผิดฝ่ายตัวเอง งงใจ #savethanathorn https:// twitter.com/meraimakpar/st atus/1098226519342645248 …", "date": "21-02-2019 08:17", "retweet": 1, "like": 0}, {"id": "1098390036125339648", "url": "https://twitter.com/TangKwavy/status/1098390036125339648", "username": "", "text": "ประเทศนี้ไม่เท่าเทียมตั้งแต่เรื่องเสือดำแล้วดำแล้วค่ะ #Savethanatorn #Savethanathorn https:// twitter.com/suchitra0183/s tatus/1098363866679922688 …", "date": "21-02-2019 08:12", "retweet": 1, "like": 1}, {"id": "1097905161115029506", "url": "https://twitter.com/TangKwavy/status/1097905161115029506", "username": "", "text": "เห้อ จะมีแพลนเนอร์ไปทำไมอ่ะ งง ไม่เคยทำได้อย่างที่ตั้งใจไว้เลย", "date": "20-02-2019 00:06", "retweet": 0, "like": 0}, {"id": "1097902042343862272", "url": "https://twitter.com/TangKwavy/status/1097902042343862272", "username": "", "text": "บอกจารย์ไป ว่าพร๊อบไม่เสร็จ ไป๊!!", "date": "19-02-2019 23:53", "retweet": 0, "like": 0}, {"id": "1097901918926458882", "url": "https://twitter.com/TangKwavy/status/1097901918926458882", "username": "", "text": "สารภาพไปตรงๆเลยสิ กล้าปะละ", "date": "19-02-2019 23:53", "retweet": 0, "like": 0}, {"id": "1097678072784904192", "url": "https://twitter.com/TangKwavy/status/1097678072784904192", "username": "", "text": "ทำความดี ละเว้นความชั่ว ทำจิตใจให้บริสุทธิ์ #วันมาฆบูชา จิตใจบริสุทธิ์ทำยากจังเลยจ่ะพี่จ๋า", "date": "19-02-2019 09:03", "retweet": 0, "like": 0}, {"id": "1097527532738379776", "url": "https://twitter.com/TangKwavy/status/1097527532738379776", "username": "", "text": "เกลียดความตัวเล็กแล้วต้องซื้อชุดเด็กใส่ 55555", "date": "18-02-2019 23:05", "retweet": 0, "like": 0}, {"id": "1097337280048488448", "url": "https://twitter.com/TangKwavy/status/1097337280048488448", "username": "", "text": "ตลกน้อง555", "date": "18-02-2019 10:29", "retweet": 0, "like": 1}]