[{"id": "1097460249450053637", "url": "https://twitter.com/tanis2007/status/1097460249450053637", "username": "", "text": "ต้องเอาเครื่องชั่งน้ำหนักมาชั่งดูนะ ใครหนักแผ่นดินกว่ากัน??? #หนักแผ่นดิน pic.twitter.com/e4vWHIF7tC", "date": "18-02-2019 18:38", "retweet": 5, "like": 7}, {"id": "1097311653723439104", "url": "https://twitter.com/tanis2007/status/1097311653723439104", "username": "", "text": "Good Monday EP6 : คู่แข่งคือคู่ค้า ในโลกยุคใหม่ https:// youtu.be/7548es9ysrk ข้อมูลจาก @YouTube", "date": "18-02-2019 08:47", "retweet": 0, "like": 0}]