[{"id": "1099196099993075713", "url": "https://twitter.com/TANTchitpas/status/1099196099993075713", "username": "", "text": "“ประกันรายได้คนไทย ไม่ทิ้งใครไว้ข้างหลัง” ยกระดับความเป็นอยู่ภาคเกษตรกรรม แรงงาน และผู้สูงอายุ ให้มีชีวิตความเป็นอยู่ที่ดีขึ้นกว่าเดิม #ประชาชนเป็นใหญ่ประชาธิปไตยสุจริต #แก้จนสร้างคนสร้างชาติ #ประชาธิปัตย์ #เลือกตั้ง62 pic.twitter.com/8aZgL1TcmS", "date": "23-02-2019 13:35", "retweet": 63, "like": 124}, {"id": "1098822570420260864", "url": "https://twitter.com/TANTchitpas/status/1098822570420260864", "username": "", "text": "\"เราเป็นคนมีความรู้สึก อะไรที่แก้ไขได้สำหรับอนาคต ก็จะแก้ไข อยู่ตรงจุดนี้มีทั้งคนพอใจและไม่พอใจ ก็จะพยายามทำให้คนพอใจมากที่สุด และไม่พอใจให้น้อยที่สุด\" ่ส่วนหนึ่งจากบทสัมภาษณ์ สู่สนามการเลือกตั้ง การเมือง The Series #ไทยรัฐออนไลน์ ค่ะ #เลือกตั้ง62 #ประชาธิปัตย์ #Thairath pic.twitter.com/9BAn3ZyCnw", "date": "22-02-2019 12:51", "retweet": 33, "like": 90}, {"id": "1098423756098199553", "url": "https://twitter.com/TANTchitpas/status/1098423756098199553", "username": "", "text": "บรรยากาศ ณ ตลาดวงศกรและตลาดวัดเกาะ มีพี่น้องประชาชนที่มาจับจ่าย พ่อค้า แม่ค้า เข้ามามอบดอกไม้ให้กำลังใจอย่างอบอุ่น ชาวสายไหม คิดอะไรไม่ออกบอก ดร.สมชาย เวสารัชตระกูล เบอร์ 8 มุ่งมั่นพัฒนาเติมเต็มเขตสายไหมให้เจริญอย่างยั่งยืนค่ะ #แก้จนสร้างคนสร้างชาติ pic.twitter.com/1IQyAXQpuZ", "date": "21-02-2019 10:26", "retweet": 24, "like": 51}, {"id": "1098220302171959296", "url": "https://twitter.com/TANTchitpas/status/1098220302171959296", "username": "", "text": "เดินตลาดหาเสียงช่วงเช้า มักจะเจอของอร่อยๆ น่ากินทั้งนั้นเลยค่ะ ซึ่งชีวิตจริงคนกรุงเทพฯ ต้องน่าอยู่ สวย สะอาด และเป็นเมืองแห่งพื้นที่สีเขียวด้วยค่ะ #ประชาชนเป็นใหญ่ประชาธิปไตยสุจริต #แก้จนสร้างคนสร้างชาติ #ประชาธิปัตย์ #เลือกตั้ง62 pic.twitter.com/ike7YMTM0j", "date": "20-02-2019 20:58", "retweet": 28, "like": 86}, {"id": "1097817041489223680", "url": "https://twitter.com/TANTchitpas/status/1097817041489223680", "username": "", "text": "ทำบุญเวียนเทียนเนื่องในวันมาฆบูชา วันสำคัญทางพระพุทธศาสนาอีกวันหนึ่งของพุทธศาสนิกชน ณ วัดบวรนิเวศวิหาร ค่ะ pic.twitter.com/Pl5AlmNNE8", "date": "19-02-2019 18:15", "retweet": 15, "like": 69}, {"id": "1097742447923216384", "url": "https://twitter.com/TANTchitpas/status/1097742447923216384", "username": "", "text": "เช้าวันหยุด แต่เราไม่หยุดลงพื้นที่ วันนี้เดินทางมาสวนรมณีนาถ พร้อมด้วย คุณอภิสิทธิ์ เวชชาชีวะ คุณองอาจ คล้ามไพบูลย์ เพื่อช่วยผู้สมัคร พี่เจิมมาศ จึงเลิศศิริ เบอร์ 3 เขต 1 เขตพระนคร เขตป้อมปราบศัตรูพ่าย สัมพันธ์วงศ์ ดุสิต (ยกเว้นแขวงถนนนครไชยศรี) ค่ะ pic.twitter.com/enbGMSiOzk", "date": "19-02-2019 13:19", "retweet": 11, "like": 49}, {"id": "1097368177724481536", "url": "https://twitter.com/TANTchitpas/status/1097368177724481536", "username": "", "text": "สวัสดีวันจันทร์ ช่วงเช้าที่ผ่านมาตั๊นได้ไปลงพื้นที่แยกวังหินพร้อม คุณอภิสิทธิ์ เวชชาชีวะ หัวหน้าพรรค ในพื้นที่ ดร. สรรเสริญ สมะลาภา ผู้สมัคร ส.ส. เขตลาดพร้าว วังทองหลาง เบอร์ 16 ค่ะ #ประชาชนเป็นใหญ่ประชาธิปไตยสุจริต #แก้จนสร้างคนสร้างชาติ #ประชาธิปัตย์ #เลือกตั้ง62 pic.twitter.com/TAGgu1eiaG", "date": "18-02-2019 12:32", "retweet": 15, "like": 70}]