[{"id": "1099293651816001537", "url": "https://twitter.com/TChinarka/status/1099293651816001537", "username": "", "text": "ไม่ต้องใช้ความเชื่อ เพราะเป็นเรื่องที่เกิดขึ้นจริงจริง ในกทม. คนอยู่กทม.ตอนนั้นรู้จริง", "date": "23-02-2019 20:03", "retweet": 1, "like": 0}, {"id": "1099164859969617921", "url": "https://twitter.com/TChinarka/status/1099164859969617921", "username": "", "text": "คนสมัยก่อน คุยกันได้ทุกวัย ทุกความคิดเห็น ทุกอาชีพ ทุกวันนี้ แยกกันเป็น คนรุ่นเก่าคุยกับคนรุ่นใหม่ เธอสีนั้นฉันสีนี้ เธอมันคนพรรคนู้นพรรคนี้ รักคนไหนทำผิดก็ไม่เห็นว่าจะผิด ความรักบังตาจนไม่รู้ผิดถูกกันไปหมดแล้ว #รักประเทศไทย", "date": "23-02-2019 11:31", "retweet": 1, "like": 0}, {"id": "1099161820999241728", "url": "https://twitter.com/TChinarka/status/1099161820999241728", "username": "", "text": "อันธพาลบางบอนรุ่นสู่รุ่นเพ้อเจ้อ", "date": "23-02-2019 11:19", "retweet": 0, "like": 1}, {"id": "1099159655408795648", "url": "https://twitter.com/TChinarka/status/1099159655408795648", "username": "", "text": "การหาเสียงการเลือกตั้ง ก็เหมือนเสนอขายสินค้าตามตลาด ขอถามหน่อย ถ้าซื้อสินค้า(สส.)แล้วได้ของไม่ตรงที่โฆษณาไว้ ผู้บริโภค(ผู้เลือก)ต้องเคลมกับใคร?? บางพรรคหรืออีกหลายๆพรรคแค่ลงรายละเอียดสินค้า(สส.)ก็โกหกคำโตละแล้ว #เลือกตั้ง62", "date": "23-02-2019 11:10", "retweet": 0, "like": 0}, {"id": "1098931328681033728", "url": "https://twitter.com/TChinarka/status/1098931328681033728", "username": "", "text": "พวกที่บ่นขายของไม่ดีทุกวันนี้ ก็เป็นเจ้าของกิจการเองทั้งนั้นไม่ใช่หรือ ผลพวงจากรบ.ที่ผ่านๆ มาไง มีแต่เจ้าของกิจการ จะหาคนซื้อได้ไหมล่ะคะคุณ https:// twitter.com/TheMettad/stat us/1098899655125913600 …", "date": "22-02-2019 20:03", "retweet": 0, "like": 0}, {"id": "1098930296580263936", "url": "https://twitter.com/TChinarka/status/1098930296580263936", "username": "", "text": "ผู้สมัคร มหาสารคาม มีแบบนี้ด้วย คิดว่าเขาจะพัฒนาด้านไหนให้ประเทศไทย #เลือกตั้ง62 pic.twitter.com/IqvaboioOc", "date": "22-02-2019 19:59", "retweet": 0, "like": 0}, {"id": "1098236466713419780", "url": "https://twitter.com/TChinarka/status/1098236466713419780", "username": "", "text": "นกม.พรรคไหน แค่สมัครสส.ยังกล้าให้ความเท็จในประวัติ มีคนจับได้จึงแก้ ง่ายไปไหม ดูถูก อนค.FC สมควรจะเลือกเข้ามาเป็น สส.ไหม ถ้ายังเลือกคงทำเรื่องเสียให้ปทท.ได้อีกเยอะเพราะไม่มีคนเอาเรื่อง #ทดลองโกง ก็ผ่าน???", "date": "20-02-2019 22:02", "retweet": 0, "like": 0}, {"id": "1098233655187537921", "url": "https://twitter.com/TChinarka/status/1098233655187537921", "username": "", "text": "จริงค่ะ ทำเป็นแมลงหวี่แมลงวันมาเกิด แผ่เมตตาให้ไปแล้วยังไม่ยอมไปเกิดอีก ถ้าใครตอบโต้เท่ากับเพิ่มยอด fol คงได้เงินกันตรงนี้ เหมือนพวกทวิตโจมตีเฉพาะกิจ", "date": "20-02-2019 21:51", "retweet": 1, "like": 0}, {"id": "1098135504791326720", "url": "https://twitter.com/TChinarka/status/1098135504791326720", "username": "", "text": "พวกไม่รู้จักไม่ได้คุยด้วย คิดไม่เหมือนกันแล้วชอบมาระราน กวนๆนี่ ไม่ตอบนะ พวกมือใหม่รับจ้างทวิตโดยแท้ทรู ยอด fol แต่ละคนเพิ่งมา = 0-XX ไปไกลๆ ไปที่ชอบๆ อย่าเบียดเบียนซึ่งกันและกันเลย pic.twitter.com/EZbpbXoCkL", "date": "20-02-2019 15:21", "retweet": 4, "like": 3}, {"id": "1098083768877735937", "url": "https://twitter.com/TChinarka/status/1098083768877735937", "username": "", "text": "เดือนหน้าก็เลือกตั้งแล้ว กลุ่มคนอยากเลือกตั้ง แต่ยังชุมนุมไม่เลิก ถามจริง? อยากเลือกตั้งจริงๆหรืออยากหาเรื่อง จับเข้าคุก ปล่อยออกมาวันเลือกตั้งไปเลย พวกคนอยากหาเรืี่อง https:// twitter.com/thaipost/statu s/1098074153498730496 …", "date": "20-02-2019 11:55", "retweet": 0, "like": 0}, {"id": "1098080239375179777", "url": "https://twitter.com/TChinarka/status/1098080239375179777", "username": "", "text": "มีไร เกิดไรขึ้นบอลรับผิดชอบเองทุกกรณีค่ะ กล้าทำกล้ารับ ไม่มีรู้เท่าไม่ถึงการณ์นะ เพราะบอลช้อบชอบสนุกแล้วได้เงินด้วย", "date": "20-02-2019 11:41", "retweet": 0, "like": 1}, {"id": "1098079167751479297", "url": "https://twitter.com/TChinarka/status/1098079167751479297", "username": "", "text": "อันนี้เด็ดหน่อย แม่นข.ก้านยาว #เกลือจิ้มเกลือ เห็นเม้นบอกเครื่องมือดีกว่า ตร.ใช้สมองจ้าแค่ลำโพงเก่าๆ #เรารักตำรวจดีๆ https:// twitter.com/WassanaNanuam/ status/1098065378553384960 …", "date": "20-02-2019 11:37", "retweet": 0, "like": 0}, {"id": "1098045727312236545", "url": "https://twitter.com/TChinarka/status/1098045727312236545", "username": "", "text": "กระทรวงในปทท. ถูกเพิ่มในยุคทักษิณอีกหลายกระทรวง เข้าใจว่าตอบแทนเพื่อนฝูง แบ่งปันกันรับประทานปทท. ถ้าไม่วางแผนมาก่อนทำไม่ได้หรอก ตั้งแล้วจะยุบก็ยาก เจริญแต่วัตถุแต่จิตใจต่ำลง #หนักแผ่นดิน https:// th.m.wikipedia.org/wiki/%E0%B8%81 %E0%B8%A3%E0%B8%B0%E0%B8%97%E0%B8%A3%E0%B8%A7%E0%B8%87%E0%B9%83%E0%B8%99%E0%B8%9B%E0%B8%A3%E0%B8%B0%E0%B9%80%E0%B8%97%E0%B8%A8%E0%B9%84%E0%B8%97%E0%B8%A2 …", "date": "20-02-2019 09:24", "retweet": 0, "like": 0}, {"id": "1098042459416780801", "url": "https://twitter.com/TChinarka/status/1098042459416780801", "username": "", "text": "ถ้างั้น ถ้ามีอะไรเกิดขึ้นกับปทท. บอลรับผิดชอบไหวนะ", "date": "20-02-2019 09:11", "retweet": 0, "like": 1}, {"id": "1098039115801489409", "url": "https://twitter.com/TChinarka/status/1098039115801489409", "username": "", "text": "คบิปนี้หลายปีละแต่ยังใช้ได้ รักทหารไทยมากมาย ถูกกระทำยังไงก็ต้องไม่ตอบโต้ ระเบียบวินัยดี ถูกฝึกมาดี หน่วยงานอะไรที่ทำดีอยู่แล้ว ไม่สมควรไปยุ่งกะเขา เห็นทุกหน่วยงานที่นกม.เข้าไปวุ่นวายเละไปหมด ไม่ใช่เพราะนกม.เข้าไปหากินเหรอ #เรารักทหารไทย pic.twitter.com/SEPO4J19yj", "date": "20-02-2019 08:58", "retweet": 3, "like": 3}, {"id": "1097871543852384256", "url": "https://twitter.com/TChinarka/status/1097871543852384256", "username": "", "text": "ทหารช่วยปชช.+ประเทศชาติได้ทุกอย่าง คิดจะตัดงบทหารไปเพื่ออะไร จะเลื่อยขาเก้าอี้ปทท.เอาให้ล้มเลยเหรอ พวกคน #หนักแผ่นดิน", "date": "19-02-2019 21:52", "retweet": 1, "like": 4}]