[{"id": "1098281099803844609", "url": "https://twitter.com/Terence_Writing/status/1098281099803844609", "username": "", "text": "BRICS Will Not Die at #Brazil 's Hand: BRICS 2020 in #Russia - Russia's #ChelyabinskRegion Leaders Off to #China , Tap Know-How Stage Massive Size Global Meet - for 2020 #BRICS - #SCO Summit (Russia Using Also in Russia's World Expo 2025 Bid) https:// terencethecurious.wordpress.com/2019/02/16/bri cs-will-not-die-at-brazils-hand-brics-2020-in-russia-russias-chelyabinsk-region-leaders-off-to-china-tap-know-how-stage-massive-size-global-meet-for-2020-brics-sco-summit-russia-using-al/ …", "date": "21-02-2019 00:59", "retweet": 0, "like": 1}, {"id": "1098280055560560640", "url": "https://twitter.com/Terence_Writing/status/1098280055560560640", "username": "", "text": "#Venezuela ( #Maduro Face Legitimate Criticism, i.e. #HumanRights & #Democracy & Hit with #Imperialism )'s #Guaido Restoring Ties with #Israel - There You Go, #West 's #Hero , Guaido, Looks at #Planet 's Most #Evil Country for Help https:// terencethecurious.wordpress.com/2019/02/16/ven ezuela-maduro-facing-legitimate-questions-from-human-rights-to-democracy-hit-with-imperialisms-guaido-says-hes-working-to-restore-ties-with-israel-there-you-go-wests-hero-guaido/ …", "date": "21-02-2019 00:55", "retweet": 0, "like": 0}, {"id": "1098279547437338624", "url": "https://twitter.com/Terence_Writing/status/1098279547437338624", "username": "", "text": "Six More #African Countries #Ratifying & Africa's #Continental #FreeTrade Area ( #AfCFTA ) Becomes #Operational - Expected Boost Intra-African Trade ( #Market of 1.2b #People & 2.5t #GDP ) by 52% by 2022 (A Major Global #GrowthEngine Emerging) https:// terencethecurious.wordpress.com/2019/02/17/six -more-african-countries-ratifying-africas-continental-free-trade-area-afcfta-becomes-operational-expected-boost-intra-african-trade-market-of-1-2b-people-2-5t-gdp-by-52-by-2022/ …", "date": "21-02-2019 00:53", "retweet": 0, "like": 0}, {"id": "1098279146755485697", "url": "https://twitter.com/Terence_Writing/status/1098279146755485697", "username": "", "text": "#Havana Rising: the #Millennials Pushing #Cuba Forward - #Cubans are Voting for Cuba's New #Constitution (Cuba Moving Forward as #Brazil Tanks into Massive #Social & #Cultural #Divisiveness from #JairBolsonaro 's Love of #FarRight & #Fascism https:// terencethecurious.wordpress.com/2019/02/17/hav ana-rising-the-millennials-pushing-cuba-forward-cubans-globally-including-in-america-are-voting-for-cubas-new-constitution-cuba-moving-forward-as-brazil-tanks-into-massive-social-cult/ …", "date": "21-02-2019 00:52", "retweet": 0, "like": 0}, {"id": "1098278652460953600", "url": "https://twitter.com/Terence_Writing/status/1098278652460953600", "username": "", "text": "With #Planet Been in Another Period of #ArmsRace ( #Conventional ) & Now #Nuclear as Well: Several Extensive & In-Depth #Research Results Show that Increased #Military Spending has Consistently Negative Impacts on a #Country ’s #Economic #Growth https:// terencethecurious.wordpress.com/2019/02/18/wit h-planet-been-in-another-period-of-arms-race-conventional-now-nuclear-as-well-several-extensive-in-depth-research-results-show-that-increased-military-spending-has-consistently-negat/ …", "date": "21-02-2019 00:50", "retweet": 0, "like": 0}, {"id": "1098278193604128769", "url": "https://twitter.com/Terence_Writing/status/1098278193604128769", "username": "", "text": "#SoutheastAsia #Startups & #Entrepreneurship : Fresh Impetus from #Vietnam , #Singapore & #Thailand - But Thailand's About US$700 Million Plan Runs into #Military Objection with a #Bloodbath Threat https:// terencethecurious.wordpress.com/2019/02/18/sou theast-asia-startups-entrepreneurship-fresh-impetus-from-vietnam-singapore-thailand-but-thailands-about-us700-million-plan-runs-into-military-objection-with-a-bloodbath-threat/ … via @TerenceCurious", "date": "21-02-2019 00:48", "retweet": 0, "like": 0}, {"id": "1098277856570859527", "url": "https://twitter.com/Terence_Writing/status/1098277856570859527", "username": "", "text": "How #Brexit Killed #UK 's #Democracy & UK's Best Last Hope, The #LaborParty - A Second #MagnaCarta is Needed to #Free the #British #People from These New Massively Messed Up UK Times https:// terencethecurious.wordpress.com/2019/02/18/how -brexit-killed-uks-democracy-uks-best-last-hope-the-labor-party-a-second-magna-carta-is-needed-to-free-the-brits-from-these-new-massive-fucked-up-uk-times/ … via @TerenceCurious", "date": "21-02-2019 00:47", "retweet": 0, "like": 0}]