[{"id": "1098885114917015555", "url": "https://twitter.com/TerraBKK/status/1098885114917015555", "username": "", "text": "AREA ชี้ตลาดที่อยู่อาศัยลำลูกกาเหมาะกับราคากลางถึงถูก #AREA #ตลาดที่อยู่อาศัย #ศูนย์ข้อมูลวิจัยและประเมินค่าอสังหา #อสังหาริมทรัพย์ http:// bit.ly/2Si4xNh pic.twitter.com/3FNNuKVzas", "date": "22-02-2019 17:00", "retweet": 0, "like": 0}, {"id": "1098809609035440129", "url": "https://twitter.com/TerraBKK/status/1098809609035440129", "username": "", "text": "เปิดเคล็ดวิชาปั้นธุรกิจออนไลน์ให้ปัง รับปีหมูทอง #ธุรกิจออนไลน์ #ปีหมูทอง #ปั้นธุรกิจ #เทคโนโลยี http:// bit.ly/2SiZHj4 pic.twitter.com/NgauyvDs1u", "date": "22-02-2019 12:00", "retweet": 0, "like": 0}, {"id": "1098782537705345024", "url": "https://twitter.com/TerraBKK/status/1098782537705345024", "username": "", "text": "\"8 บิ๊กเนม\" โดดชิงขุมทอง 'อสมท' #อสังหา #บิ๊กเนม #อสมท #ซีพีแลนด์ http:// bit.ly/2SiYoAp pic.twitter.com/vweMXmQPP8", "date": "22-02-2019 10:12", "retweet": 0, "like": 0}, {"id": "1098411446742859777", "url": "https://twitter.com/TerraBKK/status/1098411446742859777", "username": "", "text": "‘ลาดพร้าว’ทาวน์เฮาส์-คอนโดรุ่ง #คอนโด #ตลาดอสังหา #ทาวน์เฮาส์ #ตึกสูง #ผังเมืองรวมกรุงเทพ #รถไฟฟ้า #สิ่งแวดล้อม http:// bit.ly/2Sh9C8C pic.twitter.com/D3Rpt39zZB", "date": "21-02-2019 09:37", "retweet": 1, "like": 0}, {"id": "1097797942646194179", "url": "https://twitter.com/TerraBKK/status/1097797942646194179", "username": "", "text": "ปี61 แบงก์โกยกำไร 2 แสนล.ธปท.แนะเข้มปล่อยกู้บ้าน-รถ เหตุหนี้เสียพุ่ง #สมชาย #กำไรธนาคารพาณิชย์ #หนี้เสีย #สินเชื่อ http:// bit.ly/2Eh5HFa pic.twitter.com/CvKt7DcDHd", "date": "19-02-2019 17:00", "retweet": 1, "like": 0}, {"id": "1097707346665467904", "url": "https://twitter.com/TerraBKK/status/1097707346665467904", "username": "", "text": "รายได้น้อยมีเฮการเคหะฯ เปิดจองบ้านทำสัญญาเพียง 5 พัน #รายได้น้อยมีเฮ #การเคหะฯ #นโยบายรัฐ #ร้านบ้าน http:// bit.ly/2EgVPLO pic.twitter.com/RxYAkVmzXn", "date": "19-02-2019 11:00", "retweet": 0, "like": 0}, {"id": "1097435555690770433", "url": "https://twitter.com/TerraBKK/status/1097435555690770433", "username": "", "text": "เทกระจาดคอนโดฯ 3 หมื่นยูนิต ลดราคา 30% ดอก 0% ยาว 3 ปี #คอนโดมิเนียม #LTV #สต๊อกบ้าน #ลดราคาคอนโด #ดอกเบี้ยคอนโด #บิ๊กดีเวลอปเปอร์ #ระบายสต๊อกบ้าน http:// bit.ly/2V3sqKs pic.twitter.com/fq8gK9mnAt", "date": "18-02-2019 17:00", "retweet": 0, "like": 0}, {"id": "1097360061079400449", "url": "https://twitter.com/TerraBKK/status/1097360061079400449", "username": "", "text": "เงินลงทุนโดยตรงจากต่างชาติ ( FDI ) ไหน? เข้าไทยเยอะสุด #เงินลงทุนโดยตรงจากต่างชาติ #FDI จีนลงทุนไทย #เงินลงทุนต่างชาติ #สถิติไทย http:// bit.ly/2V2riqv pic.twitter.com/1GC6vNGLV6", "date": "18-02-2019 12:00", "retweet": 0, "like": 0}, {"id": "1097331231455232000", "url": "https://twitter.com/TerraBKK/status/1097331231455232000", "username": "", "text": "บิ๊กเนมพลิกเกม! กระจายเสี่ยงรับมือดิสรัปต์-เศรษฐกิจโลก #ดิสรัปต์ #เศรษฐกิจโลก #บิ๊กเนม #ตลาดอสังหา http:// bit.ly/2V2reXN pic.twitter.com/ykfsTrd6QG", "date": "18-02-2019 10:05", "retweet": 0, "like": 0}]