[{"id": "1098168033267179520", "url": "https://twitter.com/thailand_maria/status/1098168033267179520", "username": "", "text": "ปากบอกว่ารักพระเจ้าอยู่หัว จงรักภักดีมากกกกกกกกกกกกก แต่การกระทำ ไม่เห็นจะทำตามที่พระองค์พูดบ้างเลย เหอะๆ", "date": "20-02-2019 17:30", "retweet": 0, "like": 2}, {"id": "1097460525481418752", "url": "https://twitter.com/thailand_maria/status/1097460525481418752", "username": "", "text": "โอ้ยยย แลงมากแม่!!!! หน้าตาก็เอาเรื่องมากกก ปรบมือออ #หนักแผ่นดิน #พลังประชารัฐ #เลือกตั้ง2562 pic.twitter.com/tsxQpEJhat", "date": "18-02-2019 18:39", "retweet": 116, "like": 55}]