[{"id": "1099288301607907328", "url": "https://twitter.com/ThanawatP14/status/1099288301607907328", "username": "", "text": "คนดูไลฟ์ ปราศัย กรุงเทพฯวันนี้ ทะลุ 8,000 คน #Savethanathorn #Savethanatorn #พรรคอนาคตใหม่ #ฟ้ารักพ่อและนโยบายของพ่อ pic.twitter.com/5Y3J5wYCT5", "date": "23-02-2019 19:42", "retweet": 15, "like": 15}, {"id": "1099157276416303104", "url": "https://twitter.com/ThanawatP14/status/1099157276416303104", "username": "", "text": "สื่อญี่ปุ่นรายงานว่า ธนาธรอาจเป็นม้ามืด #ฟ้ารักพ่อ #Savethanathorn #Savethanatorn #พรรคอนาคตใหม่ #ธนาธร ลิงค์ https:// twitter.com/NAR/status/109 8813096662130688?s=19 … pic.twitter.com/DXoumnGFne", "date": "23-02-2019 11:01", "retweet": 15, "like": 11}, {"id": "1099004050538823680", "url": "https://twitter.com/ThanawatP14/status/1099004050538823680", "username": "", "text": "ข้อหานี้ ไร้สาระมาก", "date": "23-02-2019 00:52", "retweet": 0, "like": 0}, {"id": "1099003787534950405", "url": "https://twitter.com/ThanawatP14/status/1099003787534950405", "username": "", "text": "สถาบันอีกแล้วววว หมดมุก", "date": "23-02-2019 00:51", "retweet": 0, "like": 0}, {"id": "1099003379710214144", "url": "https://twitter.com/ThanawatP14/status/1099003379710214144", "username": "", "text": "ข่าวมั่วมาก", "date": "23-02-2019 00:49", "retweet": 0, "like": 0}, {"id": "1099003248399200256", "url": "https://twitter.com/ThanawatP14/status/1099003248399200256", "username": "", "text": "จากประธานอุตสาหกรรม จ.นครนายกเป็น แห่งประเทศไทย สำหรับผม แค่นี้ไร้สาระมาก", "date": "23-02-2019 00:49", "retweet": 1, "like": 0}, {"id": "1099000567030894592", "url": "https://twitter.com/ThanawatP14/status/1099000567030894592", "username": "", "text": "อะไรที่ปัญญาประดิษฐ์ทำไม่ได้ #Savethanathorn #ฟ้ารักพ่อค่ะ #พรรคอนาคตใหม่ https:// twitter.com/Yo_Kanakorn/st atus/1095965892406435840 …", "date": "23-02-2019 00:38", "retweet": 3, "like": 5}, {"id": "1098125255900520449", "url": "https://twitter.com/ThanawatP14/status/1098125255900520449", "username": "", "text": "ทั้งตื้นตัน ทั้งฮา #ฟ้ารักพ่อ #ฟ้ารักช่อ #พ่อก็รักฟ้า #อนาคตใหม่ #เลือกตั้ง62 #น้ำท่วม54 pic.twitter.com/rAPjPW06mm", "date": "20-02-2019 14:40", "retweet": 243, "like": 92}, {"id": "1097914089337176064", "url": "https://twitter.com/ThanawatP14/status/1097914089337176064", "username": "", "text": "ว่าด้วยเรื่อง มหาวิทยาลัยมหาสารคาม Poll #ฟ้ารักพ่อ #พ่อขอฟ้า #ฟ้ารักพ่อเพราะนโยบายของพ่อ #ฟ้ารักพ่อค่ะ #อนาคตใหม่ pic.twitter.com/ASFzZ8Bpdr", "date": "20-02-2019 00:41", "retweet": 32, "like": 22}, {"id": "1097473297120342017", "url": "https://twitter.com/ThanawatP14/status/1097473297120342017", "username": "", "text": "เจอมาเหมือนกันครับ BTS อารีย์ pic.twitter.com/HoLJJDnToh", "date": "18-02-2019 19:29", "retweet": 0, "like": 0}]