[{"id": "1098982540025556992", "url": "https://twitter.com/The_jibberry/status/1098982540025556992", "username": "", "text": "เลือกตั้งรอบนี้นี่มัน concept common enermy ชัดๆ ลุง TU เหนื่อยหน่อยนะคะ ที่เหลือเค้าจับมือกันแน่นเลย ข้อดีของลุงคือสร้างความสามัคคีในหมู่นักการเมืองว่ะ นี่ #ทีมจอมขวัญ มากกกก ดีเบทช่องไหนก็ไม่มันส์เท่า #ไทยรัฐเลือกตั้ง62 จริงๆ #ยกป้ายไฟ", "date": "22-02-2019 23:27", "retweet": 8, "like": 10}, {"id": "1098758454661984257", "url": "https://twitter.com/The_jibberry/status/1098758454661984257", "username": "", "text": "การเมืองแบบสาดโคลน เอาอำนาจในมือมาใช้ทำลายคู่แข่งนี่คือชายชาติทหาร? เลิกเหอะ มันแย่ มันแสดงถึงความไม่มั่นใจ กลัวอะไรกัน มั่นๆหน่อย เขียนกติกามาเบอร์นี้แล้ว คนที่โดนเตะก็สู้ๆนะ โลกสมัยนี้ไม่ได้มืดมนปิดหูปิดตาเหมือนเมื่อก่อน คุณไม่ได้สู้ลำพัง มีคนสู้ข้างๆเพียบ #เลือกตั้ง62 pic.twitter.com/tMYXSvvKwD", "date": "22-02-2019 08:36", "retweet": 0, "like": 0}, {"id": "1098486335633973249", "url": "https://twitter.com/The_jibberry/status/1098486335633973249", "username": "", "text": "นักล่าฟันไม่เข้าสละชีพเพื่อ....กระดาษชำระในห้องน้ำออฟฟิศ #รู้เลยว่าแอบไถทวิตตอนเข้าส้วม", "date": "21-02-2019 14:35", "retweet": 0, "like": 0}, {"id": "1098063888057159680", "url": "https://twitter.com/The_jibberry/status/1098063888057159680", "username": "", "text": "เป็น issue ที่ controversial มากกับสังคมไทยที่ความเท่าเทียมทางเพศคือภาพลวงตา อยากให้มีพรรคเก่าแก่ พรรคพระพุทธเจ้า กับพรรคสนับสนุนทหารมาแสดงมุมมองด้วยอะ #ประชาธิปัตย์ #พลังประชารัฐ #ประชาชนปฏิรูป ไม่มาเหรอ #เลือกตั้ง62 #ไทยรัฐเลือกตั้ง62 https:// twitter.com/thairath_news/ status/1098046129025908736 …", "date": "20-02-2019 10:36", "retweet": 0, "like": 0}, {"id": "1098045232195592193", "url": "https://twitter.com/The_jibberry/status/1098045232195592193", "username": "", "text": "สิ่งที่ดีที่สุดที่เห็นจากการเลือกตั้งครั้งนี้ คือได้เห็นคนรุ่นใหม่จากหลายๆพรรคกล้าออกมาแสดงจุดยืนในสิ่งที่เราเองได้แต่บ่นแต่ไม่คิดจะทำอะไรเพื่อเปลี่ยนแปลงมัน จะทำได้หรือจะได้ทำมากน้อยก็เป็นเรื่องนึง แต่ก็พอได้เห็นอนาคตที่ดีของการเมืองไทยบ้างแล้ว :) #ไทยรัฐเลือกตั้ง62", "date": "20-02-2019 09:22", "retweet": 2, "like": 5}, {"id": "1097861454894530561", "url": "https://twitter.com/The_jibberry/status/1097861454894530561", "username": "", "text": "", "date": "19-02-2019 21:12", "retweet": 0, "like": 0}, {"id": "1097401354597806080", "url": "https://twitter.com/The_jibberry/status/1097401354597806080", "username": "", "text": "ผู้ใหญ่ทั้งหลาย อย่าดูถูกสติปัญญาความคิดอ่านของคนรุ่นใหม่เลยเห็นออกมาเทศนากันวุ่นวาย ให้เค้าเลือกเองเถอะ เพราะคนที่จะอยู่กับประเทศนี้นานกว่าเราก็คือพวกเค้า นี่เลือกตั้งมาหลายรอบละยังรำคาญแทนเด็กเลย จะลำไยอะไรนักหนา เสียงทุกคนดังเท่ากันนะ #เคารพสิทธิ เค้าหน่อย #เลือกตั้งปี62", "date": "18-02-2019 14:44", "retweet": 2, "like": 3}, {"id": "1097378344260104192", "url": "https://twitter.com/The_jibberry/status/1097378344260104192", "username": "", "text": "มันไม่มีหรอกเนอะ คนที่พอวันนึงได้เถลิงอำนาจ แล้วจะไม่เปลี่ยนไป วัวลืมตีนนี่เห็นกันทุกยุคทุกสมัย ก่อนจะว่าคนอื่น มองย้อนดูตัวเองมั้ย ว่าทำหน้าที่ตามที่ปฏิญาณไว้กับแผ่นดินได้ดีรึยัง หรือว่ากระสัน อยากจะทำอย่างอื่นที่ไม่ใช่หน้าที่ตน #หนักแผ่นดิน", "date": "18-02-2019 13:12", "retweet": 2, "like": 0}]