[{"id": "1099362558140502016", "url": "https://twitter.com/Thepparith/status/1099362558140502016", "username": "", "text": "อะไร", "date": "24-02-2019 00:37", "retweet": 0, "like": 0}, {"id": "1099362500594753537", "url": "https://twitter.com/Thepparith/status/1099362500594753537", "username": "", "text": "No Corner for Hudderfield today #nufc", "date": "24-02-2019 00:36", "retweet": 0, "like": 0}, {"id": "1099352640213770240", "url": "https://twitter.com/Thepparith/status/1099352640213770240", "username": "", "text": "ยังไม่ปลอดภัย", "date": "23-02-2019 23:57", "retweet": 0, "like": 0}, {"id": "1099351483336683520", "url": "https://twitter.com/Thepparith/status/1099351483336683520", "username": "", "text": "ยังลุ้นอยู่", "date": "23-02-2019 23:53", "retweet": 0, "like": 0}, {"id": "1099351421852348416", "url": "https://twitter.com/Thepparith/status/1099351421852348416", "username": "", "text": "[FT] Newcastle United 2 - 0 Hudderfield Town #nufc", "date": "23-02-2019 23:52", "retweet": 1, "like": 0}, {"id": "1099218983079694336", "url": "https://twitter.com/Thepparith/status/1099218983079694336", "username": "", "text": "น่าจะไม่นับนะครับ ฮ่าๆ", "date": "23-02-2019 15:06", "retweet": 0, "like": 0}, {"id": "1099218088380100608", "url": "https://twitter.com/Thepparith/status/1099218088380100608", "username": "", "text": "กำลังฮิต 55", "date": "23-02-2019 15:03", "retweet": 0, "like": 0}, {"id": "1099199426407485441", "url": "https://twitter.com/Thepparith/status/1099199426407485441", "username": "", "text": "เธอดูกากหมูนั่นสิ ผลิตโดย เจ้าของทวีต จำนวน 1 ทวีต ตามวันเวลาที่ปรากฏ ที่ส่งมาในครั้งนี้ pic.twitter.com/I3qM5kpGLd", "date": "23-02-2019 13:49", "retweet": 6, "like": 9}, {"id": "1099195642549743617", "url": "https://twitter.com/Thepparith/status/1099195642549743617", "username": "", "text": "อ.ปวิน ด่าคนที่จะเลือกพรรคอนาคตใหม่ เพราะเกลียดแก งงว่ามันต่างจากที่แกโพสต์ว่าจะเลือกประชาธิปัตย์ เพราะเกลียดอนาคตใหม่ ตรงไหน?", "date": "23-02-2019 13:33", "retweet": 14, "like": 5}, {"id": "1099061252003815424", "url": "https://twitter.com/Thepparith/status/1099061252003815424", "username": "", "text": "Great 2 results tonight for #nufc", "date": "23-02-2019 04:39", "retweet": 0, "like": 0}, {"id": "1098977944175689728", "url": "https://twitter.com/Thepparith/status/1098977944175689728", "username": "", "text": "55555+ ลบแทบไม่ทัน", "date": "22-02-2019 23:08", "retweet": 0, "like": 0}, {"id": "1098963733806600192", "url": "https://twitter.com/Thepparith/status/1098963733806600192", "username": "", "text": "พรรคไหนเข้ามาเพื่อแก้รัฐธรรมนูญทั้งฉบับ เลือกพรรคนั้น", "date": "22-02-2019 22:12", "retweet": 206, "like": 71}, {"id": "1098868828811886593", "url": "https://twitter.com/Thepparith/status/1098868828811886593", "username": "", "text": "บ่ายมีข่าวอะไร SET +10 เลย", "date": "22-02-2019 15:55", "retweet": 2, "like": 0}, {"id": "1098843730541391872", "url": "https://twitter.com/Thepparith/status/1098843730541391872", "username": "", "text": "อยากเป่านกหวีดขึ้นมาทันที https:// twitter.com/Stop_Dadjarit/ status/1098838413531176960 …", "date": "22-02-2019 14:15", "retweet": 5, "like": 1}, {"id": "1098843197600542720", "url": "https://twitter.com/Thepparith/status/1098843197600542720", "username": "", "text": "คะแนนเกิน 100 นี่คือยังไง สเค้าท์เตอร์ระเบิดงี้", "date": "22-02-2019 14:13", "retweet": 0, "like": 1}, {"id": "1098833304193617920", "url": "https://twitter.com/Thepparith/status/1098833304193617920", "username": "", "text": "55555555", "date": "22-02-2019 13:34", "retweet": 0, "like": 0}, {"id": "1098802310396895232", "url": "https://twitter.com/Thepparith/status/1098802310396895232", "username": "", "text": "เค้าไม่ได้ห้ามซื้อนิ https:// twitter.com/BrightTV20/sta tus/1098798018969579520 …", "date": "22-02-2019 11:31", "retweet": 0, "like": 0}, {"id": "1098790226762260481", "url": "https://twitter.com/Thepparith/status/1098790226762260481", "username": "", "text": "Final Fantasy ก็เป็นเหมือนการวัดดวงสุดท้ายเหมือนกัน แต่ดันพีค https:// twitter.com/Silvy_Gallery/ status/1098787829981732867 …", "date": "22-02-2019 10:42", "retweet": 0, "like": 1}, {"id": "1098776386896949248", "url": "https://twitter.com/Thepparith/status/1098776386896949248", "username": "", "text": "ฮาตรงไปตบแก้มราฟา แปะๆ นี่แหละ #nufc https:// twitter.com/NUFC/status/10 98583292427857920 …", "date": "22-02-2019 09:47", "retweet": 1, "like": 0}, {"id": "1098549551818919936", "url": "https://twitter.com/Thepparith/status/1098549551818919936", "username": "", "text": "ครับ https:// twitter.com/TatthepTV/stat us/1098549111463174144 …", "date": "21-02-2019 18:46", "retweet": 0, "like": 0}, {"id": "1098514586980892672", "url": "https://twitter.com/Thepparith/status/1098514586980892672", "username": "", "text": "ไม่ได้ตามเลยครับ", "date": "21-02-2019 16:27", "retweet": 0, "like": 1}, {"id": "1098511620710424576", "url": "https://twitter.com/Thepparith/status/1098511620710424576", "username": "", "text": "ทำไม $ tkn เถ้าแก่น้อย ลบตั้ง 11%", "date": "21-02-2019 16:15", "retweet": 3, "like": 1}, {"id": "1098509347976491008", "url": "https://twitter.com/Thepparith/status/1098509347976491008", "username": "", "text": "ใช่เลย คนเลว ที่คิดว่าตัวเองเป็น คนดี https:// twitter.com/MatichonOnline /status/1098508067442896896 …", "date": "21-02-2019 16:06", "retweet": 7, "like": 0}, {"id": "1098509093851951105", "url": "https://twitter.com/Thepparith/status/1098509093851951105", "username": "", "text": "#Room39วงแตก #ลาก่อย", "date": "21-02-2019 16:05", "retweet": 2, "like": 1}, {"id": "1098495176907968512", "url": "https://twitter.com/Thepparith/status/1098495176907968512", "username": "", "text": "ปีนี้ยื่นภาษีวันเสาร์ 16 กุมภา วันนี้ 21 กุมภา ได้เงินคืนละ เร็วมวั่ก", "date": "21-02-2019 15:10", "retweet": 1, "like": 0}, {"id": "1098417232420327424", "url": "https://twitter.com/Thepparith/status/1098417232420327424", "username": "", "text": "รอรอบกันยา ตุลาครับ มาแน่ 555", "date": "21-02-2019 10:00", "retweet": 0, "like": 0}, {"id": "1098241268927193089", "url": "https://twitter.com/Thepparith/status/1098241268927193089", "username": "", "text": "เลยอยากรู้เลย", "date": "20-02-2019 22:21", "retweet": 0, "like": 0}, {"id": "1098216523435364354", "url": "https://twitter.com/Thepparith/status/1098216523435364354", "username": "", "text": "โอ๊ะ ของใหม่ ใช้ได้ เหมือนเอาซูกัสสีชมพูใส่ Pepsi Max ลงไปเม็ดนึง pic.twitter.com/ujnEmKTboh", "date": "20-02-2019 20:43", "retweet": 5, "like": 1}, {"id": "1098196902955241472", "url": "https://twitter.com/Thepparith/status/1098196902955241472", "username": "", "text": "กรรมมาเป็นระยะๆ https:// twitter.com/Anyamin_nna/st atus/1098188737173872640 …", "date": "20-02-2019 19:25", "retweet": 2, "like": 0}, {"id": "1098188173371265029", "url": "https://twitter.com/Thepparith/status/1098188173371265029", "username": "", "text": "PostToday #ลาก่อย", "date": "20-02-2019 18:50", "retweet": 0, "like": 0}, {"id": "1098140853975969793", "url": "https://twitter.com/Thepparith/status/1098140853975969793", "username": "", "text": "กักขังฉันเถิด กักขังไป~ #SaveThanathorn", "date": "20-02-2019 15:42", "retweet": 0, "like": 0}, {"id": "1098137960342380545", "url": "https://twitter.com/Thepparith/status/1098137960342380545", "username": "", "text": "คสช. มึงจะยุบทุกพรรค เหลือแต่พวกมึงไม่ได้นะ", "date": "20-02-2019 15:31", "retweet": 22, "like": 5}, {"id": "1098137833217286146", "url": "https://twitter.com/Thepparith/status/1098137833217286146", "username": "", "text": "ขอบคุณครับ", "date": "20-02-2019 15:30", "retweet": 0, "like": 0}, {"id": "1098137748299366400", "url": "https://twitter.com/Thepparith/status/1098137748299366400", "username": "", "text": "ขอบคุณครับ", "date": "20-02-2019 15:30", "retweet": 0, "like": 0}, {"id": "1098137069665189888", "url": "https://twitter.com/Thepparith/status/1098137069665189888", "username": "", "text": "#savethanathorn คืออะไร?", "date": "20-02-2019 15:27", "retweet": 3, "like": 2}, {"id": "1098041258952450048", "url": "https://twitter.com/Thepparith/status/1098041258952450048", "username": "", "text": "เลย์ก็เอากะเค้าด้วย pic.twitter.com/gxRrUwywfg", "date": "20-02-2019 09:06", "retweet": 2, "like": 2}, {"id": "1098037463983972354", "url": "https://twitter.com/Thepparith/status/1098037463983972354", "username": "", "text": "ป้ายแผนที่ MRT แบบใหม่ ดีกว่าเดิมเยอะ pic.twitter.com/ZQ0rQPAw4n", "date": "20-02-2019 08:51", "retweet": 155, "like": 40}, {"id": "1097860720509632512", "url": "https://twitter.com/Thepparith/status/1097860720509632512", "username": "", "text": "จอมขวัญ ไปเชิญใครมาวะเนี่ย #ถามตรงๆ", "date": "19-02-2019 21:09", "retweet": 1, "like": 3}, {"id": "1097841988135641088", "url": "https://twitter.com/Thepparith/status/1097841988135641088", "username": "", "text": "ไม่ขาย ไม่ใช่ปัญหา ถ้ารู้จักวางแผน.. ไม่ได้แดกกูหรอก pic.twitter.com/3SfKd1b2X1", "date": "19-02-2019 19:55", "retweet": 1, "like": 4}, {"id": "1097834104052039680", "url": "https://twitter.com/Thepparith/status/1097834104052039680", "username": "", "text": "Baked Potatoes pic.twitter.com/qk3FslFshV", "date": "19-02-2019 19:23", "retweet": 0, "like": 0}, {"id": "1097832553103257600", "url": "https://twitter.com/Thepparith/status/1097832553103257600", "username": "", "text": "ไม่ยากครับ เก็บเงินแค่เดือนละหมื่น ซัก 3 หมื่นกว่าปี ก็ได้ละครับพี่", "date": "19-02-2019 19:17", "retweet": 0, "like": 0}, {"id": "1097773763674832897", "url": "https://twitter.com/Thepparith/status/1097773763674832897", "username": "", "text": "อยากมีเงิน 4 พันล้าน บ้าง", "date": "19-02-2019 15:23", "retweet": 2, "like": 1}, {"id": "1097750516866592768", "url": "https://twitter.com/Thepparith/status/1097750516866592768", "username": "", "text": "ยังจะไปแดกมันอี๊กกก https:// twitter.com/ceoYangHyunSuc k/status/1097699608015327232 …", "date": "19-02-2019 13:51", "retweet": 1, "like": 1}, {"id": "1097523859408838657", "url": "https://twitter.com/Thepparith/status/1097523859408838657", "username": "", "text": "55555555555555555555 https:// twitter.com/Thairath_News/ status/1097480181332099075 …", "date": "18-02-2019 22:50", "retweet": 0, "like": 0}, {"id": "1097507981522923520", "url": "https://twitter.com/Thepparith/status/1097507981522923520", "username": "", "text": "มาจริง!! โอ้ว นั่นมันบักแตงโมววววว #theVoiceTH", "date": "18-02-2019 21:47", "retweet": 1, "like": 0}, {"id": "1097499963708235777", "url": "https://twitter.com/Thepparith/status/1097499963708235777", "username": "", "text": "กูเปลี่ยนไปดู #theVoiceTH ดีกว่า", "date": "18-02-2019 21:15", "retweet": 4, "like": 1}, {"id": "1097499769730097152", "url": "https://twitter.com/Thepparith/status/1097499769730097152", "username": "", "text": "ช่อง bright อะ ไม่รู้จักเหมือนกันครับ", "date": "18-02-2019 21:15", "retweet": 1, "like": 1}, {"id": "1097498433131143169", "url": "https://twitter.com/Thepparith/status/1097498433131143169", "username": "", "text": "พิธีกรเอาไม่อยู่จ้า", "date": "18-02-2019 21:09", "retweet": 0, "like": 0}, {"id": "1097495058146721802", "url": "https://twitter.com/Thepparith/status/1097495058146721802", "username": "", "text": "ขึ้นว่า Premier น่าจะไม่สดนะครับ pic.twitter.com/htQy3lNNL1", "date": "18-02-2019 20:56", "retweet": 1, "like": 0}, {"id": "1097494198566105088", "url": "https://twitter.com/Thepparith/status/1097494198566105088", "username": "", "text": "สดนะ ขึ้น Live", "date": "18-02-2019 20:53", "retweet": 0, "like": 0}, {"id": "1097494019838373894", "url": "https://twitter.com/Thepparith/status/1097494019838373894", "username": "", "text": "นี่ยอมไม่ดู #theVoiceTH เลยทีเดียว #BRIGHTTV20", "date": "18-02-2019 20:52", "retweet": 3, "like": 0}, {"id": "1097493597350387713", "url": "https://twitter.com/Thepparith/status/1097493597350387713", "username": "", "text": "โอเคร ขอบคุณคร๊าบ", "date": "18-02-2019 20:50", "retweet": 0, "like": 0}, {"id": "1097493285214375936", "url": "https://twitter.com/Thepparith/status/1097493285214375936", "username": "", "text": "จบยังครับ", "date": "18-02-2019 20:49", "retweet": 0, "like": 0}, {"id": "1097488221083033600", "url": "https://twitter.com/Thepparith/status/1097488221083033600", "username": "", "text": "ยังดีที่อยู่ฝั่งนี้", "date": "18-02-2019 20:29", "retweet": 0, "like": 0}, {"id": "1097487000221806597", "url": "https://twitter.com/Thepparith/status/1097487000221806597", "username": "", "text": "อย่างเรา ต้องสายแท๊งค์ เลือกเสรีรวมไทยแน่นอน", "date": "18-02-2019 20:24", "retweet": 4, "like": 3}, {"id": "1097486296111407104", "url": "https://twitter.com/Thepparith/status/1097486296111407104", "username": "", "text": "สนใจเรื่อง 4000 ล้าน ไม่มีใครทำอะไรบ้างเหรอ", "date": "18-02-2019 20:21", "retweet": 0, "like": 0}, {"id": "1097485799996575745", "url": "https://twitter.com/Thepparith/status/1097485799996575745", "username": "", "text": "อ.ปวิน แลงงงงงง", "date": "18-02-2019 20:19", "retweet": 0, "like": 0}, {"id": "1097485433733242881", "url": "https://twitter.com/Thepparith/status/1097485433733242881", "username": "", "text": "ถ้าได้รับไฟเขียวอะนะ พี่ว่า", "date": "18-02-2019 20:18", "retweet": 0, "like": 0}, {"id": "1097483525043830786", "url": "https://twitter.com/Thepparith/status/1097483525043830786", "username": "", "text": "ผมเชื่อว่า รัฐบาลใหม่ ถ้าฝ่ายประชาธิปไตยได้ คงมีแผนต่อต้านการรัฐประหารเตรียมไว้แล้ว", "date": "18-02-2019 20:10", "retweet": 3, "like": 0}, {"id": "1097482053736517632", "url": "https://twitter.com/Thepparith/status/1097482053736517632", "username": "", "text": "สุกรี แม่ง.. https:// twitter.com/sugree/status/ 12500241981 …", "date": "18-02-2019 20:04", "retweet": 2, "like": 0}, {"id": "1097462067827601409", "url": "https://twitter.com/Thepparith/status/1097462067827601409", "username": "", "text": "มันเอาแน่ครับ", "date": "18-02-2019 18:45", "retweet": 0, "like": 0}, {"id": "1097457785355161600", "url": "https://twitter.com/Thepparith/status/1097457785355161600", "username": "", "text": "อยู่ดีๆ ก็ #หนักแผ่นดิน เฉยเลย", "date": "18-02-2019 18:28", "retweet": 0, "like": 0}, {"id": "1097446892873515011", "url": "https://twitter.com/Thepparith/status/1097446892873515011", "username": "", "text": "เปิดเพลงหาพ่อเธอหรือ", "date": "18-02-2019 17:45", "retweet": 0, "like": 0}, {"id": "1097434983084355585", "url": "https://twitter.com/Thepparith/status/1097434983084355585", "username": "", "text": "รำ", "date": "18-02-2019 16:57", "retweet": 0, "like": 0}, {"id": "1097431088236904448", "url": "https://twitter.com/Thepparith/status/1097431088236904448", "username": "", "text": "ดูมาตรฐานความเร็ว กกต หน่อย https:// twitter.com/thestandardth/ status/1097425972930871296 …", "date": "18-02-2019 16:42", "retweet": 0, "like": 0}, {"id": "1097430793918369793", "url": "https://twitter.com/Thepparith/status/1097430793918369793", "username": "", "text": "เพลงกระหึ่ม? หึ เสียงด่ากระหึ่ม https:// twitter.com/matichonweekly /status/1097420950323097600 …", "date": "18-02-2019 16:41", "retweet": 0, "like": 0}, {"id": "1097430212470403074", "url": "https://twitter.com/Thepparith/status/1097430212470403074", "username": "", "text": "TOPS!! https:// twitter.com/topsthailand/s tatus/1097423371157958658 …", "date": "18-02-2019 16:38", "retweet": 2, "like": 1}, {"id": "1097429994836357121", "url": "https://twitter.com/Thepparith/status/1097429994836357121", "username": "", "text": "555+", "date": "18-02-2019 16:37", "retweet": 0, "like": 0}, {"id": "1097428640856338433", "url": "https://twitter.com/Thepparith/status/1097428640856338433", "username": "", "text": "555 เอ้า เพลงมา!", "date": "18-02-2019 16:32", "retweet": 0, "like": 0}, {"id": "1097427086837374981", "url": "https://twitter.com/Thepparith/status/1097427086837374981", "username": "", "text": "ถึงตรงนี้แล้ว อยากเห็นจุดนั้นแล้วอะ เอาให้สุด https:// twitter.com/matichonweekly /status/1097420950323097600 …", "date": "18-02-2019 16:26", "retweet": 10, "like": 3}, {"id": "1097426956008620032", "url": "https://twitter.com/Thepparith/status/1097426956008620032", "username": "", "text": "เอ้า หวัดดีครับ 55", "date": "18-02-2019 16:25", "retweet": 0, "like": 0}, {"id": "1097407075812921345", "url": "https://twitter.com/Thepparith/status/1097407075812921345", "username": "", "text": "เฉียบ!! https:// twitter.com/thematterco/st atus/1097369488406659072 …", "date": "18-02-2019 15:06", "retweet": 3, "like": 0}, {"id": "1097395295837540352", "url": "https://twitter.com/Thepparith/status/1097395295837540352", "username": "", "text": "ป่านนี้ เค้าเตรียมทีมไว้แล้วล่ะมั๊ง #หนักแผ่นดิน", "date": "18-02-2019 14:20", "retweet": 2, "like": 0}, {"id": "1097348114652979200", "url": "https://twitter.com/Thepparith/status/1097348114652979200", "username": "", "text": "ถ้าไม่ปลด ก็เตรียมโดนเลย รอสมน้ำหน้า https:// twitter.com/Thepparith/sta tus/1097347277440466944 …", "date": "18-02-2019 11:12", "retweet": 1, "like": 0}, {"id": "1097347277440466944", "url": "https://twitter.com/Thepparith/status/1097347277440466944", "username": "", "text": "#หนักแผ่นดิน ถ้าพรรคประชาธิไตยชนะเข้าไป สิ่งแรกที่ควรทำคือ สั่งปลด", "date": "18-02-2019 11:09", "retweet": 168, "like": 55}, {"id": "1097344775903096834", "url": "https://twitter.com/Thepparith/status/1097344775903096834", "username": "", "text": "หนักแผ่นดิน https:// twitter.com/SpringNews_TV/ status/1097335322105372672 …", "date": "18-02-2019 10:59", "retweet": 0, "like": 0}, {"id": "1097343648927145985", "url": "https://twitter.com/Thepparith/status/1097343648927145985", "username": "", "text": "ใครกันแน่ #หนักแผ่นดิน", "date": "18-02-2019 10:54", "retweet": 5, "like": 2}, {"id": "1097343298996396033", "url": "https://twitter.com/Thepparith/status/1097343298996396033", "username": "", "text": "ลอง ผบ.ทบ. ได้พูดว่า หนักแผ่นดิน แล้วละก็ รับรองการ แอ่น แอน แอ๊น ไปกว่า 70% แล้ว", "date": "18-02-2019 10:53", "retweet": 69, "like": 13}]