[{"id": "1098132871041040384", "url": "https://twitter.com/thoe_the/status/1098132871041040384", "username": "", "text": "หมากเกมส์นี้ ฉันก็รู้ ว่าจะต้องลงเอยอย่างไร !!! #พลังประชารัฐ #คสช pic.twitter.com/9jzxWFPcFT", "date": "20-02-2019 15:10", "retweet": 0, "like": 1}, {"id": "1097754460141436929", "url": "https://twitter.com/thoe_the/status/1097754460141436929", "username": "", "text": "สารคดีสำรวจโลก ตอน “ เส้นทางสายไหม “ pic.twitter.com/9vm3kAvrX6", "date": "19-02-2019 14:07", "retweet": 0, "like": 0}]