[{"id": "1098647083714732032", "url": "https://twitter.com/thongchai1990/status/1098647083714732032", "username": "", "text": "#ข่าวหน้า1 #ข่าว #หนังสือพิมพ์ วันพุธที่ 20 กุมภาพันธ์ พ.ศ. 2562 pic.twitter.com/vm3lT2zSV9", "date": "22-02-2019 01:14", "retweet": 0, "like": 0}, {"id": "1098647073098948608", "url": "https://twitter.com/thongchai1990/status/1098647073098948608", "username": "", "text": "#ข่าวหน้า1 #ข่าว #หนังสือพิมพ์ วันพุธที่ 20 กุมภาพันธ์ พ.ศ. 2562 pic.twitter.com/btiCRrp08r", "date": "22-02-2019 01:14", "retweet": 0, "like": 0}, {"id": "1098647060591431680", "url": "https://twitter.com/thongchai1990/status/1098647060591431680", "username": "", "text": "#ข่าวหน้า1 #ข่าว #หนังสือพิมพ์ วันพุธที่ 20 กุมภาพันธ์ พ.ศ. 2562 pic.twitter.com/6Dt1EM0U0n", "date": "22-02-2019 01:14", "retweet": 0, "like": 0}, {"id": "1098647022536515584", "url": "https://twitter.com/thongchai1990/status/1098647022536515584", "username": "", "text": "#ข่าวหน้า1 #ข่าว #หนังสือพิมพ์ วันพุธที่ 20 กุมภาพันธ์ พ.ศ. 2562 pic.twitter.com/GgfjbO5K4O", "date": "22-02-2019 01:13", "retweet": 0, "like": 0}, {"id": "1098645969149734912", "url": "https://twitter.com/thongchai1990/status/1098645969149734912", "username": "", "text": "#ข่าวหน้า1 #ข่าว #หนังสือพิมพ์ วันอังคารที่ 19 กุมภาพันธ์ พ.ศ. 2562 pic.twitter.com/4R4DDrt2rX", "date": "22-02-2019 01:09", "retweet": 0, "like": 0}, {"id": "1098644767070552064", "url": "https://twitter.com/thongchai1990/status/1098644767070552064", "username": "", "text": "#ข่าวหน้า1 #ข่าว #หนังสือพิมพ์ วันจันทร์ที่ 18 กุมภาพันธ์ พ.ศ. 2562 pic.twitter.com/r8r2ApgRqN", "date": "22-02-2019 01:04", "retweet": 0, "like": 0}, {"id": "1098644755209105408", "url": "https://twitter.com/thongchai1990/status/1098644755209105408", "username": "", "text": "#ข่าวหน้า1 #ข่าว #หนังสือพิมพ์ วันจันทร์ที่ 18 กุมภาพันธ์ พ.ศ. 2562 pic.twitter.com/8HVMjTArDw", "date": "22-02-2019 01:04", "retweet": 0, "like": 0}, {"id": "1098644745503436801", "url": "https://twitter.com/thongchai1990/status/1098644745503436801", "username": "", "text": "#ข่าวหน้า1 #ข่าว #หนังสือพิมพ์ วันจันทร์ที่ 18 กุมภาพันธ์ พ.ศ. 2562 pic.twitter.com/G7rJErgY4l", "date": "22-02-2019 01:04", "retweet": 0, "like": 0}, {"id": "1098644713408671744", "url": "https://twitter.com/thongchai1990/status/1098644713408671744", "username": "", "text": "#ข่าวหน้า1 #ข่าว #หนังสือพิมพ์ วันจันทร์ที่ 18 กุมภาพันธ์ พ.ศ. 2562 pic.twitter.com/k0T6ZwKMH3", "date": "22-02-2019 01:04", "retweet": 0, "like": 0}, {"id": "1098612603692052480", "url": "https://twitter.com/thongchai1990/status/1098612603692052480", "username": "", "text": "สัมมนาเพื่อขับเคลื่อนโครงการวัด ประชา รัฐ สร้างสุข ระดับประเทศ วันอังคารที่ ๒๖ กุมภาพันธ์ พ.ศ. ๒๕๖๒ ณ อาคารหอประชุม มวก. ๔๘ พรรษา มจร. วังน้อย พระนครศรีอยุธยา เวลา ๘.๓๐ - ๑๖.๐๐ น. จัดโดย คณะอนุกรรมการโครงการวัด ประชา รัฐ สร้างสุข ฝ่ายสาธารณูปการ ของมหาเถรสมาคม pic.twitter.com/SBlFYH4UvG", "date": "21-02-2019 22:57", "retweet": 20, "like": 13}, {"id": "1098230768696868865", "url": "https://twitter.com/thongchai1990/status/1098230768696868865", "username": "", "text": "#ข่าวหน้า1 #ข่าว #หนังสือพิมพ์ วันอาทิตย์ที่ 17 กุมภาพันธ์ พ.ศ. 2562 pic.twitter.com/4JCL6lt9vr", "date": "20-02-2019 21:39", "retweet": 0, "like": 0}, {"id": "1098230758274084864", "url": "https://twitter.com/thongchai1990/status/1098230758274084864", "username": "", "text": "#ข่าวหน้า1 #ข่าว #หนังสือพิมพ์ วันอาทิตย์ที่ 17 กุมภาพันธ์ พ.ศ. 2562 pic.twitter.com/V3XupkoB6p", "date": "20-02-2019 21:39", "retweet": 0, "like": 0}, {"id": "1098230745246519296", "url": "https://twitter.com/thongchai1990/status/1098230745246519296", "username": "", "text": "#ข่าวหน้า1 #ข่าว #หนังสือพิมพ์ วันอาทิตย์ที่ 17 กุมภาพันธ์ พ.ศ. 2562 pic.twitter.com/fW1FSYWtoK", "date": "20-02-2019 21:39", "retweet": 0, "like": 0}, {"id": "1098173017409052672", "url": "https://twitter.com/thongchai1990/status/1098173017409052672", "username": "", "text": "ปิดตำนาน! “เครือโพสต์” หยุดพิมพ์ “โพสต์ทูเดย์-M2F” มี.ค.นี้ เหลือ “บางกอกโพสต์” ฉบับเดียว https:// mgronline.com/onlinesection/ detail/9620000017913 …", "date": "20-02-2019 17:50", "retweet": 0, "like": 0}]