[{"id": "1097918101952225280", "url": "https://twitter.com/Ticksty/status/1097918101952225280", "username": "", "text": "ปัญหาการเมืองไทย เมื่อไหร่จะจบ หามันปราบคนโกงยาก ก็เอาคนที่โกงแล้วบ้านเมืองเจริญมาบริหารดีกว่า จะแดกใช่ไหม แดกแต่ของไทยห้ามใช้ของนอก ตายไป เงินควรคืนแผ่นดินไม่ควรเก็บเข้าครอบครัว ใครอยากมาเป็นนายกก็ได้แต่ถ้าตายต้องคืนเงินแผ่นดี ถ้าใช้เงินในต่างประเทศ #การเมือง", "date": "20-02-2019 00:57", "retweet": 1, "like": 1}, {"id": "1097483072675565571", "url": "https://twitter.com/Ticksty/status/1097483072675565571", "username": "", "text": "ดูน่ารักขึ้นเยอะเลย เลือกไม่ถูก https:// twitter.com/xxxkhxnmxmKG/s tatus/1097054972015865856 …", "date": "18-02-2019 20:08", "retweet": 0, "like": 0}]