[{"id": "1098210111959425024", "url": "https://twitter.com/titanmaru/status/1098210111959425024", "username": "", "text": "มึงแม่ง งอแง ฉิบหาย", "date": "20-02-2019 20:17", "retweet": 0, "like": 0}, {"id": "1098209694521290754", "url": "https://twitter.com/titanmaru/status/1098209694521290754", "username": "", "text": "ดูท่าจะคันจริง", "date": "20-02-2019 20:16", "retweet": 0, "like": 0}, {"id": "1098205046506893317", "url": "https://twitter.com/titanmaru/status/1098205046506893317", "username": "", "text": "ก็มาเอาของกูไปเล่น 555555", "date": "20-02-2019 19:57", "retweet": 0, "like": 0}, {"id": "1098204627843964928", "url": "https://twitter.com/titanmaru/status/1098204627843964928", "username": "", "text": "ยากและ", "date": "20-02-2019 19:56", "retweet": 0, "like": 0}, {"id": "1098204094521475074", "url": "https://twitter.com/titanmaru/status/1098204094521475074", "username": "", "text": "มาเอาไปเล่น", "date": "20-02-2019 19:53", "retweet": 0, "like": 0}, {"id": "1097440636192477186", "url": "https://twitter.com/titanmaru/status/1097440636192477186", "username": "", "text": "กูนิถึงกะลบเฟสออกจากมือถือ", "date": "18-02-2019 17:20", "retweet": 0, "like": 0}]