[{"id": "1099170097015345152", "url": "https://twitter.com/TNPGolf/status/1099170097015345152", "username": "", "text": "เวรแล้วววววววววว", "date": "23-02-2019 11:52", "retweet": 0, "like": 1}, {"id": "1098986486358171649", "url": "https://twitter.com/TNPGolf/status/1098986486358171649", "username": "", "text": "อ่ออออ ม่ายว่างตอนนั้น", "date": "22-02-2019 23:42", "retweet": 0, "like": 0}, {"id": "1098986232493748224", "url": "https://twitter.com/TNPGolf/status/1098986232493748224", "username": "", "text": "ไหนบอกมึงนอน", "date": "22-02-2019 23:41", "retweet": 0, "like": 0}, {"id": "1098986055674474496", "url": "https://twitter.com/TNPGolf/status/1098986055674474496", "username": "", "text": "ขี้เมา", "date": "22-02-2019 23:41", "retweet": 0, "like": 0}, {"id": "1098859656808562688", "url": "https://twitter.com/TNPGolf/status/1098859656808562688", "username": "", "text": "ซื้อ PC ทำกราฟิก+ตัดต่อ ในงบ2×,××× wtffffffffff", "date": "22-02-2019 15:18", "retweet": 0, "like": 0}, {"id": "1098791874096128000", "url": "https://twitter.com/TNPGolf/status/1098791874096128000", "username": "", "text": "หากพรรคก. มีจำนวน ส.ส. ที่พึ่งมี 100 คน แล้วปรากฎว่าชนะแบบแบ่งเขตมา 101 คน แล้วพรรคก.จะได้party list ไหม อันนี้ยังงงๆอยู่", "date": "22-02-2019 10:49", "retweet": 0, "like": 1}, {"id": "1098580324907270144", "url": "https://twitter.com/TNPGolf/status/1098580324907270144", "username": "", "text": "ฟังดีเบตของสนข.มติชน แล้วอยากให้คุณกรเป็นหัวหน้าพรรคปชป.มากเลยครับ 55555", "date": "21-02-2019 20:48", "retweet": 0, "like": 0}, {"id": "1097674826490073089", "url": "https://twitter.com/TNPGolf/status/1097674826490073089", "username": "", "text": "ไปเห็นผขป. เช็คอิน แล้วแบบ อ้าวเห้ยยยย", "date": "19-02-2019 08:50", "retweet": 0, "like": 0}, {"id": "1097568275511144450", "url": "https://twitter.com/TNPGolf/status/1097568275511144450", "username": "", "text": "พึ่งรู้ว่าสตูดิโอเดอะวอยซ์ อยู่ตรงสาย5 555555", "date": "19-02-2019 01:47", "retweet": 0, "like": 3}, {"id": "1097464125825798145", "url": "https://twitter.com/TNPGolf/status/1097464125825798145", "username": "", "text": "กำจัดจุดอ่อน... https:// twitter.com/b969/status/10 97373241872547840 …", "date": "18-02-2019 18:53", "retweet": 0, "like": 0}, {"id": "1097459259527184384", "url": "https://twitter.com/TNPGolf/status/1097459259527184384", "username": "", "text": "ไปป่ะ ยังทัน 55555", "date": "18-02-2019 18:34", "retweet": 0, "like": 0}, {"id": "1097452048461647872", "url": "https://twitter.com/TNPGolf/status/1097452048461647872", "username": "", "text": "อยากถามครับ...เป็นทหารรายได้หลักร้อยล้านต้องทำไงบ้างครับ.", "date": "18-02-2019 18:05", "retweet": 1, "like": 1}, {"id": "1097448670037864449", "url": "https://twitter.com/TNPGolf/status/1097448670037864449", "username": "", "text": "555555 นางยังไม่เห็นแน่ๆ", "date": "18-02-2019 17:52", "retweet": 0, "like": 0}, {"id": "1097445816703184897", "url": "https://twitter.com/TNPGolf/status/1097445816703184897", "username": "", "text": "ต้องมีอะไรแน่ๆเลยค่ะคุณพี่", "date": "18-02-2019 17:40", "retweet": 0, "like": 0}, {"id": "1097382543752458240", "url": "https://twitter.com/TNPGolf/status/1097382543752458240", "username": "", "text": "ยังไงสิ", "date": "18-02-2019 13:29", "retweet": 0, "like": 0}, {"id": "1097331819035295747", "url": "https://twitter.com/TNPGolf/status/1097331819035295747", "username": "", "text": "แสดงว่าเมื่อวานต้องไปกันเป็นคู่แน่ๆเลย", "date": "18-02-2019 10:07", "retweet": 2, "like": 1}]