[{"id": "1099326617652850688", "url": "https://twitter.com/tonnam_mini/status/1099326617652850688", "username": "", "text": "ต้องใส่ข้างล้างครับ ผมเคยเอาใส่ข้างบนแล้วมันเป็นหมวก", "date": "23-02-2019 22:14", "retweet": 0, "like": 0}, {"id": "1099229380457328641", "url": "https://twitter.com/tonnam_mini/status/1099229380457328641", "username": "", "text": "", "date": "23-02-2019 15:48", "retweet": 0, "like": 0}, {"id": "1099166652673941504", "url": "https://twitter.com/tonnam_mini/status/1099166652673941504", "username": "", "text": "ขอบคุณนะที่ทำวันนั้นให้เป็นเรื่องดีๆที่สุดเรื่องนึงของผม ถึงสุดท้ายจะไม่ได้ไปต่อด้วยกันก็ตาม... ขอให้มาเห็นทีนะ pic.twitter.com/Zj39vVnRiX", "date": "23-02-2019 11:38", "retweet": 0, "like": 0}, {"id": "1098929877892251648", "url": "https://twitter.com/tonnam_mini/status/1098929877892251648", "username": "", "text": "ฟ้าเหนื่อยแล้วค่ะ แต่ฟ้าจะไม่หยุดค่ะ", "date": "22-02-2019 19:57", "retweet": 0, "like": 0}, {"id": "1098924231729963009", "url": "https://twitter.com/tonnam_mini/status/1098924231729963009", "username": "", "text": "รอบที่ 4 แล้วอะมึง", "date": "22-02-2019 19:35", "retweet": 0, "like": 0}, {"id": "1098906304507072512", "url": "https://twitter.com/tonnam_mini/status/1098906304507072512", "username": "", "text": "หายอีกละหรอเนี่ย #savethanaton", "date": "22-02-2019 18:24", "retweet": 2, "like": 0}, {"id": "1098870725589360642", "url": "https://twitter.com/tonnam_mini/status/1098870725589360642", "username": "", "text": "สว.เค้าไม่กล้าหักหลังคุณหรอก วงการคุณมันหักหลังกันยาก คุณก็รู้หนิ! https:// twitter.com/waitgonMh/stat us/1098862836925624320 …", "date": "22-02-2019 16:02", "retweet": 2, "like": 0}, {"id": "1098844650213756928", "url": "https://twitter.com/tonnam_mini/status/1098844650213756928", "username": "", "text": "มาครับ ถ้า #พรรคอนาคตใหม่ โดนยุบ งั้น #พรรคพลังประชารัฐ ต้องถูกยุบก่อน เพราะถูกฟ้องก่อน และนี่ยังไม่รวมคุณสมบัติของแคนดิเดตของพรรคด้วย ถ้าจะจบ กูจะไม่จบคนเดียว #savethanaton", "date": "22-02-2019 14:19", "retweet": 11, "like": 9}, {"id": "1098527472260280320", "url": "https://twitter.com/tonnam_mini/status/1098527472260280320", "username": "", "text": "ดีใจด้วยนะ มีอะไรให้ทำ 555555", "date": "21-02-2019 17:18", "retweet": 0, "like": 0}, {"id": "1098524646398459904", "url": "https://twitter.com/tonnam_mini/status/1098524646398459904", "username": "", "text": "กูบอกให้ twitter ตรวจสอบ ไม่ใช่ให้ ธนาธร ตรวจสอบ ไอ่ซาสสสสสสสสสสส #savethanatorn", "date": "21-02-2019 17:07", "retweet": 2, "like": 1}, {"id": "1098523930929713152", "url": "https://twitter.com/tonnam_mini/status/1098523930929713152", "username": "", "text": "ทวิตเตอร์ไม่ใช่ของไทยอะ #savethanatorn", "date": "21-02-2019 17:04", "retweet": 0, "like": 0}, {"id": "1098520477247561728", "url": "https://twitter.com/tonnam_mini/status/1098520477247561728", "username": "", "text": "นี่ Twitter ไม่คิดจะออกมาชี้แจงอะไรเกี่ยวกับ #savethanatorn หน่อยหรอ นี่หายไป 2 รอบแล้วนะในรอบไม่ถึง 24 ชั่วโมงเนี่ย?", "date": "21-02-2019 16:51", "retweet": 2, "like": 2}, {"id": "1098518988886179840", "url": "https://twitter.com/tonnam_mini/status/1098518988886179840", "username": "", "text": "What!!!!!!!?!??!?!??!!??!!?!?!? #Savethanathorn pic.twitter.com/KXFGFVrBsa", "date": "21-02-2019 16:45", "retweet": 4, "like": 0}, {"id": "1098517796860776448", "url": "https://twitter.com/tonnam_mini/status/1098517796860776448", "username": "", "text": "ได้! https:// twitter.com/horeheeee/stat us/1098264589802778624 …", "date": "21-02-2019 16:40", "retweet": 0, "like": 0}, {"id": "1098507917181898752", "url": "https://twitter.com/tonnam_mini/status/1098507917181898752", "username": "", "text": "ประยุทธ์ : ทหารไทยใช้ชีวิตพอเพียงและน้อมนำศาสตร์พระราชามาใช้ \"บ้านบิ๊กแดงราคา 240!!\" What!!!!!????!?!?!??!????????", "date": "21-02-2019 16:01", "retweet": 0, "like": 0}, {"id": "1098506880932970496", "url": "https://twitter.com/tonnam_mini/status/1098506880932970496", "username": "", "text": "ห้ามเหนื่อย..ห้ามพัก..ห้ามด่าประยุทธ์และพวก #savethanatorn #Savethanathorn", "date": "21-02-2019 15:57", "retweet": 8, "like": 3}, {"id": "1098505978872381440", "url": "https://twitter.com/tonnam_mini/status/1098505978872381440", "username": "", "text": "โอ๋เอ๋ๆๆๆ", "date": "21-02-2019 15:53", "retweet": 0, "like": 1}, {"id": "1098501717421744128", "url": "https://twitter.com/tonnam_mini/status/1098501717421744128", "username": "", "text": "รูปโปรไฟล์แต่ละคนนี่ไม่ต่ำกว่า 50 ทั้งนั้น มีแอคเด็กเสื้อส้มคนเดียวที่ผ่าเหล่ามาซื้อคนเล่นจริงๆก็ไม่น่าจะต่ำกว่า 50 หรอก คนพวกนี้คิดจะตายในขณะที่ประเทศยังเป็นแบบนี้อยู่จริงๆหรอ ไม่อยากเห็นความเจริญก่อนตายบ้างหรือไงกันนะ?", "date": "21-02-2019 15:36", "retweet": 93, "like": 38}, {"id": "1098477730868293632", "url": "https://twitter.com/tonnam_mini/status/1098477730868293632", "username": "", "text": "แต่ป้าให้คนอัปรีย์มาบริหารเนี่ยนะ? pic.twitter.com/r2TtHyUcT9", "date": "21-02-2019 14:01", "retweet": 0, "like": 0}, {"id": "1098477240638005248", "url": "https://twitter.com/tonnam_mini/status/1098477240638005248", "username": "", "text": "ขอเข้าวัดสัก 3 วัน บาย pic.twitter.com/BY9FWJpfM1", "date": "21-02-2019 13:59", "retweet": 0, "like": 0}, {"id": "1098470387279527937", "url": "https://twitter.com/tonnam_mini/status/1098470387279527937", "username": "", "text": "#Savethanathorn เราว่าเป็นปรากฏการณ์นึงเลยนะ ที่ทำให้รู้ว่าพลังของคนรุ่นใหม่ทำอะไรได้ขนาดไหน", "date": "21-02-2019 13:32", "retweet": 0, "like": 0}, {"id": "1098469970898386944", "url": "https://twitter.com/tonnam_mini/status/1098469970898386944", "username": "", "text": "#Savethanathorn", "date": "21-02-2019 13:30", "retweet": 1, "like": 0}, {"id": "1098469264204357633", "url": "https://twitter.com/tonnam_mini/status/1098469264204357633", "username": "", "text": "ชอบๆๆ Cr. เพจคาราโอเกะชั้นใต้ดิน pic.twitter.com/gQh7YBzmnE", "date": "21-02-2019 13:27", "retweet": 2, "like": 0}, {"id": "1098203921607081984", "url": "https://twitter.com/tonnam_mini/status/1098203921607081984", "username": "", "text": "รำค๊านนนนนนน!!! pic.twitter.com/DvAR4SAfmt", "date": "20-02-2019 19:53", "retweet": 0, "like": 0}, {"id": "1098163710978224129", "url": "https://twitter.com/tonnam_mini/status/1098163710978224129", "username": "", "text": "เมื่อกี้ผมอ่านจากบนสุดลงล่างสุดครับ", "date": "20-02-2019 17:13", "retweet": 2, "like": 0}, {"id": "1097913979723108352", "url": "https://twitter.com/tonnam_mini/status/1097913979723108352", "username": "", "text": "ที่ห้องเรามีพระจันทร์นะ เธออยากดูป่าว", "date": "20-02-2019 00:41", "retweet": 0, "like": 0}, {"id": "1097858471771308032", "url": "https://twitter.com/tonnam_mini/status/1097858471771308032", "username": "", "text": "แม่เจ้าโว้ยยยยยยยยยยยยยย https:// twitter.com/watsathorn/sta tus/1097785187461525505 …", "date": "19-02-2019 21:00", "retweet": 0, "like": 0}, {"id": "1097800885235703809", "url": "https://twitter.com/tonnam_mini/status/1097800885235703809", "username": "", "text": "วงการรองเท้า Sale เข้าแล้วหัวร้อน เพราะรุ่นที่อยากได้มันไม่ Sale หรือถ้ามีก็ไม่มี Size ไปอีก", "date": "19-02-2019 17:11", "retweet": 0, "like": 0}, {"id": "1097786795750612992", "url": "https://twitter.com/tonnam_mini/status/1097786795750612992", "username": "", "text": "pic.twitter.com/Ph9k6FItqG", "date": "19-02-2019 16:15", "retweet": 2, "like": 0}, {"id": "1097784239901237248", "url": "https://twitter.com/tonnam_mini/status/1097784239901237248", "username": "", "text": "ไปแพร่อีกรอบดีมั้ยนะ?", "date": "19-02-2019 16:05", "retweet": 0, "like": 0}, {"id": "1097780403023228928", "url": "https://twitter.com/tonnam_mini/status/1097780403023228928", "username": "", "text": "@TheMauy นี่แหน่ะ!! จัดตัวได้แล้ว", "date": "19-02-2019 15:50", "retweet": 0, "like": 0}, {"id": "1097771624072327168", "url": "https://twitter.com/tonnam_mini/status/1097771624072327168", "username": "", "text": "สินสอดเท่าไหร่?", "date": "19-02-2019 15:15", "retweet": 0, "like": 0}, {"id": "1097771458061688832", "url": "https://twitter.com/tonnam_mini/status/1097771458061688832", "username": "", "text": "Nissan cube มีความไฮโซไฮซ้อไม่ต้องง้อภาษีประชาชน เพราะรวยอยู่แล้ว https:// twitter.com/_tpqxj/status/ 1097048597600727045 …", "date": "19-02-2019 15:14", "retweet": 1, "like": 0}, {"id": "1097552331716014080", "url": "https://twitter.com/tonnam_mini/status/1097552331716014080", "username": "", "text": "อยากถ่ายดวงจันทร์ แต่ขี้เกียจ", "date": "19-02-2019 00:44", "retweet": 0, "like": 0}, {"id": "1097549982838616064", "url": "https://twitter.com/tonnam_mini/status/1097549982838616064", "username": "", "text": "ใครอยู่ #Korat #โคราช #นครราชสีมา ระวังด้วยนะครับ #รีวิวโคราช pic.twitter.com/XfhrtbuXNG", "date": "19-02-2019 00:34", "retweet": 2, "like": 2}, {"id": "1097545021220282368", "url": "https://twitter.com/tonnam_mini/status/1097545021220282368", "username": "", "text": "ในฐานะฟรีแลนซ์เหมือนกันนะครับ ถ้ารับงานแล้วต้องทำ ถ้าทำไม่ได้หรือไม่อยากทำก็ไม่ต้องรับ เพราะมันไม่ใช่แค่งาน มันคือความหวังของคนๆนึงหรือกลุ่มนึงครับที่เราจะต้องแบกไว้ แล้วแบบนี้โปรไฟล์เสียแล้วกว่าจะสร้างเครดิตขึ้นมาได้ใหม่ไม่ใช่เรื่องง่ายนะ ไม่ใช่เริ่มจาก 0 นะ รอบนี้เริ่มจากติบลบ", "date": "19-02-2019 00:14", "retweet": 531, "like": 64}, {"id": "1097473211950747648", "url": "https://twitter.com/tonnam_mini/status/1097473211950747648", "username": "", "text": "ลุงใช้เหตุผลนี้ไม่ได้ เพราะประเทศเรามีเด็ก สตรี คนพิการ ผู้ชายที่ไม่ได้ขนาดพอจะเกณฑ์ มีผู้สูงอายุ มีอีกเยอะที่ไม่ใช่ทหารเกณฑ์ ทุกคนทำเพื่อประเทศทั้งนั้นไม่ทางใดก็ทางหนึ่ง คิดหน่อยถ้าสมองมี", "date": "18-02-2019 19:29", "retweet": 11, "like": 18}, {"id": "1097432525121630209", "url": "https://twitter.com/tonnam_mini/status/1097432525121630209", "username": "", "text": "ชอบฟาง (FFK) ครับ #หนุ่มหล่อปากดีมีรากไทรสมัยก่อนนู้นนนนนน #ทีมว่าน #4แยกปากหวาน pic.twitter.com/oXYJZ5ysQF", "date": "18-02-2019 16:47", "retweet": 0, "like": 0}, {"id": "1097426594476380160", "url": "https://twitter.com/tonnam_mini/status/1097426594476380160", "username": "", "text": "มาโคราชหน่อยนะครับ", "date": "18-02-2019 16:24", "retweet": 0, "like": 0}, {"id": "1097327702116204544", "url": "https://twitter.com/tonnam_mini/status/1097327702116204544", "username": "", "text": "ค่อยได้ใช้เงินเร็วหน่อยเนาะ", "date": "18-02-2019 09:51", "retweet": 10, "like": 11}]