[{"id": "1098889564746244097", "url": "https://twitter.com/TungPongpak/status/1098889564746244097", "username": "", "text": "ขอบคุณมากแกก เป็นกำลังใจให้เราด้วยยย", "date": "22-02-2019 17:17", "retweet": 0, "like": 0}, {"id": "1098889475973730304", "url": "https://twitter.com/TungPongpak/status/1098889475973730304", "username": "", "text": "ขอบคุณที่มึงโทรหาาา", "date": "22-02-2019 17:17", "retweet": 0, "like": 1}, {"id": "1098889427563175936", "url": "https://twitter.com/TungPongpak/status/1098889427563175936", "username": "", "text": "ขอบคุณมากคร้าบบ จุบุ จิบิ", "date": "22-02-2019 17:17", "retweet": 0, "like": 0}, {"id": "1098861749791412224", "url": "https://twitter.com/TungPongpak/status/1098861749791412224", "username": "", "text": "การใช้ ก็มาดิ่คับ แบบ original pic.twitter.com/tJ8JF41FNE", "date": "22-02-2019 15:27", "retweet": 0, "like": 0}, {"id": "1098816531683717121", "url": "https://twitter.com/TungPongpak/status/1098816531683717121", "username": "", "text": "ควรออกจาก ป.โท ก่อนดีมั้ย ถ้ารู้ว่าตัวเองไม่มี academic skills และไม่มีความรู้พื้นฐานที่เพียงพอในวิชาการ", "date": "22-02-2019 12:27", "retweet": 0, "like": 0}, {"id": "1098260006250528769", "url": "https://twitter.com/TungPongpak/status/1098260006250528769", "username": "", "text": "ไม่คิดว่าแรมโบ้ จะไปสวมเสื้อ พปชร. .ขยี้ตา https:// twitter.com/stone_nayouung /status/1098203288866938880 …", "date": "20-02-2019 23:36", "retweet": 0, "like": 0}, {"id": "1098259870778679296", "url": "https://twitter.com/TungPongpak/status/1098259870778679296", "username": "", "text": "เห้ ชน เห้", "date": "20-02-2019 23:35", "retweet": 0, "like": 0}, {"id": "1098160101456658433", "url": "https://twitter.com/TungPongpak/status/1098160101456658433", "username": "", "text": "#ความไม่เป็นถ้อยหมอยไม่เป็นขน", "date": "20-02-2019 16:59", "retweet": 0, "like": 0}, {"id": "1098091145966477312", "url": "https://twitter.com/TungPongpak/status/1098091145966477312", "username": "", "text": "ต้องเปิดใจยอมรับก่อนน ว่าไม่ใช่แค่นักการเมืองที่โกง ข้าราชประจำก็โกงเหมือนกัน เราถึงจะไปต่อได้", "date": "20-02-2019 12:25", "retweet": 0, "like": 0}, {"id": "1097902072869969920", "url": "https://twitter.com/TungPongpak/status/1097902072869969920", "username": "", "text": "มีคอมเมนในเฟสว่า เอ้า ไปบ้านนาย มันเป็นระบบสมัครใจของพลทหารที่ไม่ชอบระบบในค่ายนี่ ขอตอบในฐานะที่เคยอยู่ในวงการ ว่า จริงครับ! แต่ทำไมต้องไปเป็นคนรับใช้นายด้วย ในเมื่อทหารมีหน้าที่ปกป้องชาติบ้านเมือง ซึ่งเป็นอาชีพที่มีเกียรติ ได้รับเกียรติในการปกป้องชาติ ทำไมเขาต้องไปเป็นคนรับใช้..", "date": "19-02-2019 23:53", "retweet": 2, "like": 0}, {"id": "1097888882249498624", "url": "https://twitter.com/TungPongpak/status/1097888882249498624", "username": "", "text": "อ่าว อันนี้หรออ วันไหนน ไปกันนน", "date": "19-02-2019 23:01", "retweet": 0, "like": 0}, {"id": "1097755493899001856", "url": "https://twitter.com/TungPongpak/status/1097755493899001856", "username": "", "text": "เมื่อวานโดนปรมาจารย์ ระดับ รศ. ว่า \"คุณทำไมไม่มี basic concept\" หน้าชาเลยจ้าา", "date": "19-02-2019 14:11", "retweet": 0, "like": 0}, {"id": "1097715515651284992", "url": "https://twitter.com/TungPongpak/status/1097715515651284992", "username": "", "text": "ได้คนับ", "date": "19-02-2019 11:32", "retweet": 0, "like": 0}, {"id": "1097711753025150977", "url": "https://twitter.com/TungPongpak/status/1097711753025150977", "username": "", "text": "ว่างครับพี่", "date": "19-02-2019 11:17", "retweet": 0, "like": 0}, {"id": "1097711439555395585", "url": "https://twitter.com/TungPongpak/status/1097711439555395585", "username": "", "text": "ปะดิปะ", "date": "19-02-2019 11:16", "retweet": 0, "like": 0}, {"id": "1097709798101966848", "url": "https://twitter.com/TungPongpak/status/1097709798101966848", "username": "", "text": "555555 กลัวได้มั้ย วันพระด้วย", "date": "19-02-2019 11:09", "retweet": 0, "like": 0}, {"id": "1097535021110284288", "url": "https://twitter.com/TungPongpak/status/1097535021110284288", "username": "", "text": "ถ้า 1,500 ทำไรได้มั่งครับ", "date": "18-02-2019 23:35", "retweet": 0, "like": 0}, {"id": "1097533306009137152", "url": "https://twitter.com/TungPongpak/status/1097533306009137152", "username": "", "text": "ขอบคุณมากมึง มึงก็สู้นะ", "date": "18-02-2019 23:28", "retweet": 0, "like": 0}, {"id": "1097533261884968960", "url": "https://twitter.com/TungPongpak/status/1097533261884968960", "username": "", "text": "เอาเครื่องมาให้รูดหน่อยเร้ววว", "date": "18-02-2019 23:28", "retweet": 0, "like": 0}, {"id": "1097516111099121664", "url": "https://twitter.com/TungPongpak/status/1097516111099121664", "username": "", "text": "อยากนอนเตียงนีโอ", "date": "18-02-2019 22:20", "retweet": 0, "like": 0}, {"id": "1097490722192683008", "url": "https://twitter.com/TungPongpak/status/1097490722192683008", "username": "", "text": "โดนเละ วันนี้", "date": "18-02-2019 20:39", "retweet": 0, "like": 1}, {"id": "1097406136460832768", "url": "https://twitter.com/TungPongpak/status/1097406136460832768", "username": "", "text": "ไม่มีตรัง", "date": "18-02-2019 15:03", "retweet": 0, "like": 0}]