[{"id": "1098876068969119746", "url": "https://twitter.com/TWdpth/status/1098876068969119746", "username": "", "text": "คือจะว่าไป ช็อตนี้คุณอภิสิทธิ์ ก็มีความน่ารักอยู่นะ #เลือกตั้ง2562 #ประชาธิปัตย์ pic.twitter.com/g3QWLRZuz9", "date": "22-02-2019 16:24", "retweet": 46, "like": 62}, {"id": "1098599945773432844", "url": "https://twitter.com/TWdpth/status/1098599945773432844", "username": "", "text": "นี่คือตอนที่พิธีกรถามพรรคพปชร ว่า มีเสียงสว.อยู่250 แล้วใช่ไหม แล้ว พรรคพปชร.ตอบไม่ค่อยชัดเจน นี่คือสีหน้าคุณหญิงหน่อย และคุณอภิสิทธิ์ #ดีเบต62 pic.twitter.com/HXDo4lIiW6", "date": "21-02-2019 22:06", "retweet": 5, "like": 4}, {"id": "1097827130644123648", "url": "https://twitter.com/TWdpth/status/1097827130644123648", "username": "", "text": "", "date": "19-02-2019 18:55", "retweet": 0, "like": 0}]