[{"id": "1099213535387648000", "url": "https://twitter.com/TwelveJJan/status/1099213535387648000", "username": "", "text": "สำหรับเรา วอลเปเปอร์ไม่ช่วยอะไร แต่ชุดสีประจำวันนี่ ขาดไม่ได้5555 https:// twitter.com/RJRainyJin/sta tus/1098959766250872834 …", "date": "23-02-2019 14:45", "retweet": 0, "like": 0}, {"id": "1098828711728578560", "url": "https://twitter.com/TwelveJJan/status/1098828711728578560", "username": "", "text": "จ้างหนุทีพ่อ หนุจนนนนนน", "date": "22-02-2019 13:15", "retweet": 0, "like": 0}, {"id": "1098763967592157190", "url": "https://twitter.com/TwelveJJan/status/1098763967592157190", "username": "", "text": "เคยได้ BB แอคSOLA กับสเปรย์ฉีดหน้าค่ะ", "date": "22-02-2019 08:58", "retweet": 0, "like": 0}, {"id": "1098635549689077761", "url": "https://twitter.com/TwelveJJan/status/1098635549689077761", "username": "", "text": "ทั้งนี้ทั้งนั้น พิธีกรชายไร้มารยาทมาก พูดแทรก ชี้หน้า #ช่อง9ดีเบต", "date": "22-02-2019 00:28", "retweet": 4, "like": 3}, {"id": "1098604708330115076", "url": "https://twitter.com/TwelveJJan/status/1098604708330115076", "username": "", "text": "อย่ามาให้ความหวังตอนที่เรามีปัญหากับแฟนจะได้ไหมอะ", "date": "21-02-2019 22:25", "retweet": 0, "like": 0}, {"id": "1098475197433180160", "url": "https://twitter.com/TwelveJJan/status/1098475197433180160", "username": "", "text": "ขอบคุณนะคะ", "date": "21-02-2019 13:51", "retweet": 0, "like": 0}, {"id": "1098473076776407040", "url": "https://twitter.com/TwelveJJan/status/1098473076776407040", "username": "", "text": "สส อนาคตใหม่ ปทุมธานี เขต3 เบอร์อะไรคะ #อนาคตใหม่ #ฟ้ารักพ่อ", "date": "21-02-2019 13:42", "retweet": 1, "like": 1}, {"id": "1098258605063602176", "url": "https://twitter.com/TwelveJJan/status/1098258605063602176", "username": "", "text": "ทั้งป.ทั้ง ก.เลยค่ะ ไม่มีจรรยาบรรณในการอ่านข่าวเลย อ่านข่าวการเมืองแบบชี้นำ + ใช้ความเห็นส่วนตัวในการอ่านข่าว เมื่อวานเรานั่งดูกับที่บ้าน เจ๊ ป. อ่านข่าวดีไซเนอร์ ของชาแนล เสียชีวิตแล้วหัวเราะคิกคักไม่ให้เกียรติผู้ตาย เรานี่ทนไม่ไหวจริงๆแต่ที่บ้านชอบดู ไม่รู้จะทำยังไงเหมือนกันค่ะ", "date": "20-02-2019 23:30", "retweet": 0, "like": 1}, {"id": "1098238072804626432", "url": "https://twitter.com/TwelveJJan/status/1098238072804626432", "username": "", "text": "แซลม่อนคือสิ่งล่อแหลมมม 555555555555555 เห็นแล้วหิว55555555 pic.twitter.com/22m3M5BKRg", "date": "20-02-2019 22:08", "retweet": 0, "like": 0}, {"id": "1098051216183980032", "url": "https://twitter.com/TwelveJJan/status/1098051216183980032", "username": "", "text": "ไปแค่สองคนยังเรียกชุมนุมอีกหรอคะเนี่ยย แหม่ บอบบางเหลือเกิน", "date": "20-02-2019 09:46", "retweet": 2033, "like": 221}, {"id": "1098029629099495424", "url": "https://twitter.com/TwelveJJan/status/1098029629099495424", "username": "", "text": "การแอบชอบเพื่อนที่ผ่านมา9ปีของเราเริ่มมีความหวังแล้นนนนนน https:// twitter.com/k__a__nntnt/st atus/1096790470263328769 …", "date": "20-02-2019 08:20", "retweet": 0, "like": 0}, {"id": "1097847826187337728", "url": "https://twitter.com/TwelveJJan/status/1097847826187337728", "username": "", "text": "นี่ขอด่าข่าวช่องเนชั่นได้ไหมวะ คือเลือกข้างแบบชัดเจน อ่านข่าวนักออกแบบของชาแนลตายก็อ่านข่าวแบบไม่ให้เกียรติคนตาย เมื่อวานก็เอารูปคนที่ด่า อ.เอนก มาเปิดในช่อง แล้วบอกว่าใครที่อยู่ใกล้คนนี้ให้รู้เลยว่า เค้าด่าอ.เอนก คือดูแล้วหงุดหงิดมาก ป้าปองเนี่ย ตัวดี", "date": "19-02-2019 20:18", "retweet": 0, "like": 0}, {"id": "1097518250022191104", "url": "https://twitter.com/TwelveJJan/status/1097518250022191104", "username": "", "text": "เปิดเดมหน่อยนะคะ", "date": "18-02-2019 22:28", "retweet": 0, "like": 0}, {"id": "1097489840600276992", "url": "https://twitter.com/TwelveJJan/status/1097489840600276992", "username": "", "text": "อ่าว งั้นก็ไม่รู้เหมือนกันค่ะ เว็บที่เช็คก็เออเร่อตั้งแต่บ่าย", "date": "18-02-2019 20:35", "retweet": 0, "like": 0}, {"id": "1097485781772320768", "url": "https://twitter.com/TwelveJJan/status/1097485781772320768", "username": "", "text": "เราใช้วิธีจำสัญลักพรรคเอาเลยจ้า", "date": "18-02-2019 20:19", "retweet": 0, "like": 0}, {"id": "1097485574959640576", "url": "https://twitter.com/TwelveJJan/status/1097485574959640576", "username": "", "text": "ขอบคุณสำหรับคำตอบนะคะ เรากะแซวขำๆ แต่สาระมาเต็มเลยย555", "date": "18-02-2019 20:18", "retweet": 0, "like": 0}, {"id": "1097457380059635712", "url": "https://twitter.com/TwelveJJan/status/1097457380059635712", "username": "", "text": "โควต้าอ่านหนังสือปีละ๘บรรทัดแกคงหมดแล้วมั้งคะ", "date": "18-02-2019 18:26", "retweet": 0, "like": 0}, {"id": "1097439847046774784", "url": "https://twitter.com/TwelveJJan/status/1097439847046774784", "username": "", "text": "เหมือนลูกขุดคุ้ยให้พ่อโดนด่า #หนักแผ่นดิน", "date": "18-02-2019 17:17", "retweet": 0, "like": 0}, {"id": "1097426103684063232", "url": "https://twitter.com/TwelveJJan/status/1097426103684063232", "username": "", "text": "แหม๋ ตอนสมัยปู 2ล้านๆ ได้รถไฟความเร็วสูง ร้องกันจะเป็นจะตายไม่อยากใช้หนี้ไปชั่วลูกชั่วหลาน แต่ตอนนี้เงียบกริบ สงสัยนกหวีดติดคอตายห่ากันหมด https:// twitter.com/CutsSave/statu s/1097357684179791873 …", "date": "18-02-2019 16:22", "retweet": 0, "like": 0}, {"id": "1097417914792042496", "url": "https://twitter.com/TwelveJJan/status/1097417914792042496", "username": "", "text": "เกิดวันเดียวกันเลยค่ะ pic.twitter.com/Vvh5USdjeJ", "date": "18-02-2019 15:49", "retweet": 0, "like": 0}, {"id": "1097380783252111360", "url": "https://twitter.com/TwelveJJan/status/1097380783252111360", "username": "", "text": "กลุ่มไหนวะ https:// twitter.com/Fantastic2499/ status/1097368985325076481 …", "date": "18-02-2019 13:22", "retweet": 0, "like": 0}]