[{"id": "1099346626609438721", "url": "https://twitter.com/UnixFT/status/1099346626609438721", "username": "", "text": "ฝีมือนักบริหารมืออาชีพ !! #เสี่ยไก่_เอื้ออาทร pic.twitter.com/pMfjfq4XJS", "date": "23-02-2019 23:33", "retweet": 0, "like": 1}, {"id": "1099343076298915841", "url": "https://twitter.com/UnixFT/status/1099343076298915841", "username": "", "text": "เตือนไปยังผู้ใช้สื่อโซเชียลต่าง ๆ ระมัดระวังการโพสต์หรือแชร์ข้อมูล ต้องไม่ทำให้เกิดผลกระทบต่อบุคคลอื่น ไม่ว่าจะเป็นการทำให้เสื่อมเสียชื่อเสียง หรือทำให้บ้านเมืองเกิดความวุ่นวาย https:// news.mthai.com/politics-news/ 710569.html … #ศปอส .ตร. #TACTICS #TACTICSConnect", "date": "23-02-2019 23:19", "retweet": 2, "like": 2}, {"id": "1099318570612228097", "url": "https://twitter.com/UnixFT/status/1099318570612228097", "username": "", "text": "โครงการคมนาคมลงทุนเร่งด่วน ปี 2561 หลายโครงการดำเนินการไปแล้ว pic.twitter.com/Pbx25kjri9", "date": "23-02-2019 21:42", "retweet": 4, "like": 5}, {"id": "1099317855042981889", "url": "https://twitter.com/UnixFT/status/1099317855042981889", "username": "", "text": "ขอแปะทวิตนี้ไว้ด้วย https:// twitter.com/UnixFT/status/ 1030318292156669952?s=19 …", "date": "23-02-2019 21:39", "retweet": 1, "like": 2}, {"id": "1099311288935542785", "url": "https://twitter.com/UnixFT/status/1099311288935542785", "username": "", "text": "ผู้ตัดสินคู่ระหว่าง สมุทรปราการ vs เชียงใหม่ ตัดสินบกพร่องมาก ลูกที่สมุทรปราการได้เปรียบและยิงเข้าไปแล้วควรได้ประตูแต่กลับไปเป่าฟาล์วแจกใบเหลืองนักเตะเชียงใหม่ และให้สมุทรปราการยิงจุดโทษ และสมุทรปราการก็ดันบอดจุดโทษยิงไม่เข้าซะงั้น", "date": "23-02-2019 21:13", "retweet": 0, "like": 0}, {"id": "1099306712836657152", "url": "https://twitter.com/UnixFT/status/1099306712836657152", "username": "", "text": "จบการแข่งขัน 90 นาที บุรีรัมย์ เปิดบ้านเสมอ 2 - 2 ชลบุรีที่มีผู้เล่น 9 คน", "date": "23-02-2019 20:55", "retweet": 1, "like": 2}, {"id": "1099305563219873793", "url": "https://twitter.com/UnixFT/status/1099305563219873793", "username": "", "text": "ทดเวลา 4 นาที บุรีรัมย์ 2 - 2 ชลบุรี ชลบุรีมีผู้เล่น 9 คนในสนาม #ToyotaThaiLeague #TTL2019 #โตโยต้าไทยลีก", "date": "23-02-2019 20:50", "retweet": 1, "like": 0}, {"id": "1099305140404645889", "url": "https://twitter.com/UnixFT/status/1099305140404645889", "username": "", "text": "เห้ย !! ชลบุรี โดนใบแดง 2 คนเลยเหรอ นาที 88 : บุรีรัมย์ 2 - 2 ชลบุรี #TTL2019 #โตโยต้าไทยลีก #ToyotaThaiLeague", "date": "23-02-2019 20:49", "retweet": 0, "like": 1}, {"id": "1099267952547753984", "url": "https://twitter.com/UnixFT/status/1099267952547753984", "username": "", "text": "ลองเลื่อนอ่านรายละเอียดต่างๆในทวิตนี้ดูก็จะเห็นว่าบางโครงการนั้นเกิดขึ้นในสมัยรัฐบาลอภิสิทธิ์ .. รวมทั้งโครงการรถไฟความเร็วสูงก็เริ่มเจรจากับจีนในสมัยรัฐบาลอภิสิทธิ์ครับ https:// twitter.com/UnixFT/status/ 1030318292156669952?s=19 …", "date": "23-02-2019 18:21", "retweet": 10, "like": 12}, {"id": "1099265071899787264", "url": "https://twitter.com/UnixFT/status/1099265071899787264", "username": "", "text": "ไทยลีก 2019 ดูมา 2 คู่แล้ว การเล่นแต่ละทีมเปลี่ยนไปจากฤดูกาล 2018 มาก ..นักเตะแต่ละคนเริ่มเป็นมืออาชีพมากขึ้น ตั้งใจโชว์ฝีเท้ากันสุดๆเลย ฯ รอดูคู่บุรีรัมย์เปิดบ้านพบกับทีมชลบุรี จะหวือหวาขนาดไหน เวลา 19.00น.รับชมกันทางช่อง True4U", "date": "23-02-2019 18:09", "retweet": 0, "like": 1}, {"id": "1099255437608726530", "url": "https://twitter.com/UnixFT/status/1099255437608726530", "username": "", "text": "แบบสำรวจชายไทยอายุ 18 - 20 ปี *ถ้ามีการแก้ไขยกเลิกการเกณฑ์ทหารโดยหันมาใช้วิธีการสมัครใจแทน และทราบเงื่อนไขสวัสดิการต่างๆที่จะได้รับแล้ว.. เมื่อมีการเปิดรับสมัครทหารเข้าประจำการ .. คุณจะเลือกข้อไหน ? #ทหาร #เกณฑ์ทหาร #สมัครทหาร", "date": "23-02-2019 17:31", "retweet": 0, "like": 1}, {"id": "1099244629981974529", "url": "https://twitter.com/UnixFT/status/1099244629981974529", "username": "", "text": "กองทุนการออมแห่งชาติ *ในความคิดผมถือว่าเป็นโครงการกองทุนที่ดีมากๆแต่ทำไมถูกหลายๆฝ่ายมองข้าม และบางพรรคการเมืองที่ได้จัดตั้งรัฐบาลก็ไม่ทำเป็นวาระแห่งชาติเพื่อส่งเสริมให้ปชช.ออมผ่านกองทุนแบบนี้หรือหลายๆแบบก็ได้", "date": "23-02-2019 16:48", "retweet": 0, "like": 1}, {"id": "1099240698992193536", "url": "https://twitter.com/UnixFT/status/1099240698992193536", "username": "", "text": "การใช้ ส.ส.126คน ไปบวกกับ ส.ว.250คน(รวม 376เสียง)เพื่อจัดตั้งรัฐบาลและเกิดเสถียรภาพนั้นมันแทบจะเป็นไปไม่ได้เลย เพราะส.ส.ที่เหลืออีก 374คน สามารถที่จะลงชื่อโหวตไม่ไว้วางใจไล่รัฐบาลหนีก็ยังได้สบายๆ *คงไม่มีพรรคการเมืองไหนติงต๊องรวบรวมส.ส.แค่126คนไปบวกกับส.ว.250คนจัดตั้งรัฐบาลหรอก", "date": "23-02-2019 16:33", "retweet": 0, "like": 1}, {"id": "1099230875328294912", "url": "https://twitter.com/UnixFT/status/1099230875328294912", "username": "", "text": "ทีม เจ ชนาธิป (ซัปโปโร ) กำลังจะแพ้", "date": "23-02-2019 15:53", "retweet": 0, "like": 0}, {"id": "1099229805919125505", "url": "https://twitter.com/UnixFT/status/1099229805919125505", "username": "", "text": "คาชิมะ เปิดบ้านแพ้ โออิตะ 1 - 2", "date": "23-02-2019 15:49", "retweet": 0, "like": 0}, {"id": "1099212733373865984", "url": "https://twitter.com/UnixFT/status/1099212733373865984", "username": "", "text": "เพื่อความโปร่งใสก่อนเลือกตั้ง อยากให้ @hakparn @CSDThailand @armypr_news @boworn241 ลงพื้นที่ตามสืบดูหน่อยครับ ว่าพื้นที่ดังกล่าวมีการกระทำแบบนี้จริงไหม และเป็นการกระทำของใคร หวังผลอะไร. ขอบคุณครับ https:// twitter.com/alther_boy/sta tus/1096395807249424385 …", "date": "23-02-2019 14:41", "retweet": 3, "like": 1}, {"id": "1099153190933606400", "url": "https://twitter.com/UnixFT/status/1099153190933606400", "username": "", "text": "เวลานี้วงดนตรีลาวส่วนใหญ่ (ยกเว้นหมอลำ) มักจะเล่นเพลงไทยหรือลูกทุ่งอีสานมากกว่าเพลงลาว ตามกระแสเรียกร้องของแฟนเพลงชาวลาว http://www. komchadluek.net/news/ent/36330 1?qu= …", "date": "23-02-2019 10:45", "retweet": 2, "like": 0}, {"id": "1099135609380065281", "url": "https://twitter.com/UnixFT/status/1099135609380065281", "username": "", "text": "รายละเอียด โครงการ #รถไฟฟ้า #สายสีน้ำเงิน ส่วนต่อขยายช่วง หัวลำโพง - หลักสอง : ข่าวเก่าที่ผมทวิตไว้นานแล้ว ลองเลื่อนอ่านดูเลยครับ https:// twitter.com/UnixFT/status/ 1031498796335648768?s=19 …", "date": "23-02-2019 09:35", "retweet": 1, "like": 0}, {"id": "1099115319342260224", "url": "https://twitter.com/UnixFT/status/1099115319342260224", "username": "", "text": "โครงการคมนาคมลงทุนเร่งด่วน ปี 2561 บางโครงการดำเนินการคืบหน้าไปแล้วมากมายจวนไกล้จะเสร็จ pic.twitter.com/ztpGEADwOE", "date": "23-02-2019 08:14", "retweet": 12, "like": 6}, {"id": "1099106450310217728", "url": "https://twitter.com/UnixFT/status/1099106450310217728", "username": "", "text": "เช้านี้มีคนคิดว่าผมอยู่ที่กรุงเทพฯ", "date": "23-02-2019 07:39", "retweet": 0, "like": 0}, {"id": "1099103890987921408", "url": "https://twitter.com/UnixFT/status/1099103890987921408", "username": "", "text": "โครงการพื้นฐานด้านคมนาคมที่สื่อไม่ค่อยลงข่าวให้คนรับทราบกัน https:// twitter.com/UnixFT/status/ 1030318292156669952?s=19 …", "date": "23-02-2019 07:29", "retweet": 7, "like": 9}, {"id": "1098967603630858242", "url": "https://twitter.com/UnixFT/status/1098967603630858242", "username": "", "text": "รอชมนักเตะโควต้าอาเซียนวัดฝีเท้าครับ", "date": "22-02-2019 22:27", "retweet": 0, "like": 0}, {"id": "1098947521315987462", "url": "https://twitter.com/UnixFT/status/1098947521315987462", "username": "", "text": "รอดูว่า\"เว็บมาสเตอร์\"จะโยนเผือกร้อนไปไหนต่อ", "date": "22-02-2019 21:08", "retweet": 0, "like": 0}, {"id": "1098945384867450880", "url": "https://twitter.com/UnixFT/status/1098945384867450880", "username": "", "text": "อ้างอิงจากข่าวนี้ครับ http:// news.ch3thailand.com/economy/88524", "date": "22-02-2019 20:59", "retweet": 0, "like": 1}, {"id": "1098905211916042240", "url": "https://twitter.com/UnixFT/status/1098905211916042240", "username": "", "text": "สมาคมประชาชาติแห่งเอเชียตะวันออกเฉียงใต้(อาเซียน)มีสมาชิก 10 ประเทศ กับ 2 รัฐสังเกตการณ์ คือ ติมอร์เลสเต กับ ปาปัวนิวกินี", "date": "22-02-2019 18:19", "retweet": 0, "like": 1}, {"id": "1098888669627219973", "url": "https://twitter.com/UnixFT/status/1098888669627219973", "username": "", "text": "งูอะไรหว่า..?? pic.twitter.com/d0LckuLAuX", "date": "22-02-2019 17:14", "retweet": 0, "like": 1}, {"id": "1098854004744904705", "url": "https://twitter.com/UnixFT/status/1098854004744904705", "username": "", "text": "การปั่นแท็กให้ติดเทรนด์ทำง่ายนิดเดียว แค่คุณจ่ายค่าจ้างราคางามๆก็มีคนพร้อมที่จะทำให้", "date": "22-02-2019 14:56", "retweet": 0, "like": 0}, {"id": "1098841267553787904", "url": "https://twitter.com/UnixFT/status/1098841267553787904", "username": "", "text": "เข้าฤดูร้อนแล้ว...เภสัชกรจากร้านขายยาที่สีคิ้ว-นครราชสีมา จ่ายยาแก้แพ้ตัวนี้ให้ pic.twitter.com/XNbEuIpsjj", "date": "22-02-2019 14:05", "retweet": 0, "like": 0}, {"id": "1098807838179127297", "url": "https://twitter.com/UnixFT/status/1098807838179127297", "username": "", "text": "ปชช.ทัวๆไปได้สิทธิ์แค่หย่อนบัตรในคูหา ไม่มีสิทธิ์ไปโหวตในสภาฯ การโหวตในสภานั้นมันหน้าที่ของ ส.ส. เขานะ", "date": "22-02-2019 11:52", "retweet": 0, "like": 0}, {"id": "1098784906224721921", "url": "https://twitter.com/UnixFT/status/1098784906224721921", "username": "", "text": "สาวประเภทสองคนหนึ่งไปทำงาน+เที่ยวกับเพื่อนๆอยู่หลายปีจนทางบ้านคิดว่าคงไปได้ดีกับแฟนหนุ่มที่ต่างประเทศ แต่เมื่อวานนี้(21ก.พ.62)เพื่อนของน้องเขาโพสต์แจ้งว่าเขาได้เสียชีวิตไปแล้วประมาณ 1 เดือน ขณะนี้ศพอยู่ที่มูลนิธิแห่งหนึ่ง ให้ญาติไปรับด้วย น่าแปลกที่ตายไปแล้วเป็นเดือนพึ่งจะมาแจ้ง", "date": "22-02-2019 10:21", "retweet": 1, "like": 1}, {"id": "1098782438329769985", "url": "https://twitter.com/UnixFT/status/1098782438329769985", "username": "", "text": "วันนี้เพื่อนแวะมาชวนไปเที่ยวและทำธุระที่กทม.", "date": "22-02-2019 10:12", "retweet": 0, "like": 0}, {"id": "1098632219382317056", "url": "https://twitter.com/UnixFT/status/1098632219382317056", "username": "", "text": "โดย #รถไฟฟ้า #สายสีน้ำเงิน ส่วนต่อขยายหัวลำโพง - หลักสอง เส้นทางดังกล่าว จะเปิดให้ประชาชนทดลองนั่งฟรี ในเดือน เม.ย นี้ เร็วกว่าแผนเดิมที่วางไว้ว่าจะเปิดในเดือนมิถุนายน ก่อนจะเปิดให้บริการจริงในเดือนกันยายน ส่วนช่วงเตาปูนถึงท่าพระจะเปิดให้บริการได้ในเดือนมีนาคม ปี 63", "date": "22-02-2019 00:15", "retweet": 10, "like": 5}, {"id": "1098632216957992965", "url": "https://twitter.com/UnixFT/status/1098632216957992965", "username": "", "text": "ลอดใต้คลองบางกอกใหญ่เข้าสู่ถนนอิสรภาพแล้วเปลี่ยนเป็นโครงสร้างทางวิ่งยกระดับบนเกาะกลางถนนเข้าสู่สี่แยกท่าพระ ซึ่งจะมีสถานีร่วมกับโครงการรถไฟฟ้าสายสีน้ำเงิน ช่วงบางซื่อ- ท่าพระ แล้ววิ่งไปตามถนนเพชรเกษม ผ่านบางไผ่ บางหว้า ภาษีเจริญ บางแค สิ้นสุดที่วงแหวนรอบนอกถนนกาญจนาภิเษก", "date": "22-02-2019 00:15", "retweet": 8, "like": 6}, {"id": "1098632214869303296", "url": "https://twitter.com/UnixFT/status/1098632214869303296", "username": "", "text": "ส่วนต่อขยายหัวลำโพง-หลักสอง มีระยะทาง 14 กม. เส้นทางเริ่มจากสถานีหัวลำโพง เป็นเส้นทางใต้ดินตามแนว ถ.พระราม 4 เข้าสู่ ถ.เจริญกรุง ผ่านวัดมังกรกมลาวาส > วังบูรพา เลี้ยวซ้ายเข้า ถ.สนามไชย ซึ่งเป็นสถานีที่สวยที่สุด แล้วลอดใต้แม่น้ำเจ้าพระยาที่ปากคลองตลาด ลอดใต้คลองบางกอกใหญ่ ต่อ>>", "date": "22-02-2019 00:15", "retweet": 8, "like": 2}, {"id": "1098630054064533504", "url": "https://twitter.com/UnixFT/status/1098630054064533504", "username": "", "text": "นายไพรินทร์ ชูโชติถาวร รมช.คมนาคม ระบุ เม.ย นี้ จะเปิดทดสอบเดิน #รถไฟฟ้า #สายสีน้ำเงิน ส่วนต่อขยายจากสถานีหัวลำโพง - หลักสอง ขณะนี้งานโยธาเสร็จแล้ว100% การติดตั้งระบบรถไฟฟ้าคืบหน้า71% ส่วนขบวนรถไฟฟ้าที่จะมาวิ่งให้บริการจะมาถึงช่วง มี.ค. จำนวน 3 ขบวน ก่อนจะทยอยครบ 35 ขบวนในปี 2563", "date": "22-02-2019 00:06", "retweet": 16, "like": 10}, {"id": "1098586754100031490", "url": "https://twitter.com/UnixFT/status/1098586754100031490", "username": "", "text": "ไม่ใช่อำนาจมืดที่ไหนหรอก แค่มันหน้ามืดจากความดันกำเริบกับเบาหวานขึ้น เท่านั้นเอง", "date": "21-02-2019 21:14", "retweet": 1, "like": 0}, {"id": "1098553087097135105", "url": "https://twitter.com/UnixFT/status/1098553087097135105", "username": "", "text": "สนธิญาณ นั่งแท่นกรรมการ ลุยกอบกู้เครือเนชั่น ฯ https://www. matichonweekly.com/column/article _79154 … pic.twitter.com/eGcYh2aihN", "date": "21-02-2019 19:00", "retweet": 0, "like": 1}, {"id": "1098551957243887621", "url": "https://twitter.com/UnixFT/status/1098551957243887621", "username": "", "text": "ภาษาบ้านๆเท่าที่ทราบ คือ เนชั่นขาดทุนหนักแบกภาระหนี้สินมาหลายปี จนต้องให้ทีมงานจากทีนิวส์เข้ามาช่วยกอบกู้ครับ", "date": "21-02-2019 18:56", "retweet": 4, "like": 2}, {"id": "1098533034851164160", "url": "https://twitter.com/UnixFT/status/1098533034851164160", "username": "", "text": "ไม่ว่าเงินบาทแข็งค่าจะเกิดจากสาเหตุใด ถือว่าเป็นสิ่งที่ควบคุมได้ยากและคาดว่ายังมีแนวโน้มผันผวนตลอดทั้งปี ดังนั้น ผู้ส่งออกไม่ควรเก็งกำไรค่าเงินในทุกกรณี แต่ควรหันมาใช้เครื่องมือป้องกันความเสี่ยงให้มากขึ้น ขณะเดียวกันก็ควรใช้ประโยชน์จากเงินบาทแข็งค่า http://www. nationtv.tv/main/content/3 78691891/?qc= …", "date": "21-02-2019 17:40", "retweet": 4, "like": 8}, {"id": "1098532093473153024", "url": "https://twitter.com/UnixFT/status/1098532093473153024", "username": "", "text": "เศรษฐกิจไทยมีเสถียรภาพด้านต่างประเทศที่แข็งแกร่ง สะท้อนได้จากเงินทุนสำรองระหว่างประเทศที่มีกว่า2 แสนล้านดอลลาร์สหรัฐ สูงเป็นอันดับ12ของโลก หนี้ต่างประเทศต่อGDPต่ำไม่ถึง30% และอัตราเงินเฟ้อต่ำราว 1% ทำให้นักลงทุนในตลาดเงินเชื่อมั่นและทำให้เงินบาทกลายเป็นแหล่งพักเงินสำคัญของภูมิภาค", "date": "21-02-2019 17:37", "retweet": 3, "like": 4}, {"id": "1098530339780083712", "url": "https://twitter.com/UnixFT/status/1098530339780083712", "username": "", "text": "การส่งออกสินค้าของไทยแม้จะถูกกระทบจากสงครามการค้าเช่นเดียวกับประเทศอื่น แต่ไทยก็ยังมีการท่องเที่ยวและการลงทุนจากต่างประเทศที่ขยายตัวโดดเด่นเข้ามาช่วยประคับประคองได้ดี", "date": "21-02-2019 17:30", "retweet": 0, "like": 0}, {"id": "1098529904050589696", "url": "https://twitter.com/UnixFT/status/1098529904050589696", "username": "", "text": "เศรษฐกิจไทยบางภาคส่วนแข็งแกร่งขึ้นสะท้อนได้จากดุลบัญชีเดินสะพัดที่เกินดุลกว่า 7% ต่อ GDPแต่เงินส่วนนี้อาจตกไปไม่ถึงคนส่วนใหญ่ของประเทศเท่าใดนัก ทำให้บางส่วนยังรู้สึกว่าเศรษฐกิจไทยไม่ได้ดีนักซึ่งจริงๆแล้ว อาจต้องใช้คำว่าเศรษฐกิจไทยยืดหยุ่นมากกว่าแข็งแกร่ง http://www. nationtv.tv/main/content/3 78691891/?qc= …", "date": "21-02-2019 17:28", "retweet": 1, "like": 0}, {"id": "1098529049838727168", "url": "https://twitter.com/UnixFT/status/1098529049838727168", "username": "", "text": "นับแต่ปี 2561 เป็นต้นมา เงินบาทของไทยกลายเป็นหนึ่งในสกุลเงินที่แข็งค่าที่สุดในโลก สาเหตุหนึ่งมาจากเศรษฐกิจโลกที่อ่อนแอลงจากปัจจัยเสี่ยงที่เร่งตัวขึ้น ทั้งสงครามการค้าที่เริ่มส่งผลกระทบต่อบรรยากาศการค้าการลงทุนโลก ฯ http://www. nationtv.tv/main/content/3 78691891/?qc= …", "date": "21-02-2019 17:25", "retweet": 1, "like": 1}, {"id": "1098501100733222912", "url": "https://twitter.com/UnixFT/status/1098501100733222912", "username": "", "text": "คนอิสาน(บางคน)เข้าไปคอมเม้นต์แบบนี้ จะสำนึกหรือเปล่าก็ไม่รู้ pic.twitter.com/G78ysrAuAs", "date": "21-02-2019 15:34", "retweet": 25, "like": 21}, {"id": "1098491155950362624", "url": "https://twitter.com/UnixFT/status/1098491155950362624", "username": "", "text": "วันนี้กรมอุตุประกาศเข้าสู่ฤดูร้อนแล้ว ..มาดูแลสุนัขด้วยการฉีดยาป้องกันพิษสุนัขบ้ากันเถอะ pic.twitter.com/4IieepEIy8", "date": "21-02-2019 14:54", "retweet": 0, "like": 1}, {"id": "1098481248018718720", "url": "https://twitter.com/UnixFT/status/1098481248018718720", "username": "", "text": "หน่วยงาน DSI สิ้นมนต์ขลังไปแล้วสินะ", "date": "21-02-2019 14:15", "retweet": 0, "like": 1}, {"id": "1098417288087097344", "url": "https://twitter.com/UnixFT/status/1098417288087097344", "username": "", "text": "คงไม่ได้เห็นเขามาวิ่งเล่นบนต้นไม้ท้ายสวนอีกแล้ว pic.twitter.com/1lJEgWM5E0", "date": "21-02-2019 10:01", "retweet": 0, "like": 1}, {"id": "1098415140771262469", "url": "https://twitter.com/UnixFT/status/1098415140771262469", "username": "", "text": "จากไปแล้วด้วยอาการสงบ ... กลัวจะหิวระหว่างทางเอากล้วยไปกินด้วยนะ pic.twitter.com/8JQViHk9VR", "date": "21-02-2019 09:52", "retweet": 3, "like": 6}, {"id": "1098266894732222466", "url": "https://twitter.com/UnixFT/status/1098266894732222466", "username": "", "text": "แค่เปิด Google พิมพ์ในช่องค้นหาด้วยคำว่า \"ศาลฎีกาพิพากษาคดีเผาศาลากลาง\" ก็มีผลลัพธ์การค้นหาโผล่มาให้อ่านกันหลายสำนักข่าวแล้ว", "date": "21-02-2019 00:03", "retweet": 4, "like": 2}, {"id": "1098262471117201410", "url": "https://twitter.com/UnixFT/status/1098262471117201410", "username": "", "text": "พอเอาภาพ \"นายเพ็ชรทาย วงศ์คำเหลา หรือ หม่ำ จ๊กมก\"มาประกอบบทความเลยถึงบางอ้อทันที", "date": "20-02-2019 23:45", "retweet": 0, "like": 3}, {"id": "1098245166492614656", "url": "https://twitter.com/UnixFT/status/1098245166492614656", "username": "", "text": "สหรัฐอเมริกาไม่ได้รังเกียจรัฐประหาร แต่สหรัฐอเมริการังเกียจรัฐประหารที่ตนไม่ได้ประโยชน์ บทความเก่าเมื่อปี 2015 >> https:// m.facebook.com/story.php?stor y_fbid=840348099337005&id=111151465590009 …", "date": "20-02-2019 22:37", "retweet": 1, "like": 1}, {"id": "1098236629079093249", "url": "https://twitter.com/UnixFT/status/1098236629079093249", "username": "", "text": "ใส่ข้อความอธิบายรูปภาพได้น่ารักดี . . . Cr. : ขอบคุณเจ้าของรูปภาพและผู้ใส่ข้อความดีๆประกอบในรูปภาพ pic.twitter.com/RCBOGhSvZx", "date": "20-02-2019 22:03", "retweet": 1, "like": 6}, {"id": "1098231049358782467", "url": "https://twitter.com/UnixFT/status/1098231049358782467", "username": "", "text": "ถ้าในอนาคตดวงจันทร์ดวงนี้โคจรหายไปจากระบบสุริยะนี้ จะเกิดอะไรขึ้นกับโลกของเรา ? pic.twitter.com/b9dNW7pVWa", "date": "20-02-2019 21:41", "retweet": 0, "like": 0}, {"id": "1098226335221088258", "url": "https://twitter.com/UnixFT/status/1098226335221088258", "username": "", "text": "ถ้าในอนาคตระบบสุริยะจักรวาลนี้เกิดมีดวงจันทร์อีกดวงโคจรมาอยู่คู่กัน 2 ดวง จะเกิดอะไรขึ้นกับโลกเราบ้าง ? pic.twitter.com/epTmtpQTXS", "date": "20-02-2019 21:22", "retweet": 0, "like": 1}, {"id": "1098222981623369730", "url": "https://twitter.com/UnixFT/status/1098222981623369730", "username": "", "text": "คืนนี้พระจันทร์ก็ยังสวยเหมือนเดิม pic.twitter.com/ozqxSEhB0e", "date": "20-02-2019 21:08", "retweet": 1, "like": 4}, {"id": "1098214279226974209", "url": "https://twitter.com/UnixFT/status/1098214279226974209", "username": "", "text": "มองหลายๆมุม ก็น่าสนใจนะ pic.twitter.com/ABS0RGMmXX", "date": "20-02-2019 20:34", "retweet": 0, "like": 0}, {"id": "1098206005425401856", "url": "https://twitter.com/UnixFT/status/1098206005425401856", "username": "", "text": "พรุ่งนี้ 21 ก.พ. 62 กรมอุตุจะออกประกาศเข้าฤดูร้อน .... วันนี้ 20 ก.พ.ยังไม่ร้อนนะ อย่าพึ่งร้อน อดทนไว้ก่อน รอพรุ่งนี้ค่อยร้อนพร้อมๆกัน", "date": "20-02-2019 20:01", "retweet": 0, "like": 0}, {"id": "1098204027345502208", "url": "https://twitter.com/UnixFT/status/1098204027345502208", "username": "", "text": "Thanks pic.twitter.com/SpxDJdRZjT", "date": "20-02-2019 19:53", "retweet": 0, "like": 1}, {"id": "1098203209036750849", "url": "https://twitter.com/UnixFT/status/1098203209036750849", "username": "", "text": "เมื่อเวลา 19.00น. สัตวแพทย์แวะมาดูอาการให้กระรอกแล้ว ท่าทางจะอาการหนักมาก ..ลุ้นกันว่าพรุ่งนี้ว่ามันจะรอดไหม ?", "date": "20-02-2019 19:50", "retweet": 0, "like": 0}, {"id": "1098201735141646338", "url": "https://twitter.com/UnixFT/status/1098201735141646338", "username": "", "text": "เงื่อนไขที่น่าเบื่อ คือ.. \"ขอสงวนสิทธิเปลี่ยนแปลงเงื่อนไขโดยไม่ต้องแจ้งให้ทราบล่วงหน้า เงื่อนไขเป็นไปตามที่....กำหนด\"", "date": "20-02-2019 19:44", "retweet": 0, "like": 3}, {"id": "1098144480752852992", "url": "https://twitter.com/UnixFT/status/1098144480752852992", "username": "", "text": "ยกให้กระรอก pic.twitter.com/S6gZS5eLcC", "date": "20-02-2019 15:57", "retweet": 0, "like": 4}, {"id": "1098128182069190656", "url": "https://twitter.com/UnixFT/status/1098128182069190656", "username": "", "text": "ตั้งข้อสงสัยไว้ว่า : น่าจะโดนกระสุนปืนอัดลมของนายพราน .. พยายามวิ่งเข้ามาในสวน..หมาเห็นเลยวิ่งไปส่งสัญญาณบอก ตอนแรกนึกว่าเห็นงู พอเห็นเป็นกระรอกบาเจ็บเลยรีบจับมาปฐมพยาบาล", "date": "20-02-2019 14:52", "retweet": 0, "like": 0}, {"id": "1098126073437409280", "url": "https://twitter.com/UnixFT/status/1098126073437409280", "username": "", "text": "กระรอกป่าบาดเจ็บ.. *ไปโดนอะไรมาก็ไม่รู้.. *ขังไว้ก่อน* .. เย็นนี้จะให้สัตวแพทย์แวะมาดูอาการ pic.twitter.com/uu45HJLDdg", "date": "20-02-2019 14:43", "retweet": 4, "like": 11}, {"id": "1098015232511754241", "url": "https://twitter.com/UnixFT/status/1098015232511754241", "username": "", "text": "ไข่ห่าน ไข่เป็ด ฝาโออิชิ pic.twitter.com/mA1vXkOcWC", "date": "20-02-2019 07:23", "retweet": 0, "like": 2}, {"id": "1097889614386221056", "url": "https://twitter.com/UnixFT/status/1097889614386221056", "username": "", "text": "คนอเมริกันคงจะงงว่า การแทรกแซงทางการเมืองของอเมริกาในอัฟกานิสถานครั้งนี้นำกำลังพลทหารไปพร้อมกับอาวุธสงครามและมีการตายมากมาย มันคือการเมืองแบบไหนกันหนอ #อเมริกันงงงวย", "date": "19-02-2019 23:04", "retweet": 2, "like": 2}, {"id": "1097888342291636226", "url": "https://twitter.com/UnixFT/status/1097888342291636226", "username": "", "text": "ภาพดวงจันทร์ในเลนส์กล้องรุ่นเก่า pic.twitter.com/S7mdl1PgmU", "date": "19-02-2019 22:59", "retweet": 11, "like": 4}, {"id": "1097884066819391488", "url": "https://twitter.com/UnixFT/status/1097884066819391488", "username": "", "text": "ลงทุนหนักกว่าเดิมอีก", "date": "19-02-2019 22:42", "retweet": 0, "like": 2}, {"id": "1097881393055428608", "url": "https://twitter.com/UnixFT/status/1097881393055428608", "username": "", "text": "หน้าที่ของทหารมีบัญญัติไว้ใน รธน. หมวดที่ ๕ หน้าที่ของรัฐ มาตรา ๕๒ ความว่าอย่างไรนั้นไปเปิดอ่านดูกันเลยนะ", "date": "19-02-2019 22:31", "retweet": 0, "like": 0}, {"id": "1097822456616611840", "url": "https://twitter.com/UnixFT/status/1097822456616611840", "username": "", "text": "โผล่มาแล้ว ..พระจันทร์ดวงเดิมเพิ่มเติมคือวันนี้โคจรเข้าไกล้โลกจนเห็นเป็นดวงใหญ่ชัดเจน pic.twitter.com/H8KMCbvWff", "date": "19-02-2019 18:37", "retweet": 2, "like": 14}, {"id": "1097821561795403776", "url": "https://twitter.com/UnixFT/status/1097821561795403776", "username": "", "text": "ชูวิทย์แกเป็นเพื่อนกับบิ๊กแดง ..เงี่ยหูฟังแกไว้บ้างก็ไม่เสียหายอะไรหรอกนะ https:// twitter.com/prachachat/sta tus/1097817067087048704 …", "date": "19-02-2019 18:33", "retweet": 2, "like": 0}, {"id": "1097781757774942208", "url": "https://twitter.com/UnixFT/status/1097781757774942208", "username": "", "text": "ข่าวเมื่อ 9 ปีที่ผ่านมา เยาวชนที่วันนี้อายุ 18 ปี ในตอนนั้นคงจะ 9 ขวบ https:// twitter.com/MatichonOnline /status/14280870570 …", "date": "19-02-2019 15:55", "retweet": 4, "like": 1}, {"id": "1097759655843876864", "url": "https://twitter.com/UnixFT/status/1097759655843876864", "username": "", "text": "ถ้าอยากรู้เรื่องบิ๊กแดงให้ถามชูวิทย์", "date": "19-02-2019 14:27", "retweet": 0, "like": 1}, {"id": "1097718870658273280", "url": "https://twitter.com/UnixFT/status/1097718870658273280", "username": "", "text": "มึงต้องการอะไร ? แค่กูแปะให้มึงอ่านตามที่เขาแชร์กันมา มึงยังไม่เข้าใจและกำลังจะก่อกวนในทวิตด้วยภาษาวนในกะลานี่เหรอ ?", "date": "19-02-2019 11:45", "retweet": 0, "like": 0}, {"id": "1097717294728245248", "url": "https://twitter.com/UnixFT/status/1097717294728245248", "username": "", "text": "ลองไปอ่านดู แล้วก็อธิบายตามที่คุณเข้าใจให้ทุกคนรับทราบโดยทั่วๆกันไปด้วย https:// twitter.com/joom_nisa/stat us/1097474437488664582?s=19 …", "date": "19-02-2019 11:39", "retweet": 0, "like": 0}, {"id": "1097716945149820928", "url": "https://twitter.com/UnixFT/status/1097716945149820928", "username": "", "text": "ต้นฉบับคนขีดอยู่ที่ทวิตนี้ ไปอธิบายให้เขาเข้าใจด้วยสิ >> https:// twitter.com/joom_nisa/stat us/1097474437488664582?s=19 …", "date": "19-02-2019 11:38", "retweet": 0, "like": 0}, {"id": "1097713737572569088", "url": "https://twitter.com/UnixFT/status/1097713737572569088", "username": "", "text": "เห็นเขาว่าตรงนี้ pic.twitter.com/bhUgObu9dE", "date": "19-02-2019 11:25", "retweet": 0, "like": 0}, {"id": "1097712029991788545", "url": "https://twitter.com/UnixFT/status/1097712029991788545", "username": "", "text": "เงินบาทแข็งค่า : ตัวเลข 2 นำหน้าแบบนี้ไม่ได้เห็นมานานกว่า 23 ปีแล้ว ที่มา : https:// kasikornbank.com/th/rate/Pages/ Foreign-Exchange.aspx … https://twitter.com/UnixFT/status/1097711292846989312/photo/1 pic.twitter.com/dpve1ArW9k pic.twitter.com/eJVyLfb8XU", "date": "19-02-2019 11:18", "retweet": 438, "like": 37}, {"id": "1097709943438757888", "url": "https://twitter.com/UnixFT/status/1097709943438757888", "username": "", "text": "ไม่น่าเชื่อว่าเงินบาทของไทยจะกลับมาแข็งค่าได้ตัวเลข 2 นำหน้าอีกครั้ง หลังจากเห็นครั้งสุดท้ายเมื่อ 23 ปีก่อน pic.twitter.com/hYMpekbKsx", "date": "19-02-2019 11:10", "retweet": 11072, "like": 861}, {"id": "1097501073432993793", "url": "https://twitter.com/UnixFT/status/1097501073432993793", "username": "", "text": "น้อยใจแฟนสาว ซึ่งเป็นทีมงานหาเสียง ที่ได้ไปหาเสียงช่วยในวันที่ 14 ก.พ. ซึ่งเป็นวันแห่งความรัก นัดหมายรับประทานอาหารเย็นร่วมกัน เพื่อฉลองวันวาเลนไทน์ และตั้งใจที่จะเซอร์ไพรซ์มอบของขวัญเพื่อขอแต่งงาน แต่เมื่อถึงเวลานัด แฟนสาวติดภารกิจในการหาเสียงจึงทำให้โกรธ http://www. komkhaotuathai.com/content/9883", "date": "18-02-2019 21:20", "retweet": 1, "like": 0}, {"id": "1097495485609168896", "url": "https://twitter.com/UnixFT/status/1097495485609168896", "username": "", "text": "อยากนั่งเก้าอี้นายกฯก็แนะนำให้ไปร่วมงานกับเด็กๆในวันเสาร์ที่สองของเดือนมกราคมในทุกๆปีเลยนะ", "date": "18-02-2019 20:58", "retweet": 2, "like": 2}, {"id": "1097490626461892614", "url": "https://twitter.com/UnixFT/status/1097490626461892614", "username": "", "text": "ยังไม่เจอแบบตรงๆเลยครับ ..คงเป็นปัญหาระดับชาติของบางพื้นที่ ที่ต้องไปดูแนวทางการที่จะผลักดันของนักการเมืองในพื้นที่ว่าเขามีแนวทางอย่างไร ซึ่งแต่ละพื้นที่ผู้สมัครส.ส.ก็จะเสนอแนวทางกันต่างๆนาๆ", "date": "18-02-2019 20:38", "retweet": 0, "like": 1}, {"id": "1097481191299543041", "url": "https://twitter.com/UnixFT/status/1097481191299543041", "username": "", "text": "กรณีข่าวว่า ผบ.ทบ.ได้สั่งการให้กรมกิจการพลเรือนทหารบก นำเพลง #หนักแผ่นดิน ไปเปิดตามสถานีวิทยุกองทัพบกที่มีกว่า 126 สถานีทั่วประเทศทุกวันนั้น ..ถ้าเป็นข่าวปลอม !! จะรอดูว่ามีใครไปเที่ยวผาเงิบอีกบ้าง ? pic.twitter.com/LodIig1epo", "date": "18-02-2019 20:01", "retweet": 1, "like": 0}, {"id": "1097478157039370240", "url": "https://twitter.com/UnixFT/status/1097478157039370240", "username": "", "text": "เศรษฐกิจ การเมือง การปกครอง ความมั่นคงทางทหาร ต้องรวมเป็นหนึ่งและเดินไปในทิศทางเดียวกัน", "date": "18-02-2019 19:49", "retweet": 5, "like": 3}, {"id": "1097445525236867072", "url": "https://twitter.com/UnixFT/status/1097445525236867072", "username": "", "text": "ฝรั่ง(ชาวสโลวีเนีย)น้อยใจแฟนทิ้งไปช่วย ส.ส.หาเสียง...แกเลยไปลงที่ป้ายหาเสียงซะงั้น !! สนข.เสียงลำปาว : http:// lampaovoice.com/content/928 #เลือกตั้ง #เลือกตั้ง62 pic.twitter.com/pLCFze4h5V", "date": "18-02-2019 17:39", "retweet": 2, "like": 1}, {"id": "1097432223454621696", "url": "https://twitter.com/UnixFT/status/1097432223454621696", "username": "", "text": "เคยได้รับคำตอบมาว่า ถ้าไม่มีคนสมัครล่ะ ? เขาตอบว่า เพิ่มแรงจูงใจด้วยสวัสดิการ ฯ เลยถามต่อว่า : เพราะมีการอยากได้สวัสดิการ จนเกิดการสมัครเกินอัตราที่กำหนด จะทำแบบไหน ? เขาตอบว่า เกณฑ์ออก ผลคือก็มาระบบเกณฑ์เหมือนเดิม เผลอๆใช้เส้นสายเกณฑ์กันเข้าไปรับสวัสดิการ ลูกคนจนหมดสิทธิ์อีก", "date": "18-02-2019 16:46", "retweet": 7, "like": 3}, {"id": "1097430019486314496", "url": "https://twitter.com/UnixFT/status/1097430019486314496", "username": "", "text": "ดูจากผลโพลนี้แล้ว คะแนนอันดับ 3 #ไม่แน่ใจ (ว่าจะเลือกใคร) 11.91% คงเป็นตัวแปรสำคัญในโค้งสุดท้ายแน่ๆ ..รวมทั้งคะแนนผู้ VOTE NO (ที่ 6.26%) ก็อาจมีการเปลี่ยนใจขยับไปทำแต้มให้อีกพรรคขยับก็เป็นได้ #เลือกตั้ง #เลือกตั้ง2562 #เลือกตั้ง62 pic.twitter.com/GRuirkBau8", "date": "18-02-2019 16:38", "retweet": 3, "like": 0}, {"id": "1097383344239566849", "url": "https://twitter.com/UnixFT/status/1097383344239566849", "username": "", "text": "Facebook มีข่าวปลอมแพร่กระจายเยอะอาจเป็นเรื่องที่คนรู้กันอยู่แล้ว ล่าสุดฝ่ายกฎหมายของสภาอังกฤษออกรายงานอย่างเป็นทางการระบุชัดเจนว่า Facebook คือแหล่งแพร่กระขายข่าวปลอม ไม่ปฏิบัติตามกฎคุ้มครองข้อมูลส่วนตัว ฯ #Facebook #ข่าวปลอม #เลือกตั้ง https://www. blognone.com/node/108184", "date": "18-02-2019 13:32", "retweet": 21, "like": 7}, {"id": "1097342535343558656", "url": "https://twitter.com/UnixFT/status/1097342535343558656", "username": "", "text": "กำลังจะเดินทางไปทำธุระที่ อ.ปากช่อง ก็มีข้อความจาก lazada ให้อยู่รอรับสินค้าที่จะมาส่งในวันนี้ พร้อมแจ้งให้เตรียมเงินไว้ชำระค่าสินค้าด้วยราคา x,xxx บาท (แบบเก็บเงินปลายทาง) ถ้ามาส่งตามที่แจ้งจะเป็นระบบการแจ้งเตือนที่ดีมาก แต่ถ้าไม่โผล่มาก็จะเป็นระบบที่ห่วยมาก", "date": "18-02-2019 10:50", "retweet": 0, "like": 0}, {"id": "1097329429653508096", "url": "https://twitter.com/UnixFT/status/1097329429653508096", "username": "", "text": "เสี่ยไก่ต้องเอา\"บ้านเอื้ออาทรโมเดล\" เคาะกะบาลครับ", "date": "18-02-2019 09:58", "retweet": 0, "like": 0}, {"id": "1097328153733656576", "url": "https://twitter.com/UnixFT/status/1097328153733656576", "username": "", "text": "ผมเกิดไม่ทันตอนพระราชพิธีบรมราชาภิเษกในหลวง ร.๙ ขึ้นครองราชย์ เพียงได้อ่านและศึกษาตามตำราเท่านั้น การที่จะได้เห็นพระราชพิธีบรมราชาภิเษกของ ร.๑๐ จึงเป็นสิ่งที่คาดหวังไว้ว่าจะได้ความรู้จากพระราชพิธีในครั้งนี้", "date": "18-02-2019 09:53", "retweet": 72, "like": 84}]