[{"id": "1099309117590495233", "url": "https://twitter.com/Unlimitedheart/status/1099309117590495233", "username": "", "text": "คนมันจัญไรรรร", "date": "23-02-2019 21:04", "retweet": 1, "like": 0}, {"id": "1099308832612741121", "url": "https://twitter.com/Unlimitedheart/status/1099308832612741121", "username": "", "text": "ลองเสิร์ชคำว่า “นายกที่เหี้ยและโง่ที่สุด” ใน Google ดูวิครับ https:// twitter.com/Stop_Dadjarit/ status/1099200587025928192 …", "date": "23-02-2019 21:03", "retweet": 2, "like": 0}, {"id": "1099285788691451904", "url": "https://twitter.com/Unlimitedheart/status/1099285788691451904", "username": "", "text": "Congratulations krub P’ (@Golden Dargron Resort in Bang Phutsa, Sing Buri) https://www. swarmapp.com/c/j4fuMegkzju pic.twitter.com/l8Oe1lRkkF", "date": "23-02-2019 19:32", "retweet": 0, "like": 0}, {"id": "1099225531319431168", "url": "https://twitter.com/Unlimitedheart/status/1099225531319431168", "username": "", "text": "คือ ทวิตเตอร์ก่อตั้งขึ้น เมื่อเดือนมีนาคม 2549 นับถึงตอนนี้ก็แค่ 12 ปี คำถามคือ มึงเล่นทวิตเตอร์มายังไง 27 ปี หรือว่ามึงมาจากโลกอนาคต? #ฟ้ารักพ่อ #savetanathorn https:// twitter.com/thailandcaptia n/status/1099184034607853569 …", "date": "23-02-2019 15:32", "retweet": 868, "like": 88}, {"id": "1099164124787793920", "url": "https://twitter.com/Unlimitedheart/status/1099164124787793920", "username": "", "text": "คนจบด๊อกเตอร์ เหี้ยๆ มีถมเถไป ไอ้จักรก็เป็นหนึ่งในนั้น https:// twitter.com/kekaman/status /1099163544988176384 …", "date": "23-02-2019 11:28", "retweet": 1, "like": 2}, {"id": "1099163752019054592", "url": "https://twitter.com/Unlimitedheart/status/1099163752019054592", "username": "", "text": "#ทรงพระสเลนเดอร์ https:// twitter.com/paisalvision/s tatus/1099163250271240192 …", "date": "23-02-2019 11:27", "retweet": 1, "like": 1}, {"id": "1099160657264406529", "url": "https://twitter.com/Unlimitedheart/status/1099160657264406529", "username": "", "text": "วิสัยทัศน์ ไม่มี... สิ่งที่มีอย่างเดียว คือ ความเลว... https:// twitter.com/voiceonlineth/ status/1099159219037601792 …", "date": "23-02-2019 11:14", "retweet": 0, "like": 0}, {"id": "1099151236312424449", "url": "https://twitter.com/Unlimitedheart/status/1099151236312424449", "username": "", "text": "มีสิครับ https:// twitter.com/eva_efacin/sta tus/1099147595685883904 …", "date": "23-02-2019 10:37", "retweet": 0, "like": 1}, {"id": "1098965297246003200", "url": "https://twitter.com/Unlimitedheart/status/1098965297246003200", "username": "", "text": "ลงข้อมูลอันเป็นเท็จ ผิด พรบ.คอมพ์ นะครับ https:// twitter.com/lastifound/sta tus/1098601647851429891 …", "date": "22-02-2019 22:18", "retweet": 0, "like": 0}, {"id": "1098964880999145472", "url": "https://twitter.com/Unlimitedheart/status/1098964880999145472", "username": "", "text": "คือ คนเหี้ย ด้วย https:// twitter.com/redbamboo16/st atus/1098964618448261120 …", "date": "22-02-2019 22:17", "retweet": 3, "like": 3}, {"id": "1098921116687511552", "url": "https://twitter.com/Unlimitedheart/status/1098921116687511552", "username": "", "text": "อยู่ได้น้อยเกินไป ทำรัฐประหารเถอะ จะได้อยู่อีกยาวๆลุง @prayutofficial #savethanathon #เลือกตั้งปี2562 #หนักเเผ่นดิน https:// twitter.com/phoom91/status /1098732307861491712 …", "date": "22-02-2019 19:23", "retweet": 2, "like": 0}, {"id": "1098902749138190337", "url": "https://twitter.com/Unlimitedheart/status/1098902749138190337", "username": "", "text": "อย่ายอมแพ้ ความอ่อนแอในใจ ต้องเอาชนะมันให้ได้นะครับ เป็นกำลังใจให้ ;)", "date": "22-02-2019 18:10", "retweet": 0, "like": 1}, {"id": "1098901947464089600", "url": "https://twitter.com/Unlimitedheart/status/1098901947464089600", "username": "", "text": "อยู่ด้วยกันนานๆครับ ;)", "date": "22-02-2019 18:06", "retweet": 0, "like": 0}, {"id": "1098898336134778880", "url": "https://twitter.com/Unlimitedheart/status/1098898336134778880", "username": "", "text": "ถ้ามึงรับคำด่าของคนในชาติ รับรองว่าที่บ้านคงไม่มีที่เก็บ https:// twitter.com/prayutofficial /status/1098865734644568064 …", "date": "22-02-2019 17:52", "retweet": 1, "like": 1}, {"id": "1098861845505441794", "url": "https://twitter.com/Unlimitedheart/status/1098861845505441794", "username": "", "text": "มีสิ่งที่ดีกว่า รออยู่ข้างหน้า เชื่อผม... A Tu Corazon... https:// twitter.com/spywarey/statu s/1098861390004027393 …", "date": "22-02-2019 15:27", "retweet": 1, "like": 0}, {"id": "1098861174685347841", "url": "https://twitter.com/Unlimitedheart/status/1098861174685347841", "username": "", "text": "ที่เห็นตอนนั้น มันไม่ใช่นี่ครับ https:// twitter.com/spywarey/statu s/1098861028991852544 …", "date": "22-02-2019 15:24", "retweet": 1, "like": 0}, {"id": "1098858651224162304", "url": "https://twitter.com/Unlimitedheart/status/1098858651224162304", "username": "", "text": "มีแฟนรึยังครับ? https:// twitter.com/spywarey/statu s/1098857101114241024 …", "date": "22-02-2019 15:14", "retweet": 2, "like": 1}, {"id": "1098851659034157056", "url": "https://twitter.com/Unlimitedheart/status/1098851659034157056", "username": "", "text": "ขี้เหนียวจัง", "date": "22-02-2019 14:47", "retweet": 0, "like": 0}, {"id": "1098850882932813824", "url": "https://twitter.com/Unlimitedheart/status/1098850882932813824", "username": "", "text": "กินด้วย https:// twitter.com/aeisang/status /1098849952577466368 …", "date": "22-02-2019 14:44", "retweet": 0, "like": 0}, {"id": "1098835640664317954", "url": "https://twitter.com/Unlimitedheart/status/1098835640664317954", "username": "", "text": "ยุบสิยุบ กล้าๆหน่อย #ฟ้ารักพ่อ #SaveThanathorn https:// twitter.com/Thairath_News/ status/1098779421970903042 …", "date": "22-02-2019 13:43", "retweet": 0, "like": 0}, {"id": "1098830625543311361", "url": "https://twitter.com/Unlimitedheart/status/1098830625543311361", "username": "", "text": "“บิ๊กตู่” จ่อส่งหนังสือเทียบเชิญ 194 ส.ว. ขออย่าดูถูก แม้จะแต่งตั้งเอง แต่ 250 ส.ว.ก็มีสมอง https://www. prachachat.net/politics/news- 293243 … via @ประชาชาติ ปากหมาตลอดเลยนะมึง ถ้าแน่จริงแล้วทำไมไม่ให้ประชาชนเลือก ส.ว.มาเอง ถรุยส์ ไอ้กระจอก!", "date": "22-02-2019 13:23", "retweet": 3, "like": 1}, {"id": "1098607274237534208", "url": "https://twitter.com/Unlimitedheart/status/1098607274237534208", "username": "", "text": "(เกือบ)ห้าปี สนช. ประชาชนได้อะไร? https:// thaipublica.org/2019/02/five-y ears-nla-what-people-get/ … ประชาชนได้เหี้ยแก่ๆมาออกกฎหมาย และได้แดกเงินภาษีประชาชนอย่างสบายใจ", "date": "21-02-2019 22:35", "retweet": 1, "like": 0}, {"id": "1098591975077494785", "url": "https://twitter.com/Unlimitedheart/status/1098591975077494785", "username": "", "text": "พอทดลองพิมพ์คำว่า “ #นายกที่เหี้ยและโง่ที่สุด ” ใน Google ดู ปรากฏว่าเป็นลุงจริงๆด้วยยยยย pic.twitter.com/uXeVorWdc1", "date": "21-02-2019 21:35", "retweet": 12, "like": 4}, {"id": "1098582270544293888", "url": "https://twitter.com/Unlimitedheart/status/1098582270544293888", "username": "", "text": "มาเต็มยศเลยนะครับ", "date": "21-02-2019 20:56", "retweet": 0, "like": 0}, {"id": "1098582159084810240", "url": "https://twitter.com/Unlimitedheart/status/1098582159084810240", "username": "", "text": "'คมนาคม' เด้งรับสั่งศึกษา 'ไฮเปอร์ลูป' หลังเอกชนเสนอสร้าง 2 เส้นทาง https://www. thebangkokinsight.com/107317/", "date": "21-02-2019 20:56", "retweet": 0, "like": 0}, {"id": "1098580599177064451", "url": "https://twitter.com/Unlimitedheart/status/1098580599177064451", "username": "", "text": "เราจะเข้าใจความรักมากขึ้น เมื่อครั้งหนึงเราเคยมีและสูญเสียมันไป", "date": "21-02-2019 20:50", "retweet": 2, "like": 3}, {"id": "1098568307139956736", "url": "https://twitter.com/Unlimitedheart/status/1098568307139956736", "username": "", "text": "\"10 ปี 3เดือน 21วัน\" เปิดโปง รัฐบาลทหาร ยึดอำนาจประชาชน ยาวนานสุด https://www. thairath.co.th/content/1500990 #ฟ้ารักพ่อ #หนักแผ่นดิน", "date": "21-02-2019 20:01", "retweet": 0, "like": 2}, {"id": "1098254504854573057", "url": "https://twitter.com/Unlimitedheart/status/1098254504854573057", "username": "", "text": "จีนจำคุกนายพลตลอดชีวิต อดีตเสนาธิการกองทัพ เจอเช็กบิลรวยไม่มีที่มา https://www. khaosod.co.th/around-the-wor ld-news/news_2232265 … via @ข่าวสด ถ้าใช้มาตรฐานเดียวกับจีน กองทัพไทย คงเหลือแต่พลทหาร", "date": "20-02-2019 23:14", "retweet": 14, "like": 7}, {"id": "1098144957913739264", "url": "https://twitter.com/Unlimitedheart/status/1098144957913739264", "username": "", "text": "เราสมเพชมัน แต่มันหนังหน้าหนา กลับสมเพชประชาชนแทน", "date": "20-02-2019 15:58", "retweet": 0, "like": 0}, {"id": "1098122652659503105", "url": "https://twitter.com/Unlimitedheart/status/1098122652659503105", "username": "", "text": "ถ้าไม่มี #เลือกตั้งปี2562 ประชาชนควรทำยังไงดี? #โพล #หนักแผ่นดิน", "date": "20-02-2019 14:30", "retweet": 3, "like": 2}, {"id": "1098094078988673025", "url": "https://twitter.com/Unlimitedheart/status/1098094078988673025", "username": "", "text": "สนิม เกิดแต่เนื้อในตน... #หนักเเผ่นดิน #หนักภาษีกูด้วย https:// twitter.com/redbamboo16/st atus/1098036619838251008 …", "date": "20-02-2019 12:36", "retweet": 0, "like": 0}, {"id": "1098090953951203328", "url": "https://twitter.com/Unlimitedheart/status/1098090953951203328", "username": "", "text": "#ประเทศกูมี ตำรวจเป็นขี้ข้าทหาร ถรุยยส์ https:// twitter.com/WassanaNanuam/ status/1098065378553384960 …", "date": "20-02-2019 12:24", "retweet": 0, "like": 0}, {"id": "1098049220299214848", "url": "https://twitter.com/Unlimitedheart/status/1098049220299214848", "username": "", "text": "เตือนเศรษฐกิจไทยติดกับดักหนี้ จี้รัฐบาลเข้ม “วินัยการคลัง” https://www. prachachat.net/finance/news-2 91431 … via @ประชาชาติ", "date": "20-02-2019 09:38", "retweet": 0, "like": 0}, {"id": "1098037738379464704", "url": "https://twitter.com/Unlimitedheart/status/1098037738379464704", "username": "", "text": "บิ๊วลูกน้องให้เตรียมทำ #รัฐประหาร ล่ะสิ?? ไอ้พวก #หนักแผ่นดิน https:// twitter.com/wassanananuam/ status/1098027214996525057 …", "date": "20-02-2019 08:52", "retweet": 1, "like": 0}, {"id": "1098028434435887105", "url": "https://twitter.com/Unlimitedheart/status/1098028434435887105", "username": "", "text": "ใครทำรัฐประหาร คนนั้นเป็นคน #หนักเเผ่นดิน", "date": "20-02-2019 08:15", "retweet": 2, "like": 2}, {"id": "1097726906789548033", "url": "https://twitter.com/Unlimitedheart/status/1097726906789548033", "username": "", "text": "55555555555 #หนักเเผ่นดิน https:// twitter.com/chin1103/statu s/1097721670645669888 …", "date": "19-02-2019 12:17", "retweet": 8, "like": 8}, {"id": "1097699602566807552", "url": "https://twitter.com/Unlimitedheart/status/1097699602566807552", "username": "", "text": "ฝากบอกดีเจว่าขอเพลง #ประเทศกูมี ด้วยได้มั้ยครับ? #หนักแผ่นดิน https:// twitter.com/WassanaNanuam/ status/1097466134326964224 …", "date": "19-02-2019 10:29", "retweet": 3, "like": 0}, {"id": "1097696456146771968", "url": "https://twitter.com/Unlimitedheart/status/1097696456146771968", "username": "", "text": "ขยะในบ้านที่ไร้ประโยชน์ มึงจะเก็บไว้บูชาหรอวะ Ask real?? #หนักแผ่นดิน https:// twitter.com/su_radet/statu s/1097382532872454144 …", "date": "19-02-2019 10:16", "retweet": 8, "like": 2}, {"id": "1097666212421558272", "url": "https://twitter.com/Unlimitedheart/status/1097666212421558272", "username": "", "text": "หากลุงตู่แพ้ #เลือกตั้ง เค้าก็เตรียมทำ #รัฐประหาร อยู่แล้ว ดังนั้น อยากจะทำ ก็ทำตอนนี้เลย ประชาชนจะได้ตาสว่างมากขึ้นเรื่อยๆ ประเทศนี้กำลังเดินไปสู่จุดที่ต้องเสียเลือดเนื้อ ถึงจะมีการเปลี่ยนแปลงได้อยู่แล้ว #รัฐประหาร เถอะ จะรอทำไม? https:// twitter.com/chuvit_online/ status/1097529212154474505 …", "date": "19-02-2019 08:16", "retweet": 14, "like": 10}, {"id": "1097444934934646785", "url": "https://twitter.com/Unlimitedheart/status/1097444934934646785", "username": "", "text": "ไอ้คนๆนี้ก็ #หนักแผ่นดิน จนถึงกับขนาดล้มละลายเลย https:// twitter.com/BenjVrich/stat us/1097121789870632960 …", "date": "18-02-2019 17:37", "retweet": 3, "like": 1}, {"id": "1097408254554959872", "url": "https://twitter.com/Unlimitedheart/status/1097408254554959872", "username": "", "text": "จะทำรัฐประหารก็รีบทำเลย อย่ามัวลีลา #isus กูรออยู่ ไอ้พวก #หนักแผ่นดิน https:// twitter.com/matichononline /status/1097388826970845185 …", "date": "18-02-2019 15:11", "retweet": 1, "like": 0}, {"id": "1097403441700163584", "url": "https://twitter.com/Unlimitedheart/status/1097403441700163584", "username": "", "text": "รบกวนตอบคำถามเรื่อง #หนักแผ่นดิน ด้วยนะครับ เพราะคาใจมากว่า ตกลงใครกันแน่ที่ #หนักแผ่นดิน https:// twitter.com/chaturon/statu s/1097396902960582656 …", "date": "18-02-2019 14:52", "retweet": 6, "like": 4}]