[{"id": "1099151742640345088", "url": "https://twitter.com/urFighter123/status/1099151742640345088", "username": "", "text": "คุณแม่ค่ะ บางทีท่านเหมือนจะไม่เข้าใจเรา มีทะเลาะบ้างบางครั้ง แต่ท่านก็อยู่ข้างๆเราเสมอ ตอนที่รู้สึกดาวน์มากๆ จนอยากตาย ตอนนั้นคิดถึงคุณแม่ ก็รู้สึกว่าไม่อยากให้ท่านต้องเสียใจเพราะเรา", "date": "23-02-2019 10:39", "retweet": 0, "like": 0}, {"id": "1099143081570385920", "url": "https://twitter.com/urFighter123/status/1099143081570385920", "username": "", "text": "เกิดวันพุธค่ะ ตั้งรูปพระจันทร์มาพักใหญ่แล้ว การเงินไหลคล่องตัวมากค่ะ //ไหลออก 5555555", "date": "23-02-2019 10:05", "retweet": 0, "like": 0}, {"id": "1098491356442329089", "url": "https://twitter.com/urFighter123/status/1098491356442329089", "username": "", "text": "ที่ทำอยู่ทุกวันนี้ อยากถามลุงว่าเหนื่อยไหม ที่หลอกตัวเองว่า ปชช โง่ ละจะทำอะไรก็ได้ เราไม่รู้อะไรหรอก ทั้งที่ความจริงก็ทนโท่อยู่ตรงนี้ หลอกตัวเองว่าตัวเองทำได้ดี ดีแต่สั่ง งอแง เป็นเด็กๆ ลุงแก่แล้วนะ ดึงบัตร ปชช ออกมาดูอายุบ้าง โตได้แล้วลุง #Savethanatorn pic.twitter.com/YkYj83rIIr", "date": "21-02-2019 14:55", "retweet": 152, "like": 40}, {"id": "1098472266990383106", "url": "https://twitter.com/urFighter123/status/1098472266990383106", "username": "", "text": "น่ารักเนอะ", "date": "21-02-2019 13:39", "retweet": 0, "like": 0}, {"id": "1098400705172299776", "url": "https://twitter.com/urFighter123/status/1098400705172299776", "username": "", "text": "คนมีปัญญา เขาก็สู้ด้วยปัญญา มันก็มีแต่คนกากแหละ ที่เล่นวิธีสกปรก สู้ๆ นะลุง หนูจะนั่งดูลุงเล่นเกมแบบสกปรกและขำไปกับมันอย่างสะใจ เพราะลุงทำได้แค่นี้แหละ และลุงไม่มีทางเปลี่ยนใจพวกหนูได้ #savethanatorn", "date": "21-02-2019 08:55", "retweet": 2, "like": 2}]