[{"id": "1098565398935482368", "url": "https://twitter.com/veel3in/status/1098565398935482368", "username": "", "text": "ทำไม #ประชาธิปัตย์ เป็นพรรคเดียวที่ไม่ตอบว่าจะจับมือกับ #พลังประชารัฐ ไหม? เพราะอะไรน๊าา #เลือกตั้ง62", "date": "21-02-2019 19:49", "retweet": 0, "like": 0}, {"id": "1098559883522129925", "url": "https://twitter.com/veel3in/status/1098559883522129925", "username": "", "text": "ก็มาดิคับ", "date": "21-02-2019 19:27", "retweet": 0, "like": 0}, {"id": "1098176944498069505", "url": "https://twitter.com/veel3in/status/1098176944498069505", "username": "", "text": "มันคือไรหรอคะ?", "date": "20-02-2019 18:06", "retweet": 0, "like": 1}, {"id": "1098092066133880834", "url": "https://twitter.com/veel3in/status/1098092066133880834", "username": "", "text": "กลัวกดแล้วนิ้วกุด", "date": "20-02-2019 12:28", "retweet": 0, "like": 0}, {"id": "1098091867072126976", "url": "https://twitter.com/veel3in/status/1098091867072126976", "username": "", "text": "#พลังประชารัฐ อาจโดนยุบ ..? อ่านข่าวละไม่ได้ดีใจนะ คิดอย่างเดียวจะ #ปฏิวัติ หรอออออ?? #เลือกตั้ง62 #ข่าวช่องวัน pic.twitter.com/FCKRCY6A84", "date": "20-02-2019 12:27", "retweet": 1, "like": 0}]