[{"id": "1099431963046363136", "url": "https://twitter.com/vihok/status/1099431963046363136", "username": "", "text": "3762 #ฮือฮาหนักมาก ขายพรหมจรรย์ !! นักการเมืองญี่ปุ่นคว้าอึ๊บคนแรก https://www. facebook.com/vihoktherdsak/ videos/268031177422684/ …", "date": "24-02-2019 05:13", "retweet": 0, "like": 0}, {"id": "1099397106261929984", "url": "https://twitter.com/vihok/status/1099397106261929984", "username": "", "text": "https://www. facebook.com/vihoktherdsak/ posts/2117246161646248 …", "date": "24-02-2019 02:54", "retweet": 0, "like": 0}, {"id": "1099393951746842624", "url": "https://twitter.com/vihok/status/1099393951746842624", "username": "", "text": "https://www. facebook.com/vihoktherdsak/ posts/2117233571647507 …", "date": "24-02-2019 02:41", "retweet": 0, "like": 0}, {"id": "1099393240392962049", "url": "https://twitter.com/vihok/status/1099393240392962049", "username": "", "text": "#ใครจะเชื่อ !! ข้าว กัญชา โคตรมาไกล ด้วยฝีมือ ดร.อาทิตย์ อถไรรัตน์ https://www. facebook.com/vihoknews/vide os/404983310265344/ …", "date": "24-02-2019 02:39", "retweet": 0, "like": 0}, {"id": "1099392349829038085", "url": "https://twitter.com/vihok/status/1099392349829038085", "username": "", "text": "#ใครจะเชื่อ !! ข้าว กัญชา โคตรมาไกล ด้วยฝีมือ ดร.อาทิตย์ อุไรรัตน์ https://www. facebook.com/vihoktherdsak/ videos/265853667664288/ …", "date": "24-02-2019 02:35", "retweet": 0, "like": 0}, {"id": "1099391893656367104", "url": "https://twitter.com/vihok/status/1099391893656367104", "username": "", "text": "เวเนฯคือตัวอย่างที่ดีสำหรับประเทศไทย ที่แม้ผลการเลือกตั้งออกมา มาดูโร่จะชนะ ฝ่ายต่อต้านไม่ยอมรับ แถมลากสหรัฐเข้ามาร่วมต่อต้าน สงครามเกิดขึ้นแน่แบบนี้ในเวเนฯ มิต่างซีเรีย https://www. facebook.com/vihoktherdsak/ posts/2117224738315057 …", "date": "24-02-2019 02:33", "retweet": 0, "like": 0}, {"id": "1099376079200866304", "url": "https://twitter.com/vihok/status/1099376079200866304", "username": "", "text": "#หนักแผ่นดิน โดย โจ&ก้อง https://www. facebook.com/vihoktherdsak/ posts/2117162154987982 …", "date": "24-02-2019 01:30", "retweet": 0, "like": 0}, {"id": "1099345432495382528", "url": "https://twitter.com/vihok/status/1099345432495382528", "username": "", "text": "เวเนฯกำลังแตกหักปะทะกันเดือด https://www. facebook.com/vihoktherdsak/ posts/2117026951668169 …", "date": "23-02-2019 23:29", "retweet": 0, "like": 0}, {"id": "1099326075350376448", "url": "https://twitter.com/vihok/status/1099326075350376448", "username": "", "text": "สัญญาณมันแรงมาก https://www. facebook.com/vihoktherdsak/ posts/2116930581677806 …", "date": "23-02-2019 22:12", "retweet": 0, "like": 0}, {"id": "1099325699779846144", "url": "https://twitter.com/vihok/status/1099325699779846144", "username": "", "text": "เสียงดังขึ้นเรื่อยๆ หนักแผ่นดิน https://www. facebook.com/vihoktherdsak/ posts/2116928571678007 …", "date": "23-02-2019 22:10", "retweet": 0, "like": 1}, {"id": "1099325207246909440", "url": "https://twitter.com/vihok/status/1099325207246909440", "username": "", "text": "สงครามเริ่มชัดแล้ว https://www. facebook.com/vihoktherdsak/ posts/2116925881678276 …", "date": "23-02-2019 22:08", "retweet": 0, "like": 0}, {"id": "1099324619209621514", "url": "https://twitter.com/vihok/status/1099324619209621514", "username": "", "text": "ตึงเครียดหนัก https://www. facebook.com/vihoktherdsak/ posts/2116922688345262 …", "date": "23-02-2019 22:06", "retweet": 0, "like": 0}, {"id": "1099303508447248384", "url": "https://twitter.com/vihok/status/1099303508447248384", "username": "", "text": "3761 #ใครคือเผด็จการ !! แฉเบื้องลึกวาทกรรม ต่อต้านใครแน่ https://www. facebook.com/vihoktherdsak/ videos/393082658141688/ …", "date": "23-02-2019 20:42", "retweet": 0, "like": 1}, {"id": "1099287789319933952", "url": "https://twitter.com/vihok/status/1099287789319933952", "username": "", "text": "3760 #เริ่มชัด จุดจบลุงตู่ !! ลุ้นระทึก เหล่าทัพส่งสัญญาณชัดขึ้นเรื่อยๆ https://www. facebook.com/vihoktherdsak/ videos/425587934850491/ …", "date": "23-02-2019 19:40", "retweet": 0, "like": 0}, {"id": "1099251776409165824", "url": "https://twitter.com/vihok/status/1099251776409165824", "username": "", "text": "คสช.แจ้งความ และดำเนินคดีเว็บไซต์ปล่อยข่าวปลอมแล้ว https://www. vihoknews.com/165161/", "date": "23-02-2019 17:17", "retweet": 0, "like": 0}, {"id": "1099245393970311169", "url": "https://twitter.com/vihok/status/1099245393970311169", "username": "", "text": "”ร.10″ มีพระราชกระแสชมเชย สาวจิตอาสาใจกุศล ตระเวนอาบน้ำให้สุนัขในวัด https://www. vihoknews.com/165154/", "date": "23-02-2019 16:51", "retweet": 0, "like": 0}, {"id": "1099205375545565184", "url": "https://twitter.com/vihok/status/1099205375545565184", "username": "", "text": "ดวงของว่าที่นายก 3 คนตกอยู่ในภพวินาศ ยากจะตอบได้ว่าใครจะได้เป็นนายก นี้คือคำตอบสุดท้ายของ ดร.บุญเลิศ ไพรินทร์ ฉายาโหรสว.ผู้สมัครพรรคพลังประชารัฐ แต่สำหรับผม “ฟ้าครามคลืนคลื่นฝน จนแผ่นดินต้องสั่นไหว... https://www. facebook.com/vihoktherdsak/ videos/2322196184540962/ …", "date": "23-02-2019 14:12", "retweet": 0, "like": 0}, {"id": "1099198814122983424", "url": "https://twitter.com/vihok/status/1099198814122983424", "username": "", "text": "สัญญาณชัด ผบ.ทอ. ไม่เล่นด้วยกับลุงป้อม ลุงตู่ ค้างเฉพาะทัพเรือ จะเอาไง https://www. lapluangprangchannel.com/?p=12510", "date": "23-02-2019 13:46", "retweet": 0, "like": 0}, {"id": "1099194072357425152", "url": "https://twitter.com/vihok/status/1099194072357425152", "username": "", "text": "ปิยบุตร วิพากษ์ ‘รัฐซ้อนรัฐ’ขั้นบันไดจาก ‘คณะรัฐประหาร’ https://www. vihoknews.com/165146/", "date": "23-02-2019 13:27", "retweet": 0, "like": 0}, {"id": "1099161805199368193", "url": "https://twitter.com/vihok/status/1099161805199368193", "username": "", "text": "ออมสินยืนยันข่าวเปิดบัญชีที่ธนาคารรับเงิน 3,000 บาท จากรัฐ ไม่เป็นความจริง https://www. vihoknews.com/165140/", "date": "23-02-2019 11:19", "retweet": 0, "like": 0}, {"id": "1099156581315276802", "url": "https://twitter.com/vihok/status/1099156581315276802", "username": "", "text": "https://www. facebook.com/vihoktherdsak/ posts/2116164641754400 …", "date": "23-02-2019 10:58", "retweet": 0, "like": 0}, {"id": "1099131655313285120", "url": "https://twitter.com/vihok/status/1099131655313285120", "username": "", "text": "ขนลุกกันทั้งดอย แห่อัดวิดิโออภินิหาร\"เขาคิชกุฏ\" ปรากฎเป็นร่างใหญ่ยักษ์เดินผ่านบนยอด http://www. vihok.com/6211", "date": "23-02-2019 09:19", "retweet": 0, "like": 0}, {"id": "1099072793042288640", "url": "https://twitter.com/vihok/status/1099072793042288640", "username": "", "text": "3756 #อึ้งทั้งโซเชียล !! อยากเป็นเน็ตไอดอล จนไปพบยมบาล https://www. facebook.com/vihoknews/vide os/2341941289468045/ …", "date": "23-02-2019 05:25", "retweet": 0, "like": 0}, {"id": "1099069301221277696", "url": "https://twitter.com/vihok/status/1099069301221277696", "username": "", "text": "https://www. facebook.com/vihoktherdsak/ posts/2115800651790799 …", "date": "23-02-2019 05:11", "retweet": 0, "like": 0}, {"id": "1099058593754767363", "url": "https://twitter.com/vihok/status/1099058593754767363", "username": "", "text": "3756 #อึ้งทั้งโซเชียล !! อยากเป็นเน็ตไอดอล จนไปพบยมบาล https://www. facebook.com/vihoktherdsak/ videos/393934948049196/ …", "date": "23-02-2019 04:29", "retweet": 0, "like": 0}, {"id": "1098983928738779137", "url": "https://twitter.com/vihok/status/1098983928738779137", "username": "", "text": "#คอนเสิร์ต ..!! เดอะทอยส์ขอจัดที่ดาวอังคาร https://www. vihoknews.com/165101/", "date": "22-02-2019 23:32", "retweet": 0, "like": 1}, {"id": "1098949621047590917", "url": "https://twitter.com/vihok/status/1098949621047590917", "username": "", "text": "3755 #ธนาธรเปิดหน้าชัด !! นำปท.ไปเป็นเหมือน 2475 ยึดอำนาจกษัตริย์ https://www. facebook.com/vihoknews/vide os/2619992621561071/ …", "date": "22-02-2019 21:16", "retweet": 1, "like": 0}, {"id": "1098948362072514561", "url": "https://twitter.com/vihok/status/1098948362072514561", "username": "", "text": "มีแต่คนรุมถล่ม ดั่งที่เคยเตือนไว้ ลากปท.มาเลือกตั้ง ลุงตู่พลาดอย่างแรง https://www. facebook.com/story.php?stor y_fbid=2115233415180856&id=454886191215595 …", "date": "22-02-2019 21:11", "retweet": 0, "like": 0}, {"id": "1098946347510652931", "url": "https://twitter.com/vihok/status/1098946347510652931", "username": "", "text": "จตุพรก็มองออกว่าหายนะรออยู่ข้างหน้า https:// twitter.com/thairath_news/ status/1098938026137284608 …", "date": "22-02-2019 21:03", "retweet": 0, "like": 0}, {"id": "1098945177245372416", "url": "https://twitter.com/vihok/status/1098945177245372416", "username": "", "text": "3755 #ธนาธรเปิดหน้าชัด !! นำปท.ไปเป็นเหมือน 2475 ยึดอำนาจกษัตริย์ https://www. facebook.com/vihoktherdsak/ videos/2157207687943071/ …", "date": "22-02-2019 20:58", "retweet": 0, "like": 0}, {"id": "1098942606568939520", "url": "https://twitter.com/vihok/status/1098942606568939520", "username": "", "text": "’บิ๊กป้อม’ฮึ่ม!ไปคิดดูหลังC-130ขัดข้องยันงบกลาโหมจำเป็นใช้ป้องกันประเทศ-ช่วยเหลือปชช. https://www. vihoknews.com/165124/", "date": "22-02-2019 20:48", "retweet": 0, "like": 0}, {"id": "1098927503262052352", "url": "https://twitter.com/vihok/status/1098927503262052352", "username": "", "text": "3754 #ตร .แสดงพลังบ้าง !! รัฐประหารซ้อนยังไม่จาง ลุงตู่โวยถูกแช่งดับ https://www. facebook.com/vihoknews/vide os/442074646331174/ …", "date": "22-02-2019 19:48", "retweet": 0, "like": 0}, {"id": "1098922361548668929", "url": "https://twitter.com/vihok/status/1098922361548668929", "username": "", "text": "โอม จงชนะๆ “อาจารย์มธ.”ทำพิธีดาวจักรวาล ดึงพลังจากเบื้องบนส่งตรงถึง”พล.อ.ประยุทธ์” http://www. vihok.com/6184", "date": "22-02-2019 19:28", "retweet": 0, "like": 0}, {"id": "1098920198298464258", "url": "https://twitter.com/vihok/status/1098920198298464258", "username": "", "text": "https://www. facebook.com/12471614088272 9/posts/2178907302130259/ …", "date": "22-02-2019 19:19", "retweet": 0, "like": 0}, {"id": "1098919736417480704", "url": "https://twitter.com/vihok/status/1098919736417480704", "username": "", "text": "โซเชียลทวงสปิริต’เรืองไกร-ศรีสุวรรณ’สวมบทนักร้องฟัน’ประธานส.อ.ท.เก๊’ https://www. vihoknews.com/165116/", "date": "22-02-2019 19:17", "retweet": 0, "like": 0}, {"id": "1098917163258310657", "url": "https://twitter.com/vihok/status/1098917163258310657", "username": "", "text": "3754 #ตร .แสดงพลังบ้าง !! รัฐประหารซ้อนยังไม่จาง ลุงตู่โวยถูกแช่งดับ https://www. facebook.com/vihoktherdsak/ videos/265010931077647/ …", "date": "22-02-2019 19:07", "retweet": 0, "like": 0}, {"id": "1098914377170911233", "url": "https://twitter.com/vihok/status/1098914377170911233", "username": "", "text": "หวิดเลิก เปิดใจ \"เปา-เอิร์ธ\" แต่งเพราะรวย เรือนหอ20ล้าน http://www. vihok.com/6169", "date": "22-02-2019 18:56", "retweet": 0, "like": 0}, {"id": "1098904385424306177", "url": "https://twitter.com/vihok/status/1098904385424306177", "username": "", "text": "ระวัง https:// twitter.com/SpringNews_TV/ status/1098901644400517120 …", "date": "22-02-2019 18:16", "retweet": 0, "like": 0}, {"id": "1098889095525396480", "url": "https://twitter.com/vihok/status/1098889095525396480", "username": "", "text": "สวนคืน\"ชัชชาติ\"ไม่ยอม หลังโดน\"มงคลกิตติ์\"ขู่จะตบปาก http://www. vihok.com/6164", "date": "22-02-2019 17:15", "retweet": 0, "like": 0}, {"id": "1098877590469857280", "url": "https://twitter.com/vihok/status/1098877590469857280", "username": "", "text": "หยุดโลกสวย”ณัฐวุฒิ”ไม่จับมือ”แรมโบ้อีสาน” http://www. vihok.com/6157", "date": "22-02-2019 16:30", "retweet": 0, "like": 0}, {"id": "1098866070155337734", "url": "https://twitter.com/vihok/status/1098866070155337734", "username": "", "text": "“ลุงตู่”มาเยี่ยม เด็กน้อยฝรั่งงงๆ โดนหมารุมกัด น่าสงสาร http://www. vihok.com/6148", "date": "22-02-2019 15:44", "retweet": 0, "like": 2}, {"id": "1098865267839365120", "url": "https://twitter.com/vihok/status/1098865267839365120", "username": "", "text": "อดีตผู้พิพากษาฯตอกย้ำ’ประธานส.อ.ท.เก๊’เข้าข่ายความผิดกม.เลือกตั้งส.ส. เผยโทษหนัก 1-10 ปี เพิกถอนสิทธิเลือกตั้ง20ปี https://www. vihoknews.com/165083/", "date": "22-02-2019 15:41", "retweet": 1, "like": 1}, {"id": "1098856924789977088", "url": "https://twitter.com/vihok/status/1098856924789977088", "username": "", "text": "สัญญาณชัด \"พล.ต.อ.จักรทิพย์\" ผบ.ตร.ร่วมทดสอบสมรรถภาพร่างกาย โครงการทดสอบสมรรถภาพร่างกายข้าราชการตำรวจ ประจำปี 2562 ดันพื้น 30 ครั้ง และลุกนั่ง 25 ครั้ง ถือว่าผ่านเกณฑ์ และวิ่ง 1,200 ม.ไม่เกิน 20 นาที Cr: thai tbs", "date": "22-02-2019 15:08", "retweet": 0, "like": 1}, {"id": "1098855090557997056", "url": "https://twitter.com/vihok/status/1098855090557997056", "username": "", "text": "“จำลอง”ล้มป่วย หามส่งโรงพยาบาลราชฑัณฑ์ http://www. vihok.com/6140", "date": "22-02-2019 15:00", "retweet": 1, "like": 1}, {"id": "1098843679492657153", "url": "https://twitter.com/vihok/status/1098843679492657153", "username": "", "text": "ไม่มีเวลากินข้าวเลย”บิ๊กตู่”โชว์โซ้ยข้าวกล่องในรถ http://www. vihok.com/6132", "date": "22-02-2019 14:15", "retweet": 0, "like": 0}, {"id": "1098838782814621696", "url": "https://twitter.com/vihok/status/1098838782814621696", "username": "", "text": "#จบแล้ว ..!! ไอดอลคว้าปริญญาตรี https://www. vihoknews.com/165079/", "date": "22-02-2019 13:55", "retweet": 0, "like": 0}, {"id": "1098832333690601472", "url": "https://twitter.com/vihok/status/1098832333690601472", "username": "", "text": "ชกข้ามรุ่น”ณัฐวุฒิ”ซัด”ชวน”รัฐบาลโกงเลยโดนรัฐประหาร http://www. vihok.com/6121", "date": "22-02-2019 13:30", "retweet": 0, "like": 0}, {"id": "1098822781435764736", "url": "https://twitter.com/vihok/status/1098822781435764736", "username": "", "text": "ป.ป.ส. แจงผู้มีสิทธิ์ขออนุญาตและอนุญาตให้ผลิต นำเข้าและส่งออก “กัญชา” https://www. vihoknews.com/165072/", "date": "22-02-2019 12:52", "retweet": 0, "like": 0}, {"id": "1098821004758056960", "url": "https://twitter.com/vihok/status/1098821004758056960", "username": "", "text": "เบื่อพวกอวยคนเลวที่คิดว่าดี”โจ นูโว”เบื่อมากๆ วิธีหาเสียง http://www. vihok.com/6113", "date": "22-02-2019 12:45", "retweet": 0, "like": 1}, {"id": "1098813254824976385", "url": "https://twitter.com/vihok/status/1098813254824976385", "username": "", "text": "ศาลยกฟ้อง’ทศพล แก้วทิมา’ชุมนุมปิดตึกเอนเนอร์ยี่ปี57 https://www. vihoknews.com/165067/", "date": "22-02-2019 12:14", "retweet": 0, "like": 1}, {"id": "1098809673082380288", "url": "https://twitter.com/vihok/status/1098809673082380288", "username": "", "text": "“อ.เจษฎา”เตือน รองหน.พลังประชารัฐถือดาบกลับด้าน ลานย่าโม http://www. vihok.com/6104", "date": "22-02-2019 12:00", "retweet": 0, "like": 0}, {"id": "1098799106644942849", "url": "https://twitter.com/vihok/status/1098799106644942849", "username": "", "text": "หนูไม่ใช่ไซด์ไลน์”น้องพลอยไพลิน”เปิดใจแล้ว ไม่ค่อยเหมือนรูปวาร์ป http://www. vihok.com/6093", "date": "22-02-2019 11:18", "retweet": 0, "like": 0}, {"id": "1098788732579147776", "url": "https://twitter.com/vihok/status/1098788732579147776", "username": "", "text": "อ้าวท่าน “รองหน.พลังประชารัฐ”ชักดาบผิดด้าน ลานย่าโม ชาวบ้านหวั่นลางร้าย http://www. vihok.com/6085", "date": "22-02-2019 10:37", "retweet": 0, "like": 0}, {"id": "1098777293839724544", "url": "https://twitter.com/vihok/status/1098777293839724544", "username": "", "text": "ไม่เหมือนเลย “เจ้าของรถหรู”แย่งที่คนพิการ ชาวเน็ตกดดันต้องการตัวจริง http://www. vihok.com/6070", "date": "22-02-2019 09:51", "retweet": 0, "like": 1}, {"id": "1098770423293009920", "url": "https://twitter.com/vihok/status/1098770423293009920", "username": "", "text": "โดนอีกแล้ว เผยคลิป \"จุรินทร์\" สวน \"ธนาธร\" กลางเวที http://www. vihok.com/6056", "date": "22-02-2019 09:24", "retweet": 0, "like": 0}, {"id": "1098767258669568000", "url": "https://twitter.com/vihok/status/1098767258669568000", "username": "", "text": "’บิ๊กตู่’ถามคนแช่งให้นายกฯเครื่องบินตก เกลียดชังอะไรผมนักหนา https://www. vihoknews.com/165061/", "date": "22-02-2019 09:11", "retweet": 0, "like": 0}, {"id": "1098728798323912705", "url": "https://twitter.com/vihok/status/1098728798323912705", "username": "", "text": "3752 #เซ็กซี่เป็นเหตุ !! ตร.ไซเบอร์จ่อจับสาวเพาะกาย https://www. facebook.com/vihoknews/vide os/765224380506966/ …", "date": "22-02-2019 06:38", "retweet": 0, "like": 0}, {"id": "1098727869012955136", "url": "https://twitter.com/vihok/status/1098727869012955136", "username": "", "text": "3752 #เซ็กซี่เป็นเหตุ !! ตร.ไซเบอร์จ่อจับสาวเพาะกาย https://www. facebook.com/vihoktherdsak/ videos/968940819970853/ …", "date": "22-02-2019 06:35", "retweet": 0, "like": 0}, {"id": "1098584258296172544", "url": "https://twitter.com/vihok/status/1098584258296172544", "username": "", "text": "พร้อมลุย https://www. facebook.com/story.php?stor y_fbid=2113627395341458&id=454886191215595 …", "date": "21-02-2019 21:04", "retweet": 1, "like": 0}, {"id": "1098565505932234752", "url": "https://twitter.com/vihok/status/1098565505932234752", "username": "", "text": "3751 #หม่อมเจ้าฮึม !! ทหารไม่ได้ยึดอำนาจประชาชน แต่? https://www. facebook.com/vihoknews/vide os/289732168373180/ …", "date": "21-02-2019 19:50", "retweet": 0, "like": 0}, {"id": "1098563488363020289", "url": "https://twitter.com/vihok/status/1098563488363020289", "username": "", "text": "3751 #หม่อมเจ้าฮึ่ม !! ทหารไม่ได้ยึดอำนาจประชาชน แต่? https://www. facebook.com/vihoktherdsak/ videos/2304053419828329/ …", "date": "21-02-2019 19:42", "retweet": 0, "like": 0}, {"id": "1098561656613855232", "url": "https://twitter.com/vihok/status/1098561656613855232", "username": "", "text": "นั่นไง!’ธนาธร’ประกาศลั่นจะทำภาระกิจของคณะราษฎร2475ให้สำเร็จ https://www. vihoknews.com/165054/", "date": "21-02-2019 19:34", "retweet": 0, "like": 0}, {"id": "1098560824006795265", "url": "https://twitter.com/vihok/status/1098560824006795265", "username": "", "text": "https://www. facebook.com/story.php?stor y_fbid=2113506522020212&id=454886191215595 …", "date": "21-02-2019 19:31", "retweet": 0, "like": 0}, {"id": "1098542024221958146", "url": "https://twitter.com/vihok/status/1098542024221958146", "username": "", "text": "3750 #ขู่ยุบกองทัพไทย !! การเมืองระอุ แผ่นดินไหว ขู่ทหารตรึม รถถังพรึ่บ https://www. facebook.com/vihoktherdsak/ videos/354192258757787/ …", "date": "21-02-2019 18:16", "retweet": 0, "like": 0}, {"id": "1098533897225220096", "url": "https://twitter.com/vihok/status/1098533897225220096", "username": "", "text": "‘อ.เจษฎ์’แฉอุปโลกน์ประวัติ‘ธนาธร’เสี่ยงร้อง‘กกต.’โทษหนักยุบพรรค https://www. vihoknews.com/165048/", "date": "21-02-2019 17:44", "retweet": 0, "like": 0}, {"id": "1098525981948600320", "url": "https://twitter.com/vihok/status/1098525981948600320", "username": "", "text": "เลขาฯ กกต.แจงส่งศาลยุบ ‘ทษช.’ เหตุหลักฐานชัดเจน ส่วน พปชร.มีแต่คำร้อง ต้องหาหลักฐานเพิ่ม https://www. vihoknews.com/165043/", "date": "21-02-2019 17:12", "retweet": 0, "like": 0}, {"id": "1098517366797873152", "url": "https://twitter.com/vihok/status/1098517366797873152", "username": "", "text": "หุ้น,น้ำมัน,ทองคำบวก https://www. vihoknews.com/165032/", "date": "21-02-2019 16:38", "retweet": 0, "like": 0}, {"id": "1098502831210881025", "url": "https://twitter.com/vihok/status/1098502831210881025", "username": "", "text": "ม.จ.จุลเจิม เผยทหารมากอบกู้ชาติด้วยวิธีพิเศษ ไม่ได้แย่งอำนาจประชาชน https://www. vihoknews.com/165022/", "date": "21-02-2019 15:40", "retweet": 0, "like": 0}, {"id": "1098485206455963649", "url": "https://twitter.com/vihok/status/1098485206455963649", "username": "", "text": "อย่าตกใจ แค่เบิร์นยาง วันที่ 4 https://www. facebook.com/vihoktherdsak/ posts/2113199922050872 …", "date": "21-02-2019 14:30", "retweet": 0, "like": 0}, {"id": "1098474712991035392", "url": "https://twitter.com/vihok/status/1098474712991035392", "username": "", "text": "#ด่วนระทึก เครื่องบิน บิ๊กตู่-ครม. ขัดข้องระหว่างบินลงใต้ ลงจอดฉุกเฉินแทบไม่ทัน https://www. vihoknews.com/164993/", "date": "21-02-2019 13:49", "retweet": 0, "like": 0}, {"id": "1098473348307181568", "url": "https://twitter.com/vihok/status/1098473348307181568", "username": "", "text": "ไม่ต้องตกใจ “รถถัง” โผล่วันนี้เดินทางกลับหน่วยหลังฝึกเสร็จ https://www. springnews.co.th/politics/447336", "date": "21-02-2019 13:43", "retweet": 0, "like": 2}, {"id": "1098470439305658368", "url": "https://twitter.com/vihok/status/1098470439305658368", "username": "", "text": "ด่วนระทึก เครื่องบิน บิ๊กตู่-ครม. ขัดข้องระหว่างบินลงใต้ ลงจอดฉุกเฉินแทบไม่ทัน https://www. vihoknews.com/164993/", "date": "21-02-2019 13:32", "retweet": 0, "like": 0}, {"id": "1098459363797127170", "url": "https://twitter.com/vihok/status/1098459363797127170", "username": "", "text": "คิวต่อไป ต่อจากแกนนำพันธมิตร https://www. facebook.com/vihoktherdsak/ posts/2113103565393841 …", "date": "21-02-2019 12:48", "retweet": 0, "like": 0}, {"id": "1098444105170833408", "url": "https://twitter.com/vihok/status/1098444105170833408", "username": "", "text": "เบิร์นยาง เป็นวันที่ 4 https://www. facebook.com/vihoktherdsak/ posts/2113050078732523 …", "date": "21-02-2019 11:47", "retweet": 0, "like": 0}, {"id": "1098441384543973376", "url": "https://twitter.com/vihok/status/1098441384543973376", "username": "", "text": "https://www. facebook.com/story.php?stor y_fbid=2113040098733521&id=454886191215595 …", "date": "21-02-2019 11:36", "retweet": 0, "like": 0}, {"id": "1098427680209350656", "url": "https://twitter.com/vihok/status/1098427680209350656", "username": "", "text": "’โจ นูโว’ ซัดคนยุยงให้ประชาชนทะเลาะทหาร เบื่อพวกอวยคนเลว https://www. vihoknews.com/164989/", "date": "21-02-2019 10:42", "retweet": 0, "like": 0}, {"id": "1098425274021011456", "url": "https://twitter.com/vihok/status/1098425274021011456", "username": "", "text": "https://www. facebook.com/vihoktherdsak/ posts/2112967322074132 …", "date": "21-02-2019 10:32", "retweet": 0, "like": 0}, {"id": "1098344229707739136", "url": "https://twitter.com/vihok/status/1098344229707739136", "username": "", "text": "https://www. facebook.com/vihoktherdsak/ posts/2112597595444438 …", "date": "21-02-2019 05:10", "retweet": 0, "like": 0}, {"id": "1098343383565688832", "url": "https://twitter.com/vihok/status/1098343383565688832", "username": "", "text": "https://www. facebook.com/vihoktherdsak/ posts/2112593778778153 …", "date": "21-02-2019 05:07", "retweet": 0, "like": 0}, {"id": "1098343182176202754", "url": "https://twitter.com/vihok/status/1098343182176202754", "username": "", "text": "ถล่มในหลายระเทศ https://www. facebook.com/vihoktherdsak/ posts/2112592108778320 …", "date": "21-02-2019 05:06", "retweet": 0, "like": 0}, {"id": "1098340748452233216", "url": "https://twitter.com/vihok/status/1098340748452233216", "username": "", "text": "https://www. facebook.com/vihoktherdsak/ posts/2112580602112804 …", "date": "21-02-2019 04:56", "retweet": 0, "like": 0}, {"id": "1098339444497829890", "url": "https://twitter.com/vihok/status/1098339444497829890", "username": "", "text": "3747 #หนี้ท่วมหัว ! สหรัฐหนีบาน 2.2ล้านๆ จ่อล่ม https://www. facebook.com/vihoknews/vide os/1587577564719168/ …", "date": "21-02-2019 04:51", "retweet": 0, "like": 0}, {"id": "1098337651831304197", "url": "https://twitter.com/vihok/status/1098337651831304197", "username": "", "text": "3747 #หนี้ท่วมหัว ! สหรัฐหนีบาน 2.2ล้านๆ จ่อล่ม https://www. facebook.com/vihoktherdsak/ videos/1240985322722178/ …", "date": "21-02-2019 04:44", "retweet": 0, "like": 0}, {"id": "1098248480445747200", "url": "https://twitter.com/vihok/status/1098248480445747200", "username": "", "text": "https://www. facebook.com/story.php?stor y_fbid=2112196295484568&id=454886191215595 …", "date": "20-02-2019 22:50", "retweet": 0, "like": 0}, {"id": "1098247225119932416", "url": "https://twitter.com/vihok/status/1098247225119932416", "username": "", "text": "วิ่งตาม ประชาธิปไตย https://www. facebook.com/story.php?stor y_fbid=2112190835485114&id=454886191215595 …", "date": "20-02-2019 22:45", "retweet": 0, "like": 0}, {"id": "1098246836005949440", "url": "https://twitter.com/vihok/status/1098246836005949440", "username": "", "text": "https://www. facebook.com/story.php?stor y_fbid=2112189308818600&id=454886191215595 …", "date": "20-02-2019 22:43", "retweet": 0, "like": 0}, {"id": "1098231096121217024", "url": "https://twitter.com/vihok/status/1098231096121217024", "username": "", "text": "3546 #ชนชั้นปกครอง ? !! แบ่งแยกประชาชน ปลุกลุกสู้เพื่อใคร? https://www. facebook.com/vihoknews/vide os/401460273942612/ …", "date": "20-02-2019 21:41", "retweet": 0, "like": 0}, {"id": "1098228715664875520", "url": "https://twitter.com/vihok/status/1098228715664875520", "username": "", "text": "3746 #ชนชั้นปกครอง ? !! แบ่งแยกประชาชน ปลุกลุกสู้เพื่อใคร? https://www. facebook.com/vihoktherdsak/ videos/1676693139203134/ …", "date": "20-02-2019 21:31", "retweet": 0, "like": 0}, {"id": "1098226069889404929", "url": "https://twitter.com/vihok/status/1098226069889404929", "username": "", "text": "ทนายบุญถาวร ชี้ !! ส่อผิดกฎหมายเลือกตั้ง แถมเจอพรบ.คอมฯ https://www. vihoknews.com/164978/", "date": "20-02-2019 21:21", "retweet": 0, "like": 0}, {"id": "1098219270612357122", "url": "https://twitter.com/vihok/status/1098219270612357122", "username": "", "text": "ปภ.ลำปาง รายงานเหตุแผ่นดินไหว พื้นที่อำเภอวังเหนือ ดังนี้ - ตำบลทุ่งฮั้ว บ้านเรือนแตกร้าว 10 หลัง เจดีย์วัดพระเกิดยอดฉัตรเอียง 1 แห่ง - ตำบลวังแก้ว บ้านเรือนแตกร้าว 2 หลัง - ตำบลวังซ้าย บ้านเรือนแตกร้าว 1 หลัง - ตำบลวังเหนือ บ้านเรือนแตกร้าว 1 หลัง ชัยธวัช ศิวบวร ปภ.ลำปาง", "date": "20-02-2019 20:54", "retweet": 0, "like": 1}, {"id": "1098201974531637254", "url": "https://twitter.com/vihok/status/1098201974531637254", "username": "", "text": "3745 #ระเบิดมาอีก !! รถถังพรึบเบิร์นยาง ลุงตู่เหงา https://www. facebook.com/vihoktherdsak/ videos/404637693689254/ …", "date": "20-02-2019 19:45", "retweet": 0, "like": 0}, {"id": "1098167774638047232", "url": "https://twitter.com/vihok/status/1098167774638047232", "username": "", "text": "แผ่นดินไหวศูนย์กลาง อ.วังเหนือ จ.ลำปาง ต่อเนื่องแล้ว 10ระลอก https://www. vihoknews.com/164970/", "date": "20-02-2019 17:29", "retweet": 1, "like": 1}, {"id": "1098149106466185216", "url": "https://twitter.com/vihok/status/1098149106466185216", "username": "", "text": "เกียรติภูมิทหาร”โฆษกกลาโหม”เตือนนักการเมือง อย่าสาดโคลน ยั่วยุ http://www. vihok.com/6047", "date": "20-02-2019 16:15", "retweet": 0, "like": 0}, {"id": "1098139719743860741", "url": "https://twitter.com/vihok/status/1098139719743860741", "username": "", "text": "https://www. facebook.com/story.php?stor y_fbid=2111759265528271&id=454886191215595 …", "date": "20-02-2019 15:38", "retweet": 0, "like": 1}, {"id": "1098138595003486208", "url": "https://twitter.com/vihok/status/1098138595003486208", "username": "", "text": "พลเอกกิตติ สุดทน !! ซัดทหารมีไว้ทำไม https://www. vihoknews.com/164966/", "date": "20-02-2019 15:33", "retweet": 0, "like": 1}, {"id": "1098137785444196352", "url": "https://twitter.com/vihok/status/1098137785444196352", "username": "", "text": "“โจ-ก้อง นูโว”เล่นสดเพลงหนักแผ่นดิน http://www. vihok.com/6036", "date": "20-02-2019 15:30", "retweet": 0, "like": 0}, {"id": "1098126428296470528", "url": "https://twitter.com/vihok/status/1098126428296470528", "username": "", "text": "นางฟ้าดอกหญ้า”ต่าย อรทัย”ขนาดใส่ชุดว่ายน้ำ ยังเรียบร้อยได้อีก http://www. vihok.com/6023", "date": "20-02-2019 14:45", "retweet": 0, "like": 0}, {"id": "1098119098783932418", "url": "https://twitter.com/vihok/status/1098119098783932418", "username": "", "text": "#ของขวัญ ..!! ณเดชน์เซอร์ไพรส์ญาญ่า https://www. vihoknews.com/164938/", "date": "20-02-2019 14:16", "retweet": 0, "like": 0}, {"id": "1098115089381568512", "url": "https://twitter.com/vihok/status/1098115089381568512", "username": "", "text": "“ดร.เสรี”อบรมชุดใหญ่”ธนาธร”หมิ่นคนไทย ยิ้มเพราะไร้จุดยืน http://www. vihok.com/6012", "date": "20-02-2019 14:00", "retweet": 0, "like": 0}, {"id": "1098107553068703744", "url": "https://twitter.com/vihok/status/1098107553068703744", "username": "", "text": "#หุ้น ,น้ำมันบวก ทองคำพุ่ง https://www. vihoknews.com/164933/", "date": "20-02-2019 13:30", "retweet": 0, "like": 0}, {"id": "1098103873296687104", "url": "https://twitter.com/vihok/status/1098103873296687104", "username": "", "text": "หน้าเหมือนข้อศอกหมา”ตั๊กแตน”โต้เดือด เจอดูถูกหน้าไม่สวย http://www. vihok.com/5999", "date": "20-02-2019 13:15", "retweet": 0, "like": 0}, {"id": "1098094395356790785", "url": "https://twitter.com/vihok/status/1098094395356790785", "username": "", "text": "#พร้อมมีลูก ..!! ตั้งชื่อน้องเจแปน https://www. vihoknews.com/164923/", "date": "20-02-2019 12:38", "retweet": 0, "like": 0}, {"id": "1098092480430391296", "url": "https://twitter.com/vihok/status/1098092480430391296", "username": "", "text": "แจ้งข้อหา”หลานทักษิณ” “บิ๊กโจ๊ก”ออกโรงเอง http://www. vihok.com/5992", "date": "20-02-2019 12:30", "retweet": 1, "like": 0}, {"id": "1098081276085514241", "url": "https://twitter.com/vihok/status/1098081276085514241", "username": "", "text": "อนาคตใหม่ ปล่อยคลิปปลุกพลัง\"ธนาธร\"โวยถูกใส่ร้ายโจมตี http://www. vihok.com/5984", "date": "20-02-2019 11:45", "retweet": 0, "like": 0}, {"id": "1098081181223084032", "url": "https://twitter.com/vihok/status/1098081181223084032", "username": "", "text": "อนาคตใหม่ ปล่อยคลิปปลุกพลัง\"ธนาธร\"โวยถูกใส่ร้ายโจมตี http://www. vihok.com/5984", "date": "20-02-2019 11:45", "retweet": 0, "like": 0}, {"id": "1098079865201258496", "url": "https://twitter.com/vihok/status/1098079865201258496", "username": "", "text": "หน้าตาคุ้นๆ คล้ายๆกับกองเชียร์พรรคเพื่อไทย ที่ไปร่วมฟังปราศรัยที่ลานคนเมือง ตอนนี้ไปบุกที่ ทบ. โจมตีทหาร ไม่ทราบคนเดียวกันหรือเปล่า หรือว่าแค่คนหน้าเหมือน ถ้าคนเดียวกัน ประเด็นที่น่าคิดคือ ใครอยู่เบื้องหลัง", "date": "20-02-2019 11:40", "retweet": 0, "like": 0}, {"id": "1098078399325626368", "url": "https://twitter.com/vihok/status/1098078399325626368", "username": "", "text": "นี้คงเป็นหลักฐานชัดว่า เขาเกล่านี้มิใช่ต้องการแค่เลือกตั้ง แต่เลือกตั้งคือหลักการต่อต้านรัฐประหาร เพื่อล้มการปกครอง https://www. facebook.com/vihoktherdsak/ posts/2111544718883059 …", "date": "20-02-2019 11:34", "retweet": 0, "like": 0}, {"id": "1098076615228018688", "url": "https://twitter.com/vihok/status/1098076615228018688", "username": "", "text": "กลัวไม่ได้อำนาจคืนกันแล้ว https://www. facebook.com/vihoktherdsak/ posts/2111538575550340 …", "date": "20-02-2019 11:27", "retweet": 0, "like": 0}, {"id": "1098073586101739520", "url": "https://twitter.com/vihok/status/1098073586101739520", "username": "", "text": "หลักการแบ่งแยกชนชั้น เป็นหลักการของคาร์น มาร์ค ต้นฉบับของคอมมิวส์ จากหลักคิดนี้ทำให้เกิดสงครามเปลี่ยนการปกครอง หลังสงครามโลกครั้งที่ 1 ทำให้คนในโลกล้มตายไปมากกว่า 100 ล้านคน ล่าสุด หลุมศพ คาร์น มาร์ค ถูกทำลาย จากคนในเยอรมัน เพราะความเกรียจชัง https://www. facebook.com/story.php?stor y_fbid=2111528058884725&id=454886191215595 …", "date": "20-02-2019 11:15", "retweet": 0, "like": 0}, {"id": "1098070054845874176", "url": "https://twitter.com/vihok/status/1098070054845874176", "username": "", "text": "https://www. facebook.com/story.php?stor y_fbid=2111514558886075&id=454886191215595 …", "date": "20-02-2019 11:01", "retweet": 0, "like": 0}, {"id": "1098069820791152642", "url": "https://twitter.com/vihok/status/1098069820791152642", "username": "", "text": "โพสต์ชิลๆ”สงกรานต์”เคลื่อนไหว หลังเจอคำสั่งย้ายขาด จากผบ.ตร. http://www. vihok.com/5976", "date": "20-02-2019 11:00", "retweet": 0, "like": 0}, {"id": "1098061335236042753", "url": "https://twitter.com/vihok/status/1098061335236042753", "username": "", "text": "“บิ๊กตู่” ชี้ลงพื้นที่คนละเรื่องหาเสียง ท้าพังป้ายให้เห็นจะจับ เผยทั่วโลกหนุนอยู่ต่อ https://www. vihoknews.com/164906/", "date": "20-02-2019 10:26", "retweet": 0, "like": 0}, {"id": "1098060894234304513", "url": "https://twitter.com/vihok/status/1098060894234304513", "username": "", "text": "“บิ๊กตู่” ชี้ลงพื้นที่คนละเรื่องหาเสียง ท้าพังป้ายให้เห็นจะจับ เผยทั่วโลกหนุนอยู่ต่อ https://www. vihoknews.com/164904/", "date": "20-02-2019 10:24", "retweet": 0, "like": 0}, {"id": "1098058454961287168", "url": "https://twitter.com/vihok/status/1098058454961287168", "username": "", "text": "สวนกระแส \"ไทยศิวิไลย์\" ชูเพิ่มกำลังกองทัพ ไม่ตัดงบ ขึ้นหิ้ง1ใน10ของโลก http://www. vihok.com/5962", "date": "20-02-2019 10:15", "retweet": 0, "like": 0}, {"id": "1098057586014703616", "url": "https://twitter.com/vihok/status/1098057586014703616", "username": "", "text": "\"สมเด็จพระเจ้าอยู่หัว เสด็จออกจากพระที่นั่งอัมพรสถานพระราชวังดุสิตพระราชทานพระราชวโรกาสให้พลเอกประยุทธ์ จันทร์โอชา นายกรัฐมนตรีและคณะบุคคลเข้าเฝ้าฝ่าละอองธุลีพระบาท... https://www. facebook.com/vihoktherdsak/ posts/2111470012223863 …", "date": "20-02-2019 10:11", "retweet": 0, "like": 0}, {"id": "1098047166575038464", "url": "https://twitter.com/vihok/status/1098047166575038464", "username": "", "text": "เศร้าใจ”น้าหงา”ตัดพ้อ นักการเมืองหาเสียงสาดโคลนรุนแรง http://www. vihok.com/5951", "date": "20-02-2019 09:30", "retweet": 0, "like": 0}, {"id": "1098046557536931840", "url": "https://twitter.com/vihok/status/1098046557536931840", "username": "", "text": "อดีตอาจารย์จุฬาฯเผยสัปดาห์ที่แล้ว ออสเตรเลียส่งขรก.ระดับสูงขอโทษไทยปม’ฮาคีม’ https://www. vihoknews.com/164898/", "date": "20-02-2019 09:27", "retweet": 0, "like": 0}, {"id": "1098036236235620352", "url": "https://twitter.com/vihok/status/1098036236235620352", "username": "", "text": "ลูกหลานจีนสำนึก\"บุญคุณแผ่นดินไทย\"จวก\"ธนาธร\"คนกระจอกชูคอด้วยการด่าทุกสิ่งรอบตัว http://www. vihok.com/5946", "date": "20-02-2019 08:46", "retweet": 0, "like": 0}, {"id": "1097945408624648193", "url": "https://twitter.com/vihok/status/1097945408624648193", "username": "", "text": "3742 #สหรัฐเดือด !! รุมฟ้องทรัมป์ ประกาศสภาวะฉุกเฉิน https://www. facebook.com/vihoknews/vide os/387766115354507/ …", "date": "20-02-2019 02:45", "retweet": 0, "like": 0}, {"id": "1097941483553017856", "url": "https://twitter.com/vihok/status/1097941483553017856", "username": "", "text": "3742 #สหรัฐเดือด !! รุมฟ้องทรัมป์ ประกาศสภาวะฉุกเฉิน https://www. facebook.com/vihoktherdsak/ videos/770818433291512/ …", "date": "20-02-2019 02:30", "retweet": 0, "like": 0}, {"id": "1097862214940274688", "url": "https://twitter.com/vihok/status/1097862214940274688", "username": "", "text": "3741 #ลุงตู่ต้องเสียสละ !! รัฐประหารล้มเหลว ทุกสีรุมกินโต๊ะ https://www. facebook.com/vihoktherdsak/ videos/394743801313986/ …", "date": "19-02-2019 21:15", "retweet": 0, "like": 0}, {"id": "1097840133401763841", "url": "https://twitter.com/vihok/status/1097840133401763841", "username": "", "text": "ระเบิดก็มา ตามเวลาเป๊ะ", "date": "19-02-2019 19:47", "retweet": 0, "like": 0}, {"id": "1097836242056691712", "url": "https://twitter.com/vihok/status/1097836242056691712", "username": "", "text": "3740 #เจอบึ้ม กลางกรุงฯ !! ชูวิทย์ ยังระส่ำ สัญญาณรัฐประหารซ้อนมาแรง https://www. facebook.com/vihoktherdsak/ videos/2238568316464269/ …", "date": "19-02-2019 19:32", "retweet": 0, "like": 0}, {"id": "1097766739830484992", "url": "https://twitter.com/vihok/status/1097766739830484992", "username": "", "text": "อัดฉีด https://www. facebook.com/story.php?stor y_fbid=2110236592347205&id=454886191215595 …", "date": "19-02-2019 14:56", "retweet": 0, "like": 0}, {"id": "1097760430255046657", "url": "https://twitter.com/vihok/status/1097760430255046657", "username": "", "text": "https://www. facebook.com/story.php?stor y_fbid=2110215809015950&id=454886191215595 …", "date": "19-02-2019 14:30", "retweet": 0, "like": 0}, {"id": "1097760393357742080", "url": "https://twitter.com/vihok/status/1097760393357742080", "username": "", "text": "https://www. facebook.com/story.php?stor y_fbid=2110215605682637&id=454886191215595 …", "date": "19-02-2019 14:30", "retweet": 0, "like": 0}, {"id": "1097758404808925184", "url": "https://twitter.com/vihok/status/1097758404808925184", "username": "", "text": "’วัฒนา’ลั่นรัฐบาลจากเลือกตั้งมีสิทธิ์รื้อกองทัพ ชู’สมาร์ท’แขวะสติปัญญาคนพูด https://www. vihoknews.com/164885/", "date": "19-02-2019 14:22", "retweet": 0, "like": 0}, {"id": "1097756071387713537", "url": "https://twitter.com/vihok/status/1097756071387713537", "username": "", "text": "ฤดูแห่งการเปลี่ยนแปลง ทุกอย่างมาตามเวลาจริงๆ 18 ก.พ.2562 -พายุถล่ม 25 จังหวัด เสียหาย 300 หลังคาเรือน -ทุกค่ายทหารเปิดเพลง หนักแผ่นดิน -18-2-62 16:48 แผ่นดินไหว​ขนาด​ 4.5 (mb) ลึก​ 10 กม. พิกัด​ 66.99°E... https://www. facebook.com/vihoktherdsak/ videos/557507484731246/ …", "date": "19-02-2019 14:13", "retweet": 0, "like": 0}, {"id": "1097753312399548416", "url": "https://twitter.com/vihok/status/1097753312399548416", "username": "", "text": "อดีตตุลาการศาลรธน. ร่ายกลอนชี้!! ขืนเดินหน้าเลือกตั้งภัยจะมา https://www. vihoknews.com/164878/", "date": "19-02-2019 14:02", "retweet": 0, "like": 0}, {"id": "1097749190187331585", "url": "https://twitter.com/vihok/status/1097749190187331585", "username": "", "text": "พูดไม่คิด\"อานนท์\"ซัดผบ.ทบ. กรรมบ้านเมือง หนักแผ่นดิน http://www. vihok.com/5927", "date": "19-02-2019 13:46", "retweet": 0, "like": 0}, {"id": "1097720496127336449", "url": "https://twitter.com/vihok/status/1097720496127336449", "username": "", "text": "https://www. facebook.com/vihoktherdsak/ posts/2110083539029177 …", "date": "19-02-2019 11:52", "retweet": 0, "like": 0}, {"id": "1097711454168465409", "url": "https://twitter.com/vihok/status/1097711454168465409", "username": "", "text": "อย่าสร้างความพินาศ”หมอเหวง”จวกผบ.ทบ.จุดชนวนหนักแผ่นดิน http://www. vihok.com/5920", "date": "19-02-2019 11:16", "retweet": 0, "like": 0}, {"id": "1097708405702123521", "url": "https://twitter.com/vihok/status/1097708405702123521", "username": "", "text": "ทบ.แจงบก.ทบ.เปิดเพลง“หนักแผ่นดิน”ปลูกฝังรักชาติ https://www. vihoknews.com/164874/", "date": "19-02-2019 11:04", "retweet": 0, "like": 0}, {"id": "1097705677970120704", "url": "https://twitter.com/vihok/status/1097705677970120704", "username": "", "text": "50ยังแจ๋ว ชาวเน็ตฮือฮาผู้สมัครอนาคตใหม่ สวยเกินวัยจริงๆ http://www. vihok.com/5908", "date": "19-02-2019 10:53", "retweet": 0, "like": 0}, {"id": "1097702222064902145", "url": "https://twitter.com/vihok/status/1097702222064902145", "username": "", "text": "’ตาเหวง’ตื่นเพลงหนักแผ่นดิน!บอก’ผมได้กลิ่นยึดอำนาจรัฐประหารโชยมา’ https://www. vihoknews.com/164869/", "date": "19-02-2019 10:39", "retweet": 0, "like": 0}, {"id": "1097686260682911745", "url": "https://twitter.com/vihok/status/1097686260682911745", "username": "", "text": "’บิ๊กแดง’ สั่งวิทยุ 160 สถานี เปิดเพลง หนักแผ่นดิน – โฆษกแจงไม่ได้พาดพิงฝ่ายใด https://www. vihoknews.com/164865/", "date": "19-02-2019 09:36", "retweet": 0, "like": 0}, {"id": "1097609624897900544", "url": "https://twitter.com/vihok/status/1097609624897900544", "username": "", "text": "#ระดมคนนับแสน !! ปิดสนามบิน หนุนทหารสหรัฐบุก https://www. facebook.com/vihoknews/vide os/2063018330483037/ …", "date": "19-02-2019 04:31", "retweet": 0, "like": 0}, {"id": "1097606813401329664", "url": "https://twitter.com/vihok/status/1097606813401329664", "username": "", "text": "ขั้นขู่เผากันแล้วการเมืองไทย https://www. facebook.com/story.php?stor y_fbid=2109641712406693&id=454886191215595 …", "date": "19-02-2019 04:20", "retweet": 0, "like": 0}, {"id": "1097605856408096770", "url": "https://twitter.com/vihok/status/1097605856408096770", "username": "", "text": "ไม่ใช่เรื่องเล่นๆ https://www. facebook.com/vihoknews/vide os/2558277304199953/ …", "date": "19-02-2019 04:16", "retweet": 0, "like": 0}, {"id": "1097603642092408834", "url": "https://twitter.com/vihok/status/1097603642092408834", "username": "", "text": "3739 #ระดมคนนับแสน !! ปิดสนามบิน หนุนทหารสหรัฐบุก https://www. facebook.com/vihoktherdsak/ videos/2167008156894495/ …", "date": "19-02-2019 04:07", "retweet": 0, "like": 0}, {"id": "1097481344735539200", "url": "https://twitter.com/vihok/status/1097481344735539200", "username": "", "text": "https://www. facebook.com/story.php?stor y_fbid=2109085992462265&id=454886191215595 …", "date": "18-02-2019 20:01", "retweet": 0, "like": 0}, {"id": "1097480076222844934", "url": "https://twitter.com/vihok/status/1097480076222844934", "username": "", "text": "ทุกอย่างมาตามเวลา", "date": "18-02-2019 19:56", "retweet": 0, "like": 0}, {"id": "1097479397567852544", "url": "https://twitter.com/vihok/status/1097479397567852544", "username": "", "text": "I posted a new video to Facebook https://www. facebook.com/vihoknews/vide os/148225066118918/ …", "date": "18-02-2019 19:54", "retweet": 0, "like": 0}, {"id": "1097477411862728704", "url": "https://twitter.com/vihok/status/1097477411862728704", "username": "", "text": "ได้เห็นเป็นบุญตา คิดถึงพ่อเสมอ https://www. facebook.com/vihoktherdsak/ videos/369322250570477/ …", "date": "18-02-2019 19:46", "retweet": 0, "like": 0}, {"id": "1097475315847200769", "url": "https://twitter.com/vihok/status/1097475315847200769", "username": "", "text": "มาตามนัด รถถังนัดเคลื่อนขบวน อย่าตกใจ https://www. facebook.com/story.php?stor y_fbid=2109053772465487&id=454886191215595 …", "date": "18-02-2019 19:38", "retweet": 0, "like": 0}, {"id": "1097474934270439424", "url": "https://twitter.com/vihok/status/1097474934270439424", "username": "", "text": "กระหึม ค่ายทหาร https://www. facebook.com/story.php?stor y_fbid=2109052155798982&id=454886191215595 …", "date": "18-02-2019 19:36", "retweet": 0, "like": 0}, {"id": "1097474690359091200", "url": "https://twitter.com/vihok/status/1097474690359091200", "username": "", "text": "หนักแผ่นดินกระหึ่มในค่ายทหาร https://www. facebook.com/story.php?stor y_fbid=2109051225799075&id=454886191215595 …", "date": "18-02-2019 19:35", "retweet": 0, "like": 0}, {"id": "1097464645110063105", "url": "https://twitter.com/vihok/status/1097464645110063105", "username": "", "text": "“อภิสิทธิ์”จี้ กกต.สอบ“นายกฯ”ลงพื้นที่ส่อเข้าข่ายหาเสียง https://www. vihoknews.com/164844/", "date": "18-02-2019 18:55", "retweet": 0, "like": 0}, {"id": "1097464272727261187", "url": "https://twitter.com/vihok/status/1097464272727261187", "username": "", "text": "3737 #หนักแผ่นดิน กระหึ่มกองทัพ !! กระแสรัฐประหารซ้อนสะพัดอีก https://www. facebook.com/vihoknews/vide os/1981737832135521/ …", "date": "18-02-2019 18:54", "retweet": 0, "like": 0}, {"id": "1097456196607455232", "url": "https://twitter.com/vihok/status/1097456196607455232", "username": "", "text": "3737 #หนักแผ่นดิน กระหึ่มกองทัพ !! กระแสรัฐประหารซ้อนสะพดอีก https://www. facebook.com/vihoktherdsak/ videos/763360057383248/ …", "date": "18-02-2019 18:22", "retweet": 0, "like": 0}, {"id": "1097446258111860737", "url": "https://twitter.com/vihok/status/1097446258111860737", "username": "", "text": "#หวง ..!! ตี๋หวงปาล์มมาก https://www. vihoknews.com/164838/", "date": "18-02-2019 17:42", "retweet": 0, "like": 0}, {"id": "1097444248255954945", "url": "https://twitter.com/vihok/status/1097444248255954945", "username": "", "text": "#เพลงคู่ ..!! ผลงานนนท์-ซานิ https://www. vihoknews.com/164832/", "date": "18-02-2019 17:34", "retweet": 0, "like": 1}, {"id": "1097436213882077185", "url": "https://twitter.com/vihok/status/1097436213882077185", "username": "", "text": "#ฝึกวิชา ..!! มาริโอ้รับบทหมอ https://www. vihoknews.com/164810/", "date": "18-02-2019 17:02", "retweet": 0, "like": 1}, {"id": "1097434685179756546", "url": "https://twitter.com/vihok/status/1097434685179756546", "username": "", "text": "’จตุพร’ผวา!สัญญาณหนักแผ่นดินทำเดินไปไม่ถึงเลือกตั้ง 24 มี.ค. https://www. vihoknews.com/164793/", "date": "18-02-2019 16:56", "retweet": 0, "like": 0}, {"id": "1097424583295041541", "url": "https://twitter.com/vihok/status/1097424583295041541", "username": "", "text": "สนช.พบแกนนำชาวนา !! ยันไม่มีการเอาผิดชาวนาตามข่าวลือ https://www. vihoknews.com/164786/", "date": "18-02-2019 16:16", "retweet": 0, "like": 0}, {"id": "1097417960702894080", "url": "https://twitter.com/vihok/status/1097417960702894080", "username": "", "text": "“บิ๊กแดง”ฮึ่ม ! ยกเพลง”หนักแผ่นดิน” ปรามนักการเมือง วุ่น https://www. vihoknews.com/164771/", "date": "18-02-2019 15:50", "retweet": 0, "like": 0}, {"id": "1097417369721294850", "url": "https://twitter.com/vihok/status/1097417369721294850", "username": "", "text": "อะไรก็เกิดขึ้นได้ https://www. facebook.com/vihoktherdsak/ posts/2108838442487020 …", "date": "18-02-2019 15:47", "retweet": 0, "like": 0}, {"id": "1097408809885028357", "url": "https://twitter.com/vihok/status/1097408809885028357", "username": "", "text": "ชัดเจนว่ามันมิใช่แค่การเลือกตั้ง แต่เขาจะล้มการปกครอง ดังเคยเตือนไว้ https://www. facebook.com/vihoktherdsak/ posts/2108810772489787 …", "date": "18-02-2019 15:13", "retweet": 0, "like": 0}, {"id": "1097407793982853125", "url": "https://twitter.com/vihok/status/1097407793982853125", "username": "", "text": "ความละอาย \"อดีตขรก.น้อย\" ลาออกลงสมัครสส. พูดถึงตำแหน่งนายก-คสช. http://www. vihok.com/5895", "date": "18-02-2019 15:09", "retweet": 0, "like": 0}, {"id": "1097404497276559360", "url": "https://twitter.com/vihok/status/1097404497276559360", "username": "", "text": "ฟันธงหลังเลือกตั้ง จะหนักกว่าที่ผ่านๆมา ถ้ายังเดินหน้าแบบนี้ต่อไป https://www. facebook.com/vihoktherdsak/ posts/2108796782491186 …", "date": "18-02-2019 14:56", "retweet": 0, "like": 0}, {"id": "1097400856905887744", "url": "https://twitter.com/vihok/status/1097400856905887744", "username": "", "text": "ใครจะเชื่อว่ามีคนตายหลายศพ ในหลายจังหวัด https://www. thairath.co.th/content/1498965", "date": "18-02-2019 14:42", "retweet": 0, "like": 0}, {"id": "1097399807176404993", "url": "https://twitter.com/vihok/status/1097399807176404993", "username": "", "text": "“คสช.”สั่ง คุมเข้มสถานการณ์ 3 เดือน https://www. facebook.com/vihoktherdsak/ posts/2108779385826259 …", "date": "18-02-2019 14:37", "retweet": 0, "like": 0}, {"id": "1097394570822701057", "url": "https://twitter.com/vihok/status/1097394570822701057", "username": "", "text": "“บิ๊กตู่” ไม่รับมุข “บิ๊กแดง” . https://www. facebook.com/vihoktherdsak/ posts/2108762912494573 …", "date": "18-02-2019 14:17", "retweet": 0, "like": 1}, {"id": "1097391377044856832", "url": "https://twitter.com/vihok/status/1097391377044856832", "username": "", "text": "วินาศสันตโร ผมเตือนว่ามันจะมา และมาตามเวลาเป๊ะ ใครคำหนิผม อย่าลืมมาขอโทษนะครับ วันที 18 กพ.62 ห้อง 61 สาธารณภัย ปภ ได้รับรายงาน ลมกระโชกแรง ถล่ม และ ลูกเห็บตก รวม จ.12 จ.แพร่ จ.ลำปาง จ.พิษณุโลก (บาดเจ็บ 1... https://www. facebook.com/45488619121559 5/posts/2108751525829045/ …", "date": "18-02-2019 14:04", "retweet": 0, "like": 1}, {"id": "1097385161149243392", "url": "https://twitter.com/vihok/status/1097385161149243392", "username": "", "text": "11ปี กอ.รมน……ล้มแล้วลุก บนเส้นทาง ที่เดินมาไกล…. เป้าหมาย สู่Homeland Security? https://www. vihoknews.com/164766/", "date": "18-02-2019 13:39", "retweet": 0, "like": 0}, {"id": "1097367046268932096", "url": "https://twitter.com/vihok/status/1097367046268932096", "username": "", "text": "ทุกอย่างมาตามเวลา https://www. facebook.com/vihoktherdsak/ posts/2108653205838877 …", "date": "18-02-2019 12:27", "retweet": 0, "like": 1}, {"id": "1097366362798866432", "url": "https://twitter.com/vihok/status/1097366362798866432", "username": "", "text": "ไม่ใช่เทพมาจุติ แฟนคลับ \"ธนาธร\" คนแตะไม่ได้ ถล่มเมนท์ \"ดร.เอนก\" http://www. vihok.com/5884", "date": "18-02-2019 12:25", "retweet": 1, "like": 0}, {"id": "1097361529316495360", "url": "https://twitter.com/vihok/status/1097361529316495360", "username": "", "text": "เพลงเลือกตั้งปี2562 ฟังแล้วอึ้ง https://www. facebook.com/vihoktherdsak/ videos/1312748262211903/ …", "date": "18-02-2019 12:05", "retweet": 0, "like": 0}, {"id": "1097358474684448768", "url": "https://twitter.com/vihok/status/1097358474684448768", "username": "", "text": "ฮือฮา !! ผู้สมัคร ส.ส.สาว พรรคอนาคตใหม่ วัย 50 ยังสวยเเซ่บ! https://www. vihoknews.com/164760/", "date": "18-02-2019 11:53", "retweet": 0, "like": 1}, {"id": "1097356565823123456", "url": "https://twitter.com/vihok/status/1097356565823123456", "username": "", "text": "https://www. facebook.com/vihoktherdsak/ posts/2108619162508948 …", "date": "18-02-2019 11:46", "retweet": 0, "like": 0}, {"id": "1097355348606939139", "url": "https://twitter.com/vihok/status/1097355348606939139", "username": "", "text": "เจอสวนหน้าหงายFc \"ธนาธร\" ชูนักปชต.สู้มาตั้งแต่14ตุลา16 นี่มันตลกชัดๆ http://www. vihok.com/5877", "date": "18-02-2019 11:41", "retweet": 0, "like": 0}, {"id": "1097353481957064704", "url": "https://twitter.com/vihok/status/1097353481957064704", "username": "", "text": "กล้องวงจรปิดจับภาพขโมยทำเนียนช่วยงานวัดเดินค้นกระเป๋าญาติโยมที่จัดงานศพภายในวัดดัง จ.ระยอง ก่อนฉกทรัพย์สินหลบหนีไป ด้านเจ้าอาวาสวัดร้องเดือดร้อนหนักวอนเจ้าหน้าที่ตำรวจเร่งจับ และช่วงที่ผ่านมาขโมยมาบ่อย แม้กระทั่งถังแก๊สวัดยังหายมาแล้วถึง 30 ใบ https://www. facebook.com/vihoknews/vide os/2327483707496074/ …", "date": "18-02-2019 11:33", "retweet": 0, "like": 0}, {"id": "1097351548655431680", "url": "https://twitter.com/vihok/status/1097351548655431680", "username": "", "text": "เอาแน่ กัญชาเสรี “ภูมิใจไทย” ย้ำส่งเสริมปลูก รัฐรับซื้อ https://www. vihoknews.com/164745/", "date": "18-02-2019 11:26", "retweet": 0, "like": 0}, {"id": "1097344910980612096", "url": "https://twitter.com/vihok/status/1097344910980612096", "username": "", "text": "หนักแผ่นดิน https://www. facebook.com/story.php?stor y_fbid=2108573179180213&id=454886191215595 …", "date": "18-02-2019 10:59", "retweet": 0, "like": 1}, {"id": "1097328758829117441", "url": "https://twitter.com/vihok/status/1097328758829117441", "username": "", "text": "“ธีระชัย” เตือน “บิ๊กตู่” ส่งตีความสถานะ https://www. vihoknews.com/164739/", "date": "18-02-2019 09:55", "retweet": 0, "like": 0}]