[{"id": "1099264352727719938", "url": "https://twitter.com/W_dese/status/1099264352727719938", "username": "", "text": "สำราญ น่าร่วมวงมากค่ะ ฮิๆ", "date": "23-02-2019 18:06", "retweet": 0, "like": 0}, {"id": "1099260973485944832", "url": "https://twitter.com/W_dese/status/1099260973485944832", "username": "", "text": "สงสามมม", "date": "23-02-2019 17:53", "retweet": 0, "like": 1}, {"id": "1099255963616342016", "url": "https://twitter.com/W_dese/status/1099255963616342016", "username": "", "text": "จบกันลูกรักของยาย", "date": "23-02-2019 17:33", "retweet": 1, "like": 0}, {"id": "1099250703791316993", "url": "https://twitter.com/W_dese/status/1099250703791316993", "username": "", "text": "จินตนาการ", "date": "23-02-2019 17:12", "retweet": 0, "like": 0}, {"id": "1099250673382711296", "url": "https://twitter.com/W_dese/status/1099250673382711296", "username": "", "text": "555555 มีจินค", "date": "23-02-2019 17:12", "retweet": 0, "like": 1}, {"id": "1099232651934724097", "url": "https://twitter.com/W_dese/status/1099232651934724097", "username": "", "text": "เหมาะสมฐานะๆๆ", "date": "23-02-2019 16:01", "retweet": 0, "like": 0}, {"id": "1099225933679013888", "url": "https://twitter.com/W_dese/status/1099225933679013888", "username": "", "text": "ชั้งอยากกินๆๆ", "date": "23-02-2019 15:34", "retweet": 0, "like": 0}, {"id": "1099225372535676928", "url": "https://twitter.com/W_dese/status/1099225372535676928", "username": "", "text": "เครื่องให้อาหารแห้งเหรอน้องเบ้น", "date": "23-02-2019 15:32", "retweet": 0, "like": 0}, {"id": "1099223452777512960", "url": "https://twitter.com/W_dese/status/1099223452777512960", "username": "", "text": "ไม่ๆ พี่ขับเทียนดองกะน้องแอ๋มอล้ว 5555", "date": "23-02-2019 15:24", "retweet": 0, "like": 0}, {"id": "1099221490967359488", "url": "https://twitter.com/W_dese/status/1099221490967359488", "username": "", "text": "pic.twitter.com/TWDh1opVgX", "date": "23-02-2019 15:16", "retweet": 2, "like": 0}, {"id": "1099221170728005632", "url": "https://twitter.com/W_dese/status/1099221170728005632", "username": "", "text": "พรึตซิบมานะๆๆ", "date": "23-02-2019 15:15", "retweet": 1, "like": 0}, {"id": "1099220744423108609", "url": "https://twitter.com/W_dese/status/1099220744423108609", "username": "", "text": "อย่าลืมกระซิบเราด้วย 5555 เราจะซื้อคุ้กกี้เลมอนไปขอที่ดินพ่อ 55555555", "date": "23-02-2019 15:13", "retweet": 1, "like": 0}, {"id": "1099219952505053185", "url": "https://twitter.com/W_dese/status/1099219952505053185", "username": "", "text": "ออริจินอลหิบสะเตอๆๆๆ", "date": "23-02-2019 15:10", "retweet": 0, "like": 0}, {"id": "1099196793802248192", "url": "https://twitter.com/W_dese/status/1099196793802248192", "username": "", "text": "5555555555", "date": "23-02-2019 13:38", "retweet": 0, "like": 0}, {"id": "1099196733685325824", "url": "https://twitter.com/W_dese/status/1099196733685325824", "username": "", "text": "เลี้ยงไว้หลายตัวด้วย ภัยสังคมแมวๆๆๆ", "date": "23-02-2019 13:38", "retweet": 2, "like": 1}, {"id": "1099196422056898561", "url": "https://twitter.com/W_dese/status/1099196422056898561", "username": "", "text": "ดอลล่าละ 3 บาท ไทยเข้มแข็งจ้าาา", "date": "23-02-2019 13:37", "retweet": 0, "like": 0}, {"id": "1099196230150762497", "url": "https://twitter.com/W_dese/status/1099196230150762497", "username": "", "text": "ตกลงเป็นคนพิจิตรใช่มั้ย~ ที่เขียนให้เป็นหยั่งนั้นนน", "date": "23-02-2019 13:36", "retweet": 0, "like": 0}, {"id": "1099196088467083264", "url": "https://twitter.com/W_dese/status/1099196088467083264", "username": "", "text": "โถ สมหมาย กลานเป็นกะเพราแมวแล้ว ลาก่อนๆๆ", "date": "23-02-2019 13:35", "retweet": 1, "like": 1}, {"id": "1099195385661157376", "url": "https://twitter.com/W_dese/status/1099195385661157376", "username": "", "text": "ขี้จับผิดดดดดด", "date": "23-02-2019 13:32", "retweet": 1, "like": 0}, {"id": "1099193398680989696", "url": "https://twitter.com/W_dese/status/1099193398680989696", "username": "", "text": "ปัญหาหาคือเจอแอคหลุมเราได้ไง๊ ล็อคไว้ด้วยนะ 55555", "date": "23-02-2019 13:25", "retweet": 0, "like": 0}, {"id": "1099193217516359682", "url": "https://twitter.com/W_dese/status/1099193217516359682", "username": "", "text": "รักความแมวผมหน้าม้า 555", "date": "23-02-2019 13:24", "retweet": 0, "like": 0}, {"id": "1099177967467425792", "url": "https://twitter.com/W_dese/status/1099177967467425792", "username": "", "text": "ฟ้า 1 ค่ะ", "date": "23-02-2019 12:23", "retweet": 0, "like": 1}, {"id": "1099173630863335424", "url": "https://twitter.com/W_dese/status/1099173630863335424", "username": "", "text": "พี่ขับเที่ยนกดฟอลแอคหลุมที่เนาล็อคแอคด้วยอ่ะเธ๊อออ 5555 ต้องมีใจให้เราแน้", "date": "23-02-2019 12:06", "retweet": 0, "like": 0}, {"id": "1099172665879814144", "url": "https://twitter.com/W_dese/status/1099172665879814144", "username": "", "text": "คนบาปๆๆ 5555555", "date": "23-02-2019 12:02", "retweet": 0, "like": 0}, {"id": "1099172096934989824", "url": "https://twitter.com/W_dese/status/1099172096934989824", "username": "", "text": "ดูแล้วงงทั้งลูกค้าทั้งคนให้บริ", "date": "23-02-2019 12:00", "retweet": 0, "like": 0}, {"id": "1099171853472428032", "url": "https://twitter.com/W_dese/status/1099171853472428032", "username": "", "text": "คนจริง 555555", "date": "23-02-2019 11:59", "retweet": 0, "like": 1}, {"id": "1099171804663361537", "url": "https://twitter.com/W_dese/status/1099171804663361537", "username": "", "text": "", "date": "23-02-2019 11:59", "retweet": 0, "like": 0}, {"id": "1099171756512690176", "url": "https://twitter.com/W_dese/status/1099171756512690176", "username": "", "text": "", "date": "23-02-2019 11:59", "retweet": 0, "like": 0}, {"id": "1099158731701383169", "url": "https://twitter.com/W_dese/status/1099158731701383169", "username": "", "text": "ถ้าน่ารักจะไม่ด่า 5555555", "date": "23-02-2019 11:07", "retweet": 2, "like": 0}, {"id": "1099158208688488448", "url": "https://twitter.com/W_dese/status/1099158208688488448", "username": "", "text": "เริ่มโมโหเอเจนต์ของพี่ชาย เถื่อนแน่นอน", "date": "23-02-2019 11:05", "retweet": 0, "like": 2}, {"id": "1099157899488587776", "url": "https://twitter.com/W_dese/status/1099157899488587776", "username": "", "text": "รักตัวเองดีที่สุดค่ะ คนที่ไม่เห็นค่าของเรา คือคนที่เราไม่ควรเสียเวลาอยู่ด้วยน๊า งุ๊งๆๆๆ", "date": "23-02-2019 11:03", "retweet": 0, "like": 1}, {"id": "1099157729287987201", "url": "https://twitter.com/W_dese/status/1099157729287987201", "username": "", "text": "ยืนยันคนดีไม่ห่างเหินนน", "date": "23-02-2019 11:03", "retweet": 0, "like": 0}, {"id": "1099157525616709632", "url": "https://twitter.com/W_dese/status/1099157525616709632", "username": "", "text": "Bon appetit ค่า", "date": "23-02-2019 11:02", "retweet": 1, "like": 0}, {"id": "1099157279360802821", "url": "https://twitter.com/W_dese/status/1099157279360802821", "username": "", "text": "ไม่เอา เดี๋ยวโดนด่า 55555555", "date": "23-02-2019 11:01", "retweet": 0, "like": 0}, {"id": "1099157221668118528", "url": "https://twitter.com/W_dese/status/1099157221668118528", "username": "", "text": "ไปๆ ไปซื้อกัน - ผู้ชอปปิ้งออนไลน์ทุกวันกล่าว", "date": "23-02-2019 11:01", "retweet": 0, "like": 0}, {"id": "1099144373957083137", "url": "https://twitter.com/W_dese/status/1099144373957083137", "username": "", "text": "พี่วิคไปตลาดน้ำเหรอคะ", "date": "23-02-2019 10:10", "retweet": 1, "like": 1}, {"id": "1099144042170863619", "url": "https://twitter.com/W_dese/status/1099144042170863619", "username": "", "text": "555555 ดูเหงาๆๆๆ", "date": "23-02-2019 10:08", "retweet": 0, "like": 0}, {"id": "1099143974466420737", "url": "https://twitter.com/W_dese/status/1099143974466420737", "username": "", "text": "", "date": "23-02-2019 10:08", "retweet": 0, "like": 0}, {"id": "1099142934513905664", "url": "https://twitter.com/W_dese/status/1099142934513905664", "username": "", "text": "มันต้องมีฟีดแบคให้แกบ้าง เดี๋ยวพี่เค้าก็มาบ่นว่าฟายแดงก็ไม่คุย ฟายเหลืองก็ไม่คบ 555555 น้อยอกน้อยใจ", "date": "23-02-2019 10:04", "retweet": 2, "like": 0}, {"id": "1099141777850691584", "url": "https://twitter.com/W_dese/status/1099141777850691584", "username": "", "text": "เป็นคนอยากแล้วต้องได้เลยสินะ 55555555 ยุนแยงงงงง", "date": "23-02-2019 09:59", "retweet": 0, "like": 0}, {"id": "1099141636649406464", "url": "https://twitter.com/W_dese/status/1099141636649406464", "username": "", "text": "ไม่เอา อันนี้ละอาย 55555555", "date": "23-02-2019 09:59", "retweet": 0, "like": 0}, {"id": "1099141567007186944", "url": "https://twitter.com/W_dese/status/1099141567007186944", "username": "", "text": "คนทัลลึ่งงงง", "date": "23-02-2019 09:59", "retweet": 0, "like": 0}, {"id": "1099140245126184960", "url": "https://twitter.com/W_dese/status/1099140245126184960", "username": "", "text": "ฮึ่ย เพิ่งเห็นว่าซื้อชุดผิดไซส์ทั้งล็อตเลย มันจะมีไซส์เหลือให้เปลี่ยนที่ชอปมั้ยเนี่ยยยย", "date": "23-02-2019 09:53", "retweet": 0, "like": 0}, {"id": "1099136746254528513", "url": "https://twitter.com/W_dese/status/1099136746254528513", "username": "", "text": "", "date": "23-02-2019 09:39", "retweet": 1, "like": 0}, {"id": "1099136459049594880", "url": "https://twitter.com/W_dese/status/1099136459049594880", "username": "", "text": "@i_Clear ต้องเป็นรักเดียวกับคุมเจ้แน่ๆ ค่ะ ลายหินอ่อนขนาดนี้ๆๆๆ https:// twitter.com/belldelagua/st atus/1098959979959054336 …", "date": "23-02-2019 09:38", "retweet": 0, "like": 0}, {"id": "1099135494464520192", "url": "https://twitter.com/W_dese/status/1099135494464520192", "username": "", "text": "เออ 5555555 จริงค่ะ เราต้องเพิ่มเพลงลงไป", "date": "23-02-2019 09:34", "retweet": 0, "like": 0}, {"id": "1099135352852307970", "url": "https://twitter.com/W_dese/status/1099135352852307970", "username": "", "text": "ไม่ใช่เราาาา นี่มันนางแบบในเว็บ ไม่เห็นลูกศรทางซ้ายอ่อออแกกกก", "date": "23-02-2019 09:34", "retweet": 0, "like": 0}, {"id": "1099135099591782400", "url": "https://twitter.com/W_dese/status/1099135099591782400", "username": "", "text": "แง เดี๋ยวเรากอดปลอบใจนะคะ pic.twitter.com/bbiyrX62x0", "date": "23-02-2019 09:33", "retweet": 0, "like": 0}, {"id": "1098970363227037696", "url": "https://twitter.com/W_dese/status/1098970363227037696", "username": "", "text": "โอย ไม่สามารถสลัดเพลงเลบี้ชาร์คออกจากหัวได้ เพราะอิเดวิดร้องที่ทิ่มงานติดกันมาเป็นวันที่สอง แงๆๆๆ pic.twitter.com/S5sNAu7BPA", "date": "22-02-2019 22:38", "retweet": 3, "like": 1}, {"id": "1098965570408435713", "url": "https://twitter.com/W_dese/status/1098965570408435713", "username": "", "text": "pic.twitter.com/KxSaOfL0xX", "date": "22-02-2019 22:19", "retweet": 0, "like": 0}, {"id": "1098963960601038848", "url": "https://twitter.com/W_dese/status/1098963960601038848", "username": "", "text": "แสกกลางด้วยยยย", "date": "22-02-2019 22:13", "retweet": 0, "like": 0}, {"id": "1098960658744336384", "url": "https://twitter.com/W_dese/status/1098960658744336384", "username": "", "text": "ชอบคทาเซเลอร์มูนของควีน มูนเซเรนิตี้ๆๆ 5555555", "date": "22-02-2019 22:00", "retweet": 0, "like": 0}, {"id": "1098959672302755841", "url": "https://twitter.com/W_dese/status/1098959672302755841", "username": "", "text": "ใสๆ วัยซิง", "date": "22-02-2019 21:56", "retweet": 0, "like": 2}, {"id": "1098959365262827520", "url": "https://twitter.com/W_dese/status/1098959365262827520", "username": "", "text": "มีสีแปร๋นๆ ด้วยค่ะ 55555 อันนั้นใส่สนุกสนานที่สุด ฮูเร~", "date": "22-02-2019 21:55", "retweet": 0, "like": 0}, {"id": "1098958938756640774", "url": "https://twitter.com/W_dese/status/1098958938756640774", "username": "", "text": "ถ้าเจอถ่ายรูป นางจะจ้อง จะโมโห หันมากัด แล้วหนี 55555", "date": "22-02-2019 21:53", "retweet": 0, "like": 1}, {"id": "1098958646652760064", "url": "https://twitter.com/W_dese/status/1098958646652760064", "username": "", "text": "อิพ่องงงงมึงงงงงง ถ่ายจู๋แมวววว ภัยสังคมแมวววววว", "date": "22-02-2019 21:52", "retweet": 1, "like": 3}, {"id": "1098957744852221953", "url": "https://twitter.com/W_dese/status/1098957744852221953", "username": "", "text": "อยู่บ้านก็ใส่ทั้งวัน 555555 เดินเพ่นพ่านไปหมด", "date": "22-02-2019 21:48", "retweet": 0, "like": 0}, {"id": "1098957445680979969", "url": "https://twitter.com/W_dese/status/1098957445680979969", "username": "", "text": "ถ่ายเสร็จ นางก็โมโห 55555", "date": "22-02-2019 21:47", "retweet": 0, "like": 0}, {"id": "1098957262960246784", "url": "https://twitter.com/W_dese/status/1098957262960246784", "username": "", "text": "", "date": "22-02-2019 21:46", "retweet": 0, "like": 0}, {"id": "1098957207507365889", "url": "https://twitter.com/W_dese/status/1098957207507365889", "username": "", "text": "จริงๆ อยากได้สีดำอีก แต่ไม่ลดราคาไง $25 = ไม่ซื้อ 5555555", "date": "22-02-2019 21:46", "retweet": 0, "like": 0}, {"id": "1098956946776875008", "url": "https://twitter.com/W_dese/status/1098956946776875008", "username": "", "text": "นอนสบายมากเลยค่ะ 5555 หลับสนิทตลอดคืน", "date": "22-02-2019 21:45", "retweet": 0, "like": 0}, {"id": "1098956771039764480", "url": "https://twitter.com/W_dese/status/1098956771039764480", "username": "", "text": "วรั้ย พอตัวที่วาดขึ้นดิสแล้วดีอ่ะ ไม่ค่อยเห็นรายละเอียด 55555", "date": "22-02-2019 21:44", "retweet": 0, "like": 0}, {"id": "1098956506014220288", "url": "https://twitter.com/W_dese/status/1098956506014220288", "username": "", "text": "สรุปซื้อชุดนอนไป 5 ตัว 5 ลาย เหลือ $30 เพราะกดส่วนลดอีก $10 pic.twitter.com/LP5kxlS3lw", "date": "22-02-2019 21:43", "retweet": 1, "like": 1}, {"id": "1098955875404771328", "url": "https://twitter.com/W_dese/status/1098955875404771328", "username": "", "text": "เป๊ะจะตาย 55555 pic.twitter.com/ojkKXeAFY5", "date": "22-02-2019 21:41", "retweet": 2, "like": 0}, {"id": "1098955640779632642", "url": "https://twitter.com/W_dese/status/1098955640779632642", "username": "", "text": "แง๊บหัวววว", "date": "22-02-2019 21:40", "retweet": 0, "like": 0}, {"id": "1098954537635786752", "url": "https://twitter.com/W_dese/status/1098954537635786752", "username": "", "text": "คุมมมมม", "date": "22-02-2019 21:35", "retweet": 0, "like": 0}, {"id": "1098954371541303296", "url": "https://twitter.com/W_dese/status/1098954371541303296", "username": "", "text": "ตาสวยเป็นเอกลักษณ์", "date": "22-02-2019 21:35", "retweet": 0, "like": 0}, {"id": "1098954237600456704", "url": "https://twitter.com/W_dese/status/1098954237600456704", "username": "", "text": "มันนอนเคลิ้มพรือๆในคออยู่ เราเอื้อมไปจับหัว นางคงตกใจแง๊บเลย 55555 ดุเดือดที่สุด แงๆๆ", "date": "22-02-2019 21:34", "retweet": 0, "like": 0}, {"id": "1098953566255906816", "url": "https://twitter.com/W_dese/status/1098953566255906816", "username": "", "text": "ประสบการณ์ล้วนๆ 55555555 เจ็บมาเยอะๆๆๆๆ", "date": "22-02-2019 21:32", "retweet": 0, "like": 0}, {"id": "1098953243403509760", "url": "https://twitter.com/W_dese/status/1098953243403509760", "username": "", "text": "55555555 ไม่ ชักมือกลับทัน", "date": "22-02-2019 21:30", "retweet": 0, "like": 0}, {"id": "1098952980445880320", "url": "https://twitter.com/W_dese/status/1098952980445880320", "username": "", "text": "Hand kiss pic.twitter.com/0mdUNCIJjV", "date": "22-02-2019 21:29", "retweet": 0, "like": 1}, {"id": "1098952746034651136", "url": "https://twitter.com/W_dese/status/1098952746034651136", "username": "", "text": "แท็บบี้เฉิดฉายวิไลดารา pic.twitter.com/dVCzWxUBtk", "date": "22-02-2019 21:28", "retweet": 6, "like": 8}, {"id": "1098951370961375232", "url": "https://twitter.com/W_dese/status/1098951370961375232", "username": "", "text": "มาก pic.twitter.com/EadteJFku4", "date": "22-02-2019 21:23", "retweet": 0, "like": 1}, {"id": "1098948934376902658", "url": "https://twitter.com/W_dese/status/1098948934376902658", "username": "", "text": "ทำไมขำหน้ามังงงง หน้ายู่ๆๆๆ 5555", "date": "22-02-2019 21:13", "retweet": 0, "like": 1}, {"id": "1098947952943411200", "url": "https://twitter.com/W_dese/status/1098947952943411200", "username": "", "text": "เลวน้ายย", "date": "22-02-2019 21:09", "retweet": 0, "like": 0}, {"id": "1098946444008972288", "url": "https://twitter.com/W_dese/status/1098946444008972288", "username": "", "text": "คิดหนักมากๆ ว่าจะซื้อกระเป๋าอาหารแมวสีอะไร มีชุดนอนแบบที่ชอบใส่ ลดราคาจาก $25 เหลือ $8 ต้องสั่ง $30 ถึงจะไม่เสียค่าส่งงี้ ป้างกจริงๆ เลยย ฮืออออ", "date": "22-02-2019 21:03", "retweet": 1, "like": 1}, {"id": "1098945957511610369", "url": "https://twitter.com/W_dese/status/1098945957511610369", "username": "", "text": "เวียตเจ็ตไม่ขึ่นแอพนี้แฮะ สกูตถูกแต่แบบบิน 5 โมงเย็น ฟฟฟฟฟ pic.twitter.com/lvO5BdaNXW", "date": "22-02-2019 21:01", "retweet": 0, "like": 0}, {"id": "1098944474170847234", "url": "https://twitter.com/W_dese/status/1098944474170847234", "username": "", "text": "กินไปแล้วไงวันก่อน 555555", "date": "22-02-2019 20:55", "retweet": 0, "like": 0}, {"id": "1098940094608625664", "url": "https://twitter.com/W_dese/status/1098940094608625664", "username": "", "text": "ถูกสุดแอร์เอมั้ย", "date": "22-02-2019 20:38", "retweet": 0, "like": 0}, {"id": "1098940016510742535", "url": "https://twitter.com/W_dese/status/1098940016510742535", "username": "", "text": "แมวนอนไก่ pic.twitter.com/pNOOQlwQ21", "date": "22-02-2019 20:38", "retweet": 1, "like": 0}, {"id": "1098939382529089536", "url": "https://twitter.com/W_dese/status/1098939382529089536", "username": "", "text": "55555555", "date": "22-02-2019 20:35", "retweet": 0, "like": 0}, {"id": "1098939015011610624", "url": "https://twitter.com/W_dese/status/1098939015011610624", "username": "", "text": "หึ่ย งั้นบินเอสจีไปเลย แพงกว่าไม่ถึง 1500 เราว่าน่าจะดีกว่าเยอะ", "date": "22-02-2019 20:34", "retweet": 0, "like": 0}, {"id": "1098938720063959040", "url": "https://twitter.com/W_dese/status/1098938720063959040", "username": "", "text": "สีฟ้าหน้าเหมือนสุดอ่ะ สีคุณหนูมากกกก", "date": "22-02-2019 20:33", "retweet": 0, "like": 0}, {"id": "1098938378366509057", "url": "https://twitter.com/W_dese/status/1098938378366509057", "username": "", "text": "ฮึ่ยยคนดัง", "date": "22-02-2019 20:31", "retweet": 0, "like": 1}, {"id": "1098936478153957376", "url": "https://twitter.com/W_dese/status/1098936478153957376", "username": "", "text": "ลองๆๆ ของพีจีบินรูทเดียวกันกี่บาทอ่า", "date": "22-02-2019 20:24", "retweet": 0, "like": 0}, {"id": "1098936123873583104", "url": "https://twitter.com/W_dese/status/1098936123873583104", "username": "", "text": "สีชมนี่ก็ชอบ เขียวก็ดีเพราะมีแมวขาวดำ ฮืออออ คิดเยอะ", "date": "22-02-2019 20:22", "retweet": 0, "like": 0}, {"id": "1098935826325528576", "url": "https://twitter.com/W_dese/status/1098935826325528576", "username": "", "text": "ขนาดซีดยังสวยยย", "date": "22-02-2019 20:21", "retweet": 0, "like": 0}, {"id": "1098935418203004928", "url": "https://twitter.com/W_dese/status/1098935418203004928", "username": "", "text": "ว่าจะซื้อแม่ม 4 อันเลยก็บ้าบอ 55555", "date": "22-02-2019 20:19", "retweet": 0, "like": 0}, {"id": "1098935329761837056", "url": "https://twitter.com/W_dese/status/1098935329761837056", "username": "", "text": "โหดมักกกกกก", "date": "22-02-2019 20:19", "retweet": 0, "like": 0}, {"id": "1098935251370356737", "url": "https://twitter.com/W_dese/status/1098935251370356737", "username": "", "text": "คนบ้าในทวิต 555555", "date": "22-02-2019 20:19", "retweet": 1, "like": 0}, {"id": "1098924627403755520", "url": "https://twitter.com/W_dese/status/1098924627403755520", "username": "", "text": "เค้าว่าดีมากเลยอ่ะ เราก็ไม่เคยบินสายนี้นะ แต่ก็อยากลอง รอลดราคาก่อน 5555", "date": "22-02-2019 19:37", "retweet": 0, "like": 0}, {"id": "1098924104986423296", "url": "https://twitter.com/W_dese/status/1098924104986423296", "username": "", "text": "ตัดสินใจไม่ได้ เอาสีอะไรดี น่ารักทุกอันเลย https:// twitter.com/jeffb_allthing /status/1098916431813500928 …", "date": "22-02-2019 19:34", "retweet": 2, "like": 2}, {"id": "1098922548849332226", "url": "https://twitter.com/W_dese/status/1098922548849332226", "username": "", "text": "เออ แอเอเชียมาก", "date": "22-02-2019 19:28", "retweet": 0, "like": 0}, {"id": "1098921731010379776", "url": "https://twitter.com/W_dese/status/1098921731010379776", "username": "", "text": "สีสวยมากๆ", "date": "22-02-2019 19:25", "retweet": 0, "like": 0}, {"id": "1098921525430763520", "url": "https://twitter.com/W_dese/status/1098921525430763520", "username": "", "text": "ช่อแก้วช่อขวัญ?", "date": "22-02-2019 19:24", "retweet": 0, "like": 0}, {"id": "1098921444300414976", "url": "https://twitter.com/W_dese/status/1098921444300414976", "username": "", "text": "ทำไมมันจะขอค่าออกบัตรเท่าไหร่", "date": "22-02-2019 19:24", "retweet": 0, "like": 0}, {"id": "1098921285650833413", "url": "https://twitter.com/W_dese/status/1098921285650833413", "username": "", "text": "นั่นไง", "date": "22-02-2019 19:23", "retweet": 0, "like": 0}, {"id": "1098894649127653377", "url": "https://twitter.com/W_dese/status/1098894649127653377", "username": "", "text": "ไปตกที่ร้านขายปลาฝ่า", "date": "22-02-2019 17:37", "retweet": 0, "like": 0}, {"id": "1098893829015359488", "url": "https://twitter.com/W_dese/status/1098893829015359488", "username": "", "text": "มาก 5555555", "date": "22-02-2019 17:34", "retweet": 0, "like": 0}, {"id": "1098893743795531776", "url": "https://twitter.com/W_dese/status/1098893743795531776", "username": "", "text": "หวังสมบัติ 5555555", "date": "22-02-2019 17:34", "retweet": 0, "like": 0}, {"id": "1098892935389540354", "url": "https://twitter.com/W_dese/status/1098892935389540354", "username": "", "text": "พ่อสั่งให้เรามาจองคุ้กกี้ๆ 5555 เพราะว่าคนที่ได้กินเค้กมดดี้คราวที่แล้วเกือบทั้งก้อนคือพ่อ 555555 คราวหน้าเราจะสู้", "date": "22-02-2019 17:31", "retweet": 0, "like": 0}, {"id": "1098890739503620096", "url": "https://twitter.com/W_dese/status/1098890739503620096", "username": "", "text": "ชอบการเมนชั่นแบบ เรียนคุณหัวหน้าพรรคฯ 555555", "date": "22-02-2019 17:22", "retweet": 1, "like": 0}, {"id": "1098890045900042241", "url": "https://twitter.com/W_dese/status/1098890045900042241", "username": "", "text": "งือออ นั่งดูโดนตกคลิปพวก primitive living/construction idea ดูแล้วก็เพลินเว่อ ประมาณว่ากำลังอ่านต้องรอดภาคคน แต่บางคลิปก็แบบเฟคเว่อ ทำอุปกรณ์จับปลาในแม่น้ำ จับปุ๊บปลานอนนิ่ง ไม่หือไม่อือ กินชั้นเลยจ้ะพี่จ๋า แล้วตอนแล่ตาปลาก็ขุ่นมากค่ะคุมแม่ น้องดาวขัดใจทากๆๆๆ", "date": "22-02-2019 17:19", "retweet": 0, "like": 0}, {"id": "1098868391727616000", "url": "https://twitter.com/W_dese/status/1098868391727616000", "username": "", "text": "อ่าว งานเข้ามะหีแล้ววว หนีฝ่าๆๆๆๆ pic.twitter.com/WgCzhNM6KM", "date": "22-02-2019 15:53", "retweet": 0, "like": 0}, {"id": "1098868062592282624", "url": "https://twitter.com/W_dese/status/1098868062592282624", "username": "", "text": "จริง ¥650 นี่ก็กินได้หลายอย่างอยู่นะ กินโอนิกิริ พร้อมน้ำ ดีไม่ดีได้ขนมอีกอันจากคอนบินิอีก ดีใจๆ", "date": "22-02-2019 15:52", "retweet": 0, "like": 0}, {"id": "1098867779376078848", "url": "https://twitter.com/W_dese/status/1098867779376078848", "username": "", "text": "ช่วงนี้ตาอักเสบ เล่นเยอะไปหน่อย", "date": "22-02-2019 15:51", "retweet": 0, "like": 0}, {"id": "1098867697415147520", "url": "https://twitter.com/W_dese/status/1098867697415147520", "username": "", "text": "พี่แมวว้อยยย เราลีฟกรุ๊ปเห๊อะ 555555", "date": "22-02-2019 15:50", "retweet": 0, "like": 1}, {"id": "1098867529341034496", "url": "https://twitter.com/W_dese/status/1098867529341034496", "username": "", "text": "จริงๆ ได้มาอีก $1 คิดหนักเลยว่าจะเอาไปซื้อไร 555 ซื้อของได้หลายอย่างนะ $1 เนี่ย เช่น Macca’s frozen coke, 7-eleven hot coffee, some fruit/veg/herb from fruit shop, a fun size chocolate from Woolies, a tin of cat food, and etc.", "date": "22-02-2019 15:50", "retweet": 0, "like": 0}, {"id": "1098866494274850816", "url": "https://twitter.com/W_dese/status/1098866494274850816", "username": "", "text": "Get em from laundromat. Thank you donation for my coming Japan trip. This ¥650 can buy me a breakfast )) pic.twitter.com/toH0mftOrG", "date": "22-02-2019 15:46", "retweet": 0, "like": 0}, {"id": "1098865915637059586", "url": "https://twitter.com/W_dese/status/1098865915637059586", "username": "", "text": "ขยี้ให้แบนๆๆ", "date": "22-02-2019 15:43", "retweet": 1, "like": 1}, {"id": "1098865825975480320", "url": "https://twitter.com/W_dese/status/1098865825975480320", "username": "", "text": "แม่นายวิไลดารายังไม่สะดวกให้เข้าพบค่ะ รับบัตรคิวนะคะ 55555", "date": "22-02-2019 15:43", "retweet": 0, "like": 0}, {"id": "1098845444182929409", "url": "https://twitter.com/W_dese/status/1098845444182929409", "username": "", "text": "หู้ยยยย", "date": "22-02-2019 14:22", "retweet": 0, "like": 0}, {"id": "1098839751602331648", "url": "https://twitter.com/W_dese/status/1098839751602331648", "username": "", "text": "pic.twitter.com/3oFlsSZTXG", "date": "22-02-2019 13:59", "retweet": 0, "like": 1}, {"id": "1098839620106649600", "url": "https://twitter.com/W_dese/status/1098839620106649600", "username": "", "text": "จริง เวลตัน 5555555 เลิกเก็บเว่ลละ", "date": "22-02-2019 13:59", "retweet": 0, "like": 0}, {"id": "1098838779878494208", "url": "https://twitter.com/W_dese/status/1098838779878494208", "username": "", "text": "ไม่รู้จะดีใจหรือเสียใจดี ที่เคยเจอผู้ชายที่แย่สุดๆ จนเหมือนมีภูมิคุ้มกันเรื่องแฟนนอกใจ ตอนนี้คือ ถ้ามึงนอกใจกูเหรอ จบเลย เดี๋ยวไปหาคนใหม่เหมือนกัน", "date": "22-02-2019 13:55", "retweet": 12, "like": 5}, {"id": "1098834579069104128", "url": "https://twitter.com/W_dese/status/1098834579069104128", "username": "", "text": "ไม่ต้องลงม๊าาาา 55555555", "date": "22-02-2019 13:39", "retweet": 0, "like": 0}, {"id": "1098816987327737856", "url": "https://twitter.com/W_dese/status/1098816987327737856", "username": "", "text": "ปล. อย่าลืมปิด scan code ด้วยแกๆๆๆ", "date": "22-02-2019 12:29", "retweet": 0, "like": 0}, {"id": "1098816820172091392", "url": "https://twitter.com/W_dese/status/1098816820172091392", "username": "", "text": "@NuJiji มังจะมาเมืองหนายยยย", "date": "22-02-2019 12:28", "retweet": 0, "like": 0}, {"id": "1098808614473453568", "url": "https://twitter.com/W_dese/status/1098808614473453568", "username": "", "text": "จ่ายเป็นการลูบไล้ๆๆๆ", "date": "22-02-2019 11:56", "retweet": 0, "like": 0}, {"id": "1098803608592646144", "url": "https://twitter.com/W_dese/status/1098803608592646144", "username": "", "text": "พร้อมๆๆๆ", "date": "22-02-2019 11:36", "retweet": 0, "like": 0}, {"id": "1098797957950799872", "url": "https://twitter.com/W_dese/status/1098797957950799872", "username": "", "text": "เครื่องครบแล้วค่ะคุณขา เปิดโรงงานเถ๊อะ 5555", "date": "22-02-2019 11:13", "retweet": 0, "like": 0}, {"id": "1098797431473373184", "url": "https://twitter.com/W_dese/status/1098797431473373184", "username": "", "text": "เนี่ย พอมีคนจับได้ก็แกล้งเขินๆๆ #ด้อมยุ", "date": "22-02-2019 11:11", "retweet": 0, "like": 0}, {"id": "1098797061376376833", "url": "https://twitter.com/W_dese/status/1098797061376376833", "username": "", "text": "ถ้ามีเครื่องตี 30 ลิตร นี่โกคอมเมอเชียลเต็มตัวอ่ะ นวดหนมปังได้ด้วยใช่เปล่าอันนี้", "date": "22-02-2019 11:10", "retweet": 0, "like": 1}, {"id": "1098796071331872769", "url": "https://twitter.com/W_dese/status/1098796071331872769", "username": "", "text": "ฐานลูกค้าพร้อม 5555", "date": "22-02-2019 11:06", "retweet": 0, "like": 0}, {"id": "1098795270840537088", "url": "https://twitter.com/W_dese/status/1098795270840537088", "username": "", "text": "อยากจะอยู่ไทยตอนนี้จริมๆๆๆ ฮึ่ยๆๆๆ pic.twitter.com/iml64WzjFE", "date": "22-02-2019 11:03", "retweet": 0, "like": 1}, {"id": "1098773349541376002", "url": "https://twitter.com/W_dese/status/1098773349541376002", "username": "", "text": "555555", "date": "22-02-2019 09:35", "retweet": 0, "like": 0}, {"id": "1098728868368674816", "url": "https://twitter.com/W_dese/status/1098728868368674816", "username": "", "text": "เย็นพุงๆๆ", "date": "22-02-2019 06:39", "retweet": 0, "like": 1}, {"id": "1098728536502763521", "url": "https://twitter.com/W_dese/status/1098728536502763521", "username": "", "text": "ขี้เถิดจะเกิดผล", "date": "22-02-2019 06:37", "retweet": 0, "like": 0}, {"id": "1098722471132315648", "url": "https://twitter.com/W_dese/status/1098722471132315648", "username": "", "text": "ค่ะๆๆๆ", "date": "22-02-2019 06:13", "retweet": 0, "like": 0}, {"id": "1098722236477825025", "url": "https://twitter.com/W_dese/status/1098722236477825025", "username": "", "text": "เชื้อสืบทอดมาเป๊ะๆๆ", "date": "22-02-2019 06:12", "retweet": 0, "like": 0}, {"id": "1098721691151228928", "url": "https://twitter.com/W_dese/status/1098721691151228928", "username": "", "text": "ใส่เพิสๆ", "date": "22-02-2019 06:10", "retweet": 1, "like": 0}, {"id": "1098721334199087106", "url": "https://twitter.com/W_dese/status/1098721334199087106", "username": "", "text": "ทำไมชอบว่าเค้าาาา ร้องฝ่าาาา pic.twitter.com/grNK85VUON", "date": "22-02-2019 06:09", "retweet": 1, "like": 0}, {"id": "1098720466041073664", "url": "https://twitter.com/W_dese/status/1098720466041073664", "username": "", "text": "ไม่อยากจะคิดตอนเรากลับช่วงเมษา", "date": "22-02-2019 06:05", "retweet": 0, "like": 0}, {"id": "1098700698827468802", "url": "https://twitter.com/W_dese/status/1098700698827468802", "username": "", "text": "แถวนี้เริ่มอากาศดีละๆๆ", "date": "22-02-2019 04:47", "retweet": 0, "like": 0}, {"id": "1098700542031712257", "url": "https://twitter.com/W_dese/status/1098700542031712257", "username": "", "text": "เออ เจอบอสเก่าที่ใจดีสัสๆ แถวสถานีรถไฟ วันนี้แม่มต้องเป็นวันดีแน่ๆๆ", "date": "22-02-2019 04:46", "retweet": 0, "like": 0}, {"id": "1098698564752965632", "url": "https://twitter.com/W_dese/status/1098698564752965632", "username": "", "text": "นี่ยังสะสมของเล่นอยู่เลยๆๆ", "date": "22-02-2019 04:38", "retweet": 0, "like": 0}, {"id": "1098694912642404353", "url": "https://twitter.com/W_dese/status/1098694912642404353", "username": "", "text": "55555 แกล้งคืนๆ", "date": "22-02-2019 04:24", "retweet": 0, "like": 1}, {"id": "1098565601579036672", "url": "https://twitter.com/W_dese/status/1098565601579036672", "username": "", "text": "ชอบกุ้งเทียมกะผัดฉ่าปลาค่าา", "date": "21-02-2019 19:50", "retweet": 0, "like": 1}, {"id": "1098565254802337792", "url": "https://twitter.com/W_dese/status/1098565254802337792", "username": "", "text": "มีเมียน้อยซะแล้ว มะหีเอ้ยยย", "date": "21-02-2019 19:49", "retweet": 0, "like": 0}, {"id": "1098564521591894016", "url": "https://twitter.com/W_dese/status/1098564521591894016", "username": "", "text": "แมวทรนง pic.twitter.com/jmmSBgDNTZ", "date": "21-02-2019 19:46", "retweet": 0, "like": 2}, {"id": "1098563713496281089", "url": "https://twitter.com/W_dese/status/1098563713496281089", "username": "", "text": "pic.twitter.com/GCHuqDCTMa", "date": "21-02-2019 19:42", "retweet": 0, "like": 0}, {"id": "1098560432837558272", "url": "https://twitter.com/W_dese/status/1098560432837558272", "username": "", "text": "มาๆ เอามาดูให้หมด 555555", "date": "21-02-2019 19:29", "retweet": 0, "like": 0}, {"id": "1098558864671141890", "url": "https://twitter.com/W_dese/status/1098558864671141890", "username": "", "text": "จะพิมว่าเจี๋ยมเจี้ยม** ขอภัย ลาก่อย", "date": "21-02-2019 19:23", "retweet": 0, "like": 0}, {"id": "1098558725126709249", "url": "https://twitter.com/W_dese/status/1098558725126709249", "username": "", "text": "มิวท์แม่ม 555555", "date": "21-02-2019 19:23", "retweet": 1, "like": 1}, {"id": "1098558627416133633", "url": "https://twitter.com/W_dese/status/1098558627416133633", "username": "", "text": "/เจี๋มเ", "date": "21-02-2019 19:22", "retweet": 0, "like": 0}, {"id": "1098558453885198336", "url": "https://twitter.com/W_dese/status/1098558453885198336", "username": "", "text": "ขอดูสามขาหน่อยคร๊ๆๆๆ", "date": "21-02-2019 19:22", "retweet": 0, "like": 0}, {"id": "1098557389219844097", "url": "https://twitter.com/W_dese/status/1098557389219844097", "username": "", "text": "ตีเทนนิสป๊อกๆๆ", "date": "21-02-2019 19:17", "retweet": 2, "like": 0}, {"id": "1098556859236007936", "url": "https://twitter.com/W_dese/status/1098556859236007936", "username": "", "text": "มันยังไม่เลิกอวดอ่ะ เห่อเมียมากกกก นังมะหีๆ", "date": "21-02-2019 19:15", "retweet": 1, "like": 1}, {"id": "1098556648740679680", "url": "https://twitter.com/W_dese/status/1098556648740679680", "username": "", "text": "เข้มแข็งไว้นะๆ", "date": "21-02-2019 19:14", "retweet": 2, "like": 0}, {"id": "1098556170787205121", "url": "https://twitter.com/W_dese/status/1098556170787205121", "username": "", "text": "pic.twitter.com/kusSi5RBfl", "date": "21-02-2019 19:12", "retweet": 0, "like": 1}, {"id": "1098555972883079169", "url": "https://twitter.com/W_dese/status/1098555972883079169", "username": "", "text": "ทักคับรัวๆ 55555", "date": "21-02-2019 19:12", "retweet": 0, "like": 1}, {"id": "1098555843606306817", "url": "https://twitter.com/W_dese/status/1098555843606306817", "username": "", "text": "จริงๆ ยังไม่รู้เลยค่ะว่าเลือกนอกราชอาณาจักรนี่เลือกไง เข้าใจว่าเลือกเป็นพรรคงี้ค่ะ", "date": "21-02-2019 19:11", "retweet": 1, "like": 0}, {"id": "1098555564324380674", "url": "https://twitter.com/W_dese/status/1098555564324380674", "username": "", "text": "อ่ะ เอาไป 3 แขนเลย เพื่อลุงเบๆๆ pic.twitter.com/Lwsl8HRYMY", "date": "21-02-2019 19:10", "retweet": 0, "like": 0}, {"id": "1098555289006010368", "url": "https://twitter.com/W_dese/status/1098555289006010368", "username": "", "text": "เฉาฉุ่ยมาก อิมะหีคนอวดเมีย", "date": "21-02-2019 19:09", "retweet": 0, "like": 2}, {"id": "1098555112790740992", "url": "https://twitter.com/W_dese/status/1098555112790740992", "username": "", "text": "ใช่ค่า คนเดียวกันค่า", "date": "21-02-2019 19:08", "retweet": 0, "like": 0}, {"id": "1098554782141169665", "url": "https://twitter.com/W_dese/status/1098554782141169665", "username": "", "text": "จัดไปซัก 2 ลิตรสวยๆ", "date": "21-02-2019 19:07", "retweet": 0, "like": 0}, {"id": "1098554326581108738", "url": "https://twitter.com/W_dese/status/1098554326581108738", "username": "", "text": "ลงทุนกับน้องได้น๊คร๊ๆๆ ความเสี่ยงเชิดเงินหนีสูงมักกๆๆๆ", "date": "21-02-2019 19:05", "retweet": 0, "like": 0}, {"id": "1098554054949531648", "url": "https://twitter.com/W_dese/status/1098554054949531648", "username": "", "text": "กินรวบเลยทีเดียว ทั้งแมวทั้งหมีๆๆๆ", "date": "21-02-2019 19:04", "retweet": 0, "like": 1}, {"id": "1098553008978198529", "url": "https://twitter.com/W_dese/status/1098553008978198529", "username": "", "text": "พี่แมวมังต้องตัยหงๆๆ", "date": "21-02-2019 19:00", "retweet": 1, "like": 2}, {"id": "1098552928036519938", "url": "https://twitter.com/W_dese/status/1098552928036519938", "username": "", "text": "555555 งั้นไม่ต้องไปตอบแทนนน", "date": "21-02-2019 19:00", "retweet": 0, "like": 0}, {"id": "1098552832670593025", "url": "https://twitter.com/W_dese/status/1098552832670593025", "username": "", "text": "ไม่รู้เหมือนกันอ่ะ เราเรียนแบบไทยเลย คือเริ่มภาษาอะไรก็ตาม ครูต้องอ่านให้ออกก่อน ทั้งจีน ทั้งเยอรมันงี้", "date": "21-02-2019 18:59", "retweet": 0, "like": 0}, {"id": "1098552305073287168", "url": "https://twitter.com/W_dese/status/1098552305073287168", "username": "", "text": "พ่กอกตัญญูบอสัดๆๆ", "date": "21-02-2019 18:57", "retweet": 0, "like": 0}, {"id": "1098552052811128833", "url": "https://twitter.com/W_dese/status/1098552052811128833", "username": "", "text": "", "date": "21-02-2019 18:56", "retweet": 0, "like": 0}, {"id": "1098551884376244225", "url": "https://twitter.com/W_dese/status/1098551884376244225", "username": "", "text": "มีเยอะมาก หลายพรรค ชื่ออ่านยาก จำไม่ได้ ลืมมม", "date": "21-02-2019 18:55", "retweet": 1, "like": 1}, {"id": "1098551628116840448", "url": "https://twitter.com/W_dese/status/1098551628116840448", "username": "", "text": "จีนตอนนั้นเราเปิดตามเสียงอ่านอ่ะ มันมีแบบตามขีดด้วย อันนั้นเหี้ยมาก ยากมาก", "date": "21-02-2019 18:54", "retweet": 0, "like": 0}, {"id": "1098551313724403712", "url": "https://twitter.com/W_dese/status/1098551313724403712", "username": "", "text": "ผอมแว้วๆ", "date": "21-02-2019 18:53", "retweet": 0, "like": 1}, {"id": "1098551069171363840", "url": "https://twitter.com/W_dese/status/1098551069171363840", "username": "", "text": "แอดมินลุงเบนซ์งี้ๆๆ", "date": "21-02-2019 18:52", "retweet": 0, "like": 0}, {"id": "1098550627024564225", "url": "https://twitter.com/W_dese/status/1098550627024564225", "username": "", "text": "55555 มีคนจองขนมมดดี้เพียบจริงๆ ยอดฮิตๆ ขนาดพี่ขับเทียนยังมาสั่ง 55555", "date": "21-02-2019 18:50", "retweet": 0, "like": 0}, {"id": "1098500841009377282", "url": "https://twitter.com/W_dese/status/1098500841009377282", "username": "", "text": "", "date": "21-02-2019 15:33", "retweet": 0, "like": 0}, {"id": "1098498394652209153", "url": "https://twitter.com/W_dese/status/1098498394652209153", "username": "", "text": "โกยไขมันมาปั่นเป็นนมๆๆ", "date": "21-02-2019 15:23", "retweet": 0, "like": 0}, {"id": "1098496227002310656", "url": "https://twitter.com/W_dese/status/1098496227002310656", "username": "", "text": "สาย i4 เราก็ยังใช้ได้เหมือนกันค่ะ โทสับเอาไว้เป็นไอพอดอย่างเดียว 5555", "date": "21-02-2019 15:14", "retweet": 0, "like": 0}, {"id": "1098494997911851008", "url": "https://twitter.com/W_dese/status/1098494997911851008", "username": "", "text": "ไว้สั่งตอนกลับไทยสิ 5555555", "date": "21-02-2019 15:09", "retweet": 0, "like": 0}, {"id": "1098494891351363584", "url": "https://twitter.com/W_dese/status/1098494891351363584", "username": "", "text": "ต้องซื้อไซส์เล็กที่สุดๆๆ ให้มันดูใหญ่ๆๆๆ", "date": "21-02-2019 15:09", "retweet": 1, "like": 0}, {"id": "1098494189707259905", "url": "https://twitter.com/W_dese/status/1098494189707259905", "username": "", "text": "เราเพิ่งไปกดรีจิสเตอร์อ่ะมดดี้ 55555 ช้าไปมั้ย", "date": "21-02-2019 15:06", "retweet": 0, "like": 0}, {"id": "1098479229795209216", "url": "https://twitter.com/W_dese/status/1098479229795209216", "username": "", "text": "อาาาา", "date": "21-02-2019 14:07", "retweet": 0, "like": 0}, {"id": "1098473789816356864", "url": "https://twitter.com/W_dese/status/1098473789816356864", "username": "", "text": "โทนขึ้นลงในภาษาจีนกลางก็ยากสำหรับฝรั่ง เช่น เดวิด เป็นคนนิวซีแลนด์ที่ชอบมาคุยกับสาวจีน เดวิดพยายามออกเสียงคำว่ากล้วย (เซียงเจียว) แต่เน้นคำเป็น เซียงเจี่ยว (ตีนหอม) หรือ เซี่ยงเจียว (ยาง) เอ็นดู๊ววว", "date": "21-02-2019 13:45", "retweet": 1, "like": 2}, {"id": "1098473046308925440", "url": "https://twitter.com/W_dese/status/1098473046308925440", "username": "", "text": "ควีนส์~", "date": "21-02-2019 13:42", "retweet": 1, "like": 0}, {"id": "1098472811444621313", "url": "https://twitter.com/W_dese/status/1098472811444621313", "username": "", "text": "แง เค้าเลยอ่ะ กดซื้อนู่นนี่กระจุยมากๆๆๆ", "date": "21-02-2019 13:41", "retweet": 0, "like": 1}, {"id": "1098472648407900161", "url": "https://twitter.com/W_dese/status/1098472648407900161", "username": "", "text": "สมมติว่าเล็บยาว ถุงมือขาด ซักพักมาป้อนขนมให้แฟน 5555555 ยังคงน่ากลัวในจินตนาการอยู่ดีนะคะ", "date": "21-02-2019 13:41", "retweet": 0, "like": 0}, {"id": "1098471361788268544", "url": "https://twitter.com/W_dese/status/1098471361788268544", "username": "", "text": "เคยมีผู้เรียนสัตวบาลมาจีบ เล่าว่าล้วงทั้งแขนเข้าไปในตูดวัว อือออ โรแม้นติก 5555555", "date": "21-02-2019 13:35", "retweet": 0, "like": 0}, {"id": "1098438551266455552", "url": "https://twitter.com/W_dese/status/1098438551266455552", "username": "", "text": "เดี๋ยวเหอะ! เราก็เลือกนะ", "date": "21-02-2019 11:25", "retweet": 0, "like": 0}, {"id": "1098373566855229440", "url": "https://twitter.com/W_dese/status/1098373566855229440", "username": "", "text": "Chinky chic is chopping a chonky chook. Chop chop chop pic.twitter.com/ZnNlyn5U8V", "date": "21-02-2019 07:07", "retweet": 2, "like": 0}, {"id": "1098329568778145792", "url": "https://twitter.com/W_dese/status/1098329568778145792", "username": "", "text": "555555555 จริงแท้", "date": "21-02-2019 04:12", "retweet": 0, "like": 0}, {"id": "1098329501925138433", "url": "https://twitter.com/W_dese/status/1098329501925138433", "username": "", "text": "มาๆ ค่าเงินออสอ่อนมากพี่ ตอนนี้", "date": "21-02-2019 04:12", "retweet": 0, "like": 0}, {"id": "1098319019302502401", "url": "https://twitter.com/W_dese/status/1098319019302502401", "username": "", "text": "อ่านไม่ออกจริงๆ ไม่ได้กวน", "date": "21-02-2019 03:30", "retweet": 0, "like": 0}, {"id": "1098211330991915010", "url": "https://twitter.com/W_dese/status/1098211330991915010", "username": "", "text": "นอนฝ่าๆๆๆ ในที่สุดก็ง่วง", "date": "20-02-2019 20:22", "retweet": 0, "like": 0}, {"id": "1098211209365475328", "url": "https://twitter.com/W_dese/status/1098211209365475328", "username": "", "text": "เราใส่ชุดเดิมไม่ได้ เพราะอ้วนปริ 5555555", "date": "20-02-2019 20:22", "retweet": 0, "like": 0}, {"id": "1098208729189670913", "url": "https://twitter.com/W_dese/status/1098208729189670913", "username": "", "text": "เราไม่ค่อยอินชุดสมัยนี้เลย เกินวัยแล้วด้วยแหละ", "date": "20-02-2019 20:12", "retweet": 0, "like": 0}, {"id": "1098208256780992513", "url": "https://twitter.com/W_dese/status/1098208256780992513", "username": "", "text": "สมองอักเสบพอดี 55555", "date": "20-02-2019 20:10", "retweet": 0, "like": 0}, {"id": "1098208181887463426", "url": "https://twitter.com/W_dese/status/1098208181887463426", "username": "", "text": "น่าจะมาจาก teehee ขำคิกคักๆ", "date": "20-02-2019 20:10", "retweet": 0, "like": 0}, {"id": "1098207922989948928", "url": "https://twitter.com/W_dese/status/1098207922989948928", "username": "", "text": "ทำไมอ่ะ เค้าไม่ใส่กันละอ่อ เรายังใส่อยู่นะ 5555555", "date": "20-02-2019 20:09", "retweet": 0, "like": 0}, {"id": "1098205420953382913", "url": "https://twitter.com/W_dese/status/1098205420953382913", "username": "", "text": "นังจะเจ็บมั้ย รัวขนาดนี้ 55555", "date": "20-02-2019 19:59", "retweet": 0, "like": 0}, {"id": "1098204122375950339", "url": "https://twitter.com/W_dese/status/1098204122375950339", "username": "", "text": "เกลียดเพลงประกอบบบบบ 55555", "date": "20-02-2019 19:54", "retweet": 0, "like": 0}, {"id": "1098202505924698112", "url": "https://twitter.com/W_dese/status/1098202505924698112", "username": "", "text": "ไม่โป๊ตรงนม 555555", "date": "20-02-2019 19:47", "retweet": 0, "like": 0}, {"id": "1098202417059966977", "url": "https://twitter.com/W_dese/status/1098202417059966977", "username": "", "text": "นี่ไม่กล้าออกเสียงเลย จริงๆ ไม่มั่นใจว่าจะอ่านถูก", "date": "20-02-2019 19:47", "retweet": 0, "like": 0}, {"id": "1098201297784778754", "url": "https://twitter.com/W_dese/status/1098201297784778754", "username": "", "text": "ต้องเอาพุงให้แฟ่บกว่านี้หน่อยละจะมั้นใจอ่ะ ตอนนี้มันยังเสียรูปอยู่ แต่ใส่แล้วไม่โป๊เลยนะ", "date": "20-02-2019 19:42", "retweet": 0, "like": 1}, {"id": "1098200899170660352", "url": "https://twitter.com/W_dese/status/1098200899170660352", "username": "", "text": "เข้ๆๆ คุณพอลลีนเหรอ ชอบนะคนนี้ ในที่สุดก็ค้นพบตัวเอง นับถือๆ", "date": "20-02-2019 19:41", "retweet": 0, "like": 1}, {"id": "1098200545385373700", "url": "https://twitter.com/W_dese/status/1098200545385373700", "username": "", "text": "น่ารักเมาคลีมากกก pic.twitter.com/qHCopddlTq", "date": "20-02-2019 19:39", "retweet": 0, "like": 0}, {"id": "1098199637100421120", "url": "https://twitter.com/W_dese/status/1098199637100421120", "username": "", "text": "เคครัช ชื่อจริงอ่านยากมากๆ", "date": "20-02-2019 19:36", "retweet": 0, "like": 0}, {"id": "1098199249949343745", "url": "https://twitter.com/W_dese/status/1098199249949343745", "username": "", "text": "มีสายเดี่ยวแล้วๆ ชอบมากๆๆๆๆ", "date": "20-02-2019 19:34", "retweet": 0, "like": 0}, {"id": "1098197773118103557", "url": "https://twitter.com/W_dese/status/1098197773118103557", "username": "", "text": "ชอบลุคนี้ๆๆๆ สีรองเท้า หน้าผม ได้ๆๆๆ", "date": "20-02-2019 19:28", "retweet": 0, "like": 0}, {"id": "1098197298025320448", "url": "https://twitter.com/W_dese/status/1098197298025320448", "username": "", "text": "ตั้งเป้าใหม่ เป็นถ้าอายุ 50 ก็ขอให้ยังพริ้งเหมือนคุณผู้สมัครพรรคอนาคตใหม่ลำปาง ขออภัยอ่านชื่อไม่ออก", "date": "20-02-2019 19:26", "retweet": 8, "like": 3}, {"id": "1098196811339030534", "url": "https://twitter.com/W_dese/status/1098196811339030534", "username": "", "text": "สะดุดใจบอดีคอนลายเสือเล็ปปาด", "date": "20-02-2019 19:24", "retweet": 0, "like": 0}, {"id": "1098194569848483840", "url": "https://twitter.com/W_dese/status/1098194569848483840", "username": "", "text": "55555 เข้าท่าๆ ถ้าแขวนโคมแดง 2 ดวง อาจได้ฟีลตีจู่เอี้ยนะคะ", "date": "20-02-2019 19:16", "retweet": 0, "like": 0}, {"id": "1098194335504519168", "url": "https://twitter.com/W_dese/status/1098194335504519168", "username": "", "text": "บูรณาการอย่างแท้จริง *เอาน้ำมนต์พรมห้องเซิร์ฟเวอร์แป๊บ*", "date": "20-02-2019 19:15", "retweet": 1, "like": 0}, {"id": "1098193807789613056", "url": "https://twitter.com/W_dese/status/1098193807789613056", "username": "", "text": "งือออ พุงเราล้ำนมมาก 5555 นมควรจะได้บทนำในชุดนี้ๆๆๆ", "date": "20-02-2019 19:13", "retweet": 0, "like": 0}, {"id": "1098193679934582784", "url": "https://twitter.com/W_dese/status/1098193679934582784", "username": "", "text": "มีไฟด้วยๆๆ", "date": "20-02-2019 19:12", "retweet": 0, "like": 0}, {"id": "1098193419988459522", "url": "https://twitter.com/W_dese/status/1098193419988459522", "username": "", "text": "เราชอบมาก เอาจริงๆ แต่เราต้องลดฟามอ้วนก่อน 555555555555", "date": "20-02-2019 19:11", "retweet": 0, "like": 0}, {"id": "1098191045651718145", "url": "https://twitter.com/W_dese/status/1098191045651718145", "username": "", "text": "ไม่ใหญ่มากนะคะ ประมาณฟุตนิดๆ ค่ะ pic.twitter.com/XiUpmwMH3O", "date": "20-02-2019 19:02", "retweet": 0, "like": 0}, {"id": "1098190385354989568", "url": "https://twitter.com/W_dese/status/1098190385354989568", "username": "", "text": "มันเป็น diy ค่ะ เราอาจจะทำออกมาไม่น่ารักก็ได้ 555555555 แต่ก็อยากทำค่ะ", "date": "20-02-2019 18:59", "retweet": 0, "like": 0}, {"id": "1098190228274143239", "url": "https://twitter.com/W_dese/status/1098190228274143239", "username": "", "text": "ได้แล้ว ถ้าครบ 30 วัน เมอแช่นไม่หือไม่อือเงินก็คงอยู่ในบัญชีถาวรเลย เราโทรคุยกับธนาคารมา 5555 ไม่โทรนี่ไม่มีความคืบหน้า", "date": "20-02-2019 18:58", "retweet": 0, "like": 0}, {"id": "1098189988275974144", "url": "https://twitter.com/W_dese/status/1098189988275974144", "username": "", "text": "หิวจัด กินมิโสะ 1 ถ้วย ลดความอ้วนแบบตัดไตๆๆ pic.twitter.com/fCIeHjVCCV", "date": "20-02-2019 18:57", "retweet": 1, "like": 1}, {"id": "1098189622926966785", "url": "https://twitter.com/W_dese/status/1098189622926966785", "username": "", "text": "ถูกมาก เราจะโดนโกงมั้ย 55555 แต่เราใช้เพพาว น่าจะดิสพิวท์ได้", "date": "20-02-2019 18:56", "retweet": 0, "like": 0}, {"id": "1098188332536803336", "url": "https://twitter.com/W_dese/status/1098188332536803336", "username": "", "text": "หิวมากกกกก", "date": "20-02-2019 18:51", "retweet": 0, "like": 0}, {"id": "1098187793463894016", "url": "https://twitter.com/W_dese/status/1098187793463894016", "username": "", "text": "ขอยาดยัดเป็นมือ 55555 pic.twitter.com/nLmwXbg6pZ", "date": "20-02-2019 18:49", "retweet": 0, "like": 1}, {"id": "1098187029890777091", "url": "https://twitter.com/W_dese/status/1098187029890777091", "username": "", "text": "เนี่ย พอไม่ดูละครก็กดชอปปิ้ง เค้าโฆษณาว่าต่ออีบ้านจิ๋วเนี่ยลดความเครียดได้ดีนะ let’s see after 20 hours of diy, is it going to be a piece of art or a piece of shit? pic.twitter.com/Sawxm1BV0b", "date": "20-02-2019 18:46", "retweet": 0, "like": 0}, {"id": "1098186168988950528", "url": "https://twitter.com/W_dese/status/1098186168988950528", "username": "", "text": "ดีค่ะ มองการณ์ไกลๆๆ", "date": "20-02-2019 18:42", "retweet": 1, "like": 1}, {"id": "1098186097937416192", "url": "https://twitter.com/W_dese/status/1098186097937416192", "username": "", "text": "เรามีซื้อมาตุนไว้ แล้วไม่กล้าใส่ แหวกถึงสะดื๊อ 555555", "date": "20-02-2019 18:42", "retweet": 0, "like": 0}, {"id": "1098185921998929920", "url": "https://twitter.com/W_dese/status/1098185921998929920", "username": "", "text": "คือปลอกมือถือไม่ได้อยากได้เลย อยากได้บ้านตุ๊กตาอีกอัน แต่มันขายหมดแล้ว เหลือ 2 แบบเอง", "date": "20-02-2019 18:41", "retweet": 0, "like": 1}, {"id": "1098185616716513280", "url": "https://twitter.com/W_dese/status/1098185616716513280", "username": "", "text": "หมีกับแพนด้าเป็นไงมั่งแล้วคะคุมแม่ โดนกินไปยังคะ", "date": "20-02-2019 18:40", "retweet": 1, "like": 1}, {"id": "1098184999017230338", "url": "https://twitter.com/W_dese/status/1098184999017230338", "username": "", "text": "รีบจัดๆๆ", "date": "20-02-2019 18:38", "retweet": 0, "like": 0}, {"id": "1098184414104715265", "url": "https://twitter.com/W_dese/status/1098184414104715265", "username": "", "text": "ตื่นเต้นฉี่จะแตกค่ะ 555555", "date": "20-02-2019 18:35", "retweet": 0, "like": 0}, {"id": "1098182950942724096", "url": "https://twitter.com/W_dese/status/1098182950942724096", "username": "", "text": "คุณค่าที่คุณคู่ควรๆๆ", "date": "20-02-2019 18:29", "retweet": 0, "like": 0}, {"id": "1098182795866722305", "url": "https://twitter.com/W_dese/status/1098182795866722305", "username": "", "text": "กดซื้อของเล่นไป 2 อัน เพราะลดราคา แล้วมันดันลดเพิ่มอีก 30% แล้วซื้อครั้งแรกลดอีก 15% ถ้าซื้อครบ $39 ส่งฟรี จัดไป 3 อย่าง $39.93 ส่งฟรีและลดซ้ำซ้อนๆ คิดเป็นเงินไทย 890 บาท แกร๊ๆๆๆ อยากเล่นแน้วววว pic.twitter.com/94JlWjLBpT", "date": "20-02-2019 18:29", "retweet": 11, "like": 1}, {"id": "1098173838511067136", "url": "https://twitter.com/W_dese/status/1098173838511067136", "username": "", "text": "pic.twitter.com/OsmgJnQ3CG", "date": "20-02-2019 17:53", "retweet": 1, "like": 0}, {"id": "1098173568272093184", "url": "https://twitter.com/W_dese/status/1098173568272093184", "username": "", "text": "ก่อนอ้วนกระเพาะจะทะลุก่อน 555555", "date": "20-02-2019 17:52", "retweet": 0, "like": 0}, {"id": "1098173402681040896", "url": "https://twitter.com/W_dese/status/1098173402681040896", "username": "", "text": "ต้องได้ไก่กับปลาดุกด้วยอ่ะ ชอบกินหลากหลาย", "date": "20-02-2019 17:51", "retweet": 0, "like": 0}, {"id": "1098173059054239745", "url": "https://twitter.com/W_dese/status/1098173059054239745", "username": "", "text": "กรี๊ด หุ่นดีมากกกกด", "date": "20-02-2019 17:50", "retweet": 0, "like": 0}, {"id": "1098172384245239809", "url": "https://twitter.com/W_dese/status/1098172384245239809", "username": "", "text": "ไม่น่ารอดอ่ะพูดตรงๆ", "date": "20-02-2019 17:47", "retweet": 0, "like": 0}, {"id": "1098172109904273409", "url": "https://twitter.com/W_dese/status/1098172109904273409", "username": "", "text": "เราจะตัดขาไปด้วยกัน *จับมือ*", "date": "20-02-2019 17:46", "retweet": 1, "like": 1}, {"id": "1098171540925890561", "url": "https://twitter.com/W_dese/status/1098171540925890561", "username": "", "text": "กลืนน้ำลายเลยยย", "date": "20-02-2019 17:44", "retweet": 1, "like": 0}, {"id": "1098170366118088704", "url": "https://twitter.com/W_dese/status/1098170366118088704", "username": "", "text": "เกลียด 55555555555555", "date": "20-02-2019 17:39", "retweet": 0, "like": 0}, {"id": "1098170023099564033", "url": "https://twitter.com/W_dese/status/1098170023099564033", "username": "", "text": "มันน่าจะอ้วนเพราะไม่ค่อยแอคทีฟเปล่าอ่ะ คุมแท็บแม่มวิ่งทั้งวัน ตึ้กๆๆๆ กินก็เยอะมาก มากแบบสงสัยว่ามีพยาธิเปล่าเห้ยยยย", "date": "20-02-2019 17:38", "retweet": 0, "like": 0}, {"id": "1098071389611814913", "url": "https://twitter.com/W_dese/status/1098071389611814913", "username": "", "text": "3.6 เอง ทำไงก็ไม่ยอมอ้วนขึ้น ผอมกะหร่องงง", "date": "20-02-2019 11:06", "retweet": 0, "like": 0}, {"id": "1098071262050476032", "url": "https://twitter.com/W_dese/status/1098071262050476032", "username": "", "text": "โดนแย่งหมดๆๆ", "date": "20-02-2019 11:06", "retweet": 0, "like": 0}, {"id": "1098070930339725313", "url": "https://twitter.com/W_dese/status/1098070930339725313", "username": "", "text": "วิไลดาราขนตูดแหว่งๆ pic.twitter.com/uLMLzl3w3w", "date": "20-02-2019 11:04", "retweet": 0, "like": 1}, {"id": "1098070739771523072", "url": "https://twitter.com/W_dese/status/1098070739771523072", "username": "", "text": "แมวยักษ์ๆๆๆ", "date": "20-02-2019 11:04", "retweet": 0, "like": 0}, {"id": "1098060007189315585", "url": "https://twitter.com/W_dese/status/1098060007189315585", "username": "", "text": "ไม่มีขาๆๆ pic.twitter.com/dxkg9U0ain", "date": "20-02-2019 10:21", "retweet": 0, "like": 0}, {"id": "1098052041115455489", "url": "https://twitter.com/W_dese/status/1098052041115455489", "username": "", "text": "ตัวไหนๆ", "date": "20-02-2019 09:49", "retweet": 0, "like": 0}, {"id": "1098051878741569536", "url": "https://twitter.com/W_dese/status/1098051878741569536", "username": "", "text": "สับกินนนน", "date": "20-02-2019 09:49", "retweet": 0, "like": 0}, {"id": "1098034210655203328", "url": "https://twitter.com/W_dese/status/1098034210655203328", "username": "", "text": "เรามาสสะเต้อทำกะเพราแล้วนะ กะเพรากะพริกปลูกเอง เนื้อมาจากแมวข้างบ้าน 5555555", "date": "20-02-2019 08:38", "retweet": 0, "like": 0}, {"id": "1098033405160128518", "url": "https://twitter.com/W_dese/status/1098033405160128518", "username": "", "text": "คนอยู่บ้านก็ต้องดูแลตัวเอง ไข่ดาวกรอบมากเลยยย pic.twitter.com/uOjVTSo708", "date": "20-02-2019 08:35", "retweet": 12, "like": 8}, {"id": "1098031279855955968", "url": "https://twitter.com/W_dese/status/1098031279855955968", "username": "", "text": "", "date": "20-02-2019 08:27", "retweet": 0, "like": 0}, {"id": "1098028482888515584", "url": "https://twitter.com/W_dese/status/1098028482888515584", "username": "", "text": "สดใสขึ้นต่างหากค่ะพี่", "date": "20-02-2019 08:16", "retweet": 0, "like": 0}, {"id": "1097996281748742144", "url": "https://twitter.com/W_dese/status/1097996281748742144", "username": "", "text": "ลงเครื่องวันอาทิตย์ที่โตเกียวไม่ดีเลย อยากไปหลายที่มากๆ พวก flea market ที่เปิดเฉพาะวันอาทิตย์งี้ สวนที่ปิดวันจันทร์งี้ วัดที่มีงานในวันอาทิตย์งี้ ไปแม่มทั้ง 3 ที่ละกัน ยังต้องมีที่กินอีก ฮือออ จัดสรรเวลาไม่ไหว", "date": "20-02-2019 06:08", "retweet": 1, "like": 2}, {"id": "1097995598928633856", "url": "https://twitter.com/W_dese/status/1097995598928633856", "username": "", "text": "ต้องเลิกอ่านรีวิวกล้องมือถือหะวาวี ไอฟงราคา 5 หมื่นสั่นมาก", "date": "20-02-2019 06:05", "retweet": 0, "like": 1}, {"id": "1097970365618282496", "url": "https://twitter.com/W_dese/status/1097970365618282496", "username": "", "text": "งื้ออออ ต้นแขนแน่นบาดใจมากกก ชอบบบบบ", "date": "20-02-2019 04:25", "retweet": 0, "like": 0}, {"id": "1097968301785796608", "url": "https://twitter.com/W_dese/status/1097968301785796608", "username": "", "text": "เป็นเรามีป้ามานั่งตักแบบนี้เราผลักออกเลยนะ what the hell are you doing?! Fuck off!", "date": "20-02-2019 04:16", "retweet": 0, "like": 1}, {"id": "1097964498592256000", "url": "https://twitter.com/W_dese/status/1097964498592256000", "username": "", "text": "ไม่ค่อยช่วยค่ะ เรากินแล้วไม่หลับเลย ลองชาคาโมมายด์อุ่นๆ ใส่น้ำผึ้งนิดนึงมั้ยคะ", "date": "20-02-2019 04:01", "retweet": 0, "like": 2}, {"id": "1097964143317999616", "url": "https://twitter.com/W_dese/status/1097964143317999616", "username": "", "text": "ตะกี้ตื่นมาส่งข้อความลางาน มันมืดๆ ได้ยินเสียงแง๊วเบาๆ ไม่รู้จากไหน นี่ก็มองไปที่ใต้เตียง สรุปนางมาแง๊วที่หลังหู ฮึ่ยยยย น่ารักออดอ้อนขนาดนี้ ไม่รักได้ไง", "date": "20-02-2019 04:00", "retweet": 0, "like": 0}, {"id": "1097963217043615744", "url": "https://twitter.com/W_dese/status/1097963217043615744", "username": "", "text": "55555555 เปรี้ยวเว่อ", "date": "20-02-2019 03:56", "retweet": 0, "like": 0}, {"id": "1097962157314953217", "url": "https://twitter.com/W_dese/status/1097962157314953217", "username": "", "text": "คาราวะคุมพ่อ", "date": "20-02-2019 03:52", "retweet": 0, "like": 0}, {"id": "1097962007662186496", "url": "https://twitter.com/W_dese/status/1097962007662186496", "username": "", "text": "สงสัยใกล้แล้วค่ะๆ", "date": "20-02-2019 03:51", "retweet": 1, "like": 0}, {"id": "1097961376474001408", "url": "https://twitter.com/W_dese/status/1097961376474001408", "username": "", "text": "น่ารักตรงแงวแลบลิ้นนน", "date": "20-02-2019 03:49", "retweet": 0, "like": 2}, {"id": "1097778730808692736", "url": "https://twitter.com/W_dese/status/1097778730808692736", "username": "", "text": "รูปที่ถ่ายไว้ละลงไม่ได้ = ติดเรท", "date": "19-02-2019 15:43", "retweet": 0, "like": 0}, {"id": "1097778200887717889", "url": "https://twitter.com/W_dese/status/1097778200887717889", "username": "", "text": "ขอเป็นอีตัวซ้ายนอนขยับขา 55555", "date": "19-02-2019 15:41", "retweet": 2, "like": 0}, {"id": "1097776289887309824", "url": "https://twitter.com/W_dese/status/1097776289887309824", "username": "", "text": "ไอหนักเลยกู๊ ไอจนกินข้าวไปไอไป ฮึ่ยยยยยย ทำไงจะไปนอนทิ่มงานได้อ่ะ นอนพักและได้เงิน 5555", "date": "19-02-2019 15:33", "retweet": 0, "like": 1}, {"id": "1097775985087307776", "url": "https://twitter.com/W_dese/status/1097775985087307776", "username": "", "text": "Vertuo ทำได้หลายขนาดอ่ะ ตั้งแต่ช็อต 40 มิล ไปยัน 414 มิลอ่ะ คือยังชิมไม่หมด เดี๋ยวว่างๆ จะไปกินฟรีอีก 555555", "date": "19-02-2019 15:32", "retweet": 1, "like": 1}, {"id": "1097773775414685696", "url": "https://twitter.com/W_dese/status/1097773775414685696", "username": "", "text": "ใช่ เครื่องคนละแบบกันอ่ะ เครื่องเวอทูโอจะเป็นแคปซูลรูปโดมกลมๆ pic.twitter.com/fdgk4L8v9Z", "date": "19-02-2019 15:23", "retweet": 1, "like": 0}, {"id": "1097772014931107841", "url": "https://twitter.com/W_dese/status/1097772014931107841", "username": "", "text": "น่าสนใจๆ แต่คนละรุ่นแคปซูลอ่ะ อันนี้เป็น vertuo แงๆๆ อด", "date": "19-02-2019 15:16", "retweet": 1, "like": 0}, {"id": "1097754312392925190", "url": "https://twitter.com/W_dese/status/1097754312392925190", "username": "", "text": "สวยและรวยมาก 5555555", "date": "19-02-2019 14:06", "retweet": 0, "like": 0}, {"id": "1097754198995697665", "url": "https://twitter.com/W_dese/status/1097754198995697665", "username": "", "text": "ชั้งรอมังขึ้นๆๆๆๆๆ", "date": "19-02-2019 14:06", "retweet": 0, "like": 0}, {"id": "1097754129126940672", "url": "https://twitter.com/W_dese/status/1097754129126940672", "username": "", "text": "ฮึ่ยๆๆๆ", "date": "19-02-2019 14:05", "retweet": 0, "like": 0}, {"id": "1097751038839316480", "url": "https://twitter.com/W_dese/status/1097751038839316480", "username": "", "text": "ขอทราบค่าเสียหายเป็นแนวทางหน่อยคร๊", "date": "19-02-2019 13:53", "retweet": 0, "like": 0}, {"id": "1097750354500902913", "url": "https://twitter.com/W_dese/status/1097750354500902913", "username": "", "text": "แอร๊ยๆๆๆ", "date": "19-02-2019 13:50", "retweet": 0, "like": 0}, {"id": "1097750259923484672", "url": "https://twitter.com/W_dese/status/1097750259923484672", "username": "", "text": "ถ้าแลกตามร้านที่ส่งเงินที่นี่ 21.70 อ่ะ ถ้ากำตังไปแลกร้านแลกเงินที่ไทย 22.30", "date": "19-02-2019 13:50", "retweet": 1, "like": 0}, {"id": "1097749635097976833", "url": "https://twitter.com/W_dese/status/1097749635097976833", "username": "", "text": "จะตกอีกเรื่อยๆ ค่ะ", "date": "19-02-2019 13:48", "retweet": 0, "like": 0}, {"id": "1097749340800507904", "url": "https://twitter.com/W_dese/status/1097749340800507904", "username": "", "text": "สวยจริงจังๆ ดำชมพูนม", "date": "19-02-2019 13:46", "retweet": 0, "like": 0}, {"id": "1097749238069358592", "url": "https://twitter.com/W_dese/status/1097749238069358592", "username": "", "text": "เออ จริงนะ ทั้งชื่อเล่นชื่อจริงเด็กไทยสมัยใหม่แปลกขึ้นทุกวัน ชื่อจริงต้องอ่านยากที่สุด ใครยากสุดชนะ ชื่อเล่นต้องยาวๆ งงๆ งืมมม ก็เปลี่ยนไปตามยุคสมัยอ่ะเนอะ แต่ถ้าเรามีลูกคงไม่ตั้งแบบนั้น", "date": "19-02-2019 13:46", "retweet": 12, "like": 1}, {"id": "1097748341092282368", "url": "https://twitter.com/W_dese/status/1097748341092282368", "username": "", "text": "แงๆๆๆๆ ค่าเงินออสอ่อนลงมากๆๆๆ", "date": "19-02-2019 13:42", "retweet": 0, "like": 0}, {"id": "1097748140600451072", "url": "https://twitter.com/W_dese/status/1097748140600451072", "username": "", "text": "เหี้ยเอ้ย ป่วยอีกแล้ว จามจนไข้ขึ้น งือออ หยุดแม่มมมมม", "date": "19-02-2019 13:42", "retweet": 0, "like": 1}, {"id": "1097747755856846848", "url": "https://twitter.com/W_dese/status/1097747755856846848", "username": "", "text": "/แอบกอด 55555", "date": "19-02-2019 13:40", "retweet": 0, "like": 1}, {"id": "1097746857927700480", "url": "https://twitter.com/W_dese/status/1097746857927700480", "username": "", "text": "ไม่เอาเนอะไม่นอยด์ๆๆ", "date": "19-02-2019 13:37", "retweet": 0, "like": 1}, {"id": "1097709893455273984", "url": "https://twitter.com/W_dese/status/1097709893455273984", "username": "", "text": "2-3 ชม ก็เวลานะคะ งือออ ใจดีเกินนน", "date": "19-02-2019 11:10", "retweet": 0, "like": 3}, {"id": "1097709788824166400", "url": "https://twitter.com/W_dese/status/1097709788824166400", "username": "", "text": "ถูกกก", "date": "19-02-2019 11:09", "retweet": 0, "like": 0}, {"id": "1097675191478415360", "url": "https://twitter.com/W_dese/status/1097675191478415360", "username": "", "text": "นังต้องชอบโกลด์เซนต์แน่ๆ @Loog_zo https://www. khaosod.co.th/monitor-news/n ews_2215784 …", "date": "19-02-2019 08:52", "retweet": 9, "like": 0}, {"id": "1097674297479286785", "url": "https://twitter.com/W_dese/status/1097674297479286785", "username": "", "text": "อร๊องงงงง", "date": "19-02-2019 08:48", "retweet": 0, "like": 0}, {"id": "1097674080675721217", "url": "https://twitter.com/W_dese/status/1097674080675721217", "username": "", "text": "ไอพวกแบบนี้มันต้องทวง!", "date": "19-02-2019 08:47", "retweet": 1, "like": 0}, {"id": "1097673766925099009", "url": "https://twitter.com/W_dese/status/1097673766925099009", "username": "", "text": "ทวงมันได้ป่ะคะ", "date": "19-02-2019 08:46", "retweet": 0, "like": 1}, {"id": "1097673288879198208", "url": "https://twitter.com/W_dese/status/1097673288879198208", "username": "", "text": "แพร่ดๆๆ พรุดๆๆๆ", "date": "19-02-2019 08:44", "retweet": 0, "like": 0}, {"id": "1097657702807887872", "url": "https://twitter.com/W_dese/status/1097657702807887872", "username": "", "text": "จริงค่ะ น่ารักชนะหมดเลย 555555", "date": "19-02-2019 07:42", "retweet": 1, "like": 0}, {"id": "1097642448073846785", "url": "https://twitter.com/W_dese/status/1097642448073846785", "username": "", "text": "สีติดไม่ค่อยทนค่ะ แต่อาศัยน่ารัก 55555555", "date": "19-02-2019 06:42", "retweet": 0, "like": 1}, {"id": "1097642357250379777", "url": "https://twitter.com/W_dese/status/1097642357250379777", "username": "", "text": "รู้ใจๆๆ pic.twitter.com/1T3aX4Qks2", "date": "19-02-2019 06:41", "retweet": 0, "like": 1}, {"id": "1097611727607189505", "url": "https://twitter.com/W_dese/status/1097611727607189505", "username": "", "text": "โดนตกมา ฮื่ออออ pic.twitter.com/8GDRrLUe4z", "date": "19-02-2019 04:40", "retweet": 3, "like": 1}, {"id": "1097604528059277312", "url": "https://twitter.com/W_dese/status/1097604528059277312", "username": "", "text": "", "date": "19-02-2019 04:11", "retweet": 0, "like": 0}, {"id": "1097476400221540352", "url": "https://twitter.com/W_dese/status/1097476400221540352", "username": "", "text": "นอนฝ่า", "date": "18-02-2019 19:42", "retweet": 0, "like": 0}, {"id": "1097476017768153095", "url": "https://twitter.com/W_dese/status/1097476017768153095", "username": "", "text": "ไปดีเถอะนะคนดี ไม่ต้องห่วงทางนี้ 555555555", "date": "18-02-2019 19:40", "retweet": 0, "like": 0}, {"id": "1097474528089784320", "url": "https://twitter.com/W_dese/status/1097474528089784320", "username": "", "text": "ปลายทางที่ชั้งรอคอยยย", "date": "18-02-2019 19:34", "retweet": 0, "like": 0}, {"id": "1097468264198729728", "url": "https://twitter.com/W_dese/status/1097468264198729728", "username": "", "text": "อาจจะต้องกระตุ้นนิดหน่อย แบบอัดทิงแดงซัก 3 ขวด", "date": "18-02-2019 19:09", "retweet": 1, "like": 0}, {"id": "1097466130841518080", "url": "https://twitter.com/W_dese/status/1097466130841518080", "username": "", "text": "มันคือฟามลักจ้า", "date": "18-02-2019 19:01", "retweet": 1, "like": 1}, {"id": "1097465131699658753", "url": "https://twitter.com/W_dese/status/1097465131699658753", "username": "", "text": "ลักกันๆ pic.twitter.com/Z6X1dI6e0O", "date": "18-02-2019 18:57", "retweet": 1, "like": 0}, {"id": "1097464834247950336", "url": "https://twitter.com/W_dese/status/1097464834247950336", "username": "", "text": "คูการ์ = ชะนีแก่กินเด็กหนุ่ม 5555 pic.twitter.com/SA8XyuoxNY", "date": "18-02-2019 18:56", "retweet": 1, "like": 0}, {"id": "1097464219245502465", "url": "https://twitter.com/W_dese/status/1097464219245502465", "username": "", "text": "เป็นคูการ์", "date": "18-02-2019 18:53", "retweet": 1, "like": 0}, {"id": "1097464132993863681", "url": "https://twitter.com/W_dese/status/1097464132993863681", "username": "", "text": "วันๆ นี่ไปทำงานเพื่อกดสั่งของออนไลน์ ฮื่ออ ข่ลบ้า", "date": "18-02-2019 18:53", "retweet": 0, "like": 0}, {"id": "1097464003788296197", "url": "https://twitter.com/W_dese/status/1097464003788296197", "username": "", "text": "เมื่อก่อนไม่มีอุปกรณ์ลายเสือเลย พอบทจะงอก นังก็งอกยับยู่ๆ", "date": "18-02-2019 18:53", "retweet": 0, "like": 1}, {"id": "1097463832824270848", "url": "https://twitter.com/W_dese/status/1097463832824270848", "username": "", "text": "เป็นญาติกะเกี้ยวการ์ดดด", "date": "18-02-2019 18:52", "retweet": 1, "like": 0}, {"id": "1097463635322912768", "url": "https://twitter.com/W_dese/status/1097463635322912768", "username": "", "text": "พยายามหาของเล่นไปแลกก่อน 55555 ถ้าหาแถวนี้ไม่ได้ เราจะไปหาแถวนู้น 55555", "date": "18-02-2019 18:51", "retweet": 0, "like": 0}, {"id": "1097462618074173442", "url": "https://twitter.com/W_dese/status/1097462618074173442", "username": "", "text": "สวยยยยย", "date": "18-02-2019 18:47", "retweet": 0, "like": 0}, {"id": "1097462487551635457", "url": "https://twitter.com/W_dese/status/1097462487551635457", "username": "", "text": "เข้าสู่วงการลายเสือโฮกกกก pic.twitter.com/4ed5eUhfHv", "date": "18-02-2019 18:47", "retweet": 1, "like": 1}, {"id": "1097461067624542208", "url": "https://twitter.com/W_dese/status/1097461067624542208", "username": "", "text": "ม่ายยยยย", "date": "18-02-2019 18:41", "retweet": 0, "like": 0}, {"id": "1097457706393190400", "url": "https://twitter.com/W_dese/status/1097457706393190400", "username": "", "text": "ง๊าาาา น่ารัก สีสดมากกกก ข่อมค่า คิดตังมาด้วยน๊าาา", "date": "18-02-2019 18:28", "retweet": 0, "like": 0}, {"id": "1097456561625063425", "url": "https://twitter.com/W_dese/status/1097456561625063425", "username": "", "text": "สีขาวชัดๆนะคะ 555555 ไม่ชมพูๆ /วิ่งหนี", "date": "18-02-2019 18:23", "retweet": 0, "like": 0}, {"id": "1097456376127774720", "url": "https://twitter.com/W_dese/status/1097456376127774720", "username": "", "text": "pic.twitter.com/8Xeir9dgat", "date": "18-02-2019 18:22", "retweet": 0, "like": 0}, {"id": "1097455459173249025", "url": "https://twitter.com/W_dese/status/1097455459173249025", "username": "", "text": "สมองแม่มจำไว้ว่าที่หยอดตู้เล่นคือชากะป๋องๆ แงๆๆๆ เสือกจำแม่นอีก ลบไม่ออก", "date": "18-02-2019 18:19", "retweet": 0, "like": 0}, {"id": "1097455070881341440", "url": "https://twitter.com/W_dese/status/1097455070881341440", "username": "", "text": "เลิ้บยูววววววววว", "date": "18-02-2019 18:17", "retweet": 0, "like": 0}, {"id": "1097454801523077120", "url": "https://twitter.com/W_dese/status/1097454801523077120", "username": "", "text": "จับเจี๊ยวน้องหน่อยยยยย", "date": "18-02-2019 18:16", "retweet": 1, "like": 0}, {"id": "1097454502590930945", "url": "https://twitter.com/W_dese/status/1097454502590930945", "username": "", "text": "ถ้าไม่มีหำ ก็จะไม่เจ็บๆๆ pic.twitter.com/co3UTJ81Wt", "date": "18-02-2019 18:15", "retweet": 0, "like": 0}, {"id": "1097454220335185921", "url": "https://twitter.com/W_dese/status/1097454220335185921", "username": "", "text": "แว็กซ์มั้ยๆๆ", "date": "18-02-2019 18:14", "retweet": 0, "like": 1}, {"id": "1097454136730079232", "url": "https://twitter.com/W_dese/status/1097454136730079232", "username": "", "text": "งือออ อ่านเป็นไทยแฟบ แฟบๆๆๆ", "date": "18-02-2019 18:13", "retweet": 0, "like": 0}, {"id": "1097453690691059712", "url": "https://twitter.com/W_dese/status/1097453690691059712", "username": "", "text": "ฆนเฬว ฆนดก โกนแม่มเบยยย", "date": "18-02-2019 18:12", "retweet": 0, "like": 1}, {"id": "1097453485677719553", "url": "https://twitter.com/W_dese/status/1097453485677719553", "username": "", "text": "ปรินท์มาใหญ่ขนาดนี้ แกงค์เพื่อนเล่นทวิตลุงตูาแน่ๆ ค่ะ", "date": "18-02-2019 18:11", "retweet": 1, "like": 1}, {"id": "1097453176586792960", "url": "https://twitter.com/W_dese/status/1097453176586792960", "username": "", "text": "RIP ลุงบิวจ้า", "date": "18-02-2019 18:10", "retweet": 1, "like": 1}, {"id": "1097453001784979456", "url": "https://twitter.com/W_dese/status/1097453001784979456", "username": "", "text": "4 ทุ่มแล้วยังไม่ทำไรเลย นั่งจิ้มโทสับเป็นบ้าๆๆๆ", "date": "18-02-2019 18:09", "retweet": 0, "like": 0}, {"id": "1097452904657481729", "url": "https://twitter.com/W_dese/status/1097452904657481729", "username": "", "text": "โอยยยย อยากได้ๆๆๆ ข่นบ้าๆๆๆๆ", "date": "18-02-2019 18:08", "retweet": 0, "like": 0}, {"id": "1097452377873866753", "url": "https://twitter.com/W_dese/status/1097452377873866753", "username": "", "text": "มีครบอ่ะ ร้านนี้ทั้งหวย ทั้งพวงมาลัย 5555555 เลิ้บบบบบ", "date": "18-02-2019 18:06", "retweet": 0, "like": 0}, {"id": "1097452169052213248", "url": "https://twitter.com/W_dese/status/1097452169052213248", "username": "", "text": "มีขายด้วยนะ 60 บาทอ่ะ 55555 งานดีอ่ะ pic.twitter.com/vWd7UBxGMy", "date": "18-02-2019 18:06", "retweet": 2, "like": 0}, {"id": "1097450734369427456", "url": "https://twitter.com/W_dese/status/1097450734369427456", "username": "", "text": "ตุ้มหูผีกินหัวก็น่าขนลุกค่ะคุณขา 55555", "date": "18-02-2019 18:00", "retweet": 0, "like": 0}, {"id": "1097450529897103360", "url": "https://twitter.com/W_dese/status/1097450529897103360", "username": "", "text": "โดนจับแน่ๆๆๆ", "date": "18-02-2019 17:59", "retweet": 0, "like": 0}, {"id": "1097450443913850880", "url": "https://twitter.com/W_dese/status/1097450443913850880", "username": "", "text": "ชั้งกำลังจะโดนตกกกก ชอบแผงขายล็อตเตอรี่สุดละ มีผ้าขูดหวยอีก มันดีๆๆๆ pic.twitter.com/Bh1TjYRD6N", "date": "18-02-2019 17:59", "retweet": 10, "like": 3}, {"id": "1097358777957769216", "url": "https://twitter.com/W_dese/status/1097358777957769216", "username": "", "text": "งือออ อายุ 50 หน้าอย่างเด้งงงง", "date": "18-02-2019 11:54", "retweet": 0, "like": 1}, {"id": "1097358035888918528", "url": "https://twitter.com/W_dese/status/1097358035888918528", "username": "", "text": "ล่าตามไอจีอยู่จ้ะ ข่อมค่า", "date": "18-02-2019 11:51", "retweet": 0, "like": 0}, {"id": "1097354243890003968", "url": "https://twitter.com/W_dese/status/1097354243890003968", "username": "", "text": "คูลชิคมากกก ข่อมค่าาาาา", "date": "18-02-2019 11:36", "retweet": 0, "like": 0}, {"id": "1097354122951442432", "url": "https://twitter.com/W_dese/status/1097354122951442432", "username": "", "text": "ข่อมค่าพี่เปิ้ล", "date": "18-02-2019 11:36", "retweet": 0, "like": 0}, {"id": "1097316513986469888", "url": "https://twitter.com/W_dese/status/1097316513986469888", "username": "", "text": "แบบนี่ที่ไทยมีมั้ยอ่ะ อันนี้ตั้ง $15 แหนะๆๆๆ pic.twitter.com/oUU8gPYnXF", "date": "18-02-2019 09:06", "retweet": 1, "like": 1}, {"id": "1097306586488352768", "url": "https://twitter.com/W_dese/status/1097306586488352768", "username": "", "text": "5555 จริง ยอมแพ้", "date": "18-02-2019 08:27", "retweet": 0, "like": 0}, {"id": "1097306234615619584", "url": "https://twitter.com/W_dese/status/1097306234615619584", "username": "", "text": "ชาติพัฒนาเน้นนักกีฬาจ้า", "date": "18-02-2019 08:26", "retweet": 1, "like": 0}, {"id": "1097305916414689280", "url": "https://twitter.com/W_dese/status/1097305916414689280", "username": "", "text": "55555555 ชิงกันเป็นมือบล็อกอันดับ 1", "date": "18-02-2019 08:24", "retweet": 0, "like": 0}, {"id": "1097286697803341824", "url": "https://twitter.com/W_dese/status/1097286697803341824", "username": "", "text": "บล็อคเร็ว บล็อคไว นี่พี่เองงงง 5555555", "date": "18-02-2019 07:08", "retweet": 1, "like": 0}, {"id": "1097286318176972801", "url": "https://twitter.com/W_dese/status/1097286318176972801", "username": "", "text": "ใช้เสียง 7 ค่ะ", "date": "18-02-2019 07:06", "retweet": 0, "like": 0}]