[{"id": "1099180922916679681", "url": "https://twitter.com/Waranu5/status/1099180922916679681", "username": "", "text": "อาการหนูน้อยหมารุมกัดดีขึ้นแล้ว #คําคมโดนๆ #ข่าววันนี้ #ข่าวจริง #ข่าวบันเทิง #ข่าว #ข่าวช่องวัน #ข่าวค่ํามิติใหม่ทั่วไทย #ข่าวดารา http://www. topicza.com/news87860.html ?d=23022019&f=73280 …", "date": "23-02-2019 12:35", "retweet": 0, "like": 0}, {"id": "1098903654105415680", "url": "https://twitter.com/Waranu5/status/1098903654105415680", "username": "", "text": "นายกฯย้ำยังต้องมีทหาร #เลือกตั้ง2562 #เลือกตั้ง62 http://www. topicza.com/news87816.html ?d=22022019&f=73280 …", "date": "22-02-2019 18:13", "retweet": 0, "like": 1}, {"id": "1098892570833240064", "url": "https://twitter.com/Waranu5/status/1098892570833240064", "username": "", "text": "สุดยอดสายเขียวกัญชารักษาโรค #เลือกตั้ง62 #ภูมิใจสายเขียว pic.twitter.com/0tZVuunf1D", "date": "22-02-2019 17:29", "retweet": 0, "like": 1}, {"id": "1098743678997151744", "url": "https://twitter.com/Waranu5/status/1098743678997151744", "username": "", "text": "ลองค้นหา อะไรใหม่ๆดูเผื่ออนาคตประเทศจะดีขึ้นบ้าง #savethanaton http://www. topicza.com/news87501.html ?d=22022019&f=73280 …", "date": "22-02-2019 07:38", "retweet": 0, "like": 1}, {"id": "1098472372158361601", "url": "https://twitter.com/Waranu5/status/1098472372158361601", "username": "", "text": "นายกฯเมินส.ส เปลี่ยนชื่อ ทักษิณ #Savethanatorn http://www. topicza.com/news87054.html ?d=21022019&f=73280 …", "date": "21-02-2019 13:39", "retweet": 2, "like": 3}, {"id": "1098368796408991744", "url": "https://twitter.com/Waranu5/status/1098368796408991744", "username": "", "text": "รวมความน่ารักลูกดารา http://www. darachilli.com/article/detail /86989?f=73280 … #captainchonlathorn #ดารา #เกรทพอร์ช #captainchonlathorn #ดาราไทย #ข่าวจริง #ข่าวดารา #ข่าวบันเทิง #ข่าวช่องวัน", "date": "21-02-2019 06:48", "retweet": 0, "like": 0}, {"id": "1098172312531087360", "url": "https://twitter.com/Waranu5/status/1098172312531087360", "username": "", "text": "5 ผลเสียต่อสมองของลูกดื่มน้ำไม่พอ https:// motherandcare.com/5-bad-result-w hen-kid-does-not-drink-enough-water?f=73280 … #เบบี๋ #เด็ก #อนาคตใหม่ #เลือกตั้ง2562 #เมียน้อย #เรื่องเล่าเช้านี้ #เลือกตั้งล่วงหน้า #เบบี๋คนเก่งของออฟกัน #เบลล่าราณี", "date": "20-02-2019 17:47", "retweet": 0, "like": 0}, {"id": "1098016387669213184", "url": "https://twitter.com/Waranu5/status/1098016387669213184", "username": "", "text": "เปิดคลิป!ววินาทีเฉียดตายข้างลุยน้ำพลุ่งชนพลิกแพคว่ำ http://www. topicza.com/news87689.html ?d=20022019&f=73280 … #ข่าววันนี้ #ข่าวบันเทิง #ข่าวดารา #ข่าวจริง #ข่าวจริง #ข่าวสดบันเทิง #ข่าวช่อง3 #ข่าว7HD #ข่าวค่ํามิติใหม่ทั่วไทย #ข่าวช่องวัน", "date": "20-02-2019 07:28", "retweet": 0, "like": 1}, {"id": "1097810734468087809", "url": "https://twitter.com/Waranu5/status/1097810734468087809", "username": "", "text": "สมเด็จพระสังฆราชประทานคติธรรมเนื่องในวันมาฆบูชา http://www. socialhot24.com/news65605.html ?d=19022019&f=73280 … #วันมาฆบูชา #peak #วอลเปเปอร์เรียกทรัพย์ #นักศึกษารับงาน #ประชาธิปัตย์ #ดาราเดลี่ #ดาราไทย #ข่าวจริง #ข่าวด่วน #ข่าวสด #ข่าวดารา #หนักเเผ่นดิน #เลือกตั้ง62", "date": "19-02-2019 17:50", "retweet": 0, "like": 1}]