[{"id": "1099333657083310081", "url": "https://twitter.com/warutaron1994/status/1099333657083310081", "username": "", "text": "น่าดูมาก อยากให้มี", "date": "23-02-2019 22:42", "retweet": 0, "like": 1}, {"id": "1099316295521071109", "url": "https://twitter.com/warutaron1994/status/1099316295521071109", "username": "", "text": "จะมีกราบสวัสดีโปรดิวเซอร์แห่งชาติด้วยปะ? 555 #ลูกทุ่งไอดอล", "date": "23-02-2019 21:33", "retweet": 0, "like": 1}, {"id": "1098792312543440896", "url": "https://twitter.com/warutaron1994/status/1098792312543440896", "username": "", "text": "มาบรรยายโรงเรียนนี้ เด็กๆ น่ารัก และที่สำคัญ บลิ๊งเพียบ 555 pic.twitter.com/M2RN88GQgn", "date": "22-02-2019 10:51", "retweet": 0, "like": 2}, {"id": "1098791233135161351", "url": "https://twitter.com/warutaron1994/status/1098791233135161351", "username": "", "text": "ไม่ไหวแล้ว ดีต่อใจ #ลิซ่า #แบล็คพิ้งค์ #LISA #BLACKPINK https:// twitter.com/nallalisa0327/ status/1098574215945510912 …", "date": "22-02-2019 10:46", "retweet": 0, "like": 5}, {"id": "1098790916544815104", "url": "https://twitter.com/warutaron1994/status/1098790916544815104", "username": "", "text": "คุณจอมขวัญต้องเป็น นุช แน่ๆ 555 #นุช https:// twitter.com/jomquan/status /1098484790469120002 …", "date": "22-02-2019 10:45", "retweet": 0, "like": 1}]