[{"id": "1099337618439864321", "url": "https://twitter.com/Welove8riew/status/1099337618439864321", "username": "", "text": "สติสำคัญที่สุด!! ภัยหญิงสาว ชายหื่นแอบปีนหน้าต่างหลังหอพัก บุกข่มขืน เจ้าตัวออกอุบายให้ใส่ถุงยาง ก่อนคว้ามีดแทงหลายครั้ง #Ch7HD http:// s.bugaboo.tv/428326", "date": "23-02-2019 22:58", "retweet": 0, "like": 0}, {"id": "1099218527385411584", "url": "https://twitter.com/Welove8riew/status/1099218527385411584", "username": "", "text": "เคสนี้เป็นพื้นที่อยู่ระหว่างการก่อสร้างเบื้องต้นหน่วยงานที่เกี่ยวข้องได้สั่งให้ผู้รับเหมาติดป้ายเพิ่มเติมพร้อมวางกรวย ป้องกันชาวบ้านแล้ว", "date": "23-02-2019 15:04", "retweet": 0, "like": 0}, {"id": "1099178931758915585", "url": "https://twitter.com/Welove8riew/status/1099178931758915585", "username": "", "text": "ลุงรับซื้อของเก่าหื่นกามล่อลวงเด็กสาววัย16ปีมาดูดวงว่าดวงไม่ดีต้องทำพิธีถอนของสุดท้ายพาเข้าโรงแรมแล้วข่มขืนจนสำเร็จตร.คาดมีเหยื่ออีกนับสิบรายที่ยังไม่กล้าแจ้งความ เมื่อ เวลา 10.30 น... https://www. facebook.com/61513058517588 8/posts/2235806943108236/ …", "date": "23-02-2019 12:27", "retweet": 0, "like": 0}, {"id": "1099168611724255233", "url": "https://twitter.com/Welove8riew/status/1099168611724255233", "username": "", "text": "ตามหาน้องหมาชิสุเพศเมียสีน้ำตาล ตัวเล็ก ได้หายไปบริเวณตลาดทรัพย์สินใหม่หากท่านใดพบเจอกรุณาแจ้งได้ที่เบอร์ 094-4035939 มีรางวัลให้ครับ https://www. facebook.com/61513058517588 8/posts/2235735826448681/ …", "date": "23-02-2019 11:46", "retweet": 0, "like": 0}, {"id": "1099157665563828225", "url": "https://twitter.com/Welove8riew/status/1099157665563828225", "username": "", "text": "#ตามหาเจ้าของกระเป๋าเงิน “ตามหาเจ้าของกระเป๋า พลเมืองดีพบบริเวณหน้าร้านตรีชฎาปลาเผา ติดต่อรับคืนได้ที่ บริษัท วีเคฟูดส์ ติดกับธนาคาร ธอส.ถนนฉะเชิงเทรา-บางปะกง” https://www. facebook.com/61513058517588 8/posts/2235685166453747/ …", "date": "23-02-2019 11:03", "retweet": 0, "like": 0}, {"id": "1098812975211638785", "url": "https://twitter.com/Welove8riew/status/1098812975211638785", "username": "", "text": "#ประชาสัมพันธ์ “บริเวณถนนจากโรงเรียนวัดดอนทองเข้ามาถึงวัดเซนต์ปอล มีการโรยน้ำมันก๊าซและทรายไว้ตลอดทาง ค่อนข้างลื่นมาก มีรถเสียหลักล้มไปแล้ว กลางคืนมองไม่เห็น ท่านใดที่ต้องใช้เส้นทางนี้สัญจร โดยเฉพาะรถจักรยานยนต์โปรดระมัดระวัง”", "date": "22-02-2019 12:13", "retweet": 0, "like": 0}, {"id": "1098806995811876864", "url": "https://twitter.com/Welove8riew/status/1098806995811876864", "username": "", "text": "#สมาชิกฝากประชาสัมพันธ์ถึงหน่วยงานที่เกี่ยวข้อง “ตอนนี้ประสบปัญหาสะพานเส้นติดต่อบางคล้า-บ้านสร้าง ทางหลวงชนบท5033ตัดทางหลวงชนบทเส้น4028เป็นสะพานต่างระดับไม่มีป้าย แสงไฟ หรือสัญญาณเตือนภัยใดๆบอก... https://www. facebook.com/61513058517588 8/posts/2234190836603180/ …", "date": "22-02-2019 11:49", "retweet": 0, "like": 0}, {"id": "1098805609762156544", "url": "https://twitter.com/Welove8riew/status/1098805609762156544", "username": "", "text": "#ตามหาเจ้าของป้ายทะเบียน “เจอป้ายทะเบียนตกข้างๆเสาไฟฟ้า หน้าศาลากลางจังหวัดฉะเชิงเทราค่ะ ทะเบียน บบ 4486 ปราจีนบุรี เจ้าของป้ายทะเบียนสามารถมารับได้ที่หน้าศาลากลางจังหวัดฉะเชิงเทรา ฝั่งตึกไม้ ตรงที่อยู่เวรของเจ้าหน้าที่ อส. ค่ะ” https://www. facebook.com/61513058517588 8/posts/2234184643270466/ …", "date": "22-02-2019 11:44", "retweet": 0, "like": 0}, {"id": "1098469239269322752", "url": "https://twitter.com/Welove8riew/status/1098469239269322752", "username": "", "text": "เห็นปูไข่ดองแล้วถึงกับ #น้ำลายแตก !!!!!!!!!!!! แอดขอแนะนำเมนูที่น้ำลายไหลไม่ว่าจะอยู่ที่ไหนก็สามารถกินได้ นั้นคือ ... ปูไข่ดองน้ำปลา สามารถพรีออเดอร์ได้ เป็นปูไข่ดองน้ำปลา ปูไข่ตัวใหญ่ๆ เนื้อแน่นๆ น้ำจิ้มแซ่บๆ... https://www. facebook.com/welove8riew/vi deos/283575849005406/ …", "date": "21-02-2019 13:27", "retweet": 0, "like": 0}, {"id": "1098377779928739841", "url": "https://twitter.com/Welove8riew/status/1098377779928739841", "username": "", "text": "#ตามหาเจ้าของกุญแจ “ไม่ทราบของใครทำตกไว้ที่บริเวณรพ.พุทธโสธร ติดต่อรับคืนได้ที่เบอร์ 0898326758 ค่ะ” https://www. facebook.com/61513058517588 8/posts/2232283926793871/ …", "date": "21-02-2019 07:24", "retweet": 0, "like": 0}, {"id": "1098192823688388608", "url": "https://twitter.com/Welove8riew/status/1098192823688388608", "username": "", "text": "18:30น. รับแจ้งมีเศษดินตกหล่น บนผิวการจราจร หน้าโรงงานโตโยต้า บ้านโพธิ์ ส่งผลให้รถที่วิ่งผ่านเสียการทรงตัว เกือบเกิดอุบัติเหตุหลายราย", "date": "20-02-2019 19:09", "retweet": 0, "like": 0}, {"id": "1098075567054680065", "url": "https://twitter.com/Welove8riew/status/1098075567054680065", "username": "", "text": "#สมาชิกฝากประชาสัมพันธ์ถึงหน่วยงานที่เกี่ยวข้อง “ท่อระบายน้ำเปิดทิ้งไว้ระหว่างการสร้างถนน อยู่หน้าร้านจิตต์อะไหล่ ไม่มีกรวยตั้ง หรือ สัญญาณเตือนว่ามีฝาท่อระบายน้ำเปิดอยู่ ไม่แน่ใจว่ามีแค่ฝานี้ฝาเดียวหรือไม่... https://www. facebook.com/61513058517588 8/posts/2231052076917056/ …", "date": "20-02-2019 11:23", "retweet": 0, "like": 0}, {"id": "1098065597928067075", "url": "https://twitter.com/Welove8riew/status/1098065597928067075", "username": "", "text": "#ตามหาเจ้าของกุญแจ “กุญแจท่านใดหาย พิกัดหน้าเทศบาล ปากซอย9 ถนนเส้นบางขนาก-บางน้ำเปรี้ยว ติดต่อรับคืนได้ที่ เป้ 0855681648” https://www. facebook.com/61513058517588 8/posts/2231010993587831/ …", "date": "20-02-2019 10:43", "retweet": 0, "like": 0}, {"id": "1097800648861528064", "url": "https://twitter.com/Welove8riew/status/1097800648861528064", "username": "", "text": "ขอเชิญร่วมทำบุญเที่ยวงานประจำปี นมัสการปิดทองหลวงพ่อยิ้ม ปิดทองลูกนิมิต ๙ ลูก ณ วัดไผ่ดำเจริญศุข ตำบลศาลาแดง อำเภอบางน้ำเปรี้ยว จังหวัดฉะเชิงเทรา ระหว่างวันที่ ๑๙-๒๐ กุมภาพันธ์ ๒๕๖๒ พร้อมลุ้นโชคล้วงไหทอง และซื้อบัตรการกุศล ลุ้นรับของรางวัลใหญ่มากมาย", "date": "19-02-2019 17:10", "retweet": 1, "like": 1}, {"id": "1097742824605392897", "url": "https://twitter.com/Welove8riew/status/1097742824605392897", "username": "", "text": "#สุดเลววงจรปิดเผยภาพคนร้ายลงมือขโมยรถมอเตอร์ไซค์2คันรวดก่อนหลบหนีลอยนวล #แชร์ตามหาเบาะแสคนร้าย “เมื่อวันที่ 16/2/19 เวลาประมาณ 20.00 น. จอดรถจักรยานยนต์ยี่ห้อ Honda รุ่น Super cub สีชมพูขาว... https://www. facebook.com/welove8riew/vi deos/2318142651764176/ …", "date": "19-02-2019 13:20", "retweet": 0, "like": 0}, {"id": "1097737671689072642", "url": "https://twitter.com/Welove8riew/status/1097737671689072642", "username": "", "text": "12.50 น. พิกัด ยูเทิร์นหน้าโรบินสัน รถแน่นมากครับ https://www. facebook.com/welove8riew/vi deos/749085288821483/ …", "date": "19-02-2019 13:00", "retweet": 0, "like": 0}, {"id": "1097731336020742144", "url": "https://twitter.com/Welove8riew/status/1097731336020742144", "username": "", "text": "ภาพจากวัดสมานรัตนาราม ในวันมาฆบูชา ปีนี้ครับ พี่น้องแวะมาไหว้พระทำบุญเป็นจำนวนมาก", "date": "19-02-2019 12:35", "retweet": 0, "like": 0}, {"id": "1097729518339407872", "url": "https://twitter.com/Welove8riew/status/1097729518339407872", "username": "", "text": "12.00 น. \" ไหว้พระ วันมาฆบูชา \" บรรยากาศที่วัดหงษ์ทอง (โบสถ์กลางทะเล) จ.ฉะเชิงเทรา มีประชาชนเดินทางมาทำบุญจำนวนมาก ส่วนสภาพการจราจร ถนนสุขุมวิท ทั้งขาเข้า และขาออก ผ่านทางเข้าวัด ติดขัดหนักมาก #FM91 Cr.Siratat Kunchai ,Niwat Thawichaichot https://www. facebook.com/61513058517588 8/posts/2229589100396687/ …", "date": "19-02-2019 12:28", "retweet": 0, "like": 0}, {"id": "1097721051541254145", "url": "https://twitter.com/Welove8riew/status/1097721051541254145", "username": "", "text": "11.47 น. รับแจ้งสี่แยกดอนสีนนท์ มุ่งหน้าตะวันออกคอมเพล็ก มีการก่อสร้างทาง มีสัญญาณไฟเขียวสั้นๆ ท้ายแถวสะสมยาว 3-4กม. ประกอบกับบางส่วนไม่เคารพกฎจราจร เปิดเลนเพิ่มเสี่ยงการเกิดอุบัติเหตุครับ", "date": "19-02-2019 11:54", "retweet": 0, "like": 1}, {"id": "1097683031693897728", "url": "https://twitter.com/Welove8riew/status/1097683031693897728", "username": "", "text": "ภาพบรรยากาศเคลื่อนขบวนไปยังวัดเขาสุวรรณคีรี งานสืบสานประเพณีขึ้นเขาเผาข้าวหลาม ครั้งที่18 ประจำปี2562 วันนี้แอดพาชมขบวนแห่แห้ผ้าป่าสมัคคี ตั้งขบวน ณ บริเวณลาดวัดสำโรงแห่ขึ้นเขาไปยังวัดสุวรรณคีรี ระยะทาง 6... https://www. facebook.com/welove8riew/vi deos/2167040826880528/ …", "date": "19-02-2019 09:23", "retweet": 0, "like": 0}, {"id": "1097672317922996224", "url": "https://twitter.com/Welove8riew/status/1097672317922996224", "username": "", "text": "รวมตัวกันที่จุดนัดพบวัดหัวสำโรง เพื่อเดินทางไกยังวัดเขาสุวรรณคีรี งานสืบสานประเพณีขึ้นเขาเผาข้าวหลาม ครั้งที่18 ประจำปี2562 วันนี้แอดพาชมขบวนแห่แห้ผ้าป่าสมัคคี ตั้งขบวน ณ... https://www. facebook.com/welove8riew/vi deos/242140456726341/ …", "date": "19-02-2019 08:40", "retweet": 0, "like": 0}, {"id": "1097520562375520256", "url": "https://twitter.com/Welove8riew/status/1097520562375520256", "username": "", "text": "ประกวดวาดภาพระบายสีชิงทุนการศึกษา พิพิธภัณฑ์สมเด็จบางขุนพรหมกรุโบราณ จัดกิจกรรมประกวดวาดภาพระบายสี ในหัวข้อ ไหว้พระ 9 วัด ส่งเสริมให้นักเรียนในท้องถิ่น รู้จักวัดต่างๆ ในช่วงเทศกาลวันมาฆบูชา... https://www. facebook.com/61513058517588 8/posts/2228695230486074/ …", "date": "18-02-2019 22:37", "retweet": 0, "like": 0}, {"id": "1097450288976281600", "url": "https://twitter.com/Welove8riew/status/1097450288976281600", "username": "", "text": "เปิดแล้วจ้าตลาดสดบ้านสวยน้ำใส . ใครที่กำลังมองหาพื้นที่ขายของ สามารถติดต่อมาที่ 0858358285 พิเศษ!!! จองแผงขายของวันนี้ ขายฟรี 2 เดือน . ว้าววววว รอช้าไม่ได้แล้วจ้าาาาา https://www. facebook.com/story.php?stor y_fbid=2228343270521270&id=615130585175888 …", "date": "18-02-2019 17:58", "retweet": 0, "like": 0}, {"id": "1097424510880440325", "url": "https://twitter.com/Welove8riew/status/1097424510880440325", "username": "", "text": "ขอเชิญเที่ยวงานสืบสานประเพณีขึ้นเขาเผาข้าวหลาม ณ โรงเรียนวัดหัวสำโรง จังหวัดฉะเชิงเทรา ครั้งที่ ๑๘ ประจำปี ๒๕๖๒ วันที่ ๑๘-๑๙ กุมภาพันธ์ ๒๕๖๒ หลังจากที่แอดได้พาไปชมพิธีเปิด... https://www. facebook.com/welove8riew/po sts/2228248433864087 …", "date": "18-02-2019 16:16", "retweet": 0, "like": 0}, {"id": "1097410018712776704", "url": "https://twitter.com/Welove8riew/status/1097410018712776704", "username": "", "text": "ขอเชิญเที่ยวงานสืบสานประเพณีขึ้นเขาเผาข้าวหลาม ณ โรงเรียนวัดหัวสำโรง จังหวัดฉะเชิงเทรา ครั้งที่ ๑๘ ประจำปี ๒๕๖๒ วันที่ ๑๘-๑๙ กุมภาพันธ์ ๒๕๖๒ หลังจากช่วงเช้าแอดมินได้พาชมพิธีเปิด... https://www. facebook.com/welove8riew/po sts/2228191040536493 …", "date": "18-02-2019 15:18", "retweet": 0, "like": 0}, {"id": "1097390030232924160", "url": "https://twitter.com/Welove8riew/status/1097390030232924160", "username": "", "text": "#บ้านแฝดพื้นที่เยอะให้ความรู้สึกสบายเหมือนอยู่บ้านเดี่ยว #ได้สนุกกับคลับเฮ้าส์สระว่ายน้ำยาวสุดเกือบ 20 เมตร 23-24 ก.พ.นี้ บ้านแฝดพื้นที่เยอะ ออกแบบสวยเรียบหรู 4 ห้องนอน 3 ห้องน้ำ บนทำเลติดถนนใหญ่ บางนา-ตราด กม.39... https://www. facebook.com/welove8riew/vi deos/524716034602972/ …", "date": "18-02-2019 13:59", "retweet": 0, "like": 0}, {"id": "1097335862671695872", "url": "https://twitter.com/Welove8riew/status/1097335862671695872", "username": "", "text": "แข่งจับปลา ใครจับได้ตัวไหนนำกลับบ้านได้เลย !!! แอดพาชมกิจกรรมจับปลา ทีอำเภอแปลงยาว ขอเชิญเที่ยวงานสืบสานเผาข้าวหลาม ณ โรงเรียนวัดหัวสำโรง จังหวัดฉะเชิงเทรา ครั้งที่ 18 ประจำปี 2562 วันที่18-19 กุมภาพันธ์ 2562 https://www. facebook.com/welove8riew/vi deos/2159931390716655/ …", "date": "18-02-2019 10:23", "retweet": 0, "like": 0}, {"id": "1097333540499251200", "url": "https://twitter.com/Welove8riew/status/1097333540499251200", "username": "", "text": "#ประกาศตามหาแมวหาย ชื่อ:แมม อายุ:1ปี เพศ ผู้ แมวพันธุ์เปอร์เซีย ขนจะฟูๆตัวสีน้ำตาลอ่อน หายช่วงประมาน 2ทุ่ม วันที่ 17/2/19 ที่ ซอย.ลิเก๋-สวัสดี หากใครพบเจอ รบกวนติดต่อเบอร์ 065-4919587 มดค่ะ https://www. facebook.com/61513058517588 8/posts/2227883037233960/ …", "date": "18-02-2019 10:14", "retweet": 0, "like": 0}, {"id": "1097316956657467394", "url": "https://twitter.com/Welove8riew/status/1097316956657467394", "username": "", "text": "#ประกาศตามหาสุนัขหายครับ 18/02/2019 ชื่อ:ฟรอยด์ อายุ:5ปี เพศผู้ ลักษณะ:พันธุ์พุดเดิ้ลสีน้ำตาล มีปลอกคอกระดิ่งสีชมพู ช่วงที่หาย หายพร้อมสายจูงครับน้องป่วยเป็นไข้หัดมาก่อนไม่มีฟันครับ ทำหมันแล้วไม่มีไข่... https://www. facebook.com/61513058517588 8/posts/2227811887241075/ …", "date": "18-02-2019 09:08", "retweet": 0, "like": 0}, {"id": "1097310163923390464", "url": "https://twitter.com/Welove8riew/status/1097310163923390464", "username": "", "text": "06.20 น. มีเหตุรถเฉี่ยวชน บริเวณถนนพาณิช มีผู้หญิง ผู้ขับขี่ จยย.ฮอนดาเวฟไอ สีน้ำเงินขาวทะเบียน ขงท 469 ฉะเชิงเทรารับบาดเจ็บ ไม่มีข้อมูล ติดต่อญาติไม่ได้ อาการสาหัส ไม่รู้ตัว ใช่ท่อช่วยหายใจ ทางตำรวจกำลังตามหาญาติ ผู้ใดทราบ/เป็นญาติหรือรู้จักรบกวนติดต่อทาง สภ.เมืองฉะเชิงเทรา", "date": "18-02-2019 08:41", "retweet": 0, "like": 0}]