[{"id": "1099048490993364993", "url": "https://twitter.com/WNULEK/status/1099048490993364993", "username": "", "text": "ข่าวดี! รพ.ศิริราช เปิด “บ้านพักพิงโรนัลด์ แมคโดนัลด์ เฮาส์” เฉพาะสำหรับญาติผู้ป่วยเด็ก https:// mgronline.com/onlinesection/ detail/9620000018682 …", "date": "23-02-2019 03:49", "retweet": 0, "like": 0}, {"id": "1099048081872412672", "url": "https://twitter.com/WNULEK/status/1099048081872412672", "username": "", "text": "ข่าวดี! รพ.ศิริราช เปิด “บ้านพักพิงโรนัลด์ แมคโดนัลด์ เฮาส์” เฉพาะสำหรับญาติผู้ป่วยเด็ก https:// mgronline.com/onlinesection/ detail/9620000018682 …", "date": "23-02-2019 03:47", "retweet": 0, "like": 0}, {"id": "1098378449599623168", "url": "https://twitter.com/WNULEK/status/1098378449599623168", "username": "", "text": "เราจะพบกันอีกแน่นอนจ้า #mylivelysisiter https://www. instagram.com/p/BuH6jAdh-hhA c9srJlUP9KDZUFat6KYXdBMlf00/?utm_source=ig_twitter_share&igshid=r5zcs0iecie4 …", "date": "21-02-2019 07:26", "retweet": 0, "like": 0}, {"id": "1097284977916403713", "url": "https://twitter.com/WNULEK/status/1097284977916403713", "username": "", "text": "ทุกเทศกาล #ดีต่อเรา #เมื่อวันก่อนโน้นนนนน https://www. instagram.com/p/BuAJSypBBgr6 MtHkE9pc40jzJfQ4oD1ORxUKK80/?utm_source=ig_twitter_share&igshid=1rkfg45xniz8s …", "date": "18-02-2019 07:01", "retweet": 0, "like": 0}]