[{"id": "1099367961104543744", "url": "https://twitter.com/WTFernne/status/1099367961104543744", "username": "", "text": "ต่างคนต่างคิดว่าชั้นยืน 1 งี้ป่าว คิดว่าอีกคนคือกิ๊ก เดียวก็เลิกไรงี้", "date": "24-02-2019 00:58", "retweet": 0, "like": 0}, {"id": "1099197347223891968", "url": "https://twitter.com/WTFernne/status/1099197347223891968", "username": "", "text": "นางมีความเพี้ยนๆค่ะเจ้ บางอย่างตรรกะแปลกมาก เลยจะเห็นคนแซะบ่อยๆจ้า", "date": "23-02-2019 13:40", "retweet": 0, "like": 0}, {"id": "1099194228020629504", "url": "https://twitter.com/WTFernne/status/1099194228020629504", "username": "", "text": "ค่าาาา ปกติก็ดูเฉยๆแหละค่ะ เพราะเคยเถียงแล้วปวดหัว เลยเห็นใจท่ายนอื่นๆ จึงขอแค่ดูก็เหนื่อยแทนแล้ว ไม่น่ารักก็ไม่น่ารักค่ะ ขอบคุณที่บอกนะคะ", "date": "23-02-2019 13:28", "retweet": 0, "like": 0}, {"id": "1099127147631767552", "url": "https://twitter.com/WTFernne/status/1099127147631767552", "username": "", "text": "สารภาพมามีใครฟอลพี่กัปตันไทยแลนด์ไว้ขำบ้าง", "date": "23-02-2019 09:01", "retweet": 0, "like": 0}, {"id": "1098987787150188545", "url": "https://twitter.com/WTFernne/status/1098987787150188545", "username": "", "text": "อดใจไม่ได้จริงๆเลยค่ะ เราก็ห่วงรถเราเนอะ ไหนจะต้องระวังรถทางตรง รถเลนแทรก มอไซค์แทรกจากทางตรง ยังต้องมาระวังพวกพี่เค้าอีกกก อดใจไม่ด่าไม่เคยได้เลยค่ะ", "date": "22-02-2019 23:48", "retweet": 0, "like": 0}, {"id": "1098986638259105792", "url": "https://twitter.com/WTFernne/status/1098986638259105792", "username": "", "text": "พอกันเลยเนอะพี่ป๊อบ บางทีแบบไม่อยากหงุดหงิดเวลาขับรถเลยนะคะ แต่แบบทุกครั้งที่จะเลี้ยวต้องมีซักคันที่ไม่แทรกวงใน ก็ปาดออกไปตัดหน้าอ่ะค่ะ ต้องด่าพ่อด่าแม่พี่เค้าในใจทุกทีเลย", "date": "22-02-2019 23:43", "retweet": 0, "like": 0}, {"id": "1098916555889422336", "url": "https://twitter.com/WTFernne/status/1098916555889422336", "username": "", "text": "ถามจริง ในการสอบใบขับขี่มอเตอร์ไซค์ มีการให้ความรู้มั้ยว่า จุดไหนที่ไม่ควรแซง หรือ แทรกรถยนต์อ่ะ ถ้าไม่มี ควรบรรจุไปด้วยนะ ทุกวันนี้มอไซค์เป็นสาเหตุให้เกิดอุบัติเหตุเยอะมาก เช่น แทรกวงในขณะรถเลี้ยว ขับปาดหน้าขณะตีวง เป็นต้น", "date": "22-02-2019 19:04", "retweet": 0, "like": 1}, {"id": "1098885469666832385", "url": "https://twitter.com/WTFernne/status/1098885469666832385", "username": "", "text": "55555555 แวะมาขำลุงจั๊มค่ะ เสียเวลาเถียงนะคะ ปวดหัวด้วย", "date": "22-02-2019 17:01", "retweet": 0, "like": 2}, {"id": "1098871303434424320", "url": "https://twitter.com/WTFernne/status/1098871303434424320", "username": "", "text": "งื้ออออ ดูวิตามินC 1000mg ตามที่แชร์ๆกันไม่ได้ เพราะฝากเพื่อนซื้อมาจากตปท. ไม่มีอย.ง่ะ", "date": "22-02-2019 16:05", "retweet": 0, "like": 0}, {"id": "1098870992737169414", "url": "https://twitter.com/WTFernne/status/1098870992737169414", "username": "", "text": "ขออนุญาตตอบแทนนะคะ เรื่องยกเลิก RMF เหมือนจะเป็นนโยบายของพรรคการเมืองหนึ่งค่ะ ส่วน LTF ยกเลิกแล้วจริงๆ ค่ะ", "date": "22-02-2019 16:03", "retweet": 3, "like": 1}, {"id": "1098584255985139718", "url": "https://twitter.com/WTFernne/status/1098584255985139718", "username": "", "text": "หงุดหงิด ความทับซ้อนของหน้าที่งาน", "date": "21-02-2019 21:04", "retweet": 0, "like": 0}, {"id": "1098400904229773312", "url": "https://twitter.com/WTFernne/status/1098400904229773312", "username": "", "text": "มีอีตู่อยู่ตรงไหนในประเด็นของเจ้าของทวีตอ่ะ https:// twitter.com/BallAntiCoup/s tatus/1098199415167148033 …", "date": "21-02-2019 08:55", "retweet": 0, "like": 0}, {"id": "1098371865926545408", "url": "https://twitter.com/WTFernne/status/1098371865926545408", "username": "", "text": "ยืนยันความคุ้มมมมม หมูจุกๆค่า https:// twitter.com/Sawarinni/stat us/1098087867283165184 …", "date": "21-02-2019 07:00", "retweet": 0, "like": 0}, {"id": "1098193024939511809", "url": "https://twitter.com/WTFernne/status/1098193024939511809", "username": "", "text": "ยิ่งมาจากน้องบอลนี่ยิ่งต้องสงสัยเลยอ่ะ หลังๆนี่ออกทะเลไปมาก คนเค้าต้องการหลักฐานสิ พิสูจน์ไงว่าจริงหรือไม่จริง ถ้าไม่มีหลักฐานก็ไม่ต่างอะไรจากข่าวลือป่ะ ถ้ามีจริงไม่ต้องทวีตก็ได้ค่ะ ไปกกต.แล้วแจ้งเลย https:// twitter.com/alther_boy/sta tus/1098064302500507648 …", "date": "20-02-2019 19:09", "retweet": 0, "like": 1}, {"id": "1098150047831617536", "url": "https://twitter.com/WTFernne/status/1098150047831617536", "username": "", "text": "กอดดดดดดดด", "date": "20-02-2019 16:19", "retweet": 0, "like": 1}, {"id": "1098054115265937409", "url": "https://twitter.com/WTFernne/status/1098054115265937409", "username": "", "text": "เจอแบบนี้ต้องรีบไปกกต.เลยค่ะ https:// twitter.com/alther_boy/sta tus/1096395807249424385 …", "date": "20-02-2019 09:57", "retweet": 0, "like": 0}, {"id": "1098035940440735744", "url": "https://twitter.com/WTFernne/status/1098035940440735744", "username": "", "text": "วงการตีนผีเข้าแล้วออกยาก", "date": "20-02-2019 08:45", "retweet": 0, "like": 0}, {"id": "1097911929249525761", "url": "https://twitter.com/WTFernne/status/1097911929249525761", "username": "", "text": "ตอนนี้น่าจะปิดไปแล้วนะ", "date": "20-02-2019 00:32", "retweet": 0, "like": 0}, {"id": "1097911628517933056", "url": "https://twitter.com/WTFernne/status/1097911628517933056", "username": "", "text": "เยสเซ่อร์", "date": "20-02-2019 00:31", "retweet": 0, "like": 0}, {"id": "1097847997604347904", "url": "https://twitter.com/WTFernne/status/1097847997604347904", "username": "", "text": "อยากได้เพราะเพิ่งเปลี่ยนงานค่ะ มีความติดขัดหลายอย่างมากๆ ทั้งคน ทั้งงาน ทั้งเงิน ต้องไปไฟว้กับ HR ที่ให้เงินเราน้อยกว่าที่ตกลงค่ะ ฮือออ พลีสสสส", "date": "19-02-2019 20:18", "retweet": 0, "like": 0}, {"id": "1097709212736442368", "url": "https://twitter.com/WTFernne/status/1097709212736442368", "username": "", "text": "ชั้นจำวันที่เธอซ่อมป้ายเวทีลานน้ำชา วันรพีให้ชั้นได้ อิอิ //พี่หอย https:// twitter.com/taopiphop/stat us/1097496913635508224 …", "date": "19-02-2019 11:07", "retweet": 0, "like": 0}, {"id": "1097666289907056640", "url": "https://twitter.com/WTFernne/status/1097666289907056640", "username": "", "text": "อจ.อ้อไปเป็นกรรมการอิสระในไทยเบฟ แล้วผิดตรงไหนง่ะ", "date": "19-02-2019 08:16", "retweet": 0, "like": 0}, {"id": "1097659067105853440", "url": "https://twitter.com/WTFernne/status/1097659067105853440", "username": "", "text": "รถพี่เค้าน่าจะขับเคลื่อนด้วยแรงศรัทธา 5555 https:// twitter.com/mungship/statu s/1097380261837164544 …", "date": "19-02-2019 07:48", "retweet": 0, "like": 0}, {"id": "1097446183079825410", "url": "https://twitter.com/WTFernne/status/1097446183079825410", "username": "", "text": "ยุบหนอ พองหนอ วันละ10รอบ", "date": "18-02-2019 17:42", "retweet": 0, "like": 0}]