[{"id": "1099292233377804288", "url": "https://twitter.com/xxbmm_cc/status/1099292233377804288", "username": "", "text": "ขอให้ทุกคำอวยพรเป็นความจริง", "date": "23-02-2019 19:57", "retweet": 0, "like": 0}, {"id": "1099275723120959493", "url": "https://twitter.com/xxbmm_cc/status/1099275723120959493", "username": "", "text": "ไม่เดดไลน์อย่าหวังว่าพวกเราจะแล https:// twitter.com/ddaaii1811/sta tus/1099264344779501568 …", "date": "23-02-2019 18:52", "retweet": 0, "like": 0}, {"id": "1098958786474041346", "url": "https://twitter.com/xxbmm_cc/status/1098958786474041346", "username": "", "text": "ถ้าถูกหวยเยอะๆจนรวยจะเปลี่ยนไปใช้ดิสนั้น3เดือนเลย", "date": "22-02-2019 21:52", "retweet": 0, "like": 0}, {"id": "1098905749785169920", "url": "https://twitter.com/xxbmm_cc/status/1098905749785169920", "username": "", "text": "ขอบคุณทุกๆคนเลยน้า เป็นวันเกิดที่ดีอีกปีนึง", "date": "22-02-2019 18:22", "retweet": 0, "like": 0}, {"id": "1098905666918305792", "url": "https://twitter.com/xxbmm_cc/status/1098905666918305792", "username": "", "text": "วันนี้ต้องเพื่อนในห้องแฮปคือตกใจจริง เสียงลูกโป่งคือข้างหู จริงๆกำลังจะอ้าปากด่าแต่เพื่อนร้องแฮปขึ้นมาเลยเปลี่ยนเป็นยิ้มแทน555555", "date": "22-02-2019 18:21", "retweet": 0, "like": 0}, {"id": "1098903758849814533", "url": "https://twitter.com/xxbmm_cc/status/1098903758849814533", "username": "", "text": "ตะไมดั๋ยไม่มีดวงขนาดนี้ล่ะคะ", "date": "22-02-2019 18:14", "retweet": 0, "like": 0}, {"id": "1098850842508054528", "url": "https://twitter.com/xxbmm_cc/status/1098850842508054528", "username": "", "text": "pic.twitter.com/zqJswxtV4N", "date": "22-02-2019 14:43", "retweet": 0, "like": 1}, {"id": "1098850723503042560", "url": "https://twitter.com/xxbmm_cc/status/1098850723503042560", "username": "", "text": "@Pungyo3o รายงานตัวแล้วทักเรามาบอกเลขบช.ได้เลยนะคะ", "date": "22-02-2019 14:43", "retweet": 0, "like": 1}, {"id": "1098757957578149889", "url": "https://twitter.com/xxbmm_cc/status/1098757957578149889", "username": "", "text": "แบบหักหน้าปะ", "date": "22-02-2019 08:34", "retweet": 0, "like": 0}, {"id": "1098757902666362880", "url": "https://twitter.com/xxbmm_cc/status/1098757902666362880", "username": "", "text": "กุไปเข้าห้องน้ำ มปร.มึง เรื่องแม่งเล็กน้อยน่าจะรู้จักกาลเทศะนิดนึงปะวะ พูดในที่ประชุม ค่ดเหี้ย", "date": "22-02-2019 08:34", "retweet": 0, "like": 0}, {"id": "1098755262662332416", "url": "https://twitter.com/xxbmm_cc/status/1098755262662332416", "username": "", "text": "อิหยัง", "date": "22-02-2019 08:24", "retweet": 0, "like": 0}, {"id": "1098512430710251520", "url": "https://twitter.com/xxbmm_cc/status/1098512430710251520", "username": "", "text": "ใจนิ่งๆหน่อยบูมมี่", "date": "21-02-2019 16:19", "retweet": 0, "like": 0}, {"id": "1098512381724975104", "url": "https://twitter.com/xxbmm_cc/status/1098512381724975104", "username": "", "text": "ทรมานชห.", "date": "21-02-2019 16:18", "retweet": 0, "like": 0}, {"id": "1098512347771981824", "url": "https://twitter.com/xxbmm_cc/status/1098512347771981824", "username": "", "text": "อีก4กลุ่มกว่าจะถึงกู", "date": "21-02-2019 16:18", "retweet": 0, "like": 0}, {"id": "1098512298044342273", "url": "https://twitter.com/xxbmm_cc/status/1098512298044342273", "username": "", "text": "ไม่ไหวแล้วโว้ยยยยยยยย", "date": "21-02-2019 16:18", "retweet": 0, "like": 0}, {"id": "1098512263395176449", "url": "https://twitter.com/xxbmm_cc/status/1098512263395176449", "username": "", "text": "พ่อเมิงงงงงงงงงง", "date": "21-02-2019 16:18", "retweet": 0, "like": 0}, {"id": "1098512218436431872", "url": "https://twitter.com/xxbmm_cc/status/1098512218436431872", "username": "", "text": "อ้อ ไม่ได้ป่วย แค่ตื่นเต้นนี่เอง", "date": "21-02-2019 16:18", "retweet": 0, "like": 0}, {"id": "1098512124643426304", "url": "https://twitter.com/xxbmm_cc/status/1098512124643426304", "username": "", "text": "ถ้าหลอดอาหารเคลื่อนไหวแบบperistalsis ทำไมตัวกูมันรู้สึกเหมือนหลอดมันบีบให้อาหารออกมากกว่าเข้าวะ กินไรก็ตื้อไปหมด", "date": "21-02-2019 16:17", "retweet": 0, "like": 0}, {"id": "1098511533267513344", "url": "https://twitter.com/xxbmm_cc/status/1098511533267513344", "username": "", "text": "แม่จ๋า ซ่อยข่อยแหน่", "date": "21-02-2019 16:15", "retweet": 0, "like": 0}, {"id": "1098511426287591425", "url": "https://twitter.com/xxbmm_cc/status/1098511426287591425", "username": "", "text": "กลุ่มสุดท้ายมันทรมานงี้เอง", "date": "21-02-2019 16:15", "retweet": 0, "like": 0}, {"id": "1098511380221575169", "url": "https://twitter.com/xxbmm_cc/status/1098511380221575169", "username": "", "text": "โอย จนตอนนี้กูก็ยังไม่ได้พรี", "date": "21-02-2019 16:14", "retweet": 0, "like": 0}, {"id": "1098453502152474625", "url": "https://twitter.com/xxbmm_cc/status/1098453502152474625", "username": "", "text": "เครื่องในกูพันกันหมดยัง ปั่นป่วนในท้องเว่อร์", "date": "21-02-2019 12:24", "retweet": 0, "like": 0}, {"id": "1098450237436223489", "url": "https://twitter.com/xxbmm_cc/status/1098450237436223489", "username": "", "text": "กลุ่มสุดท้าย ตื่นเต้นจนเหน่ย", "date": "21-02-2019 12:11", "retweet": 0, "like": 0}, {"id": "1098450125628702720", "url": "https://twitter.com/xxbmm_cc/status/1098450125628702720", "username": "", "text": "กลุ่มละ15นาทีแม่งหลอกลวง", "date": "21-02-2019 12:11", "retweet": 0, "like": 0}, {"id": "1098450075452198914", "url": "https://twitter.com/xxbmm_cc/status/1098450075452198914", "username": "", "text": "ผ่านไป1ชม. กลุ่ม2ยังไม่เสร็จ", "date": "21-02-2019 12:11", "retweet": 0, "like": 0}, {"id": "1098449999124262912", "url": "https://twitter.com/xxbmm_cc/status/1098449999124262912", "username": "", "text": "กรรมการโหดชห.", "date": "21-02-2019 12:11", "retweet": 0, "like": 0}, {"id": "1098267788613890048", "url": "https://twitter.com/xxbmm_cc/status/1098267788613890048", "username": "", "text": "มันอยู่ในยุคที่ชาวจภ.ใช้สีในพาวพ้อยเป็นสีตามวอลมงคล", "date": "21-02-2019 00:07", "retweet": 1, "like": 0}, {"id": "1098263312117059585", "url": "https://twitter.com/xxbmm_cc/status/1098263312117059585", "username": "", "text": "ไม่ค่อยงมงายเท่าไหร่หรอกชาวเรา", "date": "20-02-2019 23:49", "retweet": 0, "like": 0}, {"id": "1098241903550640128", "url": "https://twitter.com/xxbmm_cc/status/1098241903550640128", "username": "", "text": "พน.สอบจบโครงงานแล้ว เป็นกลจ.ให้เราด้วยนะตูดหมึก", "date": "20-02-2019 22:24", "retweet": 0, "like": 0}, {"id": "1098184887465476096", "url": "https://twitter.com/xxbmm_cc/status/1098184887465476096", "username": "", "text": "สงสารเพื่อน", "date": "20-02-2019 18:37", "retweet": 0, "like": 0}, {"id": "1097987780582359040", "url": "https://twitter.com/xxbmm_cc/status/1097987780582359040", "username": "", "text": "ตั้งแต่มาอยู่รร.ประจำก็เลิกขอบคุณไปแล้วเพราะไม่ได้หยุด https:// twitter.com/melonuuuuu/sta tus/1097698909319704576 …", "date": "20-02-2019 05:34", "retweet": 0, "like": 0}, {"id": "1097667858635485184", "url": "https://twitter.com/xxbmm_cc/status/1097667858635485184", "username": "", "text": "พี่ก็เอาของเพื่อนมาถ่ายเซม", "date": "19-02-2019 08:23", "retweet": 0, "like": 0}, {"id": "1097666692690235392", "url": "https://twitter.com/xxbmm_cc/status/1097666692690235392", "username": "", "text": "ค.สามารถพี่ก็มีแค่หนิ pic.twitter.com/9xpAiLZjQD", "date": "19-02-2019 08:18", "retweet": 0, "like": 0}, {"id": "1097666064295424000", "url": "https://twitter.com/xxbmm_cc/status/1097666064295424000", "username": "", "text": "ทักทายจากฝั่งม.5จ้า pic.twitter.com/CiU2tuYSvx", "date": "19-02-2019 08:15", "retweet": 0, "like": 0}, {"id": "1097665446927511552", "url": "https://twitter.com/xxbmm_cc/status/1097665446927511552", "username": "", "text": "น้องดาใช่บ่", "date": "19-02-2019 08:13", "retweet": 0, "like": 0}, {"id": "1097665036468670465", "url": "https://twitter.com/xxbmm_cc/status/1097665036468670465", "username": "", "text": "อยู่ม.ไหนเนี่ยลูกกกกก5555 น่าร้ากกกก", "date": "19-02-2019 08:11", "retweet": 0, "like": 0}, {"id": "1097662485849464832", "url": "https://twitter.com/xxbmm_cc/status/1097662485849464832", "username": "", "text": "#เลือกตั้ง62 #ประชาธิปัตย์ https:// twitter.com/xxbmm_cc/statu s/1097661052253130752 …", "date": "19-02-2019 08:01", "retweet": 0, "like": 0}, {"id": "1097661400640409602", "url": "https://twitter.com/xxbmm_cc/status/1097661400640409602", "username": "", "text": "pic.twitter.com/NjKG8HxYqx", "date": "19-02-2019 07:57", "retweet": 0, "like": 0}, {"id": "1097661052253130752", "url": "https://twitter.com/xxbmm_cc/status/1097661052253130752", "username": "", "text": "เข้ามาหาเสียงในโรงเรียนอะนะ กุอาคเรียล ได้หรอ #เลือกตั้ง62 pic.twitter.com/6PMxV1Dn1t", "date": "19-02-2019 07:56", "retweet": 26, "like": 1}, {"id": "1097553669912817665", "url": "https://twitter.com/xxbmm_cc/status/1097553669912817665", "username": "", "text": "คัดจมูก", "date": "19-02-2019 00:49", "retweet": 0, "like": 0}, {"id": "1097553593547120641", "url": "https://twitter.com/xxbmm_cc/status/1097553593547120641", "username": "", "text": "รู้ว่านอนดึกแล้วไม่สบายง่ายก็ยังดื้อเนอะตัวกู", "date": "19-02-2019 00:49", "retweet": 0, "like": 0}, {"id": "1097553455923617792", "url": "https://twitter.com/xxbmm_cc/status/1097553455923617792", "username": "", "text": "เหมือนจะเป็นหวัดเลยบักหำ", "date": "19-02-2019 00:48", "retweet": 0, "like": 0}, {"id": "1097553398889476097", "url": "https://twitter.com/xxbmm_cc/status/1097553398889476097", "username": "", "text": "ตาใต้กูก็คือคอนซีลเลอร์full coverageแบบโบกแล้วยิ่งกว่าปูนก็กลบไม่มิด", "date": "19-02-2019 00:48", "retweet": 0, "like": 0}, {"id": "1097553112229806080", "url": "https://twitter.com/xxbmm_cc/status/1097553112229806080", "username": "", "text": "รอดูจุดจบสายแข็งกันนะคะ", "date": "19-02-2019 00:47", "retweet": 0, "like": 0}, {"id": "1097553022983360512", "url": "https://twitter.com/xxbmm_cc/status/1097553022983360512", "username": "", "text": "ปั่นงานมั้ยก็ไม่ใช่ แล้วกูอยู่ทำไมเกือบตีหนึ่ง", "date": "19-02-2019 00:46", "retweet": 0, "like": 0}]