[{"id": "1099387204680347649", "url": "https://twitter.com/xxcarryxxx/status/1099387204680347649", "username": "", "text": "โห่เมถุนคับ โดนราหูจองจำมา2ปี แสดงว่าสองปีที่ผ่านมาก็เสียเกี่ยวกับเรื่องเงินเยอะมากเลยดิ (สองปีสองปีที่ผ่านมาเนี่ยเสียเยอะสุดก็วนว.ป่ะ) หลังจากนี้ล่ะ..... เงินเข้ามาเถอะ pic.twitter.com/EpCly795Rc", "date": "24-02-2019 02:15", "retweet": 0, "like": 0}, {"id": "1099352898004148224", "url": "https://twitter.com/xxcarryxxx/status/1099352898004148224", "username": "", "text": "สรุปกลายเป็นคิดเหมือนมูฟวี่เรือเหาะ 555555", "date": "23-02-2019 23:58", "retweet": 0, "like": 3}, {"id": "1099339157011259394", "url": "https://twitter.com/xxcarryxxx/status/1099339157011259394", "username": "", "text": "ไม่ใช่เมนแต่ประทับใจรูปนี้ที่สุด @GOT7Official #GOT7 #갓세븐 pic.twitter.com/RmAUsYGY24", "date": "23-02-2019 23:04", "retweet": 2, "like": 0}, {"id": "1099338131348832258", "url": "https://twitter.com/xxcarryxxx/status/1099338131348832258", "username": "", "text": "ผู้ชายที่เป็นเหมือนปาฏิหาริย์ - คิมแทฮยอง pic.twitter.com/YCh10sQiOa", "date": "23-02-2019 23:00", "retweet": 0, "like": 0}, {"id": "1099335779812225024", "url": "https://twitter.com/xxcarryxxx/status/1099335779812225024", "username": "", "text": "F2 E1", "date": "23-02-2019 22:50", "retweet": 0, "like": 1}, {"id": "1099318357906448384", "url": "https://twitter.com/xxcarryxxx/status/1099318357906448384", "username": "", "text": "ไม่รู้แล้วว่าที่พูดมา \"เรื่องจริงหรือตอแหล\"", "date": "23-02-2019 21:41", "retweet": 0, "like": 0}, {"id": "1099317943601586180", "url": "https://twitter.com/xxcarryxxx/status/1099317943601586180", "username": "", "text": "เดี๋ยวก่อนจ้าาา", "date": "23-02-2019 21:39", "retweet": 0, "like": 0}, {"id": "1099262115230056449", "url": "https://twitter.com/xxcarryxxx/status/1099262115230056449", "username": "", "text": "#GATPAT หลังจากส่องแท็กไปสักพักก็แอบดีใจ เพราะไม่ได้มีแค่เราคนเดียวที่ทำผิด pic.twitter.com/HiMfYVdZQG", "date": "23-02-2019 17:58", "retweet": 6, "like": 0}, {"id": "1099260939277193216", "url": "https://twitter.com/xxcarryxxx/status/1099260939277193216", "username": "", "text": "สำหรับใครที่สอบแพท2 พรุ่งนี้ก็สู้ๆนะคะ #GATPAT", "date": "23-02-2019 17:53", "retweet": 0, "like": 1}, {"id": "1099260139138207744", "url": "https://twitter.com/xxcarryxxx/status/1099260139138207744", "username": "", "text": "pic.twitter.com/Sx6HlBGlHA", "date": "23-02-2019 17:50", "retweet": 0, "like": 0}, {"id": "1099259943843024896", "url": "https://twitter.com/xxcarryxxx/status/1099259943843024896", "username": "", "text": "เค้าดูมีความรู้มากค่ะ แล้วตัดภาพมาที่เราสิ", "date": "23-02-2019 17:49", "retweet": 0, "like": 1}, {"id": "1099259778994327552", "url": "https://twitter.com/xxcarryxxx/status/1099259778994327552", "username": "", "text": "3ชม. ที่นั่งทำแพท กูดูไม่มีความรู้มากข่ะ ในขณะที่เพื่อนข้างนั้นตั้งใจทำอย่างมาก //ตัดภาพมาที่เรานอนหลับไปสิบตลบ ตื่นมาอีกทีคือได้ยินเสียงแห่กันฑ์หลอน #GATPAT", "date": "23-02-2019 17:48", "retweet": 2, "like": 1}, {"id": "1099258543453044736", "url": "https://twitter.com/xxcarryxxx/status/1099258543453044736", "username": "", "text": "นังปูม้าแกทำให้ฉันดูแย่!!!!! (15/16) #GATPAT", "date": "23-02-2019 17:43", "retweet": 2, "like": 0}, {"id": "1099257831872618496", "url": "https://twitter.com/xxcarryxxx/status/1099257831872618496", "username": "", "text": "แกอยากดูบิกินี่ก็ไปดูที่อื่นไป๊ เหม็นความรัก #GATPAT", "date": "23-02-2019 17:41", "retweet": 1, "like": 0}, {"id": "1099257256779046912", "url": "https://twitter.com/xxcarryxxx/status/1099257256779046912", "username": "", "text": "แด่pat1 ที่เวลามี3ชม.แต่ใช้ไปกับการหลับสิบกว่ารอบและเพื่อนข้างๆก็ยังทำไม่เสร็จ #GATPAT", "date": "23-02-2019 17:38", "retweet": 0, "like": 1}, {"id": "1098946793289637888", "url": "https://twitter.com/xxcarryxxx/status/1098946793289637888", "username": "", "text": "รอวันศุกร์อยู่นะคะ", "date": "22-02-2019 21:05", "retweet": 3, "like": 2}, {"id": "1098930999017144320", "url": "https://twitter.com/xxcarryxxx/status/1098930999017144320", "username": "", "text": "ขอให้กาให้ถูก แกทก็อย่าสลับ A กับ F", "date": "22-02-2019 20:02", "retweet": 0, "like": 0}, {"id": "1098930839096778753", "url": "https://twitter.com/xxcarryxxx/status/1098930839096778753", "username": "", "text": "สอบพน.ขอให้รอดพ้น", "date": "22-02-2019 20:01", "retweet": 0, "like": 0}, {"id": "1098866488377626624", "url": "https://twitter.com/xxcarryxxx/status/1098866488377626624", "username": "", "text": "เราซื้อมาใช้นานแล้วค่ะ สีสวยมากๆ ทานิดๆก็สวยอมชมพู แถมทาแล้วปากไม่แห้งด้วย", "date": "22-02-2019 15:46", "retweet": 0, "like": 0}, {"id": "1098851979151867904", "url": "https://twitter.com/xxcarryxxx/status/1098851979151867904", "username": "", "text": "เข้าแล้วออกยากมากค่ะ", "date": "22-02-2019 14:48", "retweet": 0, "like": 1}, {"id": "1098820129381441537", "url": "https://twitter.com/xxcarryxxx/status/1098820129381441537", "username": "", "text": "น่ารักมากๆๆๆเลยค่ะ", "date": "22-02-2019 12:41", "retweet": 0, "like": 0}, {"id": "1098819552584990720", "url": "https://twitter.com/xxcarryxxx/status/1098819552584990720", "username": "", "text": "มีลิ้งก์รายการมั้ยคะ", "date": "22-02-2019 12:39", "retweet": 0, "like": 1}, {"id": "1098791044873736192", "url": "https://twitter.com/xxcarryxxx/status/1098791044873736192", "username": "", "text": "อีกนิดเดียวก็หลุดเฟรมแล้วค่ะพี่ 55555", "date": "22-02-2019 10:46", "retweet": 0, "like": 8}, {"id": "1098780430159859712", "url": "https://twitter.com/xxcarryxxx/status/1098780430159859712", "username": "", "text": "รอบนี้จะมีร้องเพลงไทยมั้ยนะ อยากฟังจัง #BTSLoveYourselfBKK", "date": "22-02-2019 10:04", "retweet": 0, "like": 0}, {"id": "1098765407303852032", "url": "https://twitter.com/xxcarryxxx/status/1098765407303852032", "username": "", "text": "เราก็เหมือนกันค่ะ จนตอนนี้มันเกิดความเคยชินไปแล้ว ล่าสุดเราก็นั่งระบายกับกระจก เหมือนกระจกคือที่ระบายที่ใหม่สำหรับเราไปแล้ว", "date": "22-02-2019 09:04", "retweet": 6, "like": 0}, {"id": "1098533209577447424", "url": "https://twitter.com/xxcarryxxx/status/1098533209577447424", "username": "", "text": "ไม่เคยเหนื่อยกับการทวงเงินขนาดนี้มาก่อน", "date": "21-02-2019 17:41", "retweet": 0, "like": 0}, {"id": "1098328012385206272", "url": "https://twitter.com/xxcarryxxx/status/1098328012385206272", "username": "", "text": "pic.twitter.com/yYMWCiMydt", "date": "21-02-2019 04:06", "retweet": 5, "like": 5}, {"id": "1098236743583580160", "url": "https://twitter.com/xxcarryxxx/status/1098236743583580160", "username": "", "text": "คุณชอบมาในเวลาที่เรากำลังเริ่มอ่อนแอ คุณเติมเต็มกำลังใจให้เราได้ ขอบคุณมากๆนะคะ pic.twitter.com/ffbE7qmSEY", "date": "20-02-2019 22:03", "retweet": 0, "like": 0}, {"id": "1098233794346143744", "url": "https://twitter.com/xxcarryxxx/status/1098233794346143744", "username": "", "text": "เธอมาได้ทันเวลาพอดี อย่างกับรู้ใจ คิดถึงพี่ที่สุดเลย ㅠㅠ pic.twitter.com/NLOZZPgU0b", "date": "20-02-2019 21:51", "retweet": 0, "like": 0}, {"id": "1098168512500125697", "url": "https://twitter.com/xxcarryxxx/status/1098168512500125697", "username": "", "text": "", "date": "20-02-2019 17:32", "retweet": 0, "like": 0}, {"id": "1097957886464974848", "url": "https://twitter.com/xxcarryxxx/status/1097957886464974848", "username": "", "text": "แงงง แดนมาแล้ว แดนของทุกคนกลับมาแล้ว ㅠㅠ pic.twitter.com/yjV98vzrp7", "date": "20-02-2019 03:35", "retweet": 0, "like": 0}, {"id": "1097900386386505729", "url": "https://twitter.com/xxcarryxxx/status/1097900386386505729", "username": "", "text": "ต้องแบบนี้แล้วป่าววว ถึงจะรองรับอาร์มี่ได้ and more thailand rajamangala stadium #SPEAK_YOURSELF pic.twitter.com/CwD8TeAeMg", "date": "19-02-2019 23:47", "retweet": 0, "like": 0}, {"id": "1097889601048342528", "url": "https://twitter.com/xxcarryxxx/status/1097889601048342528", "username": "", "text": "ทำไมคนเราถึงต้องตกหลุมรักคนๆเดิมได้มากขนาดนี้นะ ทั้งที่แค่เข้าใกล้เขาเรายังทำไม่ได้เลย // อยากไปมีตพี่ซองอูที่สุดเลย แต่ติดสอบ ㅠㅠ pic.twitter.com/7uT9m0jFTN", "date": "19-02-2019 23:04", "retweet": 0, "like": 0}, {"id": "1097887005415923712", "url": "https://twitter.com/xxcarryxxx/status/1097887005415923712", "username": "", "text": "ไม่เป็นไรค่าา", "date": "19-02-2019 22:53", "retweet": 0, "like": 0}, {"id": "1097782720875220992", "url": "https://twitter.com/xxcarryxxx/status/1097782720875220992", "username": "", "text": "ตามนั้นเลยค่ะ 555555 pic.twitter.com/BqYxhnVTcY", "date": "19-02-2019 15:59", "retweet": 0, "like": 0}, {"id": "1097482703123800064", "url": "https://twitter.com/xxcarryxxx/status/1097482703123800064", "username": "", "text": "ท้อแท้กับเฟ่คุณองแล้ว", "date": "18-02-2019 20:07", "retweet": 0, "like": 0}, {"id": "1097323468188610562", "url": "https://twitter.com/xxcarryxxx/status/1097323468188610562", "username": "", "text": "แจกวอลพี่ซองอู เราอาจจะทำไม่สวยแต่เอาไปใช้ได้นะคะ #แจกวอลเปเปอร์ #dek62 #WannaOne #옹성우 pic.twitter.com/OfThg2conD", "date": "18-02-2019 09:34", "retweet": 10, "like": 9}, {"id": "1097311752931266560", "url": "https://twitter.com/xxcarryxxx/status/1097311752931266560", "username": "", "text": "นี่ค่าา pic.twitter.com/iu4guzehoR", "date": "18-02-2019 08:48", "retweet": 0, "like": 0}]