[{"id": "1099322704316887040", "url": "https://twitter.com/yanu_yanumas/status/1099322704316887040", "username": "", "text": "ขอรีข่าวนี้เก็บไว้ก่อน เพื่อฟวามอุ่นใจ(･´з`･) https://www. newtv.co.th/m/news/?id=297 23 … #เป๊กผลิตโชค", "date": "23-02-2019 21:58", "retweet": 3, "like": 1}, {"id": "1099311975882940416", "url": "https://twitter.com/yanu_yanumas/status/1099311975882940416", "username": "", "text": "หรือช่วงที่ผ่านนี้ที่พี่เค้ามุ่งมั่นลดน้ำหนัก เพราะเค้ามีแพลนจะแต่งงาน ... โอ้ยยย #ป๊อบปองกูล", "date": "23-02-2019 21:16", "retweet": 1, "like": 1}, {"id": "1099310928464568321", "url": "https://twitter.com/yanu_yanumas/status/1099310928464568321", "username": "", "text": "ฉิ่นจ๊ะ!!!! #ป๊อบปองกูล pic.twitter.com/JHx3hbG3PZ", "date": "23-02-2019 21:12", "retweet": 2, "like": 1}, {"id": "1099228543005777921", "url": "https://twitter.com/yanu_yanumas/status/1099228543005777921", "username": "", "text": "รอสนับสนุนเลยค่าาา เย้ๆๆๆๆๆ #เป๊กผลิตโชค #PeckPalitchoke pic.twitter.com/JUaC4Cc09g", "date": "23-02-2019 15:44", "retweet": 1, "like": 1}, {"id": "1097694113170784262", "url": "https://twitter.com/yanu_yanumas/status/1097694113170784262", "username": "", "text": "~ ~ #เป๊กผลิตโชค #prtphotos pic.twitter.com/itPxsXkzaN", "date": "19-02-2019 10:07", "retweet": 2, "like": 2}, {"id": "1097691197437431809", "url": "https://twitter.com/yanu_yanumas/status/1097691197437431809", "username": "", "text": "Ok ค่ะ♡", "date": "19-02-2019 09:55", "retweet": 0, "like": 0}, {"id": "1097690145686351872", "url": "https://twitter.com/yanu_yanumas/status/1097690145686351872", "username": "", "text": "แอคเราโดนบล็อคแล้ว... เค้าบอกว่าเราพิมเร็วไป ,,, พักแปบบ ้ https://www. instagram.com/p/BtFs97QlLAH/ ?utm_source=ig_share_sheet&igshid=y770qp8niz1f … #เป๊กผลิตโชค pic.twitter.com/lHUDz00x9P", "date": "19-02-2019 09:51", "retweet": 1, "like": 1}, {"id": "1097512820390780929", "url": "https://twitter.com/yanu_yanumas/status/1097512820390780929", "username": "", "text": "ได้ชิมเยลลี่ของเฮียสักครั้งนุ้งจะตั้งใจเรียน บอกใคร ... บอกตัวเอง #นอนบ้านเพื่อน #เป๊กผลิตโชค", "date": "18-02-2019 22:07", "retweet": 6, "like": 1}, {"id": "1097511869466566657", "url": "https://twitter.com/yanu_yanumas/status/1097511869466566657", "username": "", "text": "ฉันถึงกับต้องไปเสริชอากู๋ ว่าหอยกระป๋องคืออะไร 55555 เกียดดดด #นอนบ้านเพื่อน #เป๊กผลิตโชค", "date": "18-02-2019 22:03", "retweet": 1, "like": 0}]