[{"id": "1099454207139012608", "url": "https://twitter.com/yinglove_tigger/status/1099454207139012608", "username": "", "text": "มอนิ่งค่ะ", "date": "24-02-2019 06:41", "retweet": 2, "like": 5}, {"id": "1099452753372315649", "url": "https://twitter.com/yinglove_tigger/status/1099452753372315649", "username": "", "text": "", "date": "24-02-2019 06:35", "retweet": 0, "like": 2}, {"id": "1099452652386054144", "url": "https://twitter.com/yinglove_tigger/status/1099452652386054144", "username": "", "text": "เช้าแล้วกอดกัน pic.twitter.com/1ibU93J0yi", "date": "24-02-2019 06:35", "retweet": 0, "like": 10}, {"id": "1099451364646612992", "url": "https://twitter.com/yinglove_tigger/status/1099451364646612992", "username": "", "text": "@allaboutfuzz พี่เม่นตื่นนนๆๆๆ​ #ตะโกนดังๆ", "date": "24-02-2019 06:30", "retweet": 1, "like": 0}, {"id": "1099451214259937281", "url": "https://twitter.com/yinglove_tigger/status/1099451214259937281", "username": "", "text": "คนน่ารักใส่ชุดน้อยนิดก้อน่ารัก", "date": "24-02-2019 06:29", "retweet": 0, "like": 1}, {"id": "1099448261566357507", "url": "https://twitter.com/yinglove_tigger/status/1099448261566357507", "username": "", "text": "จ้ะ", "date": "24-02-2019 06:17", "retweet": 0, "like": 0}, {"id": "1099448170076004353", "url": "https://twitter.com/yinglove_tigger/status/1099448170076004353", "username": "", "text": "มอนิ่งค่ะ https:// twitter.com/supojwe/status /1099447523972771840 …", "date": "24-02-2019 06:17", "retweet": 0, "like": 1}, {"id": "1099447553114816512", "url": "https://twitter.com/yinglove_tigger/status/1099447553114816512", "username": "", "text": "กินหน่อยๆทำมัยน้พหนักขึ้นก้อไม่รุ้", "date": "24-02-2019 06:14", "retweet": 0, "like": 1}, {"id": "1099447139229298691", "url": "https://twitter.com/yinglove_tigger/status/1099447139229298691", "username": "", "text": "ครัวซองส์แฮมชีส​ เส้นใหญ่ผัดขี้เมา", "date": "24-02-2019 06:13", "retweet": 0, "like": 1}, {"id": "1099445999666323456", "url": "https://twitter.com/yinglove_tigger/status/1099445999666323456", "username": "", "text": "ลุกล้าวววว pic.twitter.com/SNgYL2l50O", "date": "24-02-2019 06:08", "retweet": 0, "like": 3}, {"id": "1099445389294325760", "url": "https://twitter.com/yinglove_tigger/status/1099445389294325760", "username": "", "text": "เราเลิกกันเถอะ.... อร๊ายย!!! ไม่ใช่สิ / เรื่องความรักบางครั้งก้อน่ากลัวกว่าที่คิดนะคะ", "date": "24-02-2019 06:06", "retweet": 0, "like": 2}, {"id": "1099303230620585984", "url": "https://twitter.com/yinglove_tigger/status/1099303230620585984", "username": "", "text": "แอปปี้เบริ์ดเดย์... ขอให้แข็งแรงและสมหวังทุกสิ่งอย่าง", "date": "23-02-2019 20:41", "retweet": 0, "like": 1}, {"id": "1099299388600442880", "url": "https://twitter.com/yinglove_tigger/status/1099299388600442880", "username": "", "text": "ช่ายย", "date": "23-02-2019 20:26", "retweet": 0, "like": 1}, {"id": "1099298002122956806", "url": "https://twitter.com/yinglove_tigger/status/1099298002122956806", "username": "", "text": "", "date": "23-02-2019 20:20", "retweet": 1, "like": 1}, {"id": "1099295046069673992", "url": "https://twitter.com/yinglove_tigger/status/1099295046069673992", "username": "", "text": "อย่าว่าแต่ลุงดราม่าไม่รุ้เรยยค่ะ...meเองก้อไม่รุ้ค่ะ", "date": "23-02-2019 20:08", "retweet": 0, "like": 0}, {"id": "1099294679806357505", "url": "https://twitter.com/yinglove_tigger/status/1099294679806357505", "username": "", "text": "ปัญหายิ่งใหญ่เลยคือพี่เต้นไม่เป็น", "date": "23-02-2019 20:07", "retweet": 0, "like": 2}, {"id": "1099285913690005504", "url": "https://twitter.com/yinglove_tigger/status/1099285913690005504", "username": "", "text": "เก่งกว่าพี่อี๊กกก", "date": "23-02-2019 19:32", "retweet": 0, "like": 2}, {"id": "1099284856431759360", "url": "https://twitter.com/yinglove_tigger/status/1099284856431759360", "username": "", "text": "เห็นคุณแม่ดีขึ้นแล้ว​ ดีใจจัง ขอให้มีความสุขคลอดไปนะคะ​ คนที่รักเราคือครอบครัวค่ะ", "date": "23-02-2019 19:28", "retweet": 1, "like": 2}, {"id": "1099245389897654274", "url": "https://twitter.com/yinglove_tigger/status/1099245389897654274", "username": "", "text": "เห็นหมา2ตัวนี้ก้อนึกสงสาร​... มันมีชีวิตอยู่ได้ยังงัยกันนะ​ เห็นคนเดินผ่านก้อหนีแล้ว pic.twitter.com/sBfCssT4Sv", "date": "23-02-2019 16:51", "retweet": 5, "like": 15}, {"id": "1099239878510895105", "url": "https://twitter.com/yinglove_tigger/status/1099239878510895105", "username": "", "text": "ความดีของป้าย... ช่วยบังแดด.. ร้อนมากบอกเรยย​ #ขอบคุณนะ pic.twitter.com/TE3Hr1n4sh", "date": "23-02-2019 16:29", "retweet": 2, "like": 3}, {"id": "1099238844098965505", "url": "https://twitter.com/yinglove_tigger/status/1099238844098965505", "username": "", "text": "ข้างนอกแดดแรงมาก", "date": "23-02-2019 16:25", "retweet": 0, "like": 3}, {"id": "1099234331795513344", "url": "https://twitter.com/yinglove_tigger/status/1099234331795513344", "username": "", "text": "มีสมองแบบว่า... ผลประโยชน์ต่างตอบแทนกันงี้ค่ะ https:// twitter.com/spkmind3/statu s/1099232237545914368 …", "date": "23-02-2019 16:07", "retweet": 0, "like": 2}, {"id": "1099234013640716288", "url": "https://twitter.com/yinglove_tigger/status/1099234013640716288", "username": "", "text": "ก้อเพราะตอนนั้นทักกี้และปูว์ทำตัวอย่างไม่ดีงัยคะ​ ยุคนี้จึงอยากเห็นอารัยที่ดีกว่า​ แต่ไม่คิดว่าประยุทธ์ก้อทำไม่ต่างไหนว่าเข้ามาปฏิรูปงัย.. เค้าทำไม่ดียังจะทำตามเค้า​ เข้ามา5ปีนี่ไม่พัฒนาเลยหรา https:// twitter.com/political_dram a/status/1099169949778505728 …", "date": "23-02-2019 16:06", "retweet": 0, "like": 1}, {"id": "1099233400458625024", "url": "https://twitter.com/yinglove_tigger/status/1099233400458625024", "username": "", "text": "ไม่รับเช่นกันค่ะ https:// twitter.com/Puppylove999/s tatus/1099232334388199424 …", "date": "23-02-2019 16:04", "retweet": 1, "like": 0}, {"id": "1099230206408110081", "url": "https://twitter.com/yinglove_tigger/status/1099230206408110081", "username": "", "text": "5555", "date": "23-02-2019 15:51", "retweet": 1, "like": 2}, {"id": "1099230043069280256", "url": "https://twitter.com/yinglove_tigger/status/1099230043069280256", "username": "", "text": "ดูดไปเยอะก้องี้​ ปฏิรูปจนได้นกม.ฝั่งตรงข้ามไปเป็นพวก เก่งจุง​ #นกม .มันชั่ว https:// twitter.com/iami84/status/ 1099229431443288064 …", "date": "23-02-2019 15:50", "retweet": 0, "like": 1}, {"id": "1099229536053383169", "url": "https://twitter.com/yinglove_tigger/status/1099229536053383169", "username": "", "text": "5555​ สารพัดตา", "date": "23-02-2019 15:48", "retweet": 0, "like": 1}, {"id": "1099229302548160512", "url": "https://twitter.com/yinglove_tigger/status/1099229302548160512", "username": "", "text": "ยุบแมร่มให้หมดค่ะ", "date": "23-02-2019 15:47", "retweet": 0, "like": 3}, {"id": "1099229137183531008", "url": "https://twitter.com/yinglove_tigger/status/1099229137183531008", "username": "", "text": "เบาๆค่ะ​เด่วตามาได้ยิน", "date": "23-02-2019 15:47", "retweet": 0, "like": 0}, {"id": "1099228964684390401", "url": "https://twitter.com/yinglove_tigger/status/1099228964684390401", "username": "", "text": "มันอ๊องคือรัย.. จอนห์", "date": "23-02-2019 15:46", "retweet": 0, "like": 0}, {"id": "1099228696198635522", "url": "https://twitter.com/yinglove_tigger/status/1099228696198635522", "username": "", "text": "อ่านเยอะ.. มโนเยอะก้อมีนะคะ", "date": "23-02-2019 15:45", "retweet": 0, "like": 1}, {"id": "1099228324688056320", "url": "https://twitter.com/yinglove_tigger/status/1099228324688056320", "username": "", "text": "คนเก่งก้องี้แหละค่ะ​ อ่านเยอะๆก้อดี", "date": "23-02-2019 15:43", "retweet": 0, "like": 0}, {"id": "1099228037793468416", "url": "https://twitter.com/yinglove_tigger/status/1099228037793468416", "username": "", "text": "", "date": "23-02-2019 15:42", "retweet": 0, "like": 0}, {"id": "1099227807152918529", "url": "https://twitter.com/yinglove_tigger/status/1099227807152918529", "username": "", "text": "วันนี้มีแต่ทวิตขำๆ", "date": "23-02-2019 15:41", "retweet": 0, "like": 3}, {"id": "1099227764865953792", "url": "https://twitter.com/yinglove_tigger/status/1099227764865953792", "username": "", "text": "5555", "date": "23-02-2019 15:41", "retweet": 0, "like": 1}, {"id": "1099227660654276608", "url": "https://twitter.com/yinglove_tigger/status/1099227660654276608", "username": "", "text": "แหม่... ดักควายหรือเป็นควายซะเอง​ แค่อยากจะมโนอวยเผด็จการเนี่ยย... เห็นแต่ละโพสต์.. ใครเชื่อก้อ.... ละ", "date": "23-02-2019 15:41", "retweet": 0, "like": 0}, {"id": "1099226900612886528", "url": "https://twitter.com/yinglove_tigger/status/1099226900612886528", "username": "", "text": "ในพรรคพลังประชารัฐก้อมีแกนนำเสื้อแดง​อดีตคนของทักกี้อยู่เพียบไม่ใช่หรือจ๊ะ... แค่บอก", "date": "23-02-2019 15:38", "retweet": 1, "like": 6}, {"id": "1099226220871307266", "url": "https://twitter.com/yinglove_tigger/status/1099226220871307266", "username": "", "text": "5555 https:// twitter.com/Unlimitedheart /status/1099225531319431168 …", "date": "23-02-2019 15:35", "retweet": 0, "like": 2}, {"id": "1099226072917323777", "url": "https://twitter.com/yinglove_tigger/status/1099226072917323777", "username": "", "text": "", "date": "23-02-2019 15:34", "retweet": 0, "like": 0}, {"id": "1099225819468115968", "url": "https://twitter.com/yinglove_tigger/status/1099225819468115968", "username": "", "text": "วันนี้จะแซะรัยดีนะ #รักน้อง", "date": "23-02-2019 15:33", "retweet": 0, "like": 0}, {"id": "1099225487145021440", "url": "https://twitter.com/yinglove_tigger/status/1099225487145021440", "username": "", "text": "5555.... จะดี?", "date": "23-02-2019 15:32", "retweet": 0, "like": 0}, {"id": "1099225346237329408", "url": "https://twitter.com/yinglove_tigger/status/1099225346237329408", "username": "", "text": "5555", "date": "23-02-2019 15:31", "retweet": 0, "like": 1}, {"id": "1099225114959273985", "url": "https://twitter.com/yinglove_tigger/status/1099225114959273985", "username": "", "text": "5555", "date": "23-02-2019 15:31", "retweet": 0, "like": 1}, {"id": "1099220178607325185", "url": "https://twitter.com/yinglove_tigger/status/1099220178607325185", "username": "", "text": "บางทีก้อ นะว่านักกฏหมายนี่เค้ามีอุดมการณ์กันบ้างหรือเปล่า? จะมีนักกม.ที่มีแตรอุดมเงินกันบ้าง?", "date": "23-02-2019 15:11", "retweet": 0, "like": 10}, {"id": "1099219782526689280", "url": "https://twitter.com/yinglove_tigger/status/1099219782526689280", "username": "", "text": "เหมือนกันเลย​ ยังไม่ตัดสินใจจะเลือกใคร​แต่ตัดสินใจอย่างเดียวว่าจะเลือกพรรคที่ไม่เอาประยุทธ์แน่ๆ", "date": "23-02-2019 15:09", "retweet": 0, "like": 0}, {"id": "1099196334710566912", "url": "https://twitter.com/yinglove_tigger/status/1099196334710566912", "username": "", "text": "แค่พูดเฉยๆ5555 https:// twitter.com/B1_wipa/status /1099195595804237826 …", "date": "23-02-2019 13:36", "retweet": 0, "like": 1}, {"id": "1099195192396009472", "url": "https://twitter.com/yinglove_tigger/status/1099195192396009472", "username": "", "text": "5555 https:// twitter.com/Golf_Piyawit/s tatus/1099194791689019394 …", "date": "23-02-2019 13:32", "retweet": 0, "like": 1}, {"id": "1099194744876355586", "url": "https://twitter.com/yinglove_tigger/status/1099194744876355586", "username": "", "text": "สภาชุดนี้จะทำอารัยก้อได้​จะอนุมัติกม.หรืองบอารัยก้อได้ตามใจฉันใช่หรือเปล่าคะ https:// twitter.com/political_dram a/status/1099193997631733760 …", "date": "23-02-2019 13:30", "retweet": 0, "like": 2}, {"id": "1099193447771037696", "url": "https://twitter.com/yinglove_tigger/status/1099193447771037696", "username": "", "text": "ความจริงหรือมโนคะ​/แล้วเป็นความจริงหรือเปล่าที่ทหารก้อมีหน่วยนักรบไซเบอร์ที่คอยทำหน้าที่อวยทหารและโจมตีพรรคฝั่งตรงข้ามรวมทั้งโพาต์ของลุงดราม่า. คือIOของทหารหรือเป็นความเห็นอันบริสุทธิ์คะ​ #แค่ถาม https:// twitter.com/political_dram a/status/1099191329911758849 …", "date": "23-02-2019 13:25", "retweet": 1, "like": 2}, {"id": "1099191198646816769", "url": "https://twitter.com/yinglove_tigger/status/1099191198646816769", "username": "", "text": "แต่ก้อจะมีรบ.อยู่ชุดนึงที่ไม่ได้แคร์เสียงของปชช.เพราะว่าไม่ได้มาจากปชช.​ไม่มีเสียงตรวจสอบ​มีแต่คำว่าโปร่งใสให้ท่องจำกันไป https:// twitter.com/kaewprangmailc 1/status/1099190391440474112 …", "date": "23-02-2019 13:16", "retweet": 0, "like": 2}, {"id": "1099190435526848513", "url": "https://twitter.com/yinglove_tigger/status/1099190435526848513", "username": "", "text": "5555 https:// twitter.com/jomquan/status /1099134109710921728 …", "date": "23-02-2019 13:13", "retweet": 0, "like": 1}, {"id": "1099189634771255297", "url": "https://twitter.com/yinglove_tigger/status/1099189634771255297", "username": "", "text": "#ประเทศกูมี", "date": "23-02-2019 13:10", "retweet": 0, "like": 0}, {"id": "1099189539774427136", "url": "https://twitter.com/yinglove_tigger/status/1099189539774427136", "username": "", "text": "#ประเทศกูมี", "date": "23-02-2019 13:09", "retweet": 0, "like": 0}, {"id": "1099189224643784705", "url": "https://twitter.com/yinglove_tigger/status/1099189224643784705", "username": "", "text": "กม.นี้.. ก่อนหน้านี้เค้าใช้บ้างหรือเปล่านะ https:// twitter.com/Stop_Dadjarit/ status/1099186719205670912 …", "date": "23-02-2019 13:08", "retweet": 0, "like": 1}, {"id": "1099189022117658628", "url": "https://twitter.com/yinglove_tigger/status/1099189022117658628", "username": "", "text": "บางคนก้อขอเวลาไม่นานแต่แมร่มอยู่โครตนาน", "date": "23-02-2019 13:07", "retweet": 0, "like": 0}, {"id": "1099188488023330816", "url": "https://twitter.com/yinglove_tigger/status/1099188488023330816", "username": "", "text": "ยุบให้หมดเลยจ้ะ​ ให้เหลือพรรคเหี้ยนั่นพรรคเดียวไปเลย​ ไม่ต้องมีมันหรอกเลือกต้งเลือกตั้ง", "date": "23-02-2019 13:05", "retweet": 3, "like": 8}, {"id": "1099187564634812416", "url": "https://twitter.com/yinglove_tigger/status/1099187564634812416", "username": "", "text": "5555", "date": "23-02-2019 13:01", "retweet": 0, "like": 1}, {"id": "1099187465980502022", "url": "https://twitter.com/yinglove_tigger/status/1099187465980502022", "username": "", "text": "เห็นแก็งค์กปปส.ยังอยู่ชิวๆแถมบางคนยังมีตำแหน่งและเคยมีตำแหน่งในรบ.เผด็จการอีกตะหาก", "date": "23-02-2019 13:01", "retweet": 2, "like": 1}, {"id": "1099186978375888896", "url": "https://twitter.com/yinglove_tigger/status/1099186978375888896", "username": "", "text": "ยังไม่เห็นข่าว.... ตกข่าว", "date": "23-02-2019 12:59", "retweet": 0, "like": 2}, {"id": "1099186831780769792", "url": "https://twitter.com/yinglove_tigger/status/1099186831780769792", "username": "", "text": "ลุงตูบเป็นโจรค่ะ​ปล้นเค้ามา", "date": "23-02-2019 12:58", "retweet": 0, "like": 3}, {"id": "1099170543830368256", "url": "https://twitter.com/yinglove_tigger/status/1099170543830368256", "username": "", "text": "แล้วลุงคิดว่าลุงตู่และพรรคพวกทำธุรกิจอารัยคะ.. อันนี้อยากรุ้จริงๆว่าต่างจากทักกี้?", "date": "23-02-2019 11:54", "retweet": 0, "like": 1}, {"id": "1099165456881967104", "url": "https://twitter.com/yinglove_tigger/status/1099165456881967104", "username": "", "text": "กดไลค์เฉยๆนะ", "date": "23-02-2019 11:34", "retweet": 1, "like": 1}, {"id": "1099164921990770689", "url": "https://twitter.com/yinglove_tigger/status/1099164921990770689", "username": "", "text": "ไหนอ่ะข่าวเจ๊หน่อยโซ้ยข้าวเหนียว", "date": "23-02-2019 11:31", "retweet": 1, "like": 4}, {"id": "1099159278160465920", "url": "https://twitter.com/yinglove_tigger/status/1099159278160465920", "username": "", "text": "5555​ตลกอ่ะ.... ตัวเองก้อทำผิดกม.มาก่อน​ แล้วมาเขีบนกม.เข้าข้างตัวเอง​นี่เป็นคนดีของสลิ่มได้ด้วย​ #ถุยส์ค่ะ", "date": "23-02-2019 11:09", "retweet": 6, "like": 10}, {"id": "1099155229554094085", "url": "https://twitter.com/yinglove_tigger/status/1099155229554094085", "username": "", "text": "เห็นในยูทูปละอยากกิน.. จัดสิ pic.twitter.com/IMUpBat6Uc", "date": "23-02-2019 10:53", "retweet": 0, "like": 2}, {"id": "1099140419667939328", "url": "https://twitter.com/yinglove_tigger/status/1099140419667939328", "username": "", "text": "จะได้ช่วยเชียร์อิลุงตูบให้งัย", "date": "23-02-2019 09:54", "retweet": 0, "like": 0}, {"id": "1099139921950863360", "url": "https://twitter.com/yinglove_tigger/status/1099139921950863360", "username": "", "text": "สลิ่มขา... อิลุงมันหาเสียงโจมตีชาวบ้านค่ะ​ #ฟ้อง https:// twitter.com/RITT41/status/ 1099127937616498688 …", "date": "23-02-2019 09:52", "retweet": 0, "like": 2}, {"id": "1099139697949925377", "url": "https://twitter.com/yinglove_tigger/status/1099139697949925377", "username": "", "text": "ใช่ค่ะ​และในทางปฏิบัติน่าจะมีคนรับผิดชอบกรณีค่าโง่แบบนี้.. จะได้ระวังในการจัดซืีอกันหน่อย", "date": "23-02-2019 09:51", "retweet": 0, "like": 1}, {"id": "1099139326330396672", "url": "https://twitter.com/yinglove_tigger/status/1099139326330396672", "username": "", "text": "ไม่รุ้อ่ะ​ ตาด้วงเล่าให้ฟังหน่อยสิ​ เผื่อจะเปลี่ยนใจไปอยู่ฝั่งเผด็จการมั่ง", "date": "23-02-2019 09:50", "retweet": 0, "like": 0}, {"id": "1099137773313769472", "url": "https://twitter.com/yinglove_tigger/status/1099137773313769472", "username": "", "text": "อ่านโพสต์เค้าแต่ละโพสต์นี่ตีองกรองกันหลายๆชั้นเลย ความจริง อยู่ตรงไหน", "date": "23-02-2019 09:44", "retweet": 0, "like": 0}, {"id": "1099137482086440961", "url": "https://twitter.com/yinglove_tigger/status/1099137482086440961", "username": "", "text": "มอนิ่งงค่ะ", "date": "23-02-2019 09:42", "retweet": 0, "like": 1}, {"id": "1099137418697965568", "url": "https://twitter.com/yinglove_tigger/status/1099137418697965568", "username": "", "text": "อิอิ", "date": "23-02-2019 09:42", "retweet": 0, "like": 1}, {"id": "1099137209280524288", "url": "https://twitter.com/yinglove_tigger/status/1099137209280524288", "username": "", "text": "อ้าว", "date": "23-02-2019 09:41", "retweet": 0, "like": 1}, {"id": "1099137121460211712", "url": "https://twitter.com/yinglove_tigger/status/1099137121460211712", "username": "", "text": "เกรงว่าจะดีและเก่งเกินทักกี้ไปแล้วละตาด้วง", "date": "23-02-2019 09:41", "retweet": 0, "like": 0}, {"id": "1099136739837325312", "url": "https://twitter.com/yinglove_tigger/status/1099136739837325312", "username": "", "text": "ซื้อมาเสียค่าโง่ก้อหลายอย่างอยู่นะ... ไม่รุ้ทำมัยทหารเค้าถึงชอบโง่กันจัง GT200งี้​ เรือเหาะงี้", "date": "23-02-2019 09:39", "retweet": 0, "like": 0}, {"id": "1099136347111976966", "url": "https://twitter.com/yinglove_tigger/status/1099136347111976966", "username": "", "text": "5555", "date": "23-02-2019 09:38", "retweet": 0, "like": 0}, {"id": "1099136230661414913", "url": "https://twitter.com/yinglove_tigger/status/1099136230661414913", "username": "", "text": "มาตลาดค่ะ", "date": "23-02-2019 09:37", "retweet": 0, "like": 0}, {"id": "1099136171265875969", "url": "https://twitter.com/yinglove_tigger/status/1099136171265875969", "username": "", "text": "ถ้ารอนานไม่ซื้อเหมือนกันซื้อตอนคนน้อยๆ... ขี้เกียจรอ", "date": "23-02-2019 09:37", "retweet": 0, "like": 2}, {"id": "1099135911965601794", "url": "https://twitter.com/yinglove_tigger/status/1099135911965601794", "username": "", "text": "5555", "date": "23-02-2019 09:36", "retweet": 0, "like": 1}, {"id": "1099135826628243457", "url": "https://twitter.com/yinglove_tigger/status/1099135826628243457", "username": "", "text": "5555", "date": "23-02-2019 09:36", "retweet": 0, "like": 0}, {"id": "1099106430777323521", "url": "https://twitter.com/yinglove_tigger/status/1099106430777323521", "username": "", "text": "มองตัวเอง เอวอยู่ไหน", "date": "23-02-2019 07:39", "retweet": 0, "like": 3}, {"id": "1099106281699201024", "url": "https://twitter.com/yinglove_tigger/status/1099106281699201024", "username": "", "text": "เอวเป็นเอว", "date": "23-02-2019 07:38", "retweet": 0, "like": 0}, {"id": "1099106164246077445", "url": "https://twitter.com/yinglove_tigger/status/1099106164246077445", "username": "", "text": "ตื่นเช้าไปตลาดค่ะ", "date": "23-02-2019 07:38", "retweet": 0, "like": 0}, {"id": "1099106047271137283", "url": "https://twitter.com/yinglove_tigger/status/1099106047271137283", "username": "", "text": "มารยาทอ่ะมีป่าว.... เค้าให้กัดลูกค้างี้ก้อได้หรา​ ... แอคเรือด่วนอยู่ไหนวะ", "date": "23-02-2019 07:37", "retweet": 0, "like": 3}, {"id": "1099105364207841286", "url": "https://twitter.com/yinglove_tigger/status/1099105364207841286", "username": "", "text": "ไปถ่ายรูปท้ายเรือหน่อยเดียว.. เด็กท้ายเรือแทบจะกัด​อิห่าน​กุซูมเอาไม่ได้ขึ้นไปท้ายเรือซะหน่อย... pic.twitter.com/TsLlcRogsB", "date": "23-02-2019 07:35", "retweet": 0, "like": 3}, {"id": "1099105027405209600", "url": "https://twitter.com/yinglove_tigger/status/1099105027405209600", "username": "", "text": "", "date": "23-02-2019 07:33", "retweet": 0, "like": 0}, {"id": "1099104468992282625", "url": "https://twitter.com/yinglove_tigger/status/1099104468992282625", "username": "", "text": "ชอบกินข้าวเหนียวร้านประไพศรี​แต่ช่วงนี้งดก่อน อวบเกิน", "date": "23-02-2019 07:31", "retweet": 0, "like": 1}, {"id": "1099104242441248768", "url": "https://twitter.com/yinglove_tigger/status/1099104242441248768", "username": "", "text": "ค่ะ", "date": "23-02-2019 07:30", "retweet": 0, "like": 0}, {"id": "1099103247732682752", "url": "https://twitter.com/yinglove_tigger/status/1099103247732682752", "username": "", "text": "ค่ะ​ เค้ารอตำรวจ", "date": "23-02-2019 07:26", "retweet": 0, "like": 0}, {"id": "1099102411057053696", "url": "https://twitter.com/yinglove_tigger/status/1099102411057053696", "username": "", "text": "อยู่นี่นะ pic.twitter.com/N5g3Peh9iI", "date": "23-02-2019 07:23", "retweet": 6, "like": 38}, {"id": "1099102121356488704", "url": "https://twitter.com/yinglove_tigger/status/1099102121356488704", "username": "", "text": "ไปนนท์ค่ะ", "date": "23-02-2019 07:22", "retweet": 0, "like": 1}, {"id": "1099100418741743616", "url": "https://twitter.com/yinglove_tigger/status/1099100418741743616", "username": "", "text": "เค้าบอก ผช.ค่ะ", "date": "23-02-2019 07:15", "retweet": 0, "like": 1}, {"id": "1099099664597508101", "url": "https://twitter.com/yinglove_tigger/status/1099099664597508101", "username": "", "text": "เค้ารอกลับบ้าน", "date": "23-02-2019 07:12", "retweet": 0, "like": 1}, {"id": "1099099596339306496", "url": "https://twitter.com/yinglove_tigger/status/1099099596339306496", "username": "", "text": "เค้านอนเฉยๆ /แต่ไม่เข้าใจเลยเจ้าหน้าที่ทำงานยังงัย​ เห็นว่าตั้งแต่เมื่อคืนค่ะ​ป่านนี้ยังนอนอยู่นี่​ รถพร้อมรับแต่เอาไปไม่ได้ pic.twitter.com/hgajPJ3Cz3", "date": "23-02-2019 07:12", "retweet": 0, "like": 0}, {"id": "1099099221733429248", "url": "https://twitter.com/yinglove_tigger/status/1099099221733429248", "username": "", "text": "ท่าน้ำพระราม7ค่ะ", "date": "23-02-2019 07:10", "retweet": 0, "like": 1}, {"id": "1099097488710021121", "url": "https://twitter.com/yinglove_tigger/status/1099097488710021121", "username": "", "text": "สายแล้วยังไม่ตื่น #Rip pic.twitter.com/De6Wx7UzO0", "date": "23-02-2019 07:03", "retweet": 1, "like": 17}, {"id": "1099092717823348736", "url": "https://twitter.com/yinglove_tigger/status/1099092717823348736", "username": "", "text": "มอนิ่งค่ะ", "date": "23-02-2019 06:44", "retweet": 0, "like": 0}, {"id": "1099080893740666886", "url": "https://twitter.com/yinglove_tigger/status/1099080893740666886", "username": "", "text": "มอนิ่งค่ะ https:// twitter.com/supojwe/status /1099076194727645184 …", "date": "23-02-2019 05:57", "retweet": 0, "like": 3}, {"id": "1098950274998198273", "url": "https://twitter.com/yinglove_tigger/status/1098950274998198273", "username": "", "text": "วันนี้ปวดเข่า​สงสัยน้ำหนักจะเกิน", "date": "22-02-2019 21:18", "retweet": 0, "like": 9}, {"id": "1098948836532224000", "url": "https://twitter.com/yinglove_tigger/status/1098948836532224000", "username": "", "text": "แล้วกินรัยยังคะ", "date": "22-02-2019 21:13", "retweet": 0, "like": 1}, {"id": "1098946139997392896", "url": "https://twitter.com/yinglove_tigger/status/1098946139997392896", "username": "", "text": "ทำมัยต้องคลานคะ​ไม่สบายหรา", "date": "22-02-2019 21:02", "retweet": 0, "like": 1}, {"id": "1098945979519135745", "url": "https://twitter.com/yinglove_tigger/status/1098945979519135745", "username": "", "text": "", "date": "22-02-2019 21:01", "retweet": 0, "like": 0}, {"id": "1098917102600126464", "url": "https://twitter.com/yinglove_tigger/status/1098917102600126464", "username": "", "text": "ทำกับข้่าวไว้กินพรุ่งนี้ pic.twitter.com/JkWffAAw5t", "date": "22-02-2019 19:07", "retweet": 0, "like": 14}, {"id": "1098909222392066048", "url": "https://twitter.com/yinglove_tigger/status/1098909222392066048", "username": "", "text": "ดีนะเมื่อเช้ายังได้อ่าน​และฟังคลิปด้วย​ไม่รุ้สลิ่มได้อ่านบ้างมั๊ย? อยากรุ้จังว่าสลิ่มจะมีความเห็นเกี่ยวกับเรื่องนี้ยังงัย", "date": "22-02-2019 18:35", "retweet": 0, "like": 1}, {"id": "1098908753280196609", "url": "https://twitter.com/yinglove_tigger/status/1098908753280196609", "username": "", "text": "ใครจะหนีละลุง... แก่ทุกคนละ​ และท้ายสุดก้อตาย", "date": "22-02-2019 18:33", "retweet": 0, "like": 0}, {"id": "1098904675091267590", "url": "https://twitter.com/yinglove_tigger/status/1098904675091267590", "username": "", "text": "จ้ะ", "date": "22-02-2019 18:17", "retweet": 0, "like": 0}, {"id": "1098882726998945792", "url": "https://twitter.com/yinglove_tigger/status/1098882726998945792", "username": "", "text": "แซนวิช pic.twitter.com/qWndBcmXhQ", "date": "22-02-2019 16:50", "retweet": 1, "like": 10}, {"id": "1098882421661913088", "url": "https://twitter.com/yinglove_tigger/status/1098882421661913088", "username": "", "text": "5555 https:// twitter.com/wawboonkaew/st atus/1098604524024053762 …", "date": "22-02-2019 16:49", "retweet": 0, "like": 2}, {"id": "1098881939929325568", "url": "https://twitter.com/yinglove_tigger/status/1098881939929325568", "username": "", "text": "คนแก่นี่ก้อเนาะ​ เห็นหลานร้องไม่ได้เลย", "date": "22-02-2019 16:47", "retweet": 0, "like": 2}, {"id": "1098875866673688577", "url": "https://twitter.com/yinglove_tigger/status/1098875866673688577", "username": "", "text": "", "date": "22-02-2019 16:23", "retweet": 0, "like": 1}, {"id": "1098862866851983360", "url": "https://twitter.com/yinglove_tigger/status/1098862866851983360", "username": "", "text": "", "date": "22-02-2019 15:31", "retweet": 0, "like": 1}, {"id": "1098859236937723906", "url": "https://twitter.com/yinglove_tigger/status/1098859236937723906", "username": "", "text": "เห็นสลิ่มเอามาพูดเหมือนว่าเป็นพรรคฝั่งตรงข้ามอิลุงตูบน่ะ", "date": "22-02-2019 15:17", "retweet": 0, "like": 1}, {"id": "1098858668911558656", "url": "https://twitter.com/yinglove_tigger/status/1098858668911558656", "username": "", "text": "เพิ่งตื่น.. ง่วงอีกละ", "date": "22-02-2019 15:14", "retweet": 0, "like": 0}, {"id": "1098858378263126016", "url": "https://twitter.com/yinglove_tigger/status/1098858378263126016", "username": "", "text": "อยู่พรรคไหนคะคนในคลิป https:// twitter.com/YingNuiC9/stat us/1098857116268343296 …", "date": "22-02-2019 15:13", "retweet": 1, "like": 2}, {"id": "1098856214560047104", "url": "https://twitter.com/yinglove_tigger/status/1098856214560047104", "username": "", "text": "ง่วงนอนเก่งมาก me", "date": "22-02-2019 15:05", "retweet": 0, "like": 1}, {"id": "1098856116807643136", "url": "https://twitter.com/yinglove_tigger/status/1098856116807643136", "username": "", "text": "", "date": "22-02-2019 15:04", "retweet": 0, "like": 2}, {"id": "1098856045504393216", "url": "https://twitter.com/yinglove_tigger/status/1098856045504393216", "username": "", "text": "ด่ามันค่ะ​แบบนี้", "date": "22-02-2019 15:04", "retweet": 0, "like": 1}, {"id": "1098855912758861824", "url": "https://twitter.com/yinglove_tigger/status/1098855912758861824", "username": "", "text": "อันนี้คืออารัย​ผัดผักหราคะ", "date": "22-02-2019 15:04", "retweet": 0, "like": 1}, {"id": "1098855553445519360", "url": "https://twitter.com/yinglove_tigger/status/1098855553445519360", "username": "", "text": "แซบอยู่ค่ะ", "date": "22-02-2019 15:02", "retweet": 0, "like": 0}, {"id": "1098801824365129728", "url": "https://twitter.com/yinglove_tigger/status/1098801824365129728", "username": "", "text": "5555", "date": "22-02-2019 11:29", "retweet": 0, "like": 0}, {"id": "1098801633952096256", "url": "https://twitter.com/yinglove_tigger/status/1098801633952096256", "username": "", "text": "อิห่าน​เลือกมาเอง​ .... ก้อเลือกมรึงต่องัย", "date": "22-02-2019 11:28", "retweet": 0, "like": 1}, {"id": "1098801511067316224", "url": "https://twitter.com/yinglove_tigger/status/1098801511067316224", "username": "", "text": "แต่งตั้งเอง​ เวลาเลือกนายกหรือโหวตอารัยก้อแล้วแต่จะใช้สมองมั๊ยคะ", "date": "22-02-2019 11:27", "retweet": 1, "like": 1}, {"id": "1098801175011323904", "url": "https://twitter.com/yinglove_tigger/status/1098801175011323904", "username": "", "text": "@leohome007 ใช่อันนี้หรือเปล่าลุงที่ลุงพูดน่ะ", "date": "22-02-2019 11:26", "retweet": 0, "like": 1}, {"id": "1098800816427651072", "url": "https://twitter.com/yinglove_tigger/status/1098800816427651072", "username": "", "text": "ที่ลุงสลิ่มบอกตะกี้ใช่อันนี้หรือเปล่า? https:// twitter.com/goodguy_2019/s tatus/1098756755830366208 …", "date": "22-02-2019 11:25", "retweet": 0, "like": 3}, {"id": "1098800233608241152", "url": "https://twitter.com/yinglove_tigger/status/1098800233608241152", "username": "", "text": "ตำรวจบ้ารัยเปิดเพลงทหารสู้กับเพลงประเทศกูมี มัยไมรเปิดเพลงมาร์ชตำรวจละพี่ตำรวจ", "date": "22-02-2019 11:22", "retweet": 0, "like": 1}, {"id": "1098799736247574528", "url": "https://twitter.com/yinglove_tigger/status/1098799736247574528", "username": "", "text": "เกรงว่าจะไม่รุ้จักค่ะ", "date": "22-02-2019 11:20", "retweet": 1, "like": 0}, {"id": "1098799330733916161", "url": "https://twitter.com/yinglove_tigger/status/1098799330733916161", "username": "", "text": "สาธุๆๆค่ะ", "date": "22-02-2019 11:19", "retweet": 0, "like": 0}, {"id": "1098798788410466305", "url": "https://twitter.com/yinglove_tigger/status/1098798788410466305", "username": "", "text": "5555", "date": "22-02-2019 11:17", "retweet": 0, "like": 0}, {"id": "1098798198083051521", "url": "https://twitter.com/yinglove_tigger/status/1098798198083051521", "username": "", "text": "น้ำยังไม่อาบเลย", "date": "22-02-2019 11:14", "retweet": 0, "like": 1}, {"id": "1098798108652130305", "url": "https://twitter.com/yinglove_tigger/status/1098798108652130305", "username": "", "text": "ไม่มีใครคอยเฝ้าขนาดนี้เลยค่ะ", "date": "22-02-2019 11:14", "retweet": 0, "like": 1}, {"id": "1098797965521502209", "url": "https://twitter.com/yinglove_tigger/status/1098797965521502209", "username": "", "text": "และการแย่งไมค์ตอบเรื่องที่ไม่ตรงประเด็นมันไม่ใช่คำตอบค่ะ", "date": "22-02-2019 11:13", "retweet": 0, "like": 2}, {"id": "1098797712340803584", "url": "https://twitter.com/yinglove_tigger/status/1098797712340803584", "username": "", "text": "5555​ แย่งไมค์นี่เสียมารยาทนะคะ​บอกเลย", "date": "22-02-2019 11:12", "retweet": 0, "like": 2}, {"id": "1098797137700126720", "url": "https://twitter.com/yinglove_tigger/status/1098797137700126720", "username": "", "text": "ก้อเพราะไม่เห็นงัยคะ​ก้อเลยสงสัยว่าที่คุณพูดๆมาน่ะใครเป็นคนพูดพรรคไหนมันพูดงัย​จะได้ช่วยด่าถูกพรรคหน่อย​เห็นรุ้ดีกันก้อเลยถามเพราะไม่รุ้งัย​แค่นี้ก้อไม่ได้หราคะ", "date": "22-02-2019 11:10", "retweet": 0, "like": 2}, {"id": "1098796284217966592", "url": "https://twitter.com/yinglove_tigger/status/1098796284217966592", "username": "", "text": "ง่วงนอนแล้ว", "date": "22-02-2019 11:07", "retweet": 0, "like": 2}, {"id": "1098796072929906688", "url": "https://twitter.com/yinglove_tigger/status/1098796072929906688", "username": "", "text": "หืมมมม... จิงดิ... งั้นลุงว่าประยุทธ์สมควรเป็นนายกต่อป่ะคะ​ #ยื่นไมค์", "date": "22-02-2019 11:06", "retweet": 0, "like": 1}, {"id": "1098795751205875712", "url": "https://twitter.com/yinglove_tigger/status/1098795751205875712", "username": "", "text": "เห็นคิดเข้าข้างฝ่ายตัวเองตัลหลอด", "date": "22-02-2019 11:04", "retweet": 0, "like": 2}, {"id": "1098795403191803904", "url": "https://twitter.com/yinglove_tigger/status/1098795403191803904", "username": "", "text": "", "date": "22-02-2019 11:03", "retweet": 0, "like": 1}, {"id": "1098795242038255616", "url": "https://twitter.com/yinglove_tigger/status/1098795242038255616", "username": "", "text": "ไม่ห่างกัน pic.twitter.com/T2KQlsoVgU", "date": "22-02-2019 11:02", "retweet": 1, "like": 7}, {"id": "1098794864160821248", "url": "https://twitter.com/yinglove_tigger/status/1098794864160821248", "username": "", "text": "พูดงี้ค่อยเป็นลุงที่น่ารักหน่อย", "date": "22-02-2019 11:01", "retweet": 0, "like": 0}, {"id": "1098793790934925312", "url": "https://twitter.com/yinglove_tigger/status/1098793790934925312", "username": "", "text": "บางทีก้อแซะลอยๆ​บางทีก้อมโนลอยๆบางทีก้อว่ากันเองลอยๆ​ #ลุงสลิ่มบางคน", "date": "22-02-2019 10:57", "retweet": 0, "like": 1}, {"id": "1098793493399429121", "url": "https://twitter.com/yinglove_tigger/status/1098793493399429121", "username": "", "text": "พลังดูดไม่มีเลยค่ะ​ไม่มีจริงๆค่ะ​ก้อแค่บางคนที่เคยมีคดี​บางคนที่เป็นญาติของคนมีคดีเค้าอยากจะมาอยู่เอง", "date": "22-02-2019 10:55", "retweet": 0, "like": 1}, {"id": "1098791812313956353", "url": "https://twitter.com/yinglove_tigger/status/1098791812313956353", "username": "", "text": "ช่่างมันเถอะ", "date": "22-02-2019 10:49", "retweet": 1, "like": 1}, {"id": "1098791387909111808", "url": "https://twitter.com/yinglove_tigger/status/1098791387909111808", "username": "", "text": "", "date": "22-02-2019 10:47", "retweet": 0, "like": 1}, {"id": "1098791297538641926", "url": "https://twitter.com/yinglove_tigger/status/1098791297538641926", "username": "", "text": "สวัสดีค่ะลุงๆฟายสลิ่ม", "date": "22-02-2019 10:47", "retweet": 0, "like": 1}, {"id": "1098790883426615296", "url": "https://twitter.com/yinglove_tigger/status/1098790883426615296", "username": "", "text": "", "date": "22-02-2019 10:45", "retweet": 1, "like": 1}, {"id": "1098790646003859456", "url": "https://twitter.com/yinglove_tigger/status/1098790646003859456", "username": "", "text": "น้ำเฮลบลูบอย", "date": "22-02-2019 10:44", "retweet": 0, "like": 1}, {"id": "1098790505108856832", "url": "https://twitter.com/yinglove_tigger/status/1098790505108856832", "username": "", "text": "แนวคิดลุงสลิ่มก้อดีอยู่หรอกนะ​ ฟังหาเสัยงละมาคิดว่าคนแบบนี้หราจะมาเป็นนายก... แต่แนวปฏิบัติไม่ผ่านค่ะลุง", "date": "22-02-2019 10:44", "retweet": 2, "like": 5}, {"id": "1098790158411849728", "url": "https://twitter.com/yinglove_tigger/status/1098790158411849728", "username": "", "text": "ตลกตรงนี้แหละการเมืองไทย", "date": "22-02-2019 10:42", "retweet": 0, "like": 1}, {"id": "1098790078300602370", "url": "https://twitter.com/yinglove_tigger/status/1098790078300602370", "username": "", "text": "อ้วนกันปาย", "date": "22-02-2019 10:42", "retweet": 1, "like": 1}, {"id": "1098789928345825280", "url": "https://twitter.com/yinglove_tigger/status/1098789928345825280", "username": "", "text": "เหมือนลุงชอบลุงตู่ช่ะ​ รุ้ว่าเอาเปรียบทุกประตูยังลอยหน้าลอยตาอวย", "date": "22-02-2019 10:41", "retweet": 0, "like": 1}, {"id": "1098789743691653121", "url": "https://twitter.com/yinglove_tigger/status/1098789743691653121", "username": "", "text": "สงสัยจะเมากาว", "date": "22-02-2019 10:41", "retweet": 1, "like": 2}, {"id": "1098789525013196800", "url": "https://twitter.com/yinglove_tigger/status/1098789525013196800", "username": "", "text": "จะได้ช่วยด่าถูก", "date": "22-02-2019 10:40", "retweet": 1, "like": 1}, {"id": "1098789403554570240", "url": "https://twitter.com/yinglove_tigger/status/1098789403554570240", "username": "", "text": "ปั้ดโธ่ว์ระบุไปเลยสิ​... พูดงี้ใครจะรุ้​ละเค้าหาเสียงว่างัย... หรือเก่งแต่แซะลอยๆอ่ะ", "date": "22-02-2019 10:39", "retweet": 0, "like": 1}, {"id": "1098789019423404033", "url": "https://twitter.com/yinglove_tigger/status/1098789019423404033", "username": "", "text": "มากเรยย", "date": "22-02-2019 10:38", "retweet": 0, "like": 1}, {"id": "1098788912284065792", "url": "https://twitter.com/yinglove_tigger/status/1098788912284065792", "username": "", "text": "จิงหราคะ", "date": "22-02-2019 10:37", "retweet": 0, "like": 1}, {"id": "1098788778238369792", "url": "https://twitter.com/yinglove_tigger/status/1098788778238369792", "username": "", "text": "ใครอ่ะลุง", "date": "22-02-2019 10:37", "retweet": 0, "like": 1}, {"id": "1098788306731466752", "url": "https://twitter.com/yinglove_tigger/status/1098788306731466752", "username": "", "text": "5555", "date": "22-02-2019 10:35", "retweet": 0, "like": 0}, {"id": "1098788270433923072", "url": "https://twitter.com/yinglove_tigger/status/1098788270433923072", "username": "", "text": "ใช่ค่ะ​และสวยด้วย", "date": "22-02-2019 10:35", "retweet": 0, "like": 0}, {"id": "1098788180659064832", "url": "https://twitter.com/yinglove_tigger/status/1098788180659064832", "username": "", "text": "หมูสับ... กระดูกอ่อน​... เห็ดหอม.. แครอท​ค่ะ", "date": "22-02-2019 10:34", "retweet": 1, "like": 1}, {"id": "1098787544651550720", "url": "https://twitter.com/yinglove_tigger/status/1098787544651550720", "username": "", "text": "คลายร้อน pic.twitter.com/IfzDOzcn3p", "date": "22-02-2019 10:32", "retweet": 3, "like": 18}, {"id": "1098766897032491008", "url": "https://twitter.com/yinglove_tigger/status/1098766897032491008", "username": "", "text": "ไม่เนียนกับอดีตที่ผ่านมา..นู๋จำได้นะว่าลุงพูดรัยไว้บ้าง... ชิส์", "date": "22-02-2019 09:10", "retweet": 0, "like": 0}, {"id": "1098764043647504385", "url": "https://twitter.com/yinglove_tigger/status/1098764043647504385", "username": "", "text": "สลิ่มคนนี้เค้าเห็นแต่แฟนคลับทักกี้​&ปูว์ pic.twitter.com/y5d2OIu1Fy", "date": "22-02-2019 08:58", "retweet": 0, "like": 0}, {"id": "1098757979791192064", "url": "https://twitter.com/yinglove_tigger/status/1098757979791192064", "username": "", "text": "5555", "date": "22-02-2019 08:34", "retweet": 0, "like": 1}, {"id": "1098756900789702656", "url": "https://twitter.com/yinglove_tigger/status/1098756900789702656", "username": "", "text": "แปลกตรงไหน​ถึงต้องมาทำข่าว https:// twitter.com/MatichonOnline /status/1098598949118717953 …", "date": "22-02-2019 08:30", "retweet": 0, "like": 0}, {"id": "1098756742064697344", "url": "https://twitter.com/yinglove_tigger/status/1098756742064697344", "username": "", "text": "เนี่ยๆๆๆตัวอย่างของคนพูดจาหยาบคาย​ สลิ่มคนนั้นไม่เคยเห็นหรา https:// twitter.com/political_dram a/status/1098756135711006722 …", "date": "22-02-2019 08:29", "retweet": 0, "like": 0}, {"id": "1098756569892704257", "url": "https://twitter.com/yinglove_tigger/status/1098756569892704257", "username": "", "text": "รีมาได้งัย สลิ่มดี๊ดี", "date": "22-02-2019 08:29", "retweet": 0, "like": 2}, {"id": "1098756435733766145", "url": "https://twitter.com/yinglove_tigger/status/1098756435733766145", "username": "", "text": "ดูสลิ่มเป็นคนดี สงสัยไม่เคยเห็นทวิตลุงดราม่าที่พูดถึงปูว์", "date": "22-02-2019 08:28", "retweet": 0, "like": 1}, {"id": "1098755370468618240", "url": "https://twitter.com/yinglove_tigger/status/1098755370468618240", "username": "", "text": "ได้บ้านใหม่สวยเลย", "date": "22-02-2019 08:24", "retweet": 0, "like": 1}, {"id": "1098755241204281344", "url": "https://twitter.com/yinglove_tigger/status/1098755241204281344", "username": "", "text": "เอิ่มมม... จะทำอารัยได้มากกว่านี้ละคะ​ ไล่ก้อไม่ออกนี่นะ https:// twitter.com/political_dram a/status/1098754518823489537 …", "date": "22-02-2019 08:23", "retweet": 0, "like": 1}, {"id": "1098754710150889472", "url": "https://twitter.com/yinglove_tigger/status/1098754710150889472", "username": "", "text": "พ่อฟ้าเอาสันดานลุงตูบไปใช้ทำมัยก้อไม่รุ้โน๊ะ​ ..... รับแต่ชอบ​ ผิดโยนให้คนอื่นเค้าไป คนดีก้องี้", "date": "22-02-2019 08:21", "retweet": 0, "like": 0}, {"id": "1098754179093254144", "url": "https://twitter.com/yinglove_tigger/status/1098754179093254144", "username": "", "text": "หลับหูหลับตาอวย", "date": "22-02-2019 08:19", "retweet": 0, "like": 0}, {"id": "1098753763475509249", "url": "https://twitter.com/yinglove_tigger/status/1098753763475509249", "username": "", "text": "รักคนนิรโทษกรรมให้ตัวเองบ้างป่าวนะ", "date": "22-02-2019 08:18", "retweet": 2, "like": 4}, {"id": "1098753453256372224", "url": "https://twitter.com/yinglove_tigger/status/1098753453256372224", "username": "", "text": "อายคนไม่ดีอย่างเราบ้างซี่.. ปั้ดโธ่ว์", "date": "22-02-2019 08:16", "retweet": 0, "like": 0}, {"id": "1098752903018205184", "url": "https://twitter.com/yinglove_tigger/status/1098752903018205184", "username": "", "text": "บางทีก้อคิดนะ... เวลาโดนถามนี่เค้าอายกันบ้างมั๊ย?", "date": "22-02-2019 08:14", "retweet": 0, "like": 0}, {"id": "1098752609807003648", "url": "https://twitter.com/yinglove_tigger/status/1098752609807003648", "username": "", "text": "5555", "date": "22-02-2019 08:13", "retweet": 0, "like": 0}, {"id": "1098752584473468928", "url": "https://twitter.com/yinglove_tigger/status/1098752584473468928", "username": "", "text": "", "date": "22-02-2019 08:13", "retweet": 0, "like": 0}, {"id": "1098752547387432961", "url": "https://twitter.com/yinglove_tigger/status/1098752547387432961", "username": "", "text": "ข้่าวต้มหมูสับค่ะ", "date": "22-02-2019 08:13", "retweet": 1, "like": 1}, {"id": "1098752496028143616", "url": "https://twitter.com/yinglove_tigger/status/1098752496028143616", "username": "", "text": "pic.twitter.com/RzHqgl643s", "date": "22-02-2019 08:13", "retweet": 0, "like": 0}, {"id": "1098752468857442304", "url": "https://twitter.com/yinglove_tigger/status/1098752468857442304", "username": "", "text": "https:// twitter.com/jadedsedtoktee /status/1098743342811103232 …", "date": "22-02-2019 08:12", "retweet": 0, "like": 0}, {"id": "1098752120130392065", "url": "https://twitter.com/yinglove_tigger/status/1098752120130392065", "username": "", "text": "", "date": "22-02-2019 08:11", "retweet": 1, "like": 1}, {"id": "1098752087238705153", "url": "https://twitter.com/yinglove_tigger/status/1098752087238705153", "username": "", "text": "มอนิ่งค่ะ", "date": "22-02-2019 08:11", "retweet": 0, "like": 0}, {"id": "1098735127939534848", "url": "https://twitter.com/yinglove_tigger/status/1098735127939534848", "username": "", "text": "ชิม", "date": "22-02-2019 07:04", "retweet": 0, "like": 1}, {"id": "1098731568024117248", "url": "https://twitter.com/yinglove_tigger/status/1098731568024117248", "username": "", "text": "แม้ววนิ่งง pic.twitter.com/TdFbsJ0J6G", "date": "22-02-2019 06:49", "retweet": 8, "like": 42}, {"id": "1098589653706424321", "url": "https://twitter.com/yinglove_tigger/status/1098589653706424321", "username": "", "text": "นอนๆ.. ฝันดีค่ะ pic.twitter.com/1ih7Ln1e6i", "date": "21-02-2019 21:25", "retweet": 0, "like": 3}, {"id": "1098589366752956416", "url": "https://twitter.com/yinglove_tigger/status/1098589366752956416", "username": "", "text": "ค่ะ", "date": "21-02-2019 21:24", "retweet": 0, "like": 0}, {"id": "1098587556986249221", "url": "https://twitter.com/yinglove_tigger/status/1098587556986249221", "username": "", "text": "แค่เพียงดอกไม้ริมทาง​ เธอจะมองว่าสวยสักเท่าไหร่", "date": "21-02-2019 21:17", "retweet": 0, "like": 3}, {"id": "1098587312848424960", "url": "https://twitter.com/yinglove_tigger/status/1098587312848424960", "username": "", "text": "ดอกไม้แถวบ้าน pic.twitter.com/67CSsK8LJ0", "date": "21-02-2019 21:16", "retweet": 0, "like": 5}, {"id": "1098586687502921729", "url": "https://twitter.com/yinglove_tigger/status/1098586687502921729", "username": "", "text": "น่ารัก", "date": "21-02-2019 21:14", "retweet": 0, "like": 1}, {"id": "1098586630208679937", "url": "https://twitter.com/yinglove_tigger/status/1098586630208679937", "username": "", "text": "", "date": "21-02-2019 21:13", "retweet": 0, "like": 0}, {"id": "1098586335789498369", "url": "https://twitter.com/yinglove_tigger/status/1098586335789498369", "username": "", "text": "5555​หน่อยๆ", "date": "21-02-2019 21:12", "retweet": 0, "like": 0}, {"id": "1098586227379294209", "url": "https://twitter.com/yinglove_tigger/status/1098586227379294209", "username": "", "text": "ถึงว่า.. มัยง่วง", "date": "21-02-2019 21:12", "retweet": 0, "like": 2}, {"id": "1098586159817515008", "url": "https://twitter.com/yinglove_tigger/status/1098586159817515008", "username": "", "text": "แซบบบ", "date": "21-02-2019 21:12", "retweet": 0, "like": 1}, {"id": "1098586117719248897", "url": "https://twitter.com/yinglove_tigger/status/1098586117719248897", "username": "", "text": "เพิ่งมองนาฬิกา https:// twitter.com/dogdoo123/stat us/1098585731730034688 …", "date": "21-02-2019 21:11", "retweet": 0, "like": 1}, {"id": "1098585937393504257", "url": "https://twitter.com/yinglove_tigger/status/1098585937393504257", "username": "", "text": "@FrostMistic ลิตัดผมมาหรา", "date": "21-02-2019 21:11", "retweet": 0, "like": 0}, {"id": "1098585842962952192", "url": "https://twitter.com/yinglove_tigger/status/1098585842962952192", "username": "", "text": "เขี่ยพริกออก", "date": "21-02-2019 21:10", "retweet": 0, "like": 1}, {"id": "1098585490557554688", "url": "https://twitter.com/yinglove_tigger/status/1098585490557554688", "username": "", "text": "หูยยยย", "date": "21-02-2019 21:09", "retweet": 0, "like": 1}, {"id": "1098585385720901633", "url": "https://twitter.com/yinglove_tigger/status/1098585385720901633", "username": "", "text": "5555", "date": "21-02-2019 21:09", "retweet": 0, "like": 0}, {"id": "1098584065320509441", "url": "https://twitter.com/yinglove_tigger/status/1098584065320509441", "username": "", "text": "ไม่ต่าง", "date": "21-02-2019 21:03", "retweet": 0, "like": 2}, {"id": "1098583870830592000", "url": "https://twitter.com/yinglove_tigger/status/1098583870830592000", "username": "", "text": "เด็กติดเกมส์", "date": "21-02-2019 21:03", "retweet": 0, "like": 0}, {"id": "1098581960568463360", "url": "https://twitter.com/yinglove_tigger/status/1098581960568463360", "username": "", "text": "ขนุนไส้ข้่าวเหนียวมูลงี้", "date": "21-02-2019 20:55", "retweet": 1, "like": 1}, {"id": "1098581714161393666", "url": "https://twitter.com/yinglove_tigger/status/1098581714161393666", "username": "", "text": "กับแกล้มพี่แต่ละอย่าง... มันน่าแย่งกินซะจริงๆ", "date": "21-02-2019 20:54", "retweet": 0, "like": 1}, {"id": "1098581399727001600", "url": "https://twitter.com/yinglove_tigger/status/1098581399727001600", "username": "", "text": "นั่งเล่นเกมส์​... เห็นนะ", "date": "21-02-2019 20:53", "retweet": 0, "like": 1}, {"id": "1098581212224925696", "url": "https://twitter.com/yinglove_tigger/status/1098581212224925696", "username": "", "text": "แค่นั้นถ้ามองลงมาคนกีอตัวเป็นมดแย้ววว", "date": "21-02-2019 20:52", "retweet": 0, "like": 1}, {"id": "1098581021212045315", "url": "https://twitter.com/yinglove_tigger/status/1098581021212045315", "username": "", "text": "แตงโมสีนี้อร่อยมั๊ยคะ", "date": "21-02-2019 20:51", "retweet": 0, "like": 1}, {"id": "1098579333579329536", "url": "https://twitter.com/yinglove_tigger/status/1098579333579329536", "username": "", "text": "หมื่นห้ากุเห็นหมาดิ้นกันเต็มถนน", "date": "21-02-2019 20:44", "retweet": 1, "like": 4}, {"id": "1098579183255441409", "url": "https://twitter.com/yinglove_tigger/status/1098579183255441409", "username": "", "text": "มันสำคัญตรงซื้อแล้วให้ได้ของที่มีคุณภาพไม่ใช่ได้ค่าส่วนต่างแต่คุณภาพไม่มึ", "date": "21-02-2019 20:44", "retweet": 0, "like": 0}, {"id": "1098578703548739584", "url": "https://twitter.com/yinglove_tigger/status/1098578703548739584", "username": "", "text": "เขียนสวยๆไม่เป็น", "date": "21-02-2019 20:42", "retweet": 0, "like": 1}, {"id": "1098577916802125826", "url": "https://twitter.com/yinglove_tigger/status/1098577916802125826", "username": "", "text": "กินด้วย", "date": "21-02-2019 20:39", "retweet": 0, "like": 1}, {"id": "1098577353955921923", "url": "https://twitter.com/yinglove_tigger/status/1098577353955921923", "username": "", "text": "อ่านได้ดี", "date": "21-02-2019 20:37", "retweet": 0, "like": 1}, {"id": "1098577283059658752", "url": "https://twitter.com/yinglove_tigger/status/1098577283059658752", "username": "", "text": "เอิ่มมม... ว่าเขียนสวยแล้วนะ", "date": "21-02-2019 20:36", "retweet": 0, "like": 1}, {"id": "1098546548458147840", "url": "https://twitter.com/yinglove_tigger/status/1098546548458147840", "username": "", "text": "อร่อยค่ะ", "date": "21-02-2019 18:34", "retweet": 0, "like": 1}, {"id": "1098546463942922240", "url": "https://twitter.com/yinglove_tigger/status/1098546463942922240", "username": "", "text": "จัดอารัยคะ.. มันสูงนะ", "date": "21-02-2019 18:34", "retweet": 0, "like": 2}, {"id": "1098546320690753537", "url": "https://twitter.com/yinglove_tigger/status/1098546320690753537", "username": "", "text": "5555", "date": "21-02-2019 18:33", "retweet": 0, "like": 0}, {"id": "1098546272301010944", "url": "https://twitter.com/yinglove_tigger/status/1098546272301010944", "username": "", "text": "ช่ายย", "date": "21-02-2019 18:33", "retweet": 0, "like": 1}, {"id": "1098545286887034880", "url": "https://twitter.com/yinglove_tigger/status/1098545286887034880", "username": "", "text": "ไทยน่าจะสร้างนิวเคลียร์ https:// twitter.com/political_dram a/status/1098544927825219584 …", "date": "21-02-2019 18:29", "retweet": 0, "like": 1}, {"id": "1098545146742730754", "url": "https://twitter.com/yinglove_tigger/status/1098545146742730754", "username": "", "text": "อิ่มละง่วงเด้", "date": "21-02-2019 18:29", "retweet": 0, "like": 3}, {"id": "1098541575812960256", "url": "https://twitter.com/yinglove_tigger/status/1098541575812960256", "username": "", "text": "pic.twitter.com/4QOKx6HgJ0", "date": "21-02-2019 18:14", "retweet": 1, "like": 0}, {"id": "1098533931689758720", "url": "https://twitter.com/yinglove_tigger/status/1098533931689758720", "username": "", "text": "หมดมั๊ย? pic.twitter.com/r6ICc8xR7E", "date": "21-02-2019 17:44", "retweet": 0, "like": 20}, {"id": "1098533392755224576", "url": "https://twitter.com/yinglove_tigger/status/1098533392755224576", "username": "", "text": "pic.twitter.com/D9nYcey5dM", "date": "21-02-2019 17:42", "retweet": 0, "like": 1}, {"id": "1098533202077995009", "url": "https://twitter.com/yinglove_tigger/status/1098533202077995009", "username": "", "text": "ทอดมันทำวันจันทร์ค่ะ", "date": "21-02-2019 17:41", "retweet": 1, "like": 1}, {"id": "1098533111585894400", "url": "https://twitter.com/yinglove_tigger/status/1098533111585894400", "username": "", "text": "", "date": "21-02-2019 17:41", "retweet": 0, "like": 0}, {"id": "1098533093982461953", "url": "https://twitter.com/yinglove_tigger/status/1098533093982461953", "username": "", "text": "มีละ pic.twitter.com/vS2mqkQYzv", "date": "21-02-2019 17:41", "retweet": 0, "like": 1}, {"id": "1098533012080230401", "url": "https://twitter.com/yinglove_tigger/status/1098533012080230401", "username": "", "text": "เมื่อเช้าทำน้ำพริกไปแล้ว", "date": "21-02-2019 17:40", "retweet": 0, "like": 0}, {"id": "1098516343668666368", "url": "https://twitter.com/yinglove_tigger/status/1098516343668666368", "username": "", "text": "นึกได้แค่นี้ pic.twitter.com/4vYgaN5EcM", "date": "21-02-2019 16:34", "retweet": 0, "like": 15}, {"id": "1098493891005825025", "url": "https://twitter.com/yinglove_tigger/status/1098493891005825025", "username": "", "text": ".", "date": "21-02-2019 15:05", "retweet": 0, "like": 1}, {"id": "1098493512461545473", "url": "https://twitter.com/yinglove_tigger/status/1098493512461545473", "username": "", "text": "", "date": "21-02-2019 15:03", "retweet": 0, "like": 1}, {"id": "1098492478607355904", "url": "https://twitter.com/yinglove_tigger/status/1098492478607355904", "username": "", "text": "คืนปชต.ให้ปชช.หรืออยากฟอกขาวตัวเองกันแน่คะ https:// twitter.com/MatichonOnline /status/1098246377103024129 …", "date": "21-02-2019 14:59", "retweet": 1, "like": 2}, {"id": "1098492140085141504", "url": "https://twitter.com/yinglove_tigger/status/1098492140085141504", "username": "", "text": "เจ้านี่ มันตัวแสบ pic.twitter.com/hhh2PQZl7a", "date": "21-02-2019 14:58", "retweet": 0, "like": 1}, {"id": "1098490593007681538", "url": "https://twitter.com/yinglove_tigger/status/1098490593007681538", "username": "", "text": "เค้าแสดงความอ้อน​", "date": "21-02-2019 14:52", "retweet": 0, "like": 1}, {"id": "1098490211464441857", "url": "https://twitter.com/yinglove_tigger/status/1098490211464441857", "username": "", "text": "5555 https:// twitter.com/gurumeaw/statu s/1098489343214215168 …", "date": "21-02-2019 14:50", "retweet": 1, "like": 1}, {"id": "1098488541632389121", "url": "https://twitter.com/yinglove_tigger/status/1098488541632389121", "username": "", "text": "เวลาหาเสียง​พรรคนี้เค้าไม่อายปชช.บ้างหรือ​ที่ต้องมานั่งโกหกปชช.", "date": "21-02-2019 14:44", "retweet": 2, "like": 13}, {"id": "1098487717350977536", "url": "https://twitter.com/yinglove_tigger/status/1098487717350977536", "username": "", "text": "เนี่ยย.. ถ้าเดินตามติดๆอ่ะระวังไว้เลย​ มีโดนลอบกัดแน่ๆ", "date": "21-02-2019 14:40", "retweet": 0, "like": 1}, {"id": "1098433883895255040", "url": "https://twitter.com/yinglove_tigger/status/1098433883895255040", "username": "", "text": "รวบรวมข้อมูลถึงชาติหน้ารัยงี้", "date": "21-02-2019 11:07", "retweet": 0, "like": 6}, {"id": "1098433673223794688", "url": "https://twitter.com/yinglove_tigger/status/1098433673223794688", "username": "", "text": "ไปด้วยยย", "date": "21-02-2019 11:06", "retweet": 0, "like": 1}, {"id": "1098428243508510720", "url": "https://twitter.com/yinglove_tigger/status/1098428243508510720", "username": "", "text": "5555", "date": "21-02-2019 10:44", "retweet": 0, "like": 0}, {"id": "1098428214395850752", "url": "https://twitter.com/yinglove_tigger/status/1098428214395850752", "username": "", "text": "โนววววว... ใหญ่กว่าเรา... ปัดตกไป​ #แช่ง", "date": "21-02-2019 10:44", "retweet": 0, "like": 1}, {"id": "1098428037815660544", "url": "https://twitter.com/yinglove_tigger/status/1098428037815660544", "username": "", "text": "แหม.... รุ้ดีนะ​ แฟนบอกมาสิ https:// twitter.com/leohome007/sta tus/1098427677327876096 …", "date": "21-02-2019 10:43", "retweet": 0, "like": 2}, {"id": "1098427551561613312", "url": "https://twitter.com/yinglove_tigger/status/1098427551561613312", "username": "", "text": "พูดงี้เด่วเลี้ยงหนม", "date": "21-02-2019 10:41", "retweet": 0, "like": 0}, {"id": "1098426927818260481", "url": "https://twitter.com/yinglove_tigger/status/1098426927818260481", "username": "", "text": "น่าจะตก​ #แค่คิดเฉยๆ https:// twitter.com/Bireley2499/st atus/1098426535394955264 …", "date": "21-02-2019 10:39", "retweet": 2, "like": 4}, {"id": "1098426807345246213", "url": "https://twitter.com/yinglove_tigger/status/1098426807345246213", "username": "", "text": "สวยจัง", "date": "21-02-2019 10:38", "retweet": 0, "like": 1}, {"id": "1098426677292457984", "url": "https://twitter.com/yinglove_tigger/status/1098426677292457984", "username": "", "text": "อิจฉาหรา... หึ​.... เห็นมีแต่แมนขั่นสายหื่นนนน​ สงสารน้องเค้า", "date": "21-02-2019 10:38", "retweet": 0, "like": 1}, {"id": "1098426197074014208", "url": "https://twitter.com/yinglove_tigger/status/1098426197074014208", "username": "", "text": "กองทัพตีองวางตัวเป็นกลาง ตัดไปที่ผบ.ทบ.ไล่คน ตัดงบกลาโหมไปฟังเพลง หนักแผ่นดิน", "date": "21-02-2019 10:36", "retweet": 0, "like": 0}, {"id": "1098425707863015424", "url": "https://twitter.com/yinglove_tigger/status/1098425707863015424", "username": "", "text": "กริ๊บบ", "date": "21-02-2019 10:34", "retweet": 0, "like": 0}, {"id": "1098425568964403201", "url": "https://twitter.com/yinglove_tigger/status/1098425568964403201", "username": "", "text": "มีแต่สายหื่น", "date": "21-02-2019 10:33", "retweet": 0, "like": 1}, {"id": "1098425236544880640", "url": "https://twitter.com/yinglove_tigger/status/1098425236544880640", "username": "", "text": "สวัสดีค่าเฮียซอ", "date": "21-02-2019 10:32", "retweet": 1, "like": 0}, {"id": "1098423765279551488", "url": "https://twitter.com/yinglove_tigger/status/1098423765279551488", "username": "", "text": "สวัสดีค่า", "date": "21-02-2019 10:26", "retweet": 0, "like": 0}, {"id": "1098422531474616321", "url": "https://twitter.com/yinglove_tigger/status/1098422531474616321", "username": "", "text": "แหวะ", "date": "21-02-2019 10:21", "retweet": 0, "like": 0}, {"id": "1098420029098348544", "url": "https://twitter.com/yinglove_tigger/status/1098420029098348544", "username": "", "text": "ดีใจด้วยนะ ขอให้มีความสุข", "date": "21-02-2019 10:11", "retweet": 1, "like": 1}, {"id": "1098419388036698112", "url": "https://twitter.com/yinglove_tigger/status/1098419388036698112", "username": "", "text": "อกหักเลย me", "date": "21-02-2019 10:09", "retweet": 1, "like": 1}, {"id": "1098418320758329344", "url": "https://twitter.com/yinglove_tigger/status/1098418320758329344", "username": "", "text": "ปิดหน้าทำมัย​ เห็นแล้ว", "date": "21-02-2019 10:05", "retweet": 1, "like": 1}, {"id": "1098417974262751233", "url": "https://twitter.com/yinglove_tigger/status/1098417974262751233", "username": "", "text": "สั้นๆชัดเจน", "date": "21-02-2019 10:03", "retweet": 0, "like": 0}, {"id": "1098417844977524736", "url": "https://twitter.com/yinglove_tigger/status/1098417844977524736", "username": "", "text": "ขอบคุณค่ะ", "date": "21-02-2019 10:03", "retweet": 0, "like": 0}, {"id": "1098417038576386054", "url": "https://twitter.com/yinglove_tigger/status/1098417038576386054", "username": "", "text": "อวดอีกละ", "date": "21-02-2019 10:00", "retweet": 1, "like": 1}, {"id": "1098414923820847104", "url": "https://twitter.com/yinglove_tigger/status/1098414923820847104", "username": "", "text": "5555", "date": "21-02-2019 09:51", "retweet": 0, "like": 0}, {"id": "1098412534623756288", "url": "https://twitter.com/yinglove_tigger/status/1098412534623756288", "username": "", "text": "ไปหนายยย", "date": "21-02-2019 09:42", "retweet": 0, "like": 1}, {"id": "1098412238031863808", "url": "https://twitter.com/yinglove_tigger/status/1098412238031863808", "username": "", "text": "", "date": "21-02-2019 09:40", "retweet": 0, "like": 0}, {"id": "1098412162941214720", "url": "https://twitter.com/yinglove_tigger/status/1098412162941214720", "username": "", "text": "กัดเลยอ่ะ", "date": "21-02-2019 09:40", "retweet": 0, "like": 1}, {"id": "1098412103264686081", "url": "https://twitter.com/yinglove_tigger/status/1098412103264686081", "username": "", "text": "สวัสดีค่ะ", "date": "21-02-2019 09:40", "retweet": 0, "like": 0}, {"id": "1098412027834335238", "url": "https://twitter.com/yinglove_tigger/status/1098412027834335238", "username": "", "text": "5555​เห็นน่ารักดี https:// twitter.com/ngo_wannaluk/s tatus/1098405320559214592 …", "date": "21-02-2019 09:40", "retweet": 1, "like": 1}, {"id": "1098411959668461568", "url": "https://twitter.com/yinglove_tigger/status/1098411959668461568", "username": "", "text": "มันแฟร์มากเลย มีสว.คอยยกมือให้ถึง250​ ขณะที่ประกาศเลือกตั้งก้อยังมีอำนาจเต็มในการบริหาร​ หาเสียงก้อไม่รุ้ใช้ภาษีปชช.ไปหาเสียงด้วยหรือเปล่า? พวกคุณมันเอาเปรียบทุกประตูเหอะ https:// twitter.com/PprpBangkok/st atus/1097726677390520320 …", "date": "21-02-2019 09:39", "retweet": 3, "like": 12}, {"id": "1098385816982679552", "url": "https://twitter.com/yinglove_tigger/status/1098385816982679552", "username": "", "text": "แม้ววนิ่งง pic.twitter.com/xKeoSCtTdH", "date": "21-02-2019 07:56", "retweet": 9, "like": 43}, {"id": "1098295655871635456", "url": "https://twitter.com/yinglove_tigger/status/1098295655871635456", "username": "", "text": "นอนได้แล้ว", "date": "21-02-2019 01:57", "retweet": 0, "like": 1}, {"id": "1098214745654476801", "url": "https://twitter.com/yinglove_tigger/status/1098214745654476801", "username": "", "text": "ชินแล้วค่ะ", "date": "20-02-2019 20:36", "retweet": 0, "like": 2}, {"id": "1098213898484736006", "url": "https://twitter.com/yinglove_tigger/status/1098213898484736006", "username": "", "text": "5555", "date": "20-02-2019 20:32", "retweet": 0, "like": 0}, {"id": "1098211437514616832", "url": "https://twitter.com/yinglove_tigger/status/1098211437514616832", "username": "", "text": "", "date": "20-02-2019 20:23", "retweet": 1, "like": 1}, {"id": "1098211344128471041", "url": "https://twitter.com/yinglove_tigger/status/1098211344128471041", "username": "", "text": "5555", "date": "20-02-2019 20:22", "retweet": 0, "like": 0}, {"id": "1098208652194795521", "url": "https://twitter.com/yinglove_tigger/status/1098208652194795521", "username": "", "text": "แล้วจะโดดลงไปทำมายยคะ​ ลงลิฟซี่", "date": "20-02-2019 20:12", "retweet": 1, "like": 1}, {"id": "1098207412425764864", "url": "https://twitter.com/yinglove_tigger/status/1098207412425764864", "username": "", "text": "ดีๆ แต่เด่วเสียเพื่อนนะ", "date": "20-02-2019 20:07", "retweet": 0, "like": 0}, {"id": "1098207240920551424", "url": "https://twitter.com/yinglove_tigger/status/1098207240920551424", "username": "", "text": "แฮป.. ปี๊.. เบริ์ดเดย์... ทู.. ยูว์.. ค่ะ​ /ขอให้มีความสุข​พบเจอแต่สิ่งดี​ สุขภาพแข็งแรง​ เฮงๆนะคะ", "date": "20-02-2019 20:06", "retweet": 0, "like": 2}, {"id": "1098206571459309568", "url": "https://twitter.com/yinglove_tigger/status/1098206571459309568", "username": "", "text": "5555", "date": "20-02-2019 20:03", "retweet": 0, "like": 0}, {"id": "1098185236842606593", "url": "https://twitter.com/yinglove_tigger/status/1098185236842606593", "username": "", "text": "เค้าสมควรได้รับการสงสารค่ะ​ พรรคไหนที่โดนใจปชช.ก้อจะโดนสอยแบบนี้​ ดีจุง https:// twitter.com/political_dram a/status/1098183681141727233 …", "date": "20-02-2019 18:38", "retweet": 0, "like": 2}, {"id": "1098181905759928320", "url": "https://twitter.com/yinglove_tigger/status/1098181905759928320", "username": "", "text": "ธนาธรทำผิดอารัยอ่ะ.​.. ตกข่าว", "date": "20-02-2019 18:25", "retweet": 3, "like": 12}, {"id": "1098181412212027392", "url": "https://twitter.com/yinglove_tigger/status/1098181412212027392", "username": "", "text": "ลบก้อได้​ แต่บอกตรงๆว่าไม่เข้าใจ​ นู๋โหนตรงไหน", "date": "20-02-2019 18:23", "retweet": 0, "like": 0}, {"id": "1098180661402161152", "url": "https://twitter.com/yinglove_tigger/status/1098180661402161152", "username": "", "text": "แต่ที่นู๋เห็นเค้าไม่ได้น้อมนำพระราชดำรัสมาซะหน่อย​ แต่เค้าพูดทำนองว่าฝ่ายที่ต่อต้านทหาร​ ฝ่ายนกม.เป็นคนไม่ดี​นี่นา", "date": "20-02-2019 18:20", "retweet": 0, "like": 0}, {"id": "1098177502025895936", "url": "https://twitter.com/yinglove_tigger/status/1098177502025895936", "username": "", "text": "พูดถึงทหารเท่านั้นค่ะ​อย่าเอากระแสพระราชดำรัสมาสิ​ เพราะถ้าจะอ้างแบบนั้นก้ออ้างได้ทั้งสองฝ่ายนะคะ.... อย่าดึงค่ะ​นู๋ไม่อยากกินพิซซ่านะ", "date": "20-02-2019 18:08", "retweet": 0, "like": 0}, {"id": "1098175139101863936", "url": "https://twitter.com/yinglove_tigger/status/1098175139101863936", "username": "", "text": "จููเนียร์ค่ะ", "date": "20-02-2019 17:58", "retweet": 0, "like": 1}, {"id": "1098174794703355904", "url": "https://twitter.com/yinglove_tigger/status/1098174794703355904", "username": "", "text": "สวยดีนะ pic.twitter.com/NjVRwSNy9k", "date": "20-02-2019 17:57", "retweet": 2, "like": 5}, {"id": "1098174622011338753", "url": "https://twitter.com/yinglove_tigger/status/1098174622011338753", "username": "", "text": "น่าตีนัก", "date": "20-02-2019 17:56", "retweet": 0, "like": 1}, {"id": "1098132017781268480", "url": "https://twitter.com/yinglove_tigger/status/1098132017781268480", "username": "", "text": "แหวะ", "date": "20-02-2019 15:07", "retweet": 0, "like": 0}, {"id": "1098129363034226688", "url": "https://twitter.com/yinglove_tigger/status/1098129363034226688", "username": "", "text": "5555", "date": "20-02-2019 14:56", "retweet": 0, "like": 0}, {"id": "1098127055869292545", "url": "https://twitter.com/yinglove_tigger/status/1098127055869292545", "username": "", "text": "เขียวหมดละ", "date": "20-02-2019 14:47", "retweet": 0, "like": 0}, {"id": "1098125984472023041", "url": "https://twitter.com/yinglove_tigger/status/1098125984472023041", "username": "", "text": "https:// gopro.com/v/KRlZ9ZXbgOJk8", "date": "20-02-2019 14:43", "retweet": 0, "like": 0}, {"id": "1098124380591116289", "url": "https://twitter.com/yinglove_tigger/status/1098124380591116289", "username": "", "text": "ฝีมือจูเนียร์.... สงสัยมันหมั่นเขี้ยวมานุด​ ... เดินตามไปมาแอบแง้บขาซะงั้น pic.twitter.com/qTpamLhmhh", "date": "20-02-2019 14:37", "retweet": 2, "like": 14}, {"id": "1098123371345108992", "url": "https://twitter.com/yinglove_tigger/status/1098123371345108992", "username": "", "text": "5555​อารัยก้อไม่รุ้", "date": "20-02-2019 14:33", "retweet": 0, "like": 1}, {"id": "1098123302634020864", "url": "https://twitter.com/yinglove_tigger/status/1098123302634020864", "username": "", "text": "", "date": "20-02-2019 14:32", "retweet": 0, "like": 0}, {"id": "1098123197214470150", "url": "https://twitter.com/yinglove_tigger/status/1098123197214470150", "username": "", "text": "ขอบคุณค่ะ", "date": "20-02-2019 14:32", "retweet": 0, "like": 1}, {"id": "1098123097574563841", "url": "https://twitter.com/yinglove_tigger/status/1098123097574563841", "username": "", "text": "สวัสดีค่ะ", "date": "20-02-2019 14:32", "retweet": 0, "like": 1}, {"id": "1098091889499156480", "url": "https://twitter.com/yinglove_tigger/status/1098091889499156480", "username": "", "text": "มันจะแตะยังงัย​ แคนดิเดตนายกมันยังเอาคนของกองทัพมาเลย", "date": "20-02-2019 12:28", "retweet": 0, "like": 2}, {"id": "1098091683500027904", "url": "https://twitter.com/yinglove_tigger/status/1098091683500027904", "username": "", "text": "ไม่แตะเพราะพวกเดียวกันเหอะ​ แหม่ ... https:// twitter.com/amarintvhd/sta tus/1098084274073292801 …", "date": "20-02-2019 12:27", "retweet": 1, "like": 3}, {"id": "1098091335578411009", "url": "https://twitter.com/yinglove_tigger/status/1098091335578411009", "username": "", "text": "ธนาธรพูดได้ดี​ หลายๆคำตอบพูดได้แทนใจเรา​ ... ต้องดูอีกว่าเค้าทำได้จริงแค่ไหน", "date": "20-02-2019 12:25", "retweet": 0, "like": 10}, {"id": "1098078932673343489", "url": "https://twitter.com/yinglove_tigger/status/1098078932673343489", "username": "", "text": "ใช่เลย", "date": "20-02-2019 11:36", "retweet": 1, "like": 0}, {"id": "1098078822602166272", "url": "https://twitter.com/yinglove_tigger/status/1098078822602166272", "username": "", "text": "จะไปคัดค้่านทำมัย... อยากเปิดก้อเปิดไปเลย​3​เวลาหลังอาหาร​ ละให้ทหารละช่วยกันร้อง​ เพราะดี https:// twitter.com/WassanaNanuam/ status/1098048978854113280 …", "date": "20-02-2019 11:36", "retweet": 0, "like": 2}, {"id": "1098078447635652609", "url": "https://twitter.com/yinglove_tigger/status/1098078447635652609", "username": "", "text": "ก้อไหนๆผบ.ทบ​เป็นคนเปิดประเด็นมาแล้ว​ ... ก้อฟังบ่อยๆหน่อยนะท่านผบ.ทบ.​ เพลงนี้เหมาะกับพวกท่านออกค่ะ", "date": "20-02-2019 11:34", "retweet": 0, "like": 0}, {"id": "1098078085939789824", "url": "https://twitter.com/yinglove_tigger/status/1098078085939789824", "username": "", "text": "บางที... เราเองก้อจะไม่อดทน", "date": "20-02-2019 11:33", "retweet": 2, "like": 2}, {"id": "1098077542420963328", "url": "https://twitter.com/yinglove_tigger/status/1098077542420963328", "username": "", "text": "หนักแผ่นดินน่ะพวกมัน", "date": "20-02-2019 11:31", "retweet": 1, "like": 1}, {"id": "1098077423856345089", "url": "https://twitter.com/yinglove_tigger/status/1098077423856345089", "username": "", "text": "สมหน้ามัน", "date": "20-02-2019 11:30", "retweet": 0, "like": 2}, {"id": "1098077165071917056", "url": "https://twitter.com/yinglove_tigger/status/1098077165071917056", "username": "", "text": "ม็อบช่อดอกไม้โดนจับมั๊ยคะลุง https:// twitter.com/political_dram a/status/1098069390061297664 …", "date": "20-02-2019 11:29", "retweet": 0, "like": 1}, {"id": "1098076639072681984", "url": "https://twitter.com/yinglove_tigger/status/1098076639072681984", "username": "", "text": "ขณะที่อีกฝั่งโดนจับไปแล้ว​ เป็นกลางจุงเบย", "date": "20-02-2019 11:27", "retweet": 1, "like": 1}, {"id": "1098075928226258944", "url": "https://twitter.com/yinglove_tigger/status/1098075928226258944", "username": "", "text": "จับมั๊ยคะ https:// twitter.com/envi_avatar/st atus/1098073062019231744 …", "date": "20-02-2019 11:24", "retweet": 1, "like": 1}, {"id": "1098075830050217985", "url": "https://twitter.com/yinglove_tigger/status/1098075830050217985", "username": "", "text": "ชอบเหมือนกันค่ะ", "date": "20-02-2019 11:24", "retweet": 0, "like": 0}, {"id": "1098073051353116673", "url": "https://twitter.com/yinglove_tigger/status/1098073051353116673", "username": "", "text": "บ่อยมาก", "date": "20-02-2019 11:13", "retweet": 1, "like": 0}, {"id": "1098063087590985729", "url": "https://twitter.com/yinglove_tigger/status/1098063087590985729", "username": "", "text": "5555​มอนิ่งค่ะพี่อ๊อดดี้", "date": "20-02-2019 10:33", "retweet": 1, "like": 2}, {"id": "1097967638112686080", "url": "https://twitter.com/yinglove_tigger/status/1097967638112686080", "username": "", "text": "หลายอารมณ์ pic.twitter.com/aeKA6DuAly", "date": "20-02-2019 04:14", "retweet": 2, "like": 5}, {"id": "1097967125434486784", "url": "https://twitter.com/yinglove_tigger/status/1097967125434486784", "username": "", "text": "อยากถ่ายภาพกลางคืนสวยๆ​แต่ทำไม่เป็น pic.twitter.com/LogSUIcUav", "date": "20-02-2019 04:12", "retweet": 0, "like": 3}, {"id": "1097965674972901376", "url": "https://twitter.com/yinglove_tigger/status/1097965674972901376", "username": "", "text": "5555", "date": "20-02-2019 04:06", "retweet": 0, "like": 1}, {"id": "1097963734612422656", "url": "https://twitter.com/yinglove_tigger/status/1097963734612422656", "username": "", "text": "เบรค​กินกาแฟแป็บ pic.twitter.com/qN1Ae5jYF1", "date": "20-02-2019 03:58", "retweet": 0, "like": 12}, {"id": "1097963106934771712", "url": "https://twitter.com/yinglove_tigger/status/1097963106934771712", "username": "", "text": "", "date": "20-02-2019 03:56", "retweet": 0, "like": 1}, {"id": "1097962979486687232", "url": "https://twitter.com/yinglove_tigger/status/1097962979486687232", "username": "", "text": "", "date": "20-02-2019 03:55", "retweet": 0, "like": 2}, {"id": "1097837026034872320", "url": "https://twitter.com/yinglove_tigger/status/1097837026034872320", "username": "", "text": "pic.twitter.com/S66S42Yiln", "date": "19-02-2019 19:35", "retweet": 0, "like": 8}, {"id": "1097815364170215425", "url": "https://twitter.com/yinglove_tigger/status/1097815364170215425", "username": "", "text": "5555", "date": "19-02-2019 18:09", "retweet": 0, "like": 1}, {"id": "1097815258121494528", "url": "https://twitter.com/yinglove_tigger/status/1097815258121494528", "username": "", "text": "", "date": "19-02-2019 18:08", "retweet": 0, "like": 0}, {"id": "1097809957926273024", "url": "https://twitter.com/yinglove_tigger/status/1097809957926273024", "username": "", "text": "", "date": "19-02-2019 17:47", "retweet": 0, "like": 1}, {"id": "1097809764300386304", "url": "https://twitter.com/yinglove_tigger/status/1097809764300386304", "username": "", "text": "", "date": "19-02-2019 17:46", "retweet": 0, "like": 1}, {"id": "1097809728116207616", "url": "https://twitter.com/yinglove_tigger/status/1097809728116207616", "username": "", "text": "กลับยัง​เที่ยวเผื่อด้วยนะคะ", "date": "19-02-2019 17:46", "retweet": 0, "like": 1}, {"id": "1097750718864252930", "url": "https://twitter.com/yinglove_tigger/status/1097750718864252930", "username": "", "text": "ทะเล pic.twitter.com/wrrhgNeEPs", "date": "19-02-2019 13:52", "retweet": 9, "like": 38}, {"id": "1097750702435098624", "url": "https://twitter.com/yinglove_tigger/status/1097750702435098624", "username": "", "text": "", "date": "19-02-2019 13:52", "retweet": 0, "like": 0}, {"id": "1097750027819089921", "url": "https://twitter.com/yinglove_tigger/status/1097750027819089921", "username": "", "text": "pic.twitter.com/imgJomwDmL", "date": "19-02-2019 13:49", "retweet": 3, "like": 8}, {"id": "1097748717573042176", "url": "https://twitter.com/yinglove_tigger/status/1097748717573042176", "username": "", "text": "นั่งรอคลื่น pic.twitter.com/TB1AfC8SKx", "date": "19-02-2019 13:44", "retweet": 4, "like": 29}, {"id": "1097747700462698496", "url": "https://twitter.com/yinglove_tigger/status/1097747700462698496", "username": "", "text": "", "date": "19-02-2019 13:40", "retweet": 0, "like": 0}, {"id": "1097747335549923329", "url": "https://twitter.com/yinglove_tigger/status/1097747335549923329", "username": "", "text": "ถ่ายเองค่ะ​ มือถือ หัวเหว่ย ค่ะ", "date": "19-02-2019 13:38", "retweet": 0, "like": 1}, {"id": "1097742112261455872", "url": "https://twitter.com/yinglove_tigger/status/1097742112261455872", "username": "", "text": "pic.twitter.com/EJ4TRYb6nn", "date": "19-02-2019 13:18", "retweet": 0, "like": 1}, {"id": "1097736837034987521", "url": "https://twitter.com/yinglove_tigger/status/1097736837034987521", "username": "", "text": "แหวะ... อ้วกแพร๊พ", "date": "19-02-2019 12:57", "retweet": 1, "like": 4}, {"id": "1097658506855903232", "url": "https://twitter.com/yinglove_tigger/status/1097658506855903232", "username": "", "text": "ช่ายยค่ะ", "date": "19-02-2019 07:45", "retweet": 0, "like": 0}, {"id": "1097656733097287680", "url": "https://twitter.com/yinglove_tigger/status/1097656733097287680", "username": "", "text": "ชนแก้วค่ะ pic.twitter.com/o9DXYdjoOx", "date": "19-02-2019 07:38", "retweet": 0, "like": 0}, {"id": "1097654427555573760", "url": "https://twitter.com/yinglove_tigger/status/1097654427555573760", "username": "", "text": "กะมาดักตีลุงสลิ่มถึงบ้าน... ไม่ไม่รุ้บ้านลุงอยู่หนใด pic.twitter.com/zruLg9bkWt", "date": "19-02-2019 07:29", "retweet": 0, "like": 1}, {"id": "1097653123705786368", "url": "https://twitter.com/yinglove_tigger/status/1097653123705786368", "username": "", "text": "@political_drama มอนิ่งลุง... เช้ามาก้อ.... ซัดกันเลยนะ pic.twitter.com/rp8JdK7uQF", "date": "19-02-2019 07:24", "retweet": 0, "like": 1}, {"id": "1097652939601014784", "url": "https://twitter.com/yinglove_tigger/status/1097652939601014784", "username": "", "text": "หมอเอ้ก", "date": "19-02-2019 07:23", "retweet": 0, "like": 0}, {"id": "1097652785397428224", "url": "https://twitter.com/yinglove_tigger/status/1097652785397428224", "username": "", "text": "อ้วน", "date": "19-02-2019 07:23", "retweet": 0, "like": 1}, {"id": "1097652662265233408", "url": "https://twitter.com/yinglove_tigger/status/1097652662265233408", "username": "", "text": "มีแต่เนสซองอ่ะค่ะพี่เจมส์", "date": "19-02-2019 07:22", "retweet": 0, "like": 1}, {"id": "1097648707850260480", "url": "https://twitter.com/yinglove_tigger/status/1097648707850260480", "username": "", "text": "pic.twitter.com/KzoprJwwhs", "date": "19-02-2019 07:06", "retweet": 0, "like": 0}, {"id": "1097648066956410880", "url": "https://twitter.com/yinglove_tigger/status/1097648066956410880", "username": "", "text": "ชากาแฟกันมั๊ย pic.twitter.com/TE9adD5OZB", "date": "19-02-2019 07:04", "retweet": 6, "like": 33}, {"id": "1097644957781843968", "url": "https://twitter.com/yinglove_tigger/status/1097644957781843968", "username": "", "text": "แม้ววนิ่ง pic.twitter.com/n4MnV9EroR", "date": "19-02-2019 06:52", "retweet": 1, "like": 9}, {"id": "1097644068866207744", "url": "https://twitter.com/yinglove_tigger/status/1097644068866207744", "username": "", "text": "https://www. pscp.tv/w/bzs70TFvUEtM TURucVBwamR8MVlxS0R5QmplcmtHVkPxewXoANkAGrhtQw0eTCwHDdtrNQFu6OliZWniTRXW …", "date": "19-02-2019 06:48", "retweet": 2, "like": 8}, {"id": "1097638351761334272", "url": "https://twitter.com/yinglove_tigger/status/1097638351761334272", "username": "", "text": "มอนิ่งครับ pic.twitter.com/UiTYfLEoZC", "date": "19-02-2019 06:25", "retweet": 1, "like": 1}, {"id": "1097516168137437187", "url": "https://twitter.com/yinglove_tigger/status/1097516168137437187", "username": "", "text": "", "date": "18-02-2019 22:20", "retweet": 0, "like": 1}, {"id": "1097515433794592768", "url": "https://twitter.com/yinglove_tigger/status/1097515433794592768", "username": "", "text": "pic.twitter.com/S6f1s35plE", "date": "18-02-2019 22:17", "retweet": 0, "like": 1}, {"id": "1097504250412687360", "url": "https://twitter.com/yinglove_tigger/status/1097504250412687360", "username": "", "text": "ขอบคุณค่ะ", "date": "18-02-2019 21:32", "retweet": 0, "like": 1}, {"id": "1097500479397883904", "url": "https://twitter.com/yinglove_tigger/status/1097500479397883904", "username": "", "text": "5555", "date": "18-02-2019 21:17", "retweet": 0, "like": 1}, {"id": "1097500270785748997", "url": "https://twitter.com/yinglove_tigger/status/1097500270785748997", "username": "", "text": "ตัดให้มันเล็ก", "date": "18-02-2019 21:17", "retweet": 0, "like": 0}, {"id": "1097500051318857728", "url": "https://twitter.com/yinglove_tigger/status/1097500051318857728", "username": "", "text": "เปิดละเข้าตัว​สมหน้า", "date": "18-02-2019 21:16", "retweet": 1, "like": 1}, {"id": "1097499841544876033", "url": "https://twitter.com/yinglove_tigger/status/1097499841544876033", "username": "", "text": "เห็นรูป6ตุลา​ละหดหู่จัง", "date": "18-02-2019 21:15", "retweet": 0, "like": 3}, {"id": "1097499355009802241", "url": "https://twitter.com/yinglove_tigger/status/1097499355009802241", "username": "", "text": "เด่วๆ​ขาหมูนี่นะ", "date": "18-02-2019 21:13", "retweet": 0, "like": 0}, {"id": "1097483764249182208", "url": "https://twitter.com/yinglove_tigger/status/1097483764249182208", "username": "", "text": "ชอบๆอ่ะ​ต้องงี้สิ​ จะมาเป็นผู้แทนปชช.ต้องเถียงแทนปขช.ได้ด้วย​ ไม่ใช่อารัยก้อยอมอย่างเจ๊ปูว์", "date": "18-02-2019 20:11", "retweet": 0, "like": 6}, {"id": "1097480211375869953", "url": "https://twitter.com/yinglove_tigger/status/1097480211375869953", "username": "", "text": "สมน้ำหน้า", "date": "18-02-2019 19:57", "retweet": 3, "like": 3}, {"id": "1097478262391853059", "url": "https://twitter.com/yinglove_tigger/status/1097478262391853059", "username": "", "text": "ฟังเสียงคลื่น... ฟังเสียงหัวใจ pic.twitter.com/qR40TdpDxN", "date": "18-02-2019 19:49", "retweet": 1, "like": 3}, {"id": "1097469538059280384", "url": "https://twitter.com/yinglove_tigger/status/1097469538059280384", "username": "", "text": "5555", "date": "18-02-2019 19:15", "retweet": 0, "like": 1}, {"id": "1097466528574795777", "url": "https://twitter.com/yinglove_tigger/status/1097466528574795777", "username": "", "text": "ระยองค่ะ", "date": "18-02-2019 19:03", "retweet": 0, "like": 1}, {"id": "1097460141840986112", "url": "https://twitter.com/yinglove_tigger/status/1097460141840986112", "username": "", "text": "อยู่นี่นะ pic.twitter.com/Hbu3HzmzFW", "date": "18-02-2019 18:37", "retweet": 0, "like": 9}, {"id": "1097325871763906561", "url": "https://twitter.com/yinglove_tigger/status/1097325871763906561", "username": "", "text": "5555", "date": "18-02-2019 09:44", "retweet": 0, "like": 1}, {"id": "1097325612044185600", "url": "https://twitter.com/yinglove_tigger/status/1097325612044185600", "username": "", "text": "น้องเหมียวอย่าไปเชื่อลุงสลิ่ม..", "date": "18-02-2019 09:43", "retweet": 1, "like": 1}, {"id": "1097325333647261696", "url": "https://twitter.com/yinglove_tigger/status/1097325333647261696", "username": "", "text": "มอนิ่งค่ะคุณนุ้ย", "date": "18-02-2019 09:42", "retweet": 0, "like": 1}, {"id": "1097325266068623365", "url": "https://twitter.com/yinglove_tigger/status/1097325266068623365", "username": "", "text": "มอนิ่งลุง", "date": "18-02-2019 09:41", "retweet": 0, "like": 0}, {"id": "1097325131293048835", "url": "https://twitter.com/yinglove_tigger/status/1097325131293048835", "username": "", "text": "อ้าวหราคะ", "date": "18-02-2019 09:41", "retweet": 0, "like": 0}, {"id": "1097324839491104768", "url": "https://twitter.com/yinglove_tigger/status/1097324839491104768", "username": "", "text": "ควายเหลืองเฉยๆ", "date": "18-02-2019 09:40", "retweet": 0, "like": 1}, {"id": "1097324735262670849", "url": "https://twitter.com/yinglove_tigger/status/1097324735262670849", "username": "", "text": "ขี่ก๋องคือรัยคะ", "date": "18-02-2019 09:39", "retweet": 0, "like": 1}, {"id": "1097324608544329729", "url": "https://twitter.com/yinglove_tigger/status/1097324608544329729", "username": "", "text": "ทหารเป็นกลางจังเลย", "date": "18-02-2019 09:39", "retweet": 1, "like": 0}, {"id": "1097324200799264768", "url": "https://twitter.com/yinglove_tigger/status/1097324200799264768", "username": "", "text": "ไม่ใส่แว่น​ ตาหยีเลย", "date": "18-02-2019 09:37", "retweet": 0, "like": 1}, {"id": "1097323501063614465", "url": "https://twitter.com/yinglove_tigger/status/1097323501063614465", "username": "", "text": "หนักแผ่นดินหรือเปล่าคิดดู​....อยู่มา​5ปี​ แผ่นดินทรุดเลย", "date": "18-02-2019 09:34", "retweet": 3, "like": 11}, {"id": "1097323175656882176", "url": "https://twitter.com/yinglove_tigger/status/1097323175656882176", "username": "", "text": "โฆษกพรรคทษช.น่าร้ากกกก​... หล่อกว่าหมอรัยนั่นอีกอ่ะ", "date": "18-02-2019 09:33", "retweet": 0, "like": 5}, {"id": "1097322718033207296", "url": "https://twitter.com/yinglove_tigger/status/1097322718033207296", "username": "", "text": "5555​ใช่เลย", "date": "18-02-2019 09:31", "retweet": 0, "like": 0}, {"id": "1097322569311481856", "url": "https://twitter.com/yinglove_tigger/status/1097322569311481856", "username": "", "text": "หนักแผ่นดิน​ หนักแผ่นดิน​ คนเช่นนี้เป็นคนหนักแผ่นดิน ... นึกถึงนายทหารหลายๆนายตอนนี้", "date": "18-02-2019 09:31", "retweet": 1, "like": 3}, {"id": "1097319923884257280", "url": "https://twitter.com/yinglove_tigger/status/1097319923884257280", "username": "", "text": "", "date": "18-02-2019 09:20", "retweet": 0, "like": 1}, {"id": "1097319858419642368", "url": "https://twitter.com/yinglove_tigger/status/1097319858419642368", "username": "", "text": "มอนิ่งค่ะ", "date": "18-02-2019 09:20", "retweet": 0, "like": 1}, {"id": "1097304298310983680", "url": "https://twitter.com/yinglove_tigger/status/1097304298310983680", "username": "", "text": "แม้ววนิ่งว pic.twitter.com/HH49YKhy9l", "date": "18-02-2019 08:18", "retweet": 3, "like": 21}]