[{"id": "1099345352656793600", "url": "https://twitter.com/youdontneedm3/status/1099345352656793600", "username": "", "text": "@Ch7HD อ่าน กูอาย", "date": "23-02-2019 23:28", "retweet": 4, "like": 0}, {"id": "1099344843292106758", "url": "https://twitter.com/youdontneedm3/status/1099344843292106758", "username": "", "text": "กูเหนื่อยกับการเมือง แล้วยังจะมาปวดหัวกับ #ลูกทุ่งไอดอล เครียดกับภาพลักษณ์คนไทยมาก สงสารลิซ่า เดอะทอย พิมฐาและทุกคน 55555555555555555555555555555555555555555", "date": "23-02-2019 23:26", "retweet": 3, "like": 5}, {"id": "1099343794309193729", "url": "https://twitter.com/youdontneedm3/status/1099343794309193729", "username": "", "text": "ส่วนตัวแล้วไม่เชียร์ให้ m-net ขายลิขสิทธิ์นะ... เชียร์ให้ workpoint/grammy ซื้อลิขสิทธิ์เขามาแล้วทำดีๆ ไม่ใช่ไม่สนับสนุนลูกทุ่งแต่มันไม่ใช่อะไรที่แบบ raise ความสากลอ่ะภาพลักษณ์ประเทศไทยอ่ะ แคร์ตรงนี้อ่ะ produce101 ปั้นไอดอลแห่งชาติที่ทั้งโลกยอมรับ ความสามารถสากล #ลูกทุ่งไอดอล", "date": "23-02-2019 23:22", "retweet": 20, "like": 6}, {"id": "1099343281194917890", "url": "https://twitter.com/youdontneedm3/status/1099343281194917890", "username": "", "text": "คือรายการมันไม่ใช่ produce 101 มันคือ traditional music contest ไงแต่คอนเซปต์เหมือน produce101 ก็คือก๊อปรูปแบบเขามา ไม่รู้อธิบายให้ต่างประเทศเข้าใจยังไงอ่ะไม่เก่งภาษา เขาข้าใจว่าเป็น 101 หมดแล้ว #ลูกทุ่งไอดอล", "date": "23-02-2019 23:20", "retweet": 13, "like": 6}, {"id": "1099338192493268992", "url": "https://twitter.com/youdontneedm3/status/1099338192493268992", "username": "", "text": "อยากให้คนต่างชาติเห็นอะไรแบบนี้ #ลูกทุ่งไอดอล pic.twitter.com/BirZchzg8N", "date": "23-02-2019 23:00", "retweet": 403, "like": 155}, {"id": "1099305418029817857", "url": "https://twitter.com/youdontneedm3/status/1099305418029817857", "username": "", "text": "แหนะะะ", "date": "23-02-2019 20:50", "retweet": 1, "like": 1}, {"id": "1099305364632174592", "url": "https://twitter.com/youdontneedm3/status/1099305364632174592", "username": "", "text": "ร้องไห้แล้ววววววววว", "date": "23-02-2019 20:49", "retweet": 0, "like": 0}, {"id": "1099302420612435970", "url": "https://twitter.com/youdontneedm3/status/1099302420612435970", "username": "", "text": "นี่เป็นคนไทยยังรู้สึกเหยียดเลยอ่ะ ไม่รู้จะก๊อปทำไมหน้าด้าน #ลูกทุ่งไอดอล", "date": "23-02-2019 20:38", "retweet": 1, "like": 0}, {"id": "1099300752319639553", "url": "https://twitter.com/youdontneedm3/status/1099300752319639553", "username": "", "text": "เอาจริงคือไม่ไหว จริงๆไทยเจ๋งกว่านั่นมาก แต่นี่อะไรวะ 55555555555555555555 #ลูกทุ่งไอดอล", "date": "23-02-2019 20:31", "retweet": 0, "like": 1}, {"id": "1099300134490275841", "url": "https://twitter.com/youdontneedm3/status/1099300134490275841", "username": "", "text": "โคตรจะช่อง 7 @Ch7HD #ลูกทุ่งไอดอล", "date": "23-02-2019 20:29", "retweet": 0, "like": 0}, {"id": "1099282858005286912", "url": "https://twitter.com/youdontneedm3/status/1099282858005286912", "username": "", "text": "TFBOYS world tour สักครั้งเถอะ", "date": "23-02-2019 19:20", "retweet": 2, "like": 1}, {"id": "1099275919653359622", "url": "https://twitter.com/youdontneedm3/status/1099275919653359622", "username": "", "text": "pic.twitter.com/lU856SQf75", "date": "23-02-2019 18:52", "retweet": 0, "like": 1}, {"id": "1099275329439330306", "url": "https://twitter.com/youdontneedm3/status/1099275329439330306", "username": "", "text": "แงงงงงงง เป็นโคลเวอร์ค่ะแงงงง รักทุกคนแต่มีใจให้เชียนเยอะหน่อย 5555555555 เมนเชียนหรอ pic.twitter.com/W6BRgRxylt", "date": "23-02-2019 18:50", "retweet": 0, "like": 0}, {"id": "1099272610313949184", "url": "https://twitter.com/youdontneedm3/status/1099272610313949184", "username": "", "text": "ประเด็นคือไม่แน่ใจว่าเขาหัวเราะเพราะเรื่องก๊อปลิขสิทธิ์ หรือเหยียดหน้าตารูปลักษณ์ค่ะ.... จีนเหยียดแล้วน่ากลัวอ่ะ", "date": "23-02-2019 18:39", "retweet": 1, "like": 0}, {"id": "1099271407089770497", "url": "https://twitter.com/youdontneedm3/status/1099271407089770497", "username": "", "text": "ใช่ปะ แบบ gdh นาดาวก็ส่งซีรีย์กับหนังดีๆ คือแบบไปหมดดดดดเกลี้ยงงงงงง", "date": "23-02-2019 18:35", "retweet": 0, "like": 1}, {"id": "1099270989290991616", "url": "https://twitter.com/youdontneedm3/status/1099270989290991616", "username": "", "text": "มีค่ะ ในคอมเม้นของเพจดังๆคือบอกประมาณ หน้าตาแบบนี้...งั้นชั้นก็เดบิ้วได้เหมือนกันน่ะสิ ชั้นไปไทยเดบิ้วบ้าวดีกว่า.... แคปมาล้อกันใหญ่อ่ะ แล้วก็มีแบบว่านึกว่าไอดอลไทยจะหน้าตาเหมือนลิซ่า คือเหมารวมไปแล้ว คือแบบถ้าไม่สงสารภาพลักษณ์ประเทศ ก็สงสารเด็กๆในรายการบ้างเหอะ pic.twitter.com/ctR5CuIxZ0", "date": "23-02-2019 18:33", "retweet": 0, "like": 0}, {"id": "1099269954241622017", "url": "https://twitter.com/youdontneedm3/status/1099269954241622017", "username": "", "text": "แล้วคือ produce101 คือรายการดังมากไง แทบจะทั้งโลกรู้จัก ไปก๊อปให้ทั้งโลกรู้ 555555555555", "date": "23-02-2019 18:29", "retweet": 0, "like": 0}, {"id": "1099267902572658688", "url": "https://twitter.com/youdontneedm3/status/1099267902572658688", "username": "", "text": "ประเด็นคือไม่แน่ใจว่าเขาหัวเราะเพราะเรื่องก๊อปลิขสิทธิ์ หรือเหยียดหน้าตารูปลักษณ์ค่ะ.... จีนเหยียดแล้วน่ากลัวอ่ะ", "date": "23-02-2019 18:21", "retweet": 0, "like": 0}, {"id": "1099267602017185792", "url": "https://twitter.com/youdontneedm3/status/1099267602017185792", "username": "", "text": "ปกติมากๆ เราโดนเขาเหยียดไม่ใช่แค่ก๊อปลิขสิทธิ์นะ เราว่าเขาเหยียดหน้าตารูปลักษณ์ด้วย", "date": "23-02-2019 18:19", "retweet": 0, "like": 0}, {"id": "1099259523422769152", "url": "https://twitter.com/youdontneedm3/status/1099259523422769152", "username": "", "text": "ชั้นแปล google translate แบบต่อประโยค", "date": "23-02-2019 17:47", "retweet": 0, "like": 0}, {"id": "1099259428165963777", "url": "https://twitter.com/youdontneedm3/status/1099259428165963777", "username": "", "text": "เหยียดจริงค่า มีแต่คนบอกงั้นชั้นก็เดบิ้วได้อ่ะดิ", "date": "23-02-2019 17:47", "retweet": 3, "like": 0}, {"id": "1099258509537890304", "url": "https://twitter.com/youdontneedm3/status/1099258509537890304", "username": "", "text": "https:// twitter.com/noodieeee_/sta tus/1099254017656385537 …", "date": "23-02-2019 17:43", "retweet": 0, "like": 0}, {"id": "1099258214426718208", "url": "https://twitter.com/youdontneedm3/status/1099258214426718208", "username": "", "text": "ปรางเครียด65555555555ภาพลักษณ์ไทยต่อจีนคือตลกสัส", "date": "23-02-2019 17:42", "retweet": 0, "like": 0}, {"id": "1099249579348770817", "url": "https://twitter.com/youdontneedm3/status/1099249579348770817", "username": "", "text": "ตอนแรกก็หัวเราะค่ะ แต่เขาไม่อะไรกับประเทศตัวเองขนาดนั้นหรอก ซึ่ง ss2 ก็ถูกลิขสิทธิ์แล้วด้วยค่ะ", "date": "23-02-2019 17:08", "retweet": 0, "like": 0}, {"id": "1099246479359717376", "url": "https://twitter.com/youdontneedm3/status/1099246479359717376", "username": "", "text": "จริงค่ะ ไอดอลไทยดีๆมีเยอะมากกกกกกก ทำไมต้องดังในด้านนี้แบบก๊อปบ้าง ตลกใส่คนจีนเก่ง", "date": "23-02-2019 16:55", "retweet": 0, "like": 0}, {"id": "1099240340802826240", "url": "https://twitter.com/youdontneedm3/status/1099240340802826240", "username": "", "text": "กลัวกระทบน้องๆคนไทยที่อยู่ในจีน จีนชอบมองเราเป็นตัวตลก 55555555", "date": "23-02-2019 16:31", "retweet": 0, "like": 2}, {"id": "1099239745048039424", "url": "https://twitter.com/youdontneedm3/status/1099239745048039424", "username": "", "text": "ปรางมั่ยอยากให้จีนเหยีนดไทยเลย หัวจัยชั้นอยู่ที่นั้น", "date": "23-02-2019 16:29", "retweet": 0, "like": 0}, {"id": "1099238506256191488", "url": "https://twitter.com/youdontneedm3/status/1099238506256191488", "username": "", "text": "\"Produce101ไทยมาละ อันนี้คือการแข่งขันโชว์ความสามารถระดับโลกหรอ?\" //อิเหี้ย อายยยยยยยยยยยยยยยยย แล้วคือขำกันสุดฤทธิ์ #ลูกทุ่งไอดอล pic.twitter.com/SgKVaXUywh", "date": "23-02-2019 16:24", "retweet": 269, "like": 53}, {"id": "1099235347223830528", "url": "https://twitter.com/youdontneedm3/status/1099235347223830528", "username": "", "text": "ฮืออออออออออออออออ เขาดูตลกกันนะคะ", "date": "23-02-2019 16:11", "retweet": 0, "like": 1}, {"id": "1099233570856398848", "url": "https://twitter.com/youdontneedm3/status/1099233570856398848", "username": "", "text": "ทำไมอาย 55555 #ลูกทุ่งไอดอล", "date": "23-02-2019 16:04", "retweet": 1, "like": 2}, {"id": "1099233114683920384", "url": "https://twitter.com/youdontneedm3/status/1099233114683920384", "username": "", "text": "ควรรู้สึกยังไงดีคะ", "date": "23-02-2019 16:02", "retweet": 0, "like": 0}, {"id": "1099232734159859712", "url": "https://twitter.com/youdontneedm3/status/1099232734159859712", "username": "", "text": "ไปดังถึงจีนด้วยค่ะ หัวเราะกันเต็มเว่ยปั๋ว pic.twitter.com/JzEIYvq4pG", "date": "23-02-2019 16:01", "retweet": 526, "like": 61}, {"id": "1099232328033828864", "url": "https://twitter.com/youdontneedm3/status/1099232328033828864", "username": "", "text": "ใช้แอนดรอย", "date": "23-02-2019 15:59", "retweet": 0, "like": 0}, {"id": "1099232326490324992", "url": "https://twitter.com/youdontneedm3/status/1099232326490324992", "username": "", "text": "ดังถึงจีนแล้วนะคะ จีนขำใหญ่เลย #ลูกทุ่งไอดอล pic.twitter.com/6QWsMiBzEp", "date": "23-02-2019 15:59", "retweet": 124, "like": 26}, {"id": "1099206607647387649", "url": "https://twitter.com/youdontneedm3/status/1099206607647387649", "username": "", "text": "กุดูเคียดมาก55555", "date": "23-02-2019 14:17", "retweet": 0, "like": 0}, {"id": "1099200999237967872", "url": "https://twitter.com/youdontneedm3/status/1099200999237967872", "username": "", "text": "เมื่อไหรไทยจะดีขึ้นวะ", "date": "23-02-2019 13:55", "retweet": 0, "like": 0}, {"id": "1099194032486412288", "url": "https://twitter.com/youdontneedm3/status/1099194032486412288", "username": "", "text": "อนาถใจกับอาชีพทหาร ตำรสจไทยจังว่ะ 55555555", "date": "23-02-2019 13:27", "retweet": 0, "like": 0}, {"id": "1099193239536513025", "url": "https://twitter.com/youdontneedm3/status/1099193239536513025", "username": "", "text": "มึงพอเหอะ ให้ทุกอย่างจบเถอะ ทุกคนเหนื่อย ให้ทุกอย่างเป็นไปตามที่ควรจะเป็น สำนึกบ้างเถอะ คนไทยกินไม่ได้นอนไม่หลับเพราะมึงเนี่ย @prayutofficial", "date": "23-02-2019 13:24", "retweet": 0, "like": 0}, {"id": "1099166374465683457", "url": "https://twitter.com/youdontneedm3/status/1099166374465683457", "username": "", "text": "กูเบื่อเฟซบุ๊ค ควรย้านถิ่มฐานไปปรับทัศนคติคนในเฟซบุ๊ค ทำให้เขาเห็นให้ได้ #อนาคตใหม่", "date": "23-02-2019 11:37", "retweet": 0, "like": 0}, {"id": "1099165927851970560", "url": "https://twitter.com/youdontneedm3/status/1099165927851970560", "username": "", "text": "#savethanathorn มึงเห็นความมุมานะของเขาปะ เขาตั้งในลงมาเกลือกกลวกเพื่อที่จะเปลี่ยนชีวิตพวกเราจริงๆ เราจะไม่ซัพพอร์ตเขาจริงๆหรอ พวกใส่ร้ายป้ายสีเยอะจนไม่รู้จะปกป้องยังไง", "date": "23-02-2019 11:35", "retweet": 1, "like": 2}, {"id": "1099165627787276288", "url": "https://twitter.com/youdontneedm3/status/1099165627787276288", "username": "", "text": "พ่อ เป็นกำลังใจให้นะ", "date": "23-02-2019 11:34", "retweet": 0, "like": 0}, {"id": "1099165425328214016", "url": "https://twitter.com/youdontneedm3/status/1099165425328214016", "username": "", "text": "สงสารคุณธนาธร โดนพวกแย่ๆใส่ร้ายป้ายสีเล่นไม่หยุด แถมมีคนโง่ๆหลายคนเชื่อด้วยนะการกรองรับข้อมูลไม่มี ปล่อยให้เขาชักจูงจมูก เราจะหมดหวังกันจริงๆหรอ... #เลือกตั้ง2562 #ไทยรัฐเลือกตั้ง62", "date": "23-02-2019 11:33", "retweet": 6, "like": 0}, {"id": "1099008086369460224", "url": "https://twitter.com/youdontneedm3/status/1099008086369460224", "username": "", "text": "ขำการเอื้อนอ่ะ ช่างแม่มันน ช่างแม่มัน555555555555", "date": "23-02-2019 01:08", "retweet": 0, "like": 0}, {"id": "1099007615269429249", "url": "https://twitter.com/youdontneedm3/status/1099007615269429249", "username": "", "text": "จ้าาาาาาาา พ่อบุญทุ่มมมมมม หล่อรวยสปอร์ท55555555555555 ลูกมีแฟนหล่อรวยคนเป็นแม่ก็ดีใจ 5555555555555555555", "date": "23-02-2019 01:06", "retweet": 0, "like": 0}, {"id": "1099006642505449472", "url": "https://twitter.com/youdontneedm3/status/1099006642505449472", "username": "", "text": "555555555555", "date": "23-02-2019 01:02", "retweet": 0, "like": 0}, {"id": "1099006566219444225", "url": "https://twitter.com/youdontneedm3/status/1099006566219444225", "username": "", "text": "โอนเงินให้น้องเชียนหมดเลย ทั้งหมดที่มี!!!!! พี่รักหนู!!!! *เชียนซีได้รับเงิน 20 บาท* //แม่จนๆ https:// twitter.com/Barbie__gail/s tatus/1098477693606060033 …", "date": "23-02-2019 01:02", "retweet": 8, "like": 0}, {"id": "1099003407417860096", "url": "https://twitter.com/youdontneedm3/status/1099003407417860096", "username": "", "text": "คิดถึงไคเชียนอ่ะ จะเจอกันอีกทีตอนไหนวะ ;A;", "date": "23-02-2019 00:50", "retweet": 0, "like": 0}, {"id": "1099002879266836480", "url": "https://twitter.com/youdontneedm3/status/1099002879266836480", "username": "", "text": "อะไรวะ ไม่เข้าใจ555555", "date": "23-02-2019 00:47", "retweet": 0, "like": 0}, {"id": "1099000423589961731", "url": "https://twitter.com/youdontneedm3/status/1099000423589961731", "username": "", "text": "คนนี้เท่อ่ะ pic.twitter.com/Flfv3MKRNI", "date": "23-02-2019 00:38", "retweet": 0, "like": 0}, {"id": "1098999650248404992", "url": "https://twitter.com/youdontneedm3/status/1098999650248404992", "username": "", "text": "เหมือนมากกก https:// twitter.com/watermalonn/st atus/1098426411507830784 …", "date": "23-02-2019 00:35", "retweet": 0, "like": 0}, {"id": "1098999452751151104", "url": "https://twitter.com/youdontneedm3/status/1098999452751151104", "username": "", "text": "เก้อตลกอ่ะ555555", "date": "23-02-2019 00:34", "retweet": 0, "like": 0}, {"id": "1098987884533624832", "url": "https://twitter.com/youdontneedm3/status/1098987884533624832", "username": "", "text": "ขออนุญาตตัดวงเล็บออกทั้งหมดนะคะ อิ_อิ5555555555 เรื่องวอแวยกให้พี่เขาเลยจริงๆ ดีใจที่ได้ลูกเขยเป็นคนชัดเจนค่ะ555555 pic.twitter.com/kzzB8dNSOj", "date": "22-02-2019 23:48", "retweet": 0, "like": 0}, {"id": "1098987861989240833", "url": "https://twitter.com/youdontneedm3/status/1098987861989240833", "username": "", "text": "ปวดหัวมากแง", "date": "22-02-2019 23:48", "retweet": 0, "like": 0}, {"id": "1098986665312280581", "url": "https://twitter.com/youdontneedm3/status/1098986665312280581", "username": "", "text": "ชิปเปอร์ก็จะหวงไปหวงมาา 5555", "date": "22-02-2019 23:43", "retweet": 0, "like": 0}, {"id": "1098936103577444352", "url": "https://twitter.com/youdontneedm3/status/1098936103577444352", "username": "", "text": "เป็นตู่คือกูเหนื่อยแล้วนะ แบบอยากออกไปเป็นหัวหน้าฝ่ายดูแลธรรมชาติไรงี้แล้วอ่ะเป็นนายกให้คนที่เหมาะเหอะ แต่อย่างว่าคนเห็นแก่ตัวก็คือเห็นแก่ตัว #ไทยรัฐดีเบต #เลือกตั้ง2562", "date": "22-02-2019 20:22", "retweet": 8, "like": 0}, {"id": "1098932585391054849", "url": "https://twitter.com/youdontneedm3/status/1098932585391054849", "username": "", "text": "อยากดูววว #ไทยรัฐเลือกตั้ง62", "date": "22-02-2019 20:08", "retweet": 0, "like": 0}, {"id": "1098928662613639169", "url": "https://twitter.com/youdontneedm3/status/1098928662613639169", "username": "", "text": "omgg https:// twitter.com/thekidzzzzz/st atus/1098562982001266688 …", "date": "22-02-2019 19:53", "retweet": 0, "like": 0}, {"id": "1098928501925699585", "url": "https://twitter.com/youdontneedm3/status/1098928501925699585", "username": "", "text": "5555555ฮือ https:// twitter.com/moosolee/statu s/1098607145497456640 …", "date": "22-02-2019 19:52", "retweet": 0, "like": 0}, {"id": "1098928195535945728", "url": "https://twitter.com/youdontneedm3/status/1098928195535945728", "username": "", "text": "ยิ่งช้ำแม่ยิ่งชอบบบบบ555555 หวงเวลาหมวยทำตัวน่ารักด้วยค่ะ น่ารักได้กับพี่ข่ายคนเดียวนะหนูอ่ะ pic.twitter.com/sF1VK2TUh4", "date": "22-02-2019 19:51", "retweet": 1, "like": 3}, {"id": "1098841036812517376", "url": "https://twitter.com/youdontneedm3/status/1098841036812517376", "username": "", "text": "ช่วงนี้เงียบๆอ่ะดีละ ยังไม่อยากดูหนังเชียนเลยว่ะ ทำใจแปปพี่ซัพพอร์ตหนูตะเหมอ", "date": "22-02-2019 14:04", "retweet": 0, "like": 0}, {"id": "1098839977805266946", "url": "https://twitter.com/youdontneedm3/status/1098839977805266946", "username": "", "text": "มธรังสิตคือแดดซาฮาร่า", "date": "22-02-2019 14:00", "retweet": 0, "like": 0}, {"id": "1098839887095025664", "url": "https://twitter.com/youdontneedm3/status/1098839887095025664", "username": "", "text": "เข้าใจเลยค่ะ ความเมนนน หวงไปหมด 555555 ฉีนี่เหวินฉีหรอคะ มีแต่คนบอกเหมือนน้องเชียน แต่เราแอบรู้สึกส่วนตัวว่าเก้อเหมือนโดนลากไปปั้นดาราคนอื่นมากกว่ายังไงก็ไม่รู้ค่ะ ให้ดาราใหม่ๆกำลังดังพึ่งบารมี ดังกว่าเดิม เมนเก้อคงอยากให้เล่นตัวท๊อปสวยๆบ้างง(รึเปล่าหนอ) 555555", "date": "22-02-2019 14:00", "retweet": 0, "like": 1}, {"id": "1098836306845609984", "url": "https://twitter.com/youdontneedm3/status/1098836306845609984", "username": "", "text": "วอนเน่อย่าไปสนใจอะไรปสด คนอย่างหนู don't deserve #JunéBNK48", "date": "22-02-2019 13:46", "retweet": 6, "like": 5}, {"id": "1098833280030240768", "url": "https://twitter.com/youdontneedm3/status/1098833280030240768", "username": "", "text": "เกิดอะไรขึ้น ;A; #JunéBNK48", "date": "22-02-2019 13:34", "retweet": 3, "like": 4}, {"id": "1098832690168516609", "url": "https://twitter.com/youdontneedm3/status/1098832690168516609", "username": "", "text": "เป็นเมนเจ้าเชียนยังหวงเก้อเลยค่ะ เขาดูแบบไม่มีผญคนไหนจะเทียบเทียมเคียงคู่ได้555555 เป็นเมนเก้อน่าจะปวดหัวปวดใจแย่เลย", "date": "22-02-2019 13:31", "retweet": 0, "like": 1}, {"id": "1098832168023814144", "url": "https://twitter.com/youdontneedm3/status/1098832168023814144", "username": "", "text": "แดกข้าวกล่องคือไร ควรภูมิใจปะแบบอิ 55555555", "date": "22-02-2019 13:29", "retweet": 0, "like": 0}, {"id": "1098831912787861504", "url": "https://twitter.com/youdontneedm3/status/1098831912787861504", "username": "", "text": "โอ้ย ตู่55555555555", "date": "22-02-2019 13:28", "retweet": 0, "like": 0}, {"id": "1098831078284902401", "url": "https://twitter.com/youdontneedm3/status/1098831078284902401", "username": "", "text": "ไม่นับซีรีย์เด็กน้อยยยยยยนะคะ 5555555", "date": "22-02-2019 13:25", "retweet": 0, "like": 0}, {"id": "1098756314774175745", "url": "https://twitter.com/youdontneedm3/status/1098756314774175745", "username": "", "text": ":(", "date": "22-02-2019 08:28", "retweet": 0, "like": 0}, {"id": "1098610520121208832", "url": "https://twitter.com/youdontneedm3/status/1098610520121208832", "username": "", "text": "@prayutofficial", "date": "21-02-2019 22:48", "retweet": 1, "like": 2}, {"id": "1098604453211574278", "url": "https://twitter.com/youdontneedm3/status/1098604453211574278", "username": "", "text": "สนับสนุน!!!!!!!!", "date": "21-02-2019 22:24", "retweet": 0, "like": 0}, {"id": "1098604381195382787", "url": "https://twitter.com/youdontneedm3/status/1098604381195382787", "username": "", "text": "กราบเถอะค่ะขอร้อง5555555", "date": "21-02-2019 22:24", "retweet": 0, "like": 1}, {"id": "1098569995091468288", "url": "https://twitter.com/youdontneedm3/status/1098569995091468288", "username": "", "text": ";-; https:// twitter.com/shibafoto/stat us/1098551800171393024 …", "date": "21-02-2019 20:07", "retweet": 0, "like": 0}, {"id": "1098564721827958784", "url": "https://twitter.com/youdontneedm3/status/1098564721827958784", "username": "", "text": "ประมาณนั้นเลยค่ะ55555566666655454455", "date": "21-02-2019 19:46", "retweet": 0, "like": 0}, {"id": "1098562276796248064", "url": "https://twitter.com/youdontneedm3/status/1098562276796248064", "username": "", "text": "ค่าาา", "date": "21-02-2019 19:37", "retweet": 0, "like": 0}, {"id": "1098562243526979584", "url": "https://twitter.com/youdontneedm3/status/1098562243526979584", "username": "", "text": "ยังค่ะ มีแค่มุมกล้อง555", "date": "21-02-2019 19:37", "retweet": 0, "like": 0}, {"id": "1098553965887639552", "url": "https://twitter.com/youdontneedm3/status/1098553965887639552", "username": "", "text": "มึงว่าการเลือกตั้งจะโปร่งใสปะ กูว่าไม่ #เลือกตั้ง62", "date": "21-02-2019 19:04", "retweet": 1, "like": 0}, {"id": "1098551743405674497", "url": "https://twitter.com/youdontneedm3/status/1098551743405674497", "username": "", "text": "รำคาญคน ไปตายไป", "date": "21-02-2019 18:55", "retweet": 0, "like": 0}, {"id": "1098548649749954560", "url": "https://twitter.com/youdontneedm3/status/1098548649749954560", "username": "", "text": "ดองบาชิงกิ กูแบบ", "date": "21-02-2019 18:43", "retweet": 0, "like": 0}, {"id": "1098548501888131072", "url": "https://twitter.com/youdontneedm3/status/1098548501888131072", "username": "", "text": "เนี่ยยยยยยยย5555555555555555555555555555555555555555556666%%544676433355555", "date": "21-02-2019 18:42", "retweet": 0, "like": 0}, {"id": "1098548129073311744", "url": "https://twitter.com/youdontneedm3/status/1098548129073311744", "username": "", "text": "ใช่ค่า 少年的你 แต่ยังไม่ฉาย ฉายปีนี้ 555555", "date": "21-02-2019 18:40", "retweet": 0, "like": 0}, {"id": "1098546481538129920", "url": "https://twitter.com/youdontneedm3/status/1098546481538129920", "username": "", "text": "เธอเป็นโพลนะ ชั้นเป็นลาล่า", "date": "21-02-2019 18:34", "retweet": 0, "like": 0}, {"id": "1098268767912583168", "url": "https://twitter.com/youdontneedm3/status/1098268767912583168", "username": "", "text": "อยากทำแอคเกี่ยวกับไทยในเว่ยอ่ะ ดาราไทยไรงี้อ่ะ รู้สึกคนจีนจะเสพอะไรแปลกๆฮาๆเกี่ยวกับไทยเยอะไปแล้ว เธอควรมาหลงหนุ่มสาวประเทศชั้น /ติดคือไม่รู้ภาษาจีน", "date": "21-02-2019 00:10", "retweet": 0, "like": 0}, {"id": "1098243205093412864", "url": "https://twitter.com/youdontneedm3/status/1098243205093412864", "username": "", "text": "ง่วง ควรไปนอนนิ", "date": "20-02-2019 22:29", "retweet": 0, "like": 0}, {"id": "1098243132729176064", "url": "https://twitter.com/youdontneedm3/status/1098243132729176064", "username": "", "text": "ไม่ดีเลยอ่ะกิ้ฟ พี่ดูหยางๆละคือจูบกันไปครึ่งคลิป พี่แบบวดฟทากๆ", "date": "20-02-2019 22:29", "retweet": 1, "like": 0}, {"id": "1098242062867034112", "url": "https://twitter.com/youdontneedm3/status/1098242062867034112", "username": "", "text": "โมโหอ่ะ55555555", "date": "20-02-2019 22:24", "retweet": 0, "like": 0}, {"id": "1098242031086792704", "url": "https://twitter.com/youdontneedm3/status/1098242031086792704", "username": "", "text": "เมนเชียนที่หวงเก้อมีอยู่จริง ชั้นเอง เขาเป็นของลูกสาวชั้น", "date": "20-02-2019 22:24", "retweet": 2, "like": 9}, {"id": "1098241714106425345", "url": "https://twitter.com/youdontneedm3/status/1098241714106425345", "username": "", "text": "ทั้งหมดทั้งปวงเกิดจากการดูหยางๆ deep kiss", "date": "20-02-2019 22:23", "retweet": 0, "like": 2}, {"id": "1098241579192442885", "url": "https://twitter.com/youdontneedm3/status/1098241579192442885", "username": "", "text": "ควรเลิกตรรกะวัดฝีมือการแสดงด้วยฉากจูบอ่ะ55555555555ไปจูบกาฝันที่อื่นไม่อยากเห็นสาสส55555556456544", "date": "20-02-2019 22:22", "retweet": 5, "like": 3}, {"id": "1098241452021141504", "url": "https://twitter.com/youdontneedm3/status/1098241452021141504", "username": "", "text": "หมวยเชียนไม่รอดละ1 น้องหยวนนี่ไม่แน่ใจแฮะ แต่อิเก้อจูบ ชั้นต้องแบบอิจฉานางผู้หญิงแบบไาหบไงไงหงไงหงไงหงไงไงไง เก้อเป็นคนที่ปากแบบกระจับมาก ปากน่ารัก แบบผู้หญิงทั้งโลกไม่คู่ควร เธอมีสิทธิ์อะไรอ่ะนังผู้หญิงนังนางเอก (ประมาณนี้)", "date": "20-02-2019 22:22", "retweet": 15, "like": 8}, {"id": "1098241044414554117", "url": "https://twitter.com/youdontneedm3/status/1098241044414554117", "username": "", "text": "หยางหยางจูบคือกูแบบskipหนักมาก555555", "date": "20-02-2019 22:20", "retweet": 0, "like": 4}, {"id": "1098240613604941824", "url": "https://twitter.com/youdontneedm3/status/1098240613604941824", "username": "", "text": "ซีรีย์จีนเรื่องไหนไม่มีฉากจูบบ้าง เอางี้ก่อน ลูกกูจะรอดมะ555555555555555555555555555+++++55555644566765544445555555555555555555", "date": "20-02-2019 22:19", "retweet": 47, "like": 19}, {"id": "1098199365418545152", "url": "https://twitter.com/youdontneedm3/status/1098199365418545152", "username": "", "text": "อยากเป็นคนจีนอ่ะ หัวใจอยู่ที่จีน", "date": "20-02-2019 19:35", "retweet": 0, "like": 0}, {"id": "1098196885674909698", "url": "https://twitter.com/youdontneedm3/status/1098196885674909698", "username": "", "text": "164 52", "date": "20-02-2019 19:25", "retweet": 0, "like": 0}, {"id": "1098185032407998469", "url": "https://twitter.com/youdontneedm3/status/1098185032407998469", "username": "", "text": "#อนาคตใหม่", "date": "20-02-2019 18:38", "retweet": 0, "like": 0}, {"id": "1098184312501919744", "url": "https://twitter.com/youdontneedm3/status/1098184312501919744", "username": "", "text": "เห็นอนาคตจากคนๆนี้จริงๆ @Thanathorn_FWP #Savethanathorn", "date": "20-02-2019 18:35", "retweet": 1, "like": 3}, {"id": "1098166228730839040", "url": "https://twitter.com/youdontneedm3/status/1098166228730839040", "username": "", "text": "เป็นเหี้ยไรอ่ะตู่ #Savethanathorn", "date": "20-02-2019 17:23", "retweet": 4, "like": 2}, {"id": "1098166096270548993", "url": "https://twitter.com/youdontneedm3/status/1098166096270548993", "username": "", "text": "ทุกคนเป็นกำลังใจให้คุณอยู่นะคะ อย่าท้อนะได้โปรด @Thanathorn_FWP #Savethanathorn", "date": "20-02-2019 17:22", "retweet": 1, "like": 0}, {"id": "1098162754110640128", "url": "https://twitter.com/youdontneedm3/status/1098162754110640128", "username": "", "text": "มี ranking บุคคบที่น่าละอายใจที่สุดไหมคะ ยกให้ประยุทธิ์ทั้งหมดเลย พ่อสู้เขา #Savethanathorn", "date": "20-02-2019 17:09", "retweet": 3, "like": 3}, {"id": "1098160836726542337", "url": "https://twitter.com/youdontneedm3/status/1098160836726542337", "username": "", "text": "555555555555 https:// twitter.com/Fairy_wk/statu s/1098154798270959616 …", "date": "20-02-2019 17:02", "retweet": 0, "like": 0}, {"id": "1097810302630940672", "url": "https://twitter.com/youdontneedm3/status/1097810302630940672", "username": "", "text": "หมวยยยยยยยย", "date": "19-02-2019 17:49", "retweet": 0, "like": 0}, {"id": "1097787229420711936", "url": "https://twitter.com/youdontneedm3/status/1097787229420711936", "username": "", "text": "พวกมึง เอาเรื่องรักชาติ เคารพชาติมาอ้าง อยากจะอ้วก", "date": "19-02-2019 16:17", "retweet": 0, "like": 0}, {"id": "1097787180791955456", "url": "https://twitter.com/youdontneedm3/status/1097787180791955456", "username": "", "text": "ทหารฉลาดๆมีเยอะนะ แต่เขารู้หน้าที่ของตัวเองไงว่าทหารมีหน้าที่อะไร รู้ว่าควรซื่อสัตย์ รู้ว่ามีหน้าที่เป็นกำลังของประเทศชาติ ประชาชนต้องมาก่อน แต่คนที่กำลังได้ชื่อว่าเป็นผู้นำประเทศคือทหารที่ไม่มีแม้กระทั่งจิตสำนึกว่าสิ่งที่ตัวเองทำคือสิ่งไม่ควร #หนักแผ่นดิน #เลือกตั้ง62", "date": "19-02-2019 16:17", "retweet": 3, "like": 1}, {"id": "1097783747376607233", "url": "https://twitter.com/youdontneedm3/status/1097783747376607233", "username": "", "text": "ทุกคน ถ้าลุงตู่ได้เป็นต่อจะทำยังไงกันดี เราสามารถออกจากประเทศไปตั้งหลักปักฐานที่อื่นโดยไม่อายไหม.. #หนักเเผ่นดิน", "date": "19-02-2019 16:03", "retweet": 6, "like": 6}, {"id": "1097764175948832769", "url": "https://twitter.com/youdontneedm3/status/1097764175948832769", "username": "", "text": "โกงโกงโกงโกงโกงโกงโกงโกงโกงโกงโกงโกงโกงโกงโกงโกงโกงโกงโกงโกงโกงโกงโกงโกงโกงโกงโกงโกงโกงโกงโกงโกงโกงโกงโกงโกงโกงโกง @prayutofficial #เลือกตั้ง62", "date": "19-02-2019 14:45", "retweet": 1, "like": 1}, {"id": "1097670653287657473", "url": "https://twitter.com/youdontneedm3/status/1097670653287657473", "username": "", "text": "ถ้าเขาได้แล้วไม่ล้มเจ้า เจ้ารัก นี่จะหุบปากทันไหมนะ", "date": "19-02-2019 08:34", "retweet": 1, "like": 9}, {"id": "1097551157436735488", "url": "https://twitter.com/youdontneedm3/status/1097551157436735488", "username": "", "text": "ใจชั้น #JuneBNK48", "date": "19-02-2019 00:39", "retweet": 3, "like": 3}, {"id": "1097551047734714368", "url": "https://twitter.com/youdontneedm3/status/1097551047734714368", "username": "", "text": "จูๆเดินทางปลอดภัย", "date": "19-02-2019 00:38", "retweet": 0, "like": 0}, {"id": "1097548187554869257", "url": "https://twitter.com/youdontneedm3/status/1097548187554869257", "username": "", "text": "แขนยังต่าง pic.twitter.com/Hv6hx1LKGa", "date": "19-02-2019 00:27", "retweet": 0, "like": 1}, {"id": "1097543754578194432", "url": "https://twitter.com/youdontneedm3/status/1097543754578194432", "username": "", "text": "ดาราเต็มม55555", "date": "19-02-2019 00:09", "retweet": 0, "like": 0}, {"id": "1097542859845070856", "url": "https://twitter.com/youdontneedm3/status/1097542859845070856", "username": "", "text": "เออ เก้อไปไหนวะ", "date": "19-02-2019 00:06", "retweet": 0, "like": 0}, {"id": "1097539233940525056", "url": "https://twitter.com/youdontneedm3/status/1097539233940525056", "username": "", "text": "บ๊ายบายพี่ไล https:// twitter.com/youdontneedm3/ status/1097162856049532928 …", "date": "18-02-2019 23:51", "retweet": 0, "like": 0}, {"id": "1097538300229763072", "url": "https://twitter.com/youdontneedm3/status/1097538300229763072", "username": "", "text": "ระวังเก้อสาป 55555555", "date": "18-02-2019 23:48", "retweet": 0, "like": 0}, {"id": "1097538187121979398", "url": "https://twitter.com/youdontneedm3/status/1097538187121979398", "username": "", "text": "เว่ยหลงนี่เคยคบกับคุณเจลปะ", "date": "18-02-2019 23:47", "retweet": 0, "like": 0}, {"id": "1097536089529565184", "url": "https://twitter.com/youdontneedm3/status/1097536089529565184", "username": "", "text": "หล่อชหหหห", "date": "18-02-2019 23:39", "retweet": 0, "like": 0}, {"id": "1097515415905828864", "url": "https://twitter.com/youdontneedm3/status/1097515415905828864", "username": "", "text": "อยากให้สิ่งที่คุณ @wirojlak ทวิต กระจายไปในเฟซ กล่อมเกลาความคิดคนในเฟซบุ๊คมากเลยค่ะ เขาเหมือนกลุ่มคนที่ถูกชักจูง เพจๆนึงโพสต์ภาพว่าร้ายพรรคใดพรรคนึงก็เชื่อไปหมด", "date": "18-02-2019 22:17", "retweet": 0, "like": 0}, {"id": "1097515077219971073", "url": "https://twitter.com/youdontneedm3/status/1097515077219971073", "username": "", "text": "", "date": "18-02-2019 22:15", "retweet": 0, "like": 0}, {"id": "1097514530060390401", "url": "https://twitter.com/youdontneedm3/status/1097514530060390401", "username": "", "text": "ไคเชียนควรเล่นแบบรีล่า สาสส", "date": "18-02-2019 22:13", "retweet": 0, "like": 0}, {"id": "1097511006387855361", "url": "https://twitter.com/youdontneedm3/status/1097511006387855361", "username": "", "text": "รักซีรีย์แบบgreatmenว่ะ จริงๆ boyhoodของtfboysควรทำแบบนี้ 5555555(จริงๆก็เหมือนทำ)555555555", "date": "18-02-2019 21:59", "retweet": 0, "like": 0}, {"id": "1097509829478772748", "url": "https://twitter.com/youdontneedm3/status/1097509829478772748", "username": "", "text": "จริงงงง อยากให้แตงโมเป็นพระเอก แม้จะชอบคุณพี่เวียร์ 55555555555 #GreatMenAcademy", "date": "18-02-2019 21:55", "retweet": 0, "like": 0}, {"id": "1097507863478493184", "url": "https://twitter.com/youdontneedm3/status/1097507863478493184", "username": "", "text": "ทำไมมองไปมองมา กูเขิน5555555 https:// twitter.com/youdontneedm3/ status/1097406810309353472 …", "date": "18-02-2019 21:47", "retweet": 0, "like": 0}, {"id": "1097507183070085120", "url": "https://twitter.com/youdontneedm3/status/1097507183070085120", "username": "", "text": "อ่านแล้วจะอ้วก", "date": "18-02-2019 21:44", "retweet": 2, "like": 1}, {"id": "1097505948938031106", "url": "https://twitter.com/youdontneedm3/status/1097505948938031106", "username": "", "text": "เกลียดมธรังสิตตอนกลางคืนมาก เหมือนผีจะหลอกกู แต่ลมเย็น", "date": "18-02-2019 21:39", "retweet": 0, "like": 0}, {"id": "1097505307259895808", "url": "https://twitter.com/youdontneedm3/status/1097505307259895808", "username": "", "text": "เกิดเป็นมะปรางต้องอดทน5555555", "date": "18-02-2019 21:37", "retweet": 0, "like": 0}, {"id": "1097505257649631239", "url": "https://twitter.com/youdontneedm3/status/1097505257649631239", "username": "", "text": "แง https:// twitter.com/BP970327/statu s/1097469231677853697 …", "date": "18-02-2019 21:36", "retweet": 0, "like": 0}, {"id": "1097505243485560832", "url": "https://twitter.com/youdontneedm3/status/1097505243485560832", "username": "", "text": "น้อยหน่าอย่ายิ้มแบบนี้ เดี๋ยวเจี๊ยบเป็นลม (เจี๊ยบตอนอ้วน) pic.twitter.com/ETeqnF7qOn", "date": "18-02-2019 21:36", "retweet": 0, "like": 0}, {"id": "1097504965075976192", "url": "https://twitter.com/youdontneedm3/status/1097504965075976192", "username": "", "text": "ไม่ทันดูแงงง", "date": "18-02-2019 21:35", "retweet": 0, "like": 0}, {"id": "1097475064100880384", "url": "https://twitter.com/youdontneedm3/status/1097475064100880384", "username": "", "text": "ทำไมเชียนหล่อทุกวันเลยวะ555555", "date": "18-02-2019 19:37", "retweet": 0, "like": 0}, {"id": "1097472649498771456", "url": "https://twitter.com/youdontneedm3/status/1097472649498771456", "username": "", "text": "คุนนนนน https:// twitter.com/jorhorkor48/st atus/1097472139999858688 …", "date": "18-02-2019 19:27", "retweet": 0, "like": 0}, {"id": "1097463636845445123", "url": "https://twitter.com/youdontneedm3/status/1097463636845445123", "username": "", "text": "อย่างน้อยถ้าเพื่อไทยได้ก็มีคุณชัชชาติและทักษิณแบคอัพ ไม่ได้เป็นสลิ่มเสื้อแดงบลาๆคือชั้นtrustในความสามารถคนนี้", "date": "18-02-2019 18:51", "retweet": 0, "like": 0}, {"id": "1097461348395495430", "url": "https://twitter.com/youdontneedm3/status/1097461348395495430", "username": "", "text": "พี่จอห์นพูดแทนใจทุกอย่างเลย", "date": "18-02-2019 18:42", "retweet": 0, "like": 2}, {"id": "1097459289147432962", "url": "https://twitter.com/youdontneedm3/status/1097459289147432962", "username": "", "text": "", "date": "18-02-2019 18:34", "retweet": 0, "like": 0}, {"id": "1097454753116696576", "url": "https://twitter.com/youdontneedm3/status/1097454753116696576", "username": "", "text": "I love", "date": "18-02-2019 18:16", "retweet": 0, "like": 0}, {"id": "1097446869049925632", "url": "https://twitter.com/youdontneedm3/status/1097446869049925632", "username": "", "text": "พี่รอเสมอ พูดลอยๆ คิกค้าก", "date": "18-02-2019 17:44", "retweet": 0, "like": 0}, {"id": "1097446697364377600", "url": "https://twitter.com/youdontneedm3/status/1097446697364377600", "username": "", "text": "อยากกินแซลม่อนมาก", "date": "18-02-2019 17:44", "retweet": 0, "like": 0}, {"id": "1097446526832410624", "url": "https://twitter.com/youdontneedm3/status/1097446526832410624", "username": "", "text": "ไม่ได้เป็นแฟนกับน้อยหน่า! pic.twitter.com/qjzSp67jlb", "date": "18-02-2019 17:43", "retweet": 0, "like": 1}, {"id": "1097407535030579200", "url": "https://twitter.com/youdontneedm3/status/1097407535030579200", "username": "", "text": "Dalla dalla", "date": "18-02-2019 15:08", "retweet": 0, "like": 0}, {"id": "1097406810309353472", "url": "https://twitter.com/youdontneedm3/status/1097406810309353472", "username": "", "text": "ก็ว่าทำไมคุ้นๆ pic.twitter.com/M2kGi5HkSR", "date": "18-02-2019 15:05", "retweet": 96, "like": 50}, {"id": "1097406139023540230", "url": "https://twitter.com/youdontneedm3/status/1097406139023540230", "username": "", "text": "เว่ยหลงนี่เมื่อก่อนไวรัลมาก ทุกคนแบบคนนี้ไง อายุ 15 ที่หล่อๆ ตอนนั้นชั้นอายุ 18", "date": "18-02-2019 15:03", "retweet": 0, "like": 0}, {"id": "1097405973533143040", "url": "https://twitter.com/youdontneedm3/status/1097405973533143040", "username": "", "text": "กลับวันนี้ด้วยอ่า รีบหรอเหมือนเพิ่งมาเอง พี่ไปหาดีไหมเว่ยหลงง https:// twitter.com/youdontneedm3/ status/1097162856049532928 …", "date": "18-02-2019 15:02", "retweet": 0, "like": 0}, {"id": "1097405690673389568", "url": "https://twitter.com/youdontneedm3/status/1097405690673389568", "username": "", "text": "รักกกกกกกกกก", "date": "18-02-2019 15:01", "retweet": 0, "like": 0}, {"id": "1097403033820884993", "url": "https://twitter.com/youdontneedm3/status/1097403033820884993", "username": "", "text": "ไปแน่นอนค่ะ แต่กลัวผลมาก กลัวทุกอย่างจะวนลูป คิดไม่ตกเลยจริงๆT-T", "date": "18-02-2019 14:50", "retweet": 0, "like": 0}, {"id": "1097402223556874240", "url": "https://twitter.com/youdontneedm3/status/1097402223556874240", "username": "", "text": "วอท หมดหวังกับประเทศชิบหาย", "date": "18-02-2019 14:47", "retweet": 0, "like": 0}, {"id": "1097402124671975424", "url": "https://twitter.com/youdontneedm3/status/1097402124671975424", "username": "", "text": "ไร้สาระมากกกกกก บอกเขาไปว่าขอเหตุผลที่ดีกว่านี้ได้ไหม ไหนเกิน 8 บรรทัดที่พวกคุณอ่าน หมดหวังแล้วค่ะประเทศ", "date": "18-02-2019 14:47", "retweet": 0, "like": 0}, {"id": "1097398295628898304", "url": "https://twitter.com/youdontneedm3/status/1097398295628898304", "username": "", "text": "ขอบคุณ @Thanathorn_FWP #อนาคตใหม่ ที่ครั้งนึงทำให้พวกเราฮึดสู้ แล้วรู้สึกถึงความหวัง ขอบคุณที่มีคุณจริงๆ", "date": "18-02-2019 14:31", "retweet": 2, "like": 1}, {"id": "1097398200539869185", "url": "https://twitter.com/youdontneedm3/status/1097398200539869185", "username": "", "text": "ไม่ไหวแล้ว เบื่อตรรกะของทหารและผู้ใหญ่ในประเทศ จะบอกว่าพวกเรา #หนักแผ่นดิน หรืออะไรก็เชิญ ไม่ได้อยากอยู่นักหรอก พวกเราเลือกเกิดไม่ได้ ถ้าพวกผู้ใหญ่ยังคิดแบบนี้ต่อไปก็เชิญอยู่บนแผ่นดิน ถ้าพวกเราพร้อม พวกเราออกแน่ๆ :)", "date": "18-02-2019 14:31", "retweet": 7, "like": 4}, {"id": "1097310749213376512", "url": "https://twitter.com/youdontneedm3/status/1097310749213376512", "username": "", "text": "คิดถึงฟิคบ้าบอของเธอ ชั้นเหงา อยากขำ 555555555", "date": "18-02-2019 08:44", "retweet": 0, "like": 0}, {"id": "1097309630336659456", "url": "https://twitter.com/youdontneedm3/status/1097309630336659456", "username": "", "text": "คิดถึงงงง 555555", "date": "18-02-2019 08:39", "retweet": 0, "like": 0}, {"id": "1097309183337066496", "url": "https://twitter.com/youdontneedm3/status/1097309183337066496", "username": "", "text": "งอนพี่เชียนแล้วค่าาา555555 :(", "date": "18-02-2019 08:37", "retweet": 0, "like": 0}, {"id": "1097306374868893696", "url": "https://twitter.com/youdontneedm3/status/1097306374868893696", "username": "", "text": "ด่าไปก่อนไม่ได้หาความจริงอะไรทั้งนั้นค่ะ ปวดหัวมาก", "date": "18-02-2019 08:26", "retweet": 0, "like": 0}]