[{"id": "1099307560870469633", "url": "https://twitter.com/youthana25114/status/1099307560870469633", "username": "", "text": "ดักลาสใจทมิฬ", "date": "23-02-2019 20:58", "retweet": 0, "like": 0}, {"id": "1099305687501291522", "url": "https://twitter.com/youthana25114/status/1099305687501291522", "username": "", "text": "เวลาเปลี่ยนเราทุกคน", "date": "23-02-2019 20:51", "retweet": 0, "like": 0}, {"id": "1099303421113380865", "url": "https://twitter.com/youthana25114/status/1099303421113380865", "username": "", "text": "ต่างก็หวังในชีวิตที่ดี", "date": "23-02-2019 20:42", "retweet": 0, "like": 0}, {"id": "1098850780851798017", "url": "https://twitter.com/youthana25114/status/1098850780851798017", "username": "", "text": "ความฝันที่ยิ่งใหญ่เริ่มต้นจากการนอน**)​/", "date": "22-02-2019 14:43", "retweet": 20, "like": 14}, {"id": "1097481072789475328", "url": "https://twitter.com/youthana25114/status/1097481072789475328", "username": "", "text": "เราพยายามในรุ่นของเรา เราหวังในคนรุ่นใหม่ มันคือความรักจากรุ่นสู่รุ่น", "date": "18-02-2019 20:00", "retweet": 1, "like": 1}]