[{"id": "1099307253465722880", "url": "https://twitter.com/yugioh2500/status/1099307253465722880", "username": "", "text": "วากิวกับขาปูกินไทยคุ้มกว่าญี่ปุ่น #DreamAroi — eating dinner at Yakiniku Rising 雷神 https://www. facebook.com/1184151724/pos ts/10217998152163753/ …", "date": "23-02-2019 20:57", "retweet": 0, "like": 0}, {"id": "1098935066334355456", "url": "https://twitter.com/yugioh2500/status/1098935066334355456", "username": "", "text": "นอนพักสายตาคนเดียว อยู่ในห้องประชุมครึ่งชั่วโมง ทั้งที่ไม่รู้ว่าคนอื่นเขากลับหมดแล้ว T.T", "date": "22-02-2019 20:18", "retweet": 0, "like": 0}, {"id": "1098895326503526400", "url": "https://twitter.com/yugioh2500/status/1098895326503526400", "username": "", "text": "ΣΣ(ﾟДﾟ;) https://www. shopat24.com/p/Philips-Styl e-Care-Air-Styler-HP8668-00/348054/ …", "date": "22-02-2019 17:40", "retweet": 0, "like": 0}, {"id": "1098534995675701250", "url": "https://twitter.com/yugioh2500/status/1098534995675701250", "username": "", "text": "ถ้าเราไม่กลัวบาป นรกจะเป็นแค่ชื่อน้ำพริกครับ", "date": "21-02-2019 17:48", "retweet": 0, "like": 0}, {"id": "1098252162402930688", "url": "https://twitter.com/yugioh2500/status/1098252162402930688", "username": "", "text": "แพ้กุ้งเอ๋ยจงซับซ้อนยิ่งขึ้น ~* https://www. facebook.com/yugioh2500/pos ts/10217973208740183 …", "date": "20-02-2019 23:04", "retweet": 0, "like": 0}, {"id": "1098229234571522053", "url": "https://twitter.com/yugioh2500/status/1098229234571522053", "username": "", "text": "เบียร์ยังมีฟอง แต่คนที่เรามองเมื่อไหร่จะมีใจ ?", "date": "20-02-2019 21:33", "retweet": 1, "like": 0}, {"id": "1098049000253607937", "url": "https://twitter.com/yugioh2500/status/1098049000253607937", "username": "", "text": "[PR] เผยโฉม “CANON EOS RP” กล้อง Mirrorless Fullframe เล็กและเบาที่สุดจาก CANON มาพร้อมความสามารถเต็มรูปแบบในระบบ EOS R System https:// ireview.in.th/pr-canon-eos-r p-mirrorless-fullframe-canon-eos-r-system-af/ … pic.twitter.com/7V8WIj33zr", "date": "20-02-2019 09:37", "retweet": 0, "like": 0}, {"id": "1097860235392212992", "url": "https://twitter.com/yugioh2500/status/1097860235392212992", "username": "", "text": "เด็กขายของมากครับ", "date": "19-02-2019 21:07", "retweet": 0, "like": 0}, {"id": "1097719252637761536", "url": "https://twitter.com/yugioh2500/status/1097719252637761536", "username": "", "text": "ประเทศเราต้องการคนเห็นต่างแบบนี้ครับ Think Different ของจริง https://www. matichon.co.th/politics/news_ 1370078 …", "date": "19-02-2019 11:47", "retweet": 0, "like": 0}, {"id": "1097712013793361925", "url": "https://twitter.com/yugioh2500/status/1097712013793361925", "username": "", "text": "สินค้าหลายชนิด ขายด้วยความเชื่อล้วน อย่างซุปไก่กับรังนกแทนที่จะเป็นของเยี่ยมคนมีตังค์ แต่คนไม่มีตังค์ก็ยังซื้อเยี่ยมกันเพียงเพราะ \"เชื่อ\" ว่ามันดี (ทั้งที่จริงมันก็ไม่ได้มีอะไรดีเท่าไหร่) เช่นเดียวกับเรื่อง - การศึกษา - การพยาบาล บางที่แพงแบบไม่มีเหตุผล แต่ยังยอมจ่ายเพราะเชื่อ", "date": "19-02-2019 11:18", "retweet": 0, "like": 1}, {"id": "1097711232163827717", "url": "https://twitter.com/yugioh2500/status/1097711232163827717", "username": "", "text": "คนไทยรู้แต่ว่า \"เรียนคือดี\" แต่ไม่เคยวัด ROI ออกมา เหมือนบางกระทู้บอกเรียนนานาชาติเป็นการซื้ออนาคตให้ลูก (คือมันก็ดีแหล่ะถ้าคุณไม่มีปัญหาเรื่องฐานะ) แต่บางคนมนุษย์เงินเดือนทั่วไป ซึ่งค่าใช้จ่ายก็รัดตัวจะแย่อยู่แล้ว การกัดฟันเพื่อการศึกษาบางทีผลตอบแทนมันไม่ได้คุ้มขนาดนั้น", "date": "19-02-2019 11:15", "retweet": 2, "like": 2}, {"id": "1097337337279705089", "url": "https://twitter.com/yugioh2500/status/1097337337279705089", "username": "", "text": "เคยบอกมันแล้วว่าคนแบบนี้ ด่าให้ตายมันก็ไม่เป็นโรคซึมเศร้าหรอก https:// twitter.com/kumaahpo/statu s/1095628968646995968 …", "date": "18-02-2019 10:29", "retweet": 0, "like": 0}, {"id": "1097304927683002368", "url": "https://twitter.com/yugioh2500/status/1097304927683002368", "username": "", "text": "ได้! https://www. facebook.com/1184151724/pos ts/10217954195104854/ …", "date": "18-02-2019 08:20", "retweet": 0, "like": 0}]