[{"id": "1099381703364116480", "url": "https://twitter.com/zamakingkungkai/status/1099381703364116480", "username": "", "text": "เผือกเรื่อง ป ปก ครบภายในเวลา 10นาที รอ ทาง ฝ่ายชาย ออกมาพูดละกันจ้ะ", "date": "24-02-2019 01:53", "retweet": 0, "like": 0}, {"id": "1099205574233796614", "url": "https://twitter.com/zamakingkungkai/status/1099205574233796614", "username": "", "text": "เย้ๆๆๆๆๆ https:// twitter.com/pao_seasonfive /status/1099204749822488576 …", "date": "23-02-2019 14:13", "retweet": 0, "like": 1}, {"id": "1099014944983461888", "url": "https://twitter.com/zamakingkungkai/status/1099014944983461888", "username": "", "text": "นุ้งทอยยยยยย The TOYS x Season Five - พูดไม่คิด LIVE @จับแพะ ชนแกะ | Cr.TATAEW https:// youtu.be/TFTyenyxqoY via @YouTube", "date": "23-02-2019 01:35", "retweet": 1, "like": 0}, {"id": "1098945032843780096", "url": "https://twitter.com/zamakingkungkai/status/1098945032843780096", "username": "", "text": "เมนปกติก็หน้าเล็กอยู่แล้วนะ หลังจากนี้หน้าคงเหลือจิ๊ดเดียวแล้วมั้ง/ตัดภาพมาที่นี่ แก้มใหญ่ หน้าบานได้เรื่อยๆเลยค่าาา", "date": "22-02-2019 20:58", "retweet": 0, "like": 0}, {"id": "1098930814874673153", "url": "https://twitter.com/zamakingkungkai/status/1098930814874673153", "username": "", "text": "เห็นคอมเม้นในเฟสบุ๊คของคนๆนึง ทำไมเขาดูจงเกลียดจงชังกับพรรคพ่อขาจังเลยนะ แต่พอนึกได้ว่า เขาเคยมีตีนตบ อืมมมมมมมมมมมมมมมมมมมมมมมมม", "date": "22-02-2019 20:01", "retweet": 0, "like": 0}, {"id": "1098866464553988096", "url": "https://twitter.com/zamakingkungkai/status/1098866464553988096", "username": "", "text": "และนี้คือเหตุผลที่อยากไปหาพี่ๆ ติดอย่างเดียว เงิน !!!! https:// twitter.com/KohKae_Thailan d/status/1098846099174014976 …", "date": "22-02-2019 15:45", "retweet": 0, "like": 0}, {"id": "1098715213535170560", "url": "https://twitter.com/zamakingkungkai/status/1098715213535170560", "username": "", "text": "รันเพลงไปเจอเพลง คำถามโง่ๆ โห โคตรคิดถึงตอนที่ยังมีคลื่น ฮอตเวฟ เลยว่ะ", "date": "22-02-2019 05:44", "retweet": 0, "like": 0}, {"id": "1098714862803312640", "url": "https://twitter.com/zamakingkungkai/status/1098714862803312640", "username": "", "text": "คงเป็นเวลาตื่นของใครบางคน และเวลานอนของใครบางคน https:// twitter.com/zamakingkungka i/status/1098714642962993153 …", "date": "22-02-2019 05:43", "retweet": 0, "like": 0}, {"id": "1098714642962993153", "url": "https://twitter.com/zamakingkungkai/status/1098714642962993153", "username": "", "text": "Good morning", "date": "22-02-2019 05:42", "retweet": 0, "like": 0}, {"id": "1098681032994283520", "url": "https://twitter.com/zamakingkungkai/status/1098681032994283520", "username": "", "text": "ทำงานแบบ routine แต่นอนเหมือนนักดนตรีกลางคืน 5555", "date": "22-02-2019 03:29", "retweet": 0, "like": 0}, {"id": "1098674168072101890", "url": "https://twitter.com/zamakingkungkai/status/1098674168072101890", "username": "", "text": "ได้ข่าวว่าตี3 นัองนนท์ยังเล่นเกมส์อยู่นะคะ #NONTTANONT", "date": "22-02-2019 03:01", "retweet": 0, "like": 0}, {"id": "1098663098783694848", "url": "https://twitter.com/zamakingkungkai/status/1098663098783694848", "username": "", "text": "คิดว่าตัวเองติดการดูพี่แนตตี้ไลฟ์เกมส์ RE2ว่ะ ตายบ่อย หลงบ่อย ตาหลกกก", "date": "22-02-2019 02:17", "retweet": 0, "like": 0}, {"id": "1098655132978278400", "url": "https://twitter.com/zamakingkungkai/status/1098655132978278400", "username": "", "text": "“แข่งกับตัวเองไปเรื่อย ถึงแม้ว่าช่วงหลังๆ จะไม่ค่อยชนะเลยก็ตาม” ประโยคนี้ เล่นเอาน้ำตารื้นเลยอ่ะ", "date": "22-02-2019 01:46", "retweet": 0, "like": 0}, {"id": "1098641864708636672", "url": "https://twitter.com/zamakingkungkai/status/1098641864708636672", "username": "", "text": "ญ: แต่ถ้าคุณมองแถวๆท้อง คุณจะยังเห็นว่ายังมีชั้นอยู่นะ https:// twitter.com/FILM_BANGPI/st atus/1098622302588067840 …", "date": "22-02-2019 00:53", "retweet": 0, "like": 0}, {"id": "1098640960047575040", "url": "https://twitter.com/zamakingkungkai/status/1098640960047575040", "username": "", "text": "การเรียงประโยคคำพูดของหนูรัตน์ เป็นไวยากรณ์รูปแบบไหนอ่ะ ต้องตั้งใจฟังและมาตีความอีกทีนึงใช่ม่ะ", "date": "22-02-2019 00:49", "retweet": 0, "like": 0}, {"id": "1098639785453703168", "url": "https://twitter.com/zamakingkungkai/status/1098639785453703168", "username": "", "text": "งู้ยยยยยยยยย", "date": "22-02-2019 00:45", "retweet": 0, "like": 0}, {"id": "1098638643894206464", "url": "https://twitter.com/zamakingkungkai/status/1098638643894206464", "username": "", "text": "อารายยยยยยย", "date": "22-02-2019 00:40", "retweet": 0, "like": 0}, {"id": "1098588411290562561", "url": "https://twitter.com/zamakingkungkai/status/1098588411290562561", "username": "", "text": "ชานย๊อนนนนนนนนนนนนน แทบจิล้ม ดีอะไรขนาดนี้ pic.twitter.com/jVlPxUsDcW", "date": "21-02-2019 21:21", "retweet": 0, "like": 0}, {"id": "1098584665789652992", "url": "https://twitter.com/zamakingkungkai/status/1098584665789652992", "username": "", "text": "ก็น่าจะอยู่ที่คุณนะ @//jugseasonfive https:// twitter.com/begforthemoon/ status/1098566156405768198 …", "date": "21-02-2019 21:06", "retweet": 0, "like": 0}, {"id": "1098551975078027264", "url": "https://twitter.com/zamakingkungkai/status/1098551975078027264", "username": "", "text": "เมื่อคืนคงอิน #ทองเอกหมอยาท่าโฉลง มาก วันนี้เลยทำกับข้าวใส่พริกไทยเยอะไปนิสส แม่ชบามาเองจ้ะ 55555", "date": "21-02-2019 18:56", "retweet": 0, "like": 0}, {"id": "1098548888519159808", "url": "https://twitter.com/zamakingkungkai/status/1098548888519159808", "username": "", "text": "แบ๊วตรงแก้วคุมะนี่แหละ 555", "date": "21-02-2019 18:43", "retweet": 0, "like": 0}, {"id": "1098544799370465281", "url": "https://twitter.com/zamakingkungkai/status/1098544799370465281", "username": "", "text": "นักล่าจอมหื่นผู้ขายวิญญาณให้กับลำโพงบลูทูธ https:// twitter.com/pongkool/statu s/1098467185326878720 …", "date": "21-02-2019 18:27", "retweet": 0, "like": 0}, {"id": "1098277821300887552", "url": "https://twitter.com/zamakingkungkai/status/1098277821300887552", "username": "", "text": "@//jugseasonfive https:// twitter.com/fhaxxxqqq/stat us/1098265911537123329 …", "date": "21-02-2019 00:46", "retweet": 0, "like": 0}, {"id": "1098154176389963776", "url": "https://twitter.com/zamakingkungkai/status/1098154176389963776", "username": "", "text": "ถึงที่7โมงเลยจ้าาาาาา", "date": "20-02-2019 16:35", "retweet": 0, "like": 0}, {"id": "1098129363885674496", "url": "https://twitter.com/zamakingkungkai/status/1098129363885674496", "username": "", "text": "เห็นออนอยู่อ่ะ อยากคุยมาก แต่ก็ป๊อดมาก วงวารตัวเอง", "date": "20-02-2019 14:56", "retweet": 0, "like": 1}, {"id": "1098129087669751810", "url": "https://twitter.com/zamakingkungkai/status/1098129087669751810", "username": "", "text": "ที่เดิมมมม", "date": "20-02-2019 14:55", "retweet": 0, "like": 0}, {"id": "1098108068087255040", "url": "https://twitter.com/zamakingkungkai/status/1098108068087255040", "username": "", "text": "10โมงอีกแย้ววววว/ออกจากบ้านตี5ไหมอ่ะ", "date": "20-02-2019 13:32", "retweet": 0, "like": 0}, {"id": "1097945313724137472", "url": "https://twitter.com/zamakingkungkai/status/1097945313724137472", "username": "", "text": "อนันตะปัจฉเย อะปัตติเถเถนา! อะปัจฐิยา อะปัตติเถเถคือ อะปัตติโท อะปัจ ติ ตื๊ดๆๆ ลองอ่านแบบไม่ใส่ทำนองซิ", "date": "20-02-2019 02:45", "retweet": 0, "like": 0}, {"id": "1097907202138894337", "url": "https://twitter.com/zamakingkungkai/status/1097907202138894337", "username": "", "text": "มือของฉันยังรั้งเธอไว้ เธอไม่มองฉันเลยด้วยซ้ำ", "date": "20-02-2019 00:14", "retweet": 0, "like": 0}, {"id": "1097904445906595840", "url": "https://twitter.com/zamakingkungkai/status/1097904445906595840", "username": "", "text": "หูย ร้องเพลงเก่าๆของวงลิปตาได้เยอะอ่ะ ความติ่งตอนม.ปลายนี้ 55555", "date": "20-02-2019 00:03", "retweet": 0, "like": 0}, {"id": "1097898061781553152", "url": "https://twitter.com/zamakingkungkai/status/1097898061781553152", "username": "", "text": "https:// twitter.com/pao_seasonfive /status/1097888594167922688 …", "date": "19-02-2019 23:37", "retweet": 0, "like": 1}, {"id": "1097781003991408640", "url": "https://twitter.com/zamakingkungkai/status/1097781003991408640", "username": "", "text": "(\\__/) ( • - •) / ปาหัวใจใส่พี่จั๊ก @jugseasonfive", "date": "19-02-2019 15:52", "retweet": 0, "like": 1}, {"id": "1097760016415612928", "url": "https://twitter.com/zamakingkungkai/status/1097760016415612928", "username": "", "text": "อปป้า อยากเข้าไปโอ๋ แงๆๆๆ", "date": "19-02-2019 14:29", "retweet": 0, "like": 0}, {"id": "1097750917875560448", "url": "https://twitter.com/zamakingkungkai/status/1097750917875560448", "username": "", "text": "ความคิดถึงที่มีใ้ห้พี่เอก สวิตช์คงเสียค่ะ เนี่ย คิดถึงอีกละ", "date": "19-02-2019 13:53", "retweet": 0, "like": 0}, {"id": "1097705910279917569", "url": "https://twitter.com/zamakingkungkai/status/1097705910279917569", "username": "", "text": "ปวดท้อง", "date": "19-02-2019 10:54", "retweet": 0, "like": 0}, {"id": "1097529834975023104", "url": "https://twitter.com/zamakingkungkai/status/1097529834975023104", "username": "", "text": "หายไปเล่นเกม และก็จะหายไปเล่นเกมอีกครั้งนึง", "date": "18-02-2019 23:14", "retweet": 0, "like": 0}, {"id": "1097529471920295937", "url": "https://twitter.com/zamakingkungkai/status/1097529471920295937", "username": "", "text": "คงได้ทำอะไรอีกมากมาย ที่ยังค้างคาใจจากวันนั้น", "date": "18-02-2019 23:13", "retweet": 0, "like": 0}, {"id": "1097529326973513728", "url": "https://twitter.com/zamakingkungkai/status/1097529326973513728", "username": "", "text": "ถ้าหากว่าในวันนี้เรายังอยู่ด้วยกัน ไม่รู้ว่าใจฉันจะมีความสุขมากขนาดไหน", "date": "18-02-2019 23:12", "retweet": 0, "like": 0}, {"id": "1097463920883773442", "url": "https://twitter.com/zamakingkungkai/status/1097463920883773442", "username": "", "text": "pic.twitter.com/HKLIQwAuVa", "date": "18-02-2019 18:52", "retweet": 0, "like": 0}, {"id": "1097443215236448256", "url": "https://twitter.com/zamakingkungkai/status/1097443215236448256", "username": "", "text": "แท็กไหมอ่ะ", "date": "18-02-2019 17:30", "retweet": 0, "like": 0}, {"id": "1097426195455471617", "url": "https://twitter.com/zamakingkungkai/status/1097426195455471617", "username": "", "text": "ขึ้หวงเหมือนใครหว่าาาา", "date": "18-02-2019 16:22", "retweet": 0, "like": 0}, {"id": "1097388272899186688", "url": "https://twitter.com/zamakingkungkai/status/1097388272899186688", "username": "", "text": "วาเลนไทน์ที่ผ่านมา เจอหน้าเมนที่สนบ5นาที หวานมากมายค่ะคุณขาาาา https:// twitter.com/mymain_loveyou /status/1095992442627584003 …", "date": "18-02-2019 13:52", "retweet": 0, "like": 0}, {"id": "1097386583634800640", "url": "https://twitter.com/zamakingkungkai/status/1097386583634800640", "username": "", "text": "ขอวาร์ป/ มือไวใจเร็วกว่า 555555 https:// twitter.com/_paanpaan/stat us/1097384722395611137 …", "date": "18-02-2019 13:45", "retweet": 0, "like": 0}]