[{"id": "1099444142973669376", "url": "https://twitter.com/zincfirst/status/1099444142973669376", "username": "", "text": "Not today ให้พลังที่แบบเวลามีคนมาว่าหรือด่าเรา ไม่ชอบเรานู่นนั่นนี่ บอกกลับไปเลยว่า not today ที่จะฉันจะล้ม #iHeartAwards #BestFanArmy #BTSARMY", "date": "24-02-2019 06:01", "retweet": 0, "like": 0}, {"id": "1099443331556290560", "url": "https://twitter.com/zincfirst/status/1099443331556290560", "username": "", "text": "เวอร์ชั่นไทย*", "date": "24-02-2019 05:58", "retweet": 0, "like": 0}, {"id": "1099443224471515136", "url": "https://twitter.com/zincfirst/status/1099443224471515136", "username": "", "text": "เพลงของบังทันก็อารมเดียวๆกะเพลงพี่ตูนอ่ะ ในเวอร์ชั่นได้ ไม่ได้บอกว่าเหมือนทุกอย่าง แต่เหมือนที่ให้กำลังใจและมีอะไรซ่อนอยู่ในทุกเพลง นั่นคือฟังละจะดีขึ้น ฟังละได้ข้อคิด ได้คิดตาม #iHeartAwards #BestFanArmy #BTSARMY", "date": "24-02-2019 05:57", "retweet": 0, "like": 0}, {"id": "1099442555521921024", "url": "https://twitter.com/zincfirst/status/1099442555521921024", "username": "", "text": "อีกเพลงนึง เพลงWings พูดถึงการเดินทางของเรา การเดินทางของบังทัน ที่จะขึ้นไปสูงขึ้นเรื่อยๆ แต่ต้องผ่านความเจ็บปวดมากมาย ไม่มีใครเป็นปีกของใคร แต่เราต่างคนต่างมีปีกและบินไปด้วยกัน โดยมีลมใต้ปีกคือความรักระหว่างเราช่วยพยุงให้ไปถึงSky #iHeartAwards #BestFanArmy #BTSARMY", "date": "24-02-2019 05:55", "retweet": 0, "like": 0}, {"id": "1099441317069807616", "url": "https://twitter.com/zincfirst/status/1099441317069807616", "username": "", "text": "ล่าสุดมาถึงช่วงโค้งสุดท้ายที่จะเลิกกับแฟน รู้มั้ยเราอยู่ได้เพราะไร เวลาที่เราไม่มีเครื่องยึดเหนี่ยวอะไร เพลงของบังทันนี่แหล่ะช่วยโอบอุ้มเราไว้ ความสุขจากการได้ดูโชว์ต่างๆ ช่วยเติมเต็ม ให้เรามีความรักกับอะไรบางอย่างอีกครั้ง นั่นคือรักพวกคุณ #iHeartAwards #BestFanArmy #BTSARMY", "date": "24-02-2019 05:50", "retweet": 0, "like": 1}, {"id": "1099440811643592704", "url": "https://twitter.com/zincfirst/status/1099440811643592704", "username": "", "text": "แต่อยากบอกว่าต่อให้มีวันที่คุณไม่เจ๋ง เราไม่เจ๋ง เราก็จะยังรักคุณเหมือนเดิม ฟังดูน้ำเน่านะ แต่พร้อมที่จะเคียงข้างและเข้าใจพวกเขาทุกคนเลย เพราะสิ่งที่พวกเขาให้เราผ่านเพลงของเขานั่นคือชีวิตล้ะ #iHeartAwards #BestFanArmy #BTSARMY", "date": "24-02-2019 05:48", "retweet": 0, "like": 1}, {"id": "1099440506642214912", "url": "https://twitter.com/zincfirst/status/1099440506642214912", "username": "", "text": "ไม่อยากให้รางวัลนี้เป็นแค่แบบ Bestfanarmy แต่มันคือ BestBTSforarmy ด้วยอ่ะ งือ ไม่ใช่แค่เรานะที่เจ๋ง พวกคุณด้วย ความตั้งใจทำโชว์ให้ดี ทำเพลงดีๆ นั่นคือสิ่งที่มีค่าที่สุดที่คุณมอบให้เรา #iHeartAwards #BestFanArmy #BTSARMY", "date": "24-02-2019 05:46", "retweet": 0, "like": 1}, {"id": "1099439515557519360", "url": "https://twitter.com/zincfirst/status/1099439515557519360", "username": "", "text": "เพลง 21 Century girl คือทำให้มีกำลังใจจริงๆ ท่อนที่แบบ ถ้าใครมารังแกคุณ ก็ให้บอกไปว่าคุณเป็นผู้หญิงของผม อีกท่อนคือ ใช้ชีวิตซะ ใช้ชีวิตของคุณให้ดี ฟังละมันมั่นใจมากๆเลยอ่ะ #iHeartAwards #BestFanArmy #BTSARMY", "date": "24-02-2019 05:43", "retweet": 0, "like": 0}, {"id": "1099439110769397760", "url": "https://twitter.com/zincfirst/status/1099439110769397760", "username": "", "text": "อบอุ่นอ่ะ เราสัมผัสได้ว่าเขารักเราเรารักเขา และความสัมพันธ์มันจะมั่นคงแบบนี้ไปเรื่อยๆเลย #iHeartAwards #BestFanArmy #BTSARMY", "date": "24-02-2019 05:41", "retweet": 0, "like": 0}, {"id": "1099438810310557697", "url": "https://twitter.com/zincfirst/status/1099438810310557697", "username": "", "text": "Familyyyy", "date": "24-02-2019 05:40", "retweet": 0, "like": 0}, {"id": "1099438745940455424", "url": "https://twitter.com/zincfirst/status/1099438745940455424", "username": "", "text": "เหมือนอีกครอบครัวนึง BTS x ARMY like familt that I have except my real family #iHeartAwards #BestFanArmy #BTSARMY", "date": "24-02-2019 05:39", "retweet": 0, "like": 1}, {"id": "1099339078586195973", "url": "https://twitter.com/zincfirst/status/1099339078586195973", "username": "", "text": "อันนี้คือรายการอะไรนะคะ", "date": "23-02-2019 23:03", "retweet": 0, "like": 0}, {"id": "1099268605902909442", "url": "https://twitter.com/zincfirst/status/1099268605902909442", "username": "", "text": "มากค่ะพี่", "date": "23-02-2019 18:23", "retweet": 0, "like": 0}, {"id": "1099251386401705984", "url": "https://twitter.com/zincfirst/status/1099251386401705984", "username": "", "text": "ชอบที่บอกว่าเป็นความสัมพันธ์ที่เท่ากัน จริงๆ รู้สึกแบบนั้นเลย เขารักเราและเราก็รักเขา ผ่านการใส่ใจเล็กๆน้อยๆที่บังทันให้พวกเรามาโดยตลอด", "date": "23-02-2019 17:15", "retweet": 0, "like": 4}, {"id": "1099237499015114752", "url": "https://twitter.com/zincfirst/status/1099237499015114752", "username": "", "text": "Live a life Live a life comon babae", "date": "23-02-2019 16:20", "retweet": 0, "like": 0}, {"id": "1099231787992010753", "url": "https://twitter.com/zincfirst/status/1099231787992010753", "username": "", "text": "ยิ่งเที่ยวไกล ยิ่งเข้าใกล้ตัวเอง", "date": "23-02-2019 15:57", "retweet": 0, "like": 0}, {"id": "1099223056566804480", "url": "https://twitter.com/zincfirst/status/1099223056566804480", "username": "", "text": "สวยเว่ออออชุดวันนี้ น่ารัก #ITZY2ndWin", "date": "23-02-2019 15:22", "retweet": 0, "like": 0}, {"id": "1099218601750347776", "url": "https://twitter.com/zincfirst/status/1099218601750347776", "username": "", "text": "BTS First Win https:// youtu.be/FeK-hZO4YHs ผ่าน @YouTube I cry .. #iHeartAwards #BestFanArmy #BTSARMY", "date": "23-02-2019 15:05", "retweet": 0, "like": 0}, {"id": "1099179106132848641", "url": "https://twitter.com/zincfirst/status/1099179106132848641", "username": "", "text": "เหมือนอ่านหนังสือจิตวิทยาเล่มนึงอ่ะ แบบไม่ใช่เรื่องทฤษฏีอะไรเลยนะ แต่ช่วยให้ชีวิตดีขึ้นจริงๆ คนเขียนวิเคราะห์ไว้ดีมากเฉียบขาดมาก อ่านไปละคิดตามไป ได้รู้ถึงสิ่งที่บิ๊กฮิตกะบังทันต้องการสื่อจริงๆ ได้รู้ถึงความรู้สึกความยากลำบากของพวกเขาด้วย Touchมาก #รีวิวBTS_theory", "date": "23-02-2019 12:28", "retweet": 6, "like": 10}, {"id": "1099174777468547072", "url": "https://twitter.com/zincfirst/status/1099174777468547072", "username": "", "text": "ตัวเองปล่อยเท่าไหร่คะ", "date": "23-02-2019 12:11", "retweet": 0, "like": 0}, {"id": "1099172455229190144", "url": "https://twitter.com/zincfirst/status/1099172455229190144", "username": "", "text": "บังทันคือลัทธิ #iHeartAwards #BestFanArmy #BTSARMY", "date": "23-02-2019 12:01", "retweet": 0, "like": 0}, {"id": "1099165558258393090", "url": "https://twitter.com/zincfirst/status/1099165558258393090", "username": "", "text": "พ่ออออออออออออออออ https:// twitter.com/jsw_kwan/statu s/1099101810185232384 …", "date": "23-02-2019 11:34", "retweet": 0, "like": 0}, {"id": "1099163342768230400", "url": "https://twitter.com/zincfirst/status/1099163342768230400", "username": "", "text": "จีมิน LA Boy บ่หนิ https:// twitter.com/ARMYChallengeT H/status/1098876968001359872 …", "date": "23-02-2019 11:25", "retweet": 0, "like": 0}, {"id": "1098942510674587648", "url": "https://twitter.com/zincfirst/status/1098942510674587648", "username": "", "text": "โรคซึมเศร้าไม่ใช่เรื่องตลก และมันฆ่าคนตายมาหลายคนแล้ว", "date": "22-02-2019 20:48", "retweet": 0, "like": 0}, {"id": "1098935569424371718", "url": "https://twitter.com/zincfirst/status/1098935569424371718", "username": "", "text": "Jimin and suga are so dam hot!!!! #iHeartAwards #BestFanArmy #BTSARMY #JIMIN pic.twitter.com/c8776Ptzkr", "date": "22-02-2019 20:20", "retweet": 9, "like": 7}, {"id": "1098934439445295104", "url": "https://twitter.com/zincfirst/status/1098934439445295104", "username": "", "text": "ช่วยด้วย พี่ป้าคเกรี้ยวกราดมากกกกก ฮือออ ร่างผัว #iHeartAwards #BestFanArmy #BTSARMY #JIMIN", "date": "22-02-2019 20:16", "retweet": 0, "like": 0}, {"id": "1098918744389169152", "url": "https://twitter.com/zincfirst/status/1098918744389169152", "username": "", "text": "https://www. youtube.com/watch?v=ip6OEz TyS90 … Omg I like this song!!!!!!! #iHeartAwards #BestFanArmy #BTSARMY @BTS_twt", "date": "22-02-2019 19:13", "retweet": 1, "like": 1}, {"id": "1098910087022665729", "url": "https://twitter.com/zincfirst/status/1098910087022665729", "username": "", "text": "เราที่เป็นคนชอบคิด ชอบอะไรเกี่ยวกับจิตวิทยา คือลึกอ่ะ รู้สึกว่าชอบคนที่ลึก คือพวกศิลปินที่แต่งเพลงได้เป็นแรงบันดาลใจ และมีความเจ็บปวดอยู่ในนั่น ก็คือเทาๆอะ คือบังทันเลยเว้ย นั่นเป็นเหตุผลที่ทำไมเพลงของบังทันถึงถูกจริตเรามาก!! #iHeartAwards #BestFanArmy #BTSARMY", "date": "22-02-2019 18:39", "retweet": 0, "like": 0}, {"id": "1098909885473812480", "url": "https://twitter.com/zincfirst/status/1098909885473812480", "username": "", "text": "Successful and Happiness are so similarity but it's different <3 #iHeartAwards #BestFanArmy #BTSARMY @BTS_twt", "date": "22-02-2019 18:38", "retweet": 0, "like": 0}, {"id": "1098908983774011394", "url": "https://twitter.com/zincfirst/status/1098908983774011394", "username": "", "text": "Omg I just find this song .. https://www. youtube.com/watch?v=67SEnW Fr2WA … August D x Jimin #iHeartAwards #BestFanArmy #BTSARMY @BTS_twt", "date": "22-02-2019 18:34", "retweet": 1, "like": 0}, {"id": "1098901040512913410", "url": "https://twitter.com/zincfirst/status/1098901040512913410", "username": "", "text": "ทำไมพี่ม่อนถึงเกลียดวันนี้อ่า่่า พอทราบมั้ยคะ", "date": "22-02-2019 18:03", "retweet": 0, "like": 0}, {"id": "1098857997474746368", "url": "https://twitter.com/zincfirst/status/1098857997474746368", "username": "", "text": "ภาพจากละครปะค้ะ ทำไมเล่นละครแล้วหล่อออออออขึ้นน", "date": "22-02-2019 15:12", "retweet": 1, "like": 0}, {"id": "1098847910609879042", "url": "https://twitter.com/zincfirst/status/1098847910609879042", "username": "", "text": "โอ้ยยยอิจฉาตัวเองอ่าาา ทางนี้ได้แต่ดูคลิป มันดีมากจริงๆนะ โดยเฉพาะช่วงท้ายตอนเพลงปิด", "date": "22-02-2019 14:32", "retweet": 0, "like": 0}, {"id": "1098846136108953600", "url": "https://twitter.com/zincfirst/status/1098846136108953600", "username": "", "text": "เดี๋ยวๆ อิหมูไปทำไรมาหน้าเรียว https:// twitter.com/chol3u/status/ 1098822283794075648 …", "date": "22-02-2019 14:25", "retweet": 0, "like": 0}, {"id": "1098814959373344768", "url": "https://twitter.com/zincfirst/status/1098814959373344768", "username": "", "text": "เขาหน้าเหมือนกันมาก", "date": "22-02-2019 12:21", "retweet": 0, "like": 1}, {"id": "1098803572257349632", "url": "https://twitter.com/zincfirst/status/1098803572257349632", "username": "", "text": "กัซก็เช่นกันนนนน ฮือออรัก", "date": "22-02-2019 11:36", "retweet": 0, "like": 0}, {"id": "1098779851400466433", "url": "https://twitter.com/zincfirst/status/1098779851400466433", "username": "", "text": "ชิป Itzy กับ Txt หรอแล้ววววว 555555", "date": "22-02-2019 10:01", "retweet": 0, "like": 0}, {"id": "1098767834837004289", "url": "https://twitter.com/zincfirst/status/1098767834837004289", "username": "", "text": "55555555 แงงง น้อนนนนนนน", "date": "22-02-2019 09:14", "retweet": 0, "like": 0}, {"id": "1098762288750678016", "url": "https://twitter.com/zincfirst/status/1098762288750678016", "username": "", "text": "ซับนรกที่แท้ https:// twitter.com/trineasq/statu s/1098568795365339137 …", "date": "22-02-2019 08:51", "retweet": 0, "like": 0}, {"id": "1098756921203380224", "url": "https://twitter.com/zincfirst/status/1098756921203380224", "username": "", "text": "ช่วงนี้ชอบเพลงที่ฟังละมันดิ่งๆของบังทันจริงๆนะ หยุดฟังไม่ได้เลย #iHeartAwards #BestFanArmy #BTSARMY @BTS_twt", "date": "22-02-2019 08:30", "retweet": 0, "like": 1}, {"id": "1098755472964739072", "url": "https://twitter.com/zincfirst/status/1098755472964739072", "username": "", "text": "#iHeartAwards #BestFanArmy #BTSARMY @BTS_twt https:// twitter.com/bts_bighit/sta tus/1098507672066748416 …", "date": "22-02-2019 08:24", "retweet": 0, "like": 0}, {"id": "1098755108588802048", "url": "https://twitter.com/zincfirst/status/1098755108588802048", "username": "", "text": "Bravo #iHeartAwards #BestFanArmy #BTSARMY @BTS_twt https:// twitter.com/bangtanseadaya k/status/1098567582372618240 …", "date": "22-02-2019 08:23", "retweet": 0, "like": 0}, {"id": "1098753892605583360", "url": "https://twitter.com/zincfirst/status/1098753892605583360", "username": "", "text": "Morning guys. #iHeartAwards #BestFanArmy #BTSARMY @BTS_twt", "date": "22-02-2019 08:18", "retweet": 0, "like": 0}, {"id": "1098753735684018176", "url": "https://twitter.com/zincfirst/status/1098753735684018176", "username": "", "text": "I will fly to sky with you . To our dream. That is your dream and my dream. Thanks for giving life to me through your song. Every song is always make me feel better. #iHeartAwards #BestFanArmy #BTSARMY @BTS_twt", "date": "22-02-2019 08:17", "retweet": 0, "like": 0}, {"id": "1098752586755133441", "url": "https://twitter.com/zincfirst/status/1098752586755133441", "username": "", "text": "Can’t take your song out of my head #iHeartAwards #BestFanArmy #BTSARMY @BTS_twt", "date": "22-02-2019 08:13", "retweet": 0, "like": 0}, {"id": "1098750700593373184", "url": "https://twitter.com/zincfirst/status/1098750700593373184", "username": "", "text": "โอ้ยยยยยพี่แจ็คพูดโคตรดีอ่ะ โคตรรักอ่ะผู้ชายคนเนี้ย my bias forever รักที่จิตใจข้างในเขา จริงใจกับอกซมากพ่อเอ้ย #IGOT7 #GOT7 #JACKSONWANG https:// twitter.com/wjedessi/statu s/1098598720193642496 …", "date": "22-02-2019 08:05", "retweet": 0, "like": 1}, {"id": "1098749073748746241", "url": "https://twitter.com/zincfirst/status/1098749073748746241", "username": "", "text": "BTS have many secret song that I used not listen before. Like this song . I feel like I fly with you. #iHeartAwards #BestFanArmy #BTSARMY @BTS_twt #ARMYPEDIA pic.twitter.com/Ypb98oPwdp", "date": "22-02-2019 07:59", "retweet": 12, "like": 8}, {"id": "1098674501057802240", "url": "https://twitter.com/zincfirst/status/1098674501057802240", "username": "", "text": "I am your ARMY #ARMYPEDIA", "date": "22-02-2019 03:03", "retweet": 0, "like": 0}, {"id": "1098674170626330624", "url": "https://twitter.com/zincfirst/status/1098674170626330624", "username": "", "text": "You are my wings and I will be your wings Support together no matter you do #BTSARMY #BestFanARMY #iHeartAwards @BTS_twt pic.twitter.com/3Oj72XDGvU", "date": "22-02-2019 03:01", "retweet": 0, "like": 0}, {"id": "1098673663455326208", "url": "https://twitter.com/zincfirst/status/1098673663455326208", "username": "", "text": "I will be with you whatever you are #BTSARMY #BestFanARMY #iHeartAwards @BTS_twt pic.twitter.com/t7SAqA8TRS", "date": "22-02-2019 02:59", "retweet": 1, "like": 0}, {"id": "1098672373035786240", "url": "https://twitter.com/zincfirst/status/1098672373035786240", "username": "", "text": "I said ‘Yes!’ Forever #BTSARMY #BestFanARMY #iHeartAwards @BTS_twt pic.twitter.com/tdrl3n6Qmi", "date": "22-02-2019 02:54", "retweet": 0, "like": 0}, {"id": "1098667640187277312", "url": "https://twitter.com/zincfirst/status/1098667640187277312", "username": "", "text": "Thanks you everything that send you meet Bighit love you Jin @BTS_twt #WorldwideJINius", "date": "22-02-2019 02:35", "retweet": 0, "like": 0}, {"id": "1098667051625807872", "url": "https://twitter.com/zincfirst/status/1098667051625807872", "username": "", "text": "เป็นคนที่ถ่ายรูปรับปริญญาได้โคตรหล่ออะ #WorldwideJINius", "date": "22-02-2019 02:33", "retweet": 0, "like": 0}, {"id": "1098666930322337792", "url": "https://twitter.com/zincfirst/status/1098666930322337792", "username": "", "text": "Congrats again and again #WorldwideJINius", "date": "22-02-2019 02:33", "retweet": 0, "like": 0}, {"id": "1098666225461223424", "url": "https://twitter.com/zincfirst/status/1098666225461223424", "username": "", "text": "โปรเจคอิหยังนิ นุงงไปหมดแล้วววววว ยอมความเล่นใหญ่ของบฮ #ARMYPEDIA", "date": "22-02-2019 02:30", "retweet": 0, "like": 0}, {"id": "1098665367143047169", "url": "https://twitter.com/zincfirst/status/1098665367143047169", "username": "", "text": "We will fly together #BTSARMY #BestFanARMY #iHeartAwards @BTS_twt", "date": "22-02-2019 02:26", "retweet": 0, "like": 0}, {"id": "1098665095767281664", "url": "https://twitter.com/zincfirst/status/1098665095767281664", "username": "", "text": "I listen to your song all day all night #BTSARMY #BestFanARMY #iHeartAwards @BTS_twt", "date": "22-02-2019 02:25", "retweet": 0, "like": 0}, {"id": "1098664587853914117", "url": "https://twitter.com/zincfirst/status/1098664587853914117", "username": "", "text": "I miss you so much in this night @BTS_twt #ARMYPEDIA", "date": "22-02-2019 02:23", "retweet": 1, "like": 0}, {"id": "1098664363903176704", "url": "https://twitter.com/zincfirst/status/1098664363903176704", "username": "", "text": "I feel so lucky that I am ARMY. I am your fans. Because you love me so much. BTS you care through post your activity in twt and live in v-app. Thanks your mom and dad that have you birth #BTSARMY #BestFanARMY #iHeartAwards @BTS_twt", "date": "22-02-2019 02:22", "retweet": 0, "like": 0}, {"id": "1098659249998032896", "url": "https://twitter.com/zincfirst/status/1098659249998032896", "username": "", "text": "ฉากนี้เท่าที่เราคิดคงจะสื่อว่าแบบ พี่จินมีความรักและกำลังลองชุดใช่ม้ะ ตอนแรกจะใส่เสื้อยืดแบบที่เป็นตัวเอง แต่สุดท้ายก็เลือกใส่สูทดูดี แต่มันไม่ใช่ตัวเองเลย งงม้ะ แบบการที่เราพยายามเป็นคนอื่นเพื่อให้คนที่เรารักพอใจ #BTSARMY #BestFanARMY #iHeartAwards @BTS_twt #รีวิวBTS_theory pic.twitter.com/XcUPv8UmdT", "date": "22-02-2019 02:02", "retweet": 1, "like": 2}, {"id": "1098658139782623232", "url": "https://twitter.com/zincfirst/status/1098658139782623232", "username": "", "text": "คือจะสื่อว่านุจีมไม่เคยมีแฟนงี้มั้ยอะ 5555555 แบบ คนอื่นเขามีคู่กัน ส่วนหนูจีมนั่งถ่ายคลิปให้พี่โฮป เอ็นดูจัง #BTSARMY #BestFanARMY #iHeartAwards @BTS_twt #รีวิวBTS_theory pic.twitter.com/IPJPBcAhqT", "date": "22-02-2019 01:58", "retweet": 1, "like": 0}, {"id": "1098656065724411904", "url": "https://twitter.com/zincfirst/status/1098656065724411904", "username": "", "text": "บังทันทำให้เรารักตัวเองจริงๆ ถ้าการตลาดของบิ๊กฮิตคือทำให้คนรักตัวเองได้ผ่านอัลบั้มของBTS คือได้ผลอ่ะ แคมเปจนี้ได้ผล มันเห็นว่าพวกเขาต่างก็ผ่านความเจ็บปวดมา ผ่านช่วงตกต่ำมา สุดท้ายคำตอบคือต้องรักตัวเอง #BTSARMY #BestFanARMY #iHeartAwards @BTS_twt #รีวิวBTS_theory", "date": "22-02-2019 01:49", "retweet": 68, "like": 42}, {"id": "1098649045575200768", "url": "https://twitter.com/zincfirst/status/1098649045575200768", "username": "", "text": "This song is healing me https://www. youtube.com/watch?time_con tinue=194&v=sLg_x43hVR0 … #BTSARMY #BestFanARMY #iHeartAwards @BTS_twt", "date": "22-02-2019 01:21", "retweet": 0, "like": 0}, {"id": "1098648879044521984", "url": "https://twitter.com/zincfirst/status/1098648879044521984", "username": "", "text": "การเป็นศิลปินมันยากยิ่งกว่าคนปกติอีกในการใช้ชีวิต ไม่รู้ว่าเขาจะต้องลำบากกันแค่ไหนนะ แต่อยากให้รู้ว่าเราพร้อมที่จะอยู่ข้างๆบังทัน และเข้าใจเขาทุกอย่างไม่ว่าเขาจะทำอะไร เพราะสิ่งที่เขาให้เรามันก็มากเกินไปแล้ว จับมือกันไปแบบนี้ตลอดเลยนะ #BTSARMY #BestFanARMY #iHeartAwards @BTS_twt", "date": "22-02-2019 01:21", "retweet": 0, "like": 0}, {"id": "1098630681301676032", "url": "https://twitter.com/zincfirst/status/1098630681301676032", "username": "", "text": "@pp12712", "date": "22-02-2019 00:09", "retweet": 0, "like": 1}, {"id": "1098606931764305921", "url": "https://twitter.com/zincfirst/status/1098606931764305921", "username": "", "text": "ชอบตอน Love yourself ค่ะ ส่วนตัวเราพึ่งมีภาวะซึมเศร้าเมื่อประมาณเดือนที่แล้ว การจะผ่านมันไปเป็นเรื่องยากจริงๆค่ะ แต่หนึ่งในนั้นที่ช่วยให้เราดีขึ้นคือเพลงและความหมายเพลงของบังทัน เสียงเพลงและเนื้อหาที่แต่ง เราสัมผัสได้ว่าเขาเข้าใจเรา เหมือนโลกนี้ไม่มีใครแต่ยังมีบังทันที่อยู่ข้างๆ", "date": "21-02-2019 22:34", "retweet": 12, "like": 22}, {"id": "1098601529441959936", "url": "https://twitter.com/zincfirst/status/1098601529441959936", "username": "", "text": "ขอบคุณนะคะ รักบังทันมากเลย บังทันให้ชีวิตตตตตตตตตต", "date": "21-02-2019 22:13", "retweet": 0, "like": 0}, {"id": "1098600485723013121", "url": "https://twitter.com/zincfirst/status/1098600485723013121", "username": "", "text": "คือจริงๆอยากจะบอกว่าโรคซึมเศร้าอ่ะ ยากที่จะเข้าใจในคนที่ไม่ได้เป็น คนที่เป็นเหมือนกันเท่านั้นที่จะเข้าใจ", "date": "21-02-2019 22:09", "retweet": 0, "like": 0}, {"id": "1098600061313929217", "url": "https://twitter.com/zincfirst/status/1098600061313929217", "username": "", "text": "https://www. dek-d.com/board/view/381 7924/ … ขออนุญาติเอากลับมาโพสต์ เพราะไม่ได้ตามบังทันตั้งแต่ต้น พึ่งรู้ว่าพี่แกขนาดนี้เลย ยอมใจอ่ะ โอ้ยรักก!!!!!!!!!!!!!!!!!!!!! #BTSARMY #BestFanARMY #iHeartAwards @BTS_twt", "date": "21-02-2019 22:07", "retweet": 0, "like": 1}, {"id": "1098599536094777344", "url": "https://twitter.com/zincfirst/status/1098599536094777344", "username": "", "text": "I improved because of your song BTS , Thanks you #BTSARMY #BestFanARMY #iHeartAwards @BTS_twt", "date": "21-02-2019 22:05", "retweet": 0, "like": 0}, {"id": "1098599153553326085", "url": "https://twitter.com/zincfirst/status/1098599153553326085", "username": "", "text": "I improved because of your song BTS , Thanks you#BTSARMY #BestFanARMY #iHeartAwards @BTS_twt", "date": "21-02-2019 22:03", "retweet": 0, "like": 0}, {"id": "1098598463825235968", "url": "https://twitter.com/zincfirst/status/1098598463825235968", "username": "", "text": "http:// reallyphukbung.blogspot.com/2017/07/suga-b ts.html … ลิ้งนี้", "date": "21-02-2019 22:00", "retweet": 0, "like": 0}, {"id": "1098598415288754176", "url": "https://twitter.com/zincfirst/status/1098598415288754176", "username": "", "text": "เราพึ่งรู้ว่าพี่ก้าแกเป็นโรคซึมเศร้าอ่ะ คือเพลงของบังทันสร้างกำลังใจและให้ชีวิตกับเรา ทุกครั้งที่ฟัง มันรู้สึกว่ามียังเข้าใจเราอยู่ ต่อให้เราไม่มีใครในโลก ก็ยังมีเพลงของพวกเขา พี่เป็นแต่พี่แต่งเพลงให้นุที่ดีขึ้นด้วยปลายปากกาพี่เลยอะ รักว่ะ #BTSArmy #BestFanArmy #BTS", "date": "21-02-2019 22:00", "retweet": 0, "like": 0}, {"id": "1098574439757733888", "url": "https://twitter.com/zincfirst/status/1098574439757733888", "username": "", "text": "@PP1271", "date": "21-02-2019 20:25", "retweet": 0, "like": 0}, {"id": "1098537753178820608", "url": "https://twitter.com/zincfirst/status/1098537753178820608", "username": "", "text": "ดีใจด้วยค้าบบบบ ไอรุ้กกี้ปีศาจน้อย ไวจริงๆ #ITZY1STWIN", "date": "21-02-2019 17:59", "retweet": 1, "like": 0}, {"id": "1098523620584767488", "url": "https://twitter.com/zincfirst/status/1098523620584767488", "username": "", "text": "ผัวขา... คล่านเข่าเข้าไปหาพี่พัค #JIMIN pic.twitter.com/loYy04HjQI", "date": "21-02-2019 17:03", "retweet": 1, "like": 5}, {"id": "1098383204564664325", "url": "https://twitter.com/zincfirst/status/1098383204564664325", "username": "", "text": "Top social artist ต้องมาละป้ะ https:// twitter.com/billboardchart s/status/1098251358485073920 …", "date": "21-02-2019 07:45", "retweet": 0, "like": 0}, {"id": "1098258434451886080", "url": "https://twitter.com/zincfirst/status/1098258434451886080", "username": "", "text": "ทำไมน่ารักกันจังอะ #BTSARMY pic.twitter.com/mQyrPqu6FV", "date": "20-02-2019 23:29", "retweet": 0, "like": 0}, {"id": "1098219536334041089", "url": "https://twitter.com/zincfirst/status/1098219536334041089", "username": "", "text": "ป้าคปลดเก่งงงงง!!!!!!!!", "date": "20-02-2019 20:55", "retweet": 0, "like": 0}, {"id": "1098212679963992064", "url": "https://twitter.com/zincfirst/status/1098212679963992064", "username": "", "text": "Taehyung’s voice and happy birthday Sana #Bangtwice pic.twitter.com/gnNejFY4pt", "date": "20-02-2019 20:28", "retweet": 0, "like": 4}, {"id": "1098209164948459521", "url": "https://twitter.com/zincfirst/status/1098209164948459521", "username": "", "text": "My baeeee", "date": "20-02-2019 20:14", "retweet": 0, "like": 0}, {"id": "1098204169142292480", "url": "https://twitter.com/zincfirst/status/1098204169142292480", "username": "", "text": "เห้ยยยอันนี้ฮา5555555555", "date": "20-02-2019 19:54", "retweet": 0, "like": 0}, {"id": "1098138056320737280", "url": "https://twitter.com/zincfirst/status/1098138056320737280", "username": "", "text": "คือเราที่เป็นโรคซึมเศร้า คิดว่าตัวเองเป็น คือดีขึ้นจากเพลงจากSpeech จากอะไรของ BTS หมดเลยเว้ยแก คือมันมากกว่าความสุขที่พวกเขาให้อ่ะ แต่พวกเขาให้ชีวิตอ่ะ สำหรับเราคือขนาดนั้น ขอบคุณนะ #BTSARMY #BestFanArmy #iHeartAwards #SPEAK_YOURSELF", "date": "20-02-2019 15:31", "retweet": 0, "like": 1}, {"id": "1098116354958217216", "url": "https://twitter.com/zincfirst/status/1098116354958217216", "username": "", "text": "บังทันและบฮสามารถพากันมาไกลได้ขนาดนี้ไม่ใช่เรื่องง่ายนะ ทั้งการตลาดการทำเพลง ทั้งแฟนด้อม คืองงงวยกับติ่งเก่าๆบางคนคือยังไม่ยอมรับอิ้กก เราอยู่ทั้งยุคที่Kpopมาใหม่ๆมันมีช่วงที่หายไปจากการติดตาม แต่ละก็กลับมาเพราะGOT7กับบังทัน #BTSARMY #BestFanArmy #iHeartAwards #SPEAK_YOURSELF", "date": "20-02-2019 14:05", "retweet": 1, "like": 2}, {"id": "1098115736470351872", "url": "https://twitter.com/zincfirst/status/1098115736470351872", "username": "", "text": "เอาจริงนี่คิดว่ากว่าจะมาจุดนี้มันไม่ใช่เรื่องง่ายอ่ะ คือยุคนี้คือยุคของการแข่งขันอย่างแท้จริง ละบังทันคือทำได้ขนาดนี้อ่ะค่ายด้วยมี่ด้วย เราทุกคนช่วยกันSupportซึ่งกันและกันอ่ะ ตอนนี้วงKpopออกมาเป็นดอกเห็ด ยืนบนรายการทีแทบล้นเวที #BTSARMY #BestFanArmy #iHeartAwards #SPEAK_YOURSELF", "date": "20-02-2019 14:02", "retweet": 0, "like": 0}, {"id": "1098114910804881409", "url": "https://twitter.com/zincfirst/status/1098114910804881409", "username": "", "text": "Omg ความยิ่งใหญ่นี้ #BTSARMY #BestFanArmy #iHeartAwards #SPEAK_YOURSELF pic.twitter.com/X7iTrHTvH0", "date": "20-02-2019 13:59", "retweet": 3, "like": 0}, {"id": "1098113086324563968", "url": "https://twitter.com/zincfirst/status/1098113086324563968", "username": "", "text": "แก ให้ดูภาพสนามกีฬาเวมบลีย์ที่อังกิด ไปให้สุดดดจ้าาาา #BTSARMY #BestFanArmy #iHeartAwards #SPEAK_YOURSELF pic.twitter.com/h8JuN96BwL", "date": "20-02-2019 13:52", "retweet": 0, "like": 0}, {"id": "1098112838797799424", "url": "https://twitter.com/zincfirst/status/1098112838797799424", "username": "", "text": "ภูมิใจในตัวบังทันแบบตื้นตัน โอ้ยยยยยยยยยยยยยจะรักตลอดไปอ่ะ ขอบคุณๆๆๆๆๆๆ ที่ทำเพลงออกมา ช่วยฉุดดึงมี่อย่างเรา ในบางครั้งที่เจอเรื่องยากของชีวิต #iHeartAwards #BestFanArmy #BTSARMY @BTS_twt", "date": "20-02-2019 13:51", "retweet": 0, "like": 0}, {"id": "1098111104943742977", "url": "https://twitter.com/zincfirst/status/1098111104943742977", "username": "", "text": "แก หยุดรักไม่ได้ #iHeartAwards #BestFanArmy #BTSARMY @BTS_twt", "date": "20-02-2019 13:44", "retweet": 0, "like": 0}, {"id": "1098110460367228928", "url": "https://twitter.com/zincfirst/status/1098110460367228928", "username": "", "text": "เบื่อแล้ววะกับการโดนทำร้ายจิตใจ แบบอันที่รีล่าสุดอ่ะ คือแบบคนเหี้ยบนโลกก็เยอะแล้วคือกูต้องเพิ่มประชากรคนเหี้ยอีก 1 หรอ ไม่อยากเป็นแบบนั้นแต่พอเป็นคนดีก็ถูกทำร้ายยยอิดอกกกกกก 5555555", "date": "20-02-2019 13:41", "retweet": 0, "like": 0}, {"id": "1098109192630464512", "url": "https://twitter.com/zincfirst/status/1098109192630464512", "username": "", "text": "แก วันนี้คืออยู่ๆแฟนมาบอกว่าวงBTSดังมาก เขาอึ้งที่มีวงเกาหลีได้จัดคอนที่ใหญ่ๆแบบนั้น เลยบอกว่าจะไปหาฟังเพลง 555555 เรานี่แบบ เข้าทางเลยได้เวลาขายของ เล่าไปบังทันเก่งงั้นงี้ คือมันภูมิใจจริงๆนะเว้ย เขามาชอบแบบที่เราไม่ได้ไปบิ้วให้เขามาชอบอ่ะ #BTSARMY #BestFanArmy #iHeartAward", "date": "20-02-2019 13:36", "retweet": 0, "like": 0}, {"id": "1098056446007074816", "url": "https://twitter.com/zincfirst/status/1098056446007074816", "username": "", "text": "You all are my moon in dark sky #BTSARMY #BestFanArmy #iHeartAwards", "date": "20-02-2019 10:07", "retweet": 0, "like": 0}, {"id": "1098055811249532930", "url": "https://twitter.com/zincfirst/status/1098055811249532930", "username": "", "text": "ทั้งที่ความจริงวงเดิมมันก็ยัง Keep going ได้และสร้างความยิ่งใหญ่ได้อีกมากกว่าการสร้างค่ายให้ใหญ่คือสร้างบังทันให้ใหญ่ไปด้วย โอ้ยกูรักด้อมนี้ #BTSARMY #BestFanArmy #iHeartAwards #SPEAK_YOURSELF", "date": "20-02-2019 10:04", "retweet": 0, "like": 0}, {"id": "1098055426283732993", "url": "https://twitter.com/zincfirst/status/1098055426283732993", "username": "", "text": "รู้ว่าฐานเดิมแน่น แต่การสร้างแฟนอื่นๆที่ยังไม่รู้จักเพลงของบังทันยังไปได้อีกเรื่อยๆไม่มีที่สิ้นสุดเลย แต่ค่ายอื่นจากที่ตามศิลปินวงอื่นมานะ พอมีกระแสที่พอใจแล้วหรือฐานแฟนมีประมาณนึง ชอบดองแล้วไปปั้นศิลปินใหม่ๆขึ้นมาอีกแทน (ต่อ) #BTSARMY #BestFanArmy #iHeartAwards #SPEAK_YOURSELF", "date": "20-02-2019 10:03", "retweet": 0, "like": 1}, {"id": "1098054901282701312", "url": "https://twitter.com/zincfirst/status/1098054901282701312", "username": "", "text": "เอาให้โลกสะเทือนไปเล้ยยยยยย ชอบบิ๊กฮิตที่ฉีกกฏทุกการดองศิลปินที่ค่ายอื่นชอบทำ แต่นี่ไม่ ตีเหล็กต้องตีตอนมันร้อนแบบนี้แหล่ะ มาสร้างประวัติศาสตร์ไปด้วยกันเนอะ ทำให้เพลงของบังทันเป็นที่รู้จักไปเรื่อยๆเลย #BTSARMY #BestFanArmy #iHeartAwards #SPEAK_YOURSELF", "date": "20-02-2019 10:01", "retweet": 0, "like": 1}, {"id": "1098053302254628864", "url": "https://twitter.com/zincfirst/status/1098053302254628864", "username": "", "text": "My star #BTSARMY #BestFanArmy #iHeartAwards #SPEAK_YOURSELF", "date": "20-02-2019 09:54", "retweet": 0, "like": 0}, {"id": "1098052397962715136", "url": "https://twitter.com/zincfirst/status/1098052397962715136", "username": "", "text": "@nixvra อาร์มี่บอมบ์ ver.3 ค่าาาาาาาาาาาาาา #BTSARMY #BestFanArmy #iHeartAwards ( @BTS_twt )", "date": "20-02-2019 09:51", "retweet": 0, "like": 0}, {"id": "1098051910270038016", "url": "https://twitter.com/zincfirst/status/1098051910270038016", "username": "", "text": "ไปให้สุด ทำให้มันเป็นตำนานไปเลย #BestFanarmy #BTSARMY #iHeartAwards #SPEAK_YOURSELF", "date": "20-02-2019 09:49", "retweet": 1, "like": 0}, {"id": "1098048528838840320", "url": "https://twitter.com/zincfirst/status/1098048528838840320", "username": "", "text": "จะเอาาาาาคนนี้ๆๆๆๆ 555555555 คนอะไรทั้งน่ารักทั้งแซ่บ มี Sex appeal ไอบ้า <3 #JIMIN #BestFanarmy #BTSARMY #iHeartAwards", "date": "20-02-2019 09:35", "retweet": 0, "like": 0}, {"id": "1098047266584092673", "url": "https://twitter.com/zincfirst/status/1098047266584092673", "username": "", "text": "<3 You smile I smile #JIMIN #SPEAK_YOURSELF @BTS_twt pic.twitter.com/z7xTEmTK6I", "date": "20-02-2019 09:30", "retweet": 0, "like": 1}, {"id": "1098045905494630400", "url": "https://twitter.com/zincfirst/status/1098045905494630400", "username": "", "text": "ขอบคุณทุกๆผลงานเพลงอ่ะ สร้างแรงบันดาลใจให้มี่ คือแบบเพลงเพื่อชีวิตของจริง #speak_yourself #iHeartAwards #BestFanArmy #BTSARMY", "date": "20-02-2019 09:25", "retweet": 0, "like": 0}, {"id": "1098045666880675842", "url": "https://twitter.com/zincfirst/status/1098045666880675842", "username": "", "text": "โคตรดีใจที่พวกเขาไปไกลขึ้นเรื่อยๆ ขอบคุณนะที่เกิดมา ทุกคนเลย รักกกกกกกบังทันน!!!!!! #BestFanarmy #BTSARMY #iHeartAwards #SPEAK_YOURSELF", "date": "20-02-2019 09:24", "retweet": 0, "like": 0}, {"id": "1098044340327243777", "url": "https://twitter.com/zincfirst/status/1098044340327243777", "username": "", "text": "รักกวางจินนะ เป็นเด็กเทรนมา 10 ปีอ่ะ ละได้เด เด 3 ปีแต่ก็ยังไม่เปรี้ยง คือรู้สึกว่าพี่แกรักดนตรีจริง ถ้าไม่รักคงไม่อยู่ขนาดนี้ สำหรับเราพิกวางจินยังเป็นมือเบสเทพที่สุดคนนึงของค่ายเสมอ #nflying", "date": "20-02-2019 09:19", "retweet": 0, "like": 0}, {"id": "1098043919693099008", "url": "https://twitter.com/zincfirst/status/1098043919693099008", "username": "", "text": "วงแบนด์ของค่ายนี้มักจะต้องมีการเปลี่ยนสมาชิก / ลาออก ทุกวงเลยอ่ะ FT ก็พิวอนบินและได้ซึงฮยอนเข้ามาแทน CN ตอนแรกวางตัวเป็นพิกวางจิน แต่ด้วยอาการป่วย เลยได้จองชินมาเดแทน http:// N.FLY ตอนแรกมี 4 คน ฮเวซึงเข้ามาในวงเป็น 5 และล่าสุดพิกวางจินลาออก #nflying", "date": "20-02-2019 09:17", "retweet": 0, "like": 0}, {"id": "1098043197870170112", "url": "https://twitter.com/zincfirst/status/1098043197870170112", "username": "", "text": "<3 #JIMIN #SPEAK_YOURSELF @BTS_twt pic.twitter.com/PSq8VV38Nx", "date": "20-02-2019 09:14", "retweet": 1, "like": 4}, {"id": "1098041391106514944", "url": "https://twitter.com/zincfirst/status/1098041391106514944", "username": "", "text": "แฟนแฮชแท็กขึ้นชาจทุกวันเลยง่ะ #jimin", "date": "20-02-2019 09:07", "retweet": 0, "like": 1}, {"id": "1098041291525349376", "url": "https://twitter.com/zincfirst/status/1098041291525349376", "username": "", "text": "เก็บตังรออออออออ รักๆๆๆๆ #SPEAK_YOURSELF", "date": "20-02-2019 09:06", "retweet": 0, "like": 0}, {"id": "1098039954918191104", "url": "https://twitter.com/zincfirst/status/1098039954918191104", "username": "", "text": "ค่ายนี้เขาปั้นสายร้องสายแบนด์เก่งงงงงงงงงง รักทั้งหมดเลย FNC = FT.ISLAND http:// CN.BLUE N.FLYING เผื่อใครไม่รู้ เขามีแบนด์สามวงนี้ชื่อมาจากชื่อค่ายนะคะ 555555 #nflying #FNC", "date": "20-02-2019 09:01", "retweet": 2, "like": 0}, {"id": "1098039534707650560", "url": "https://twitter.com/zincfirst/status/1098039534707650560", "username": "", "text": "ฮเวซึงนางพัฒนามากๆจากProduce101 ตอนนี้คือสายร้องมาก Featกับพิฮงกิไม่ดรอปเลย ขึ้น High note โคตรเป้ะเด้ออออออ https://www. youtube.com/watch?v=oXCXlP J57rE … เพลงนี้คับ ขายของๆ #nflying", "date": "20-02-2019 09:00", "retweet": 1, "like": 0}, {"id": "1098039071824171008", "url": "https://twitter.com/zincfirst/status/1098039071824171008", "username": "", "text": "เพลงโคตรเหมาะกับนั่งฟังชิลๆบนดาดฟ้า จิบเบียร์ไปคุยกะเพื่อนไป 5555555 #nflying", "date": "20-02-2019 08:58", "retweet": 3, "like": 1}, {"id": "1098038215385083904", "url": "https://twitter.com/zincfirst/status/1098038215385083904", "username": "", "text": "นี่ยังอยากให้ทางค่ายหาคนมาเสริมตำแหน่ง เบส แทนพี่กวางจินอยู่นะ หรือจะเดินสาย Aquastic แบบ เพลง Rooftop ก็ได้ แต่ถ้าได้เบสก็จะฟีลแบบเพลงที่ผ่านมา คือหนักๆนิดนึง #nflying", "date": "20-02-2019 08:54", "retweet": 0, "like": 0}, {"id": "1098037048005410816", "url": "https://twitter.com/zincfirst/status/1098037048005410816", "username": "", "text": "ยอดวิวขึ้นไวมากอ่ะ รู้สึกว่ากระแสเริ่มมา ตอนแรกปล่อยมาเดือนกว่า วิวใน youtube ยังไม่ถึง 1 ล้านเลย ตอนนี้ 1.7ล้านละ สุดยอดงับ https://www. youtube.com/watch?v=VpaUh_ BGqE0 … #nflying", "date": "20-02-2019 08:50", "retweet": 0, "like": 0}, {"id": "1098036795571236864", "url": "https://twitter.com/zincfirst/status/1098036795571236864", "username": "", "text": "ดีใจแทนลีดซึง จุ้บบ #nflying", "date": "20-02-2019 08:49", "retweet": 0, "like": 0}, {"id": "1098035929531314176", "url": "https://twitter.com/zincfirst/status/1098035929531314176", "username": "", "text": "Keep going!!! #nflying", "date": "20-02-2019 08:45", "retweet": 0, "like": 0}, {"id": "1098029664612671488", "url": "https://twitter.com/zincfirst/status/1098029664612671488", "username": "", "text": "ปรากฏการณ์ BTS #iHeartAwards #BestFanArmy #BTSARMY", "date": "20-02-2019 08:20", "retweet": 0, "like": 0}, {"id": "1098029461163757569", "url": "https://twitter.com/zincfirst/status/1098029461163757569", "username": "", "text": "ร้ากกกกกกกกกกกที่สุดดดด #iHeartAwards #BestFanArmy #BTSARMY", "date": "20-02-2019 08:19", "retweet": 0, "like": 0}, {"id": "1097905040763772928", "url": "https://twitter.com/zincfirst/status/1097905040763772928", "username": "", "text": "โอ้ยยยยยยยบังทันจะได้พักมั้ย ตารางมึงก็จัดโหดไป๊ แต่ก็เข้าใจนะว่าอยากให้บังทันพบปะมี่ทั่วถึงๆ แต่แค่กลัวว่าจะไม่ไหวกันอ่ะ ห่วงงงงงงงงงมากกกกกก #LOVE_YOURSELF", "date": "20-02-2019 00:05", "retweet": 0, "like": 1}, {"id": "1097904445357092864", "url": "https://twitter.com/zincfirst/status/1097904445357092864", "username": "", "text": "งานเยอะไปมั้ยเนี่ยยยยย เป็นห่วง #LOVE_YOURSELF", "date": "20-02-2019 00:03", "retweet": 0, "like": 0}, {"id": "1097888545182601216", "url": "https://twitter.com/zincfirst/status/1097888545182601216", "username": "", "text": "ใครก็ได้ตอบทีว่า Speak yourself concert คือไรอ่ะ #BTS https:// twitter.com/billboard/stat us/1097881003299880961 …", "date": "19-02-2019 23:00", "retweet": 0, "like": 0}, {"id": "1097863113464934400", "url": "https://twitter.com/zincfirst/status/1097863113464934400", "username": "", "text": "รู้สึกชอบเวลาที่เขาตั้งใจทำอะไรมากๆ ล้ะอยากเอาชนะมันเลยอ่ะ จีม กับเทพกุก เข้าขากันมั่กๆ มักเน่น้อยแห่งบังทัน #BTSARMY #BTS pic.twitter.com/RVtVsdmxNE", "date": "19-02-2019 21:18", "retweet": 25, "like": 30}, {"id": "1097830566156615683", "url": "https://twitter.com/zincfirst/status/1097830566156615683", "username": "", "text": "เนชั่น..... ก็รู้ๆอยู่ว่าสื่อนี้อยู่ฝั่งทหาร", "date": "19-02-2019 19:09", "retweet": 0, "like": 1}, {"id": "1097820044552110080", "url": "https://twitter.com/zincfirst/status/1097820044552110080", "username": "", "text": "เสียใจกับการที่ต้องทุ่มเทกับเรื่องแบบนี้ เสียใจมาก ทุกวันนี้ก็ยังไม่เลิกกัน แต่รู้สึกว่าเราผ่านช่วงที่เจ็บปวดที่สุดมาแล้ว ด้วยตัวเอง ด้วยตัวเองทั้งนั้น", "date": "19-02-2019 18:27", "retweet": 0, "like": 0}, {"id": "1097819644176478208", "url": "https://twitter.com/zincfirst/status/1097819644176478208", "username": "", "text": "สละอีก50%ของชีวิตให้อีกคน สละตัวตน ถ้าเป็นสิ่งที่บางคนต้องการมีมันจริงๆ เข้าใจ แต่ส่วนตัวนี่ไม่ยอมเป็นแบบนั้นอีกแล้ว เจ็บปวดเกินไป เพราะความรู้สึกคนมันไม่แน่นอน อีกคนถ้าเขาไม่พร้อมไปกับเรา ไม่มีอะไรมาบอกคุณนะ วันนี้ดีพรุ่งนี้อาจจะไม่ดีก็ได้ ไม่มีอะไรมาการันตีว่ามันจะตลอดรอดฝั่ง", "date": "19-02-2019 18:26", "retweet": 0, "like": 0}, {"id": "1097819585519136768", "url": "https://twitter.com/zincfirst/status/1097819585519136768", "username": "", "text": "คนเรามีคนรักไปทำไม เพียงเพราะกลัวตอนแก่ไม่มีใครดูแลกันหรอ ชีวิตถูกกำหนดไว้โดยใคร Patternที่ต้อง มีแฟน แต่งงาน มีครอบครัว มีลูก สำหรับนี่ไม่ได้มีแฟนมาเยอะ แต่จริงจังทุกครั้ง กลับรู้สึกไม่อยากมีมันอีกแล้ว การจะครองคู่กันไปจนแก่เฒ่าเป็นอะไรที่ยากสำหรับเราเกินไป", "date": "19-02-2019 18:26", "retweet": 0, "like": 0}, {"id": "1097800598576017408", "url": "https://twitter.com/zincfirst/status/1097800598576017408", "username": "", "text": "รักพวกเธอมากกกก เด็กบิ้นนน #Nflying", "date": "19-02-2019 17:10", "retweet": 0, "like": 0}, {"id": "1097799959443689472", "url": "https://twitter.com/zincfirst/status/1097799959443689472", "username": "", "text": "Rooftop แบบเปียโนเล่นสด by ลีดเดอร์ซึงฮยอบ ฮือออรักในความเป็นรักดนตรีของพวกเขา โคตรเพราะเลยวุ้ย อวยๆๆๆ #Nflying pic.twitter.com/IBeSh1KVlB", "date": "19-02-2019 17:08", "retweet": 8, "like": 4}, {"id": "1097797700097957888", "url": "https://twitter.com/zincfirst/status/1097797700097957888", "username": "", "text": "อันนี้เป็นคอน fnc kingdom ที่วงนางfeatกับพิฮงกิ", "date": "19-02-2019 16:59", "retweet": 2, "like": 1}, {"id": "1097797150858043392", "url": "https://twitter.com/zincfirst/status/1097797150858043392", "username": "", "text": "ร้องดีร้องแน่นแบบเฮวซึง แบนด์แข็งแรงทั้งกลอง เบส(แต่ลาออกไปแล้ว) กีต้าร์ ล้ะก็แร็ปแซ่บแบบซึงฮยอบ คือโคตรดีเด้ออออออออ มาฟังกันเยอะๆๆๆ มาโดนพวกนางตกกันเดี๋ยวนี้้้้ #Nflying pic.twitter.com/KWHBiQSseU", "date": "19-02-2019 16:56", "retweet": 46, "like": 18}, {"id": "1097706503065092098", "url": "https://twitter.com/zincfirst/status/1097706503065092098", "username": "", "text": "ง่ะ #เลือกตั้งปี2562 pic.twitter.com/QlPgirLmKV", "date": "19-02-2019 10:56", "retweet": 0, "like": 0}, {"id": "1097424565733453824", "url": "https://twitter.com/zincfirst/status/1097424565733453824", "username": "", "text": "คนใจบุนนนนนนน ไอดอล https:// twitter.com/btsbreakingnew s/status/1097417854310219776 …", "date": "18-02-2019 16:16", "retweet": 0, "like": 0}, {"id": "1097424305334280192", "url": "https://twitter.com/zincfirst/status/1097424305334280192", "username": "", "text": "อิน้องไม่ยอมถอดตุ้มหูนี้จริงๆว่ะ คงจะชอบจริง https:// twitter.com/BTS_twt/status /1097401146107342850 …", "date": "18-02-2019 16:15", "retweet": 0, "like": 0}, {"id": "1097424039348334592", "url": "https://twitter.com/zincfirst/status/1097424039348334592", "username": "", "text": "ขอ Jimin x You อีกน้าาาาา ฮือออชอบ ความผัวทิพย์55555555555 รักไร้ททท รอติดตามค่ะ", "date": "18-02-2019 16:14", "retweet": 0, "like": 0}, {"id": "1097400556300099587", "url": "https://twitter.com/zincfirst/status/1097400556300099587", "username": "", "text": "ไหว้เก่งงงงงงง สนใจมาเป็นเขยไทยมั้ยคะ #JIMIN https:// twitter.com/jjiminlove/sta tus/1097399425373073408 …", "date": "18-02-2019 14:40", "retweet": 0, "like": 0}, {"id": "1097400316453019653", "url": "https://twitter.com/zincfirst/status/1097400316453019653", "username": "", "text": "ไอตี๋น้อยเอ้ย ชอบจังเลยนะต่างหูนี้ ใส่ตลอดแม้แต่ตอนliveเมื่อวาน นี่ขนาดอาบน้ำแล้วนะ5555555 #JIMIN", "date": "18-02-2019 14:39", "retweet": 0, "like": 0}, {"id": "1097371627317153792", "url": "https://twitter.com/zincfirst/status/1097371627317153792", "username": "", "text": "อยากให้ถึง 6 เมษาแล้ว!!! #JIMIN", "date": "18-02-2019 12:45", "retweet": 1, "like": 1}, {"id": "1097370414458724352", "url": "https://twitter.com/zincfirst/status/1097370414458724352", "username": "", "text": "โพราเฮออออ #JIMIN", "date": "18-02-2019 12:41", "retweet": 1, "like": 2}, {"id": "1097345317719105537", "url": "https://twitter.com/zincfirst/status/1097345317719105537", "username": "", "text": "@shiraishiki_ มีภาคสองมั้ยคะ5555", "date": "18-02-2019 11:01", "retweet": 0, "like": 0}, {"id": "1097344512513298434", "url": "https://twitter.com/zincfirst/status/1097344512513298434", "username": "", "text": "@shiraishiki_ ตัวเองเค้าตามจากฟิก Jimin x You ในจอยน้า แต่งดีมากๆเลย น่ารักมากๆๆๆ มีอีกมั้ยคะ ติดตามอยู่น้าาาา รักกกส์", "date": "18-02-2019 10:58", "retweet": 0, "like": 0}]